scenario,replication,beta_label,beta,N,K_NK,dag_density,tau_test,noise_ratio,kappa_0,n_choke,tau_auth,initial_fitness,landscape_max,final_fitness,time_to_final_fitness,total_confirmed,total_refuted
0_trivial,0,regular,0.1,100,2,0.01,1.0,0.0,0.7,0,1.0,0.5207880613652066,0.7350733796121112,0.5539711305319733,13.0,7,13
0_trivial,0,superintelligent,0.9,100,2,0.01,1.0,0.0,0.7,0,1.0,0.5207880613652066,0.7350733796121112,0.5539711305319733,8.0,7,13
0_trivial,0,oracle,1.0,100,2,0.01,1.0,0.0,0.7,0,1.0,0.5207880613652066,0.7350733796121112,0.5539711305319733,7.0,7,13
0_trivial,0,naive,0.009,100,2,0.01,1.0,0.0,0.7,0,1.0,0.5207880613652066,0.7350733796121112,0.5539711305319733,18.0,7,13
0_trivial,0,random,0.0009,100,2,0.01,1.0,0.0,0.7,0,1.0,0.5207880613652066,0.7350733796121112,0.5539711305319733,19.0,7,13
0_trivial,1,regular,0.1,100,2,0.01,1.0,0.0,0.7,0,1.0,0.5332406690446032,0.7261534527528541,0.5759235934318098,20.0,11,12
0_trivial,1,superintelligent,0.9,100,2,0.01,1.0,0.0,0.7,0,1.0,0.5332406690446032,0.7261534527528541,0.5759235934318098,12.0,11,12
0_trivial,1,oracle,1.0,100,2,0.01,1.0,0.0,0.7,0,1.0,0.5332406690446032,0.7261534527528541,0.5759235934318098,11.0,11,12
0_trivial,1,naive,0.009,100,2,0.01,1.0,0.0,0.7,0,1.0,0.5332406690446032,0.7261534527528541,0.5703694971087594,22.0,11,12
0_trivial,1,random,0.0009,100,2,0.01,1.0,0.0,0.7,0,1.0,0.5332406690446032,0.7261534527528541,0.5759235934318098,23.0,11,12
0_trivial,2,regular,0.1,100,2,0.01,1.0,0.0,0.7,0,1.0,0.4992967467230807,0.7480063718621577,0.5827915407395338,25.0,11,14
0_trivial,2,superintelligent,0.9,100,2,0.01,1.0,0.0,0.7,0,1.0,0.4992967467230807,0.7480063718621577,0.6049015976480037,17.0,16,11
0_trivial,2,oracle,1.0,100,2,0.01,1.0,0.0,0.7,0,1.0,0.4992967467230807,0.7480063718621577,0.6074977031069941,17.0,17,10
0_trivial,2,naive,0.009,100,2,0.01,1.0,0.0,0.7,0,1.0,0.4992967467230807,0.7480063718621577,0.6005420256283506,26.0,13,13
0_trivial,2,random,0.0009,100,2,0.01,1.0,0.0,0.7,0,1.0,0.4992967467230807,0.7480063718621577,0.5827915407395338,24.0,11,14
0_trivial,3,regular,0.1,100,2,0.01,1.0,0.0,0.7,0,1.0,0.4968174802725327,0.7449156835153192,0.5581409277041164,26.0,15,12
0_trivial,3,superintelligent,0.9,100,2,0.01,1.0,0.0,0.7,0,1.0,0.4968174802725327,0.7449156835153192,0.5649880473739173,15.0,13,13
0_trivial,3,oracle,1.0,100,2,0.01,1.0,0.0,0.7,0,1.0,0.4968174802725327,0.7449156835153192,0.5649880473739173,13.0,13,13
0_trivial,3,naive,0.009,100,2,0.01,1.0,0.0,0.7,0,1.0,0.4968174802725327,0.7449156835153192,0.5485268291389628,24.0,14,10
0_trivial,3,random,0.0009,100,2,0.01,1.0,0.0,0.7,0,1.0,0.4968174802725327,0.7449156835153192,0.5552167290144487,25.0,15,11
0_trivial,4,regular,0.1,100,2,0.01,1.0,0.0,0.7,0,1.0,0.5122094422111789,0.7482392920050139,0.5676581475786444,21.0,13,8
0_trivial,4,superintelligent,0.9,100,2,0.01,1.0,0.0,0.7,0,1.0,0.5122094422111789,0.7482392920050139,0.5676581475786444,13.0,13,8
0_trivial,4,oracle,1.0,100,2,0.01,1.0,0.0,0.7,0,1.0,0.5122094422111789,0.7482392920050139,0.5676581475786444,13.0,13,8
0_trivial,4,naive,0.009,100,2,0.01,1.0,0.0,0.7,0,1.0,0.5122094422111789,0.7482392920050139,0.5676581475786444,19.0,13,8
0_trivial,4,random,0.0009,100,2,0.01,1.0,0.0,0.7,0,1.0,0.5122094422111789,0.7482392920050139,0.569425863802212,21.0,13,8
0_trivial,5,regular,0.1,100,2,0.01,1.0,0.0,0.7,0,1.0,0.5092798631831847,0.739706374615875,0.5581575438003742,25.0,9,17
0_trivial,5,superintelligent,0.9,100,2,0.01,1.0,0.0,0.7,0,1.0,0.5092798631831847,0.739706374615875,0.5581575438003742,12.0,9,17
0_trivial,5,oracle,1.0,100,2,0.01,1.0,0.0,0.7,0,1.0,0.5092798631831847,0.739706374615875,0.5581575438003742,9.0,9,17
0_trivial,5,naive,0.009,100,2,0.01,1.0,0.0,0.7,0,1.0,0.5092798631831847,0.739706374615875,0.5517488625104425,17.0,8,18
0_trivial,5,random,0.0009,100,2,0.01,1.0,0.0,0.7,0,1.0,0.5092798631831847,0.739706374615875,0.5581575438003742,24.0,9,17
0_trivial,6,regular,0.1,100,2,0.01,1.0,0.0,0.7,0,1.0,0.47234852923145904,0.7257636843555106,0.5478998040171921,24.0,13,11
0_trivial,6,superintelligent,0.9,100,2,0.01,1.0,0.0,0.7,0,1.0,0.47234852923145904,0.7257636843555106,0.5478998040171921,13.0,13,11
0_trivial,6,oracle,1.0,100,2,0.01,1.0,0.0,0.7,0,1.0,0.47234852923145904,0.7257636843555106,0.5478998040171921,13.0,13,11
0_trivial,6,naive,0.009,100,2,0.01,1.0,0.0,0.7,0,1.0,0.47234852923145904,0.7257636843555106,0.5386369821005375,24.0,13,11
0_trivial,6,random,0.0009,100,2,0.01,1.0,0.0,0.7,0,1.0,0.47234852923145904,0.7257636843555106,0.5462761475139924,22.0,12,12
0_trivial,7,regular,0.1,100,2,0.01,1.0,0.0,0.7,0,1.0,0.47702366367323906,0.7402554112623394,0.5453030572943635,26.0,16,12
0_trivial,7,superintelligent,0.9,100,2,0.01,1.0,0.0,0.7,0,1.0,0.47702366367323906,0.7402554112623394,0.550722234467194,20.0,18,11
0_trivial,7,oracle,1.0,100,2,0.01,1.0,0.0,0.7,0,1.0,0.47702366367323906,0.7402554112623394,0.550722234467194,18.0,18,11
0_trivial,7,naive,0.009,100,2,0.01,1.0,0.0,0.7,0,1.0,0.47702366367323906,0.7402554112623394,0.5429903141254846,28.0,15,13
0_trivial,7,random,0.0009,100,2,0.01,1.0,0.0,0.7,0,1.0,0.47702366367323906,0.7402554112623394,0.5408320903283246,28.0,17,11
0_trivial,8,regular,0.1,100,2,0.01,1.0,0.0,0.7,0,1.0,0.5159945543175959,0.7489302306315683,0.5370246870221407,16.0,8,13
0_trivial,8,superintelligent,0.9,100,2,0.01,1.0,0.0,0.7,0,1.0,0.5159945543175959,0.7489302306315683,0.5370246870221407,9.0,8,13
0_trivial,8,oracle,1.0,100,2,0.01,1.0,0.0,0.7,0,1.0,0.5159945543175959,0.7489302306315683,0.5370246870221407,8.0,8,13
0_trivial,8,naive,0.009,100,2,0.01,1.0,0.0,0.7,0,1.0,0.5159945543175959,0.7489302306315683,0.5365255576284877,20.0,8,13
0_trivial,8,random,0.0009,100,2,0.01,1.0,0.0,0.7,0,1.0,0.5159945543175959,0.7489302306315683,0.5365255576284877,21.0,8,13
0_trivial,9,regular,0.1,100,2,0.01,1.0,0.0,0.7,0,1.0,0.45398074909007435,0.7353680904195162,0.5566440402207351,28.0,17,12
0_trivial,9,superintelligent,0.9,100,2,0.01,1.0,0.0,0.7,0,1.0,0.45398074909007435,0.7353680904195162,0.5567425607748292,16.0,16,12
0_trivial,9,oracle,1.0,100,2,0.01,1.0,0.0,0.7,0,1.0,0.45398074909007435,0.7353680904195162,0.5567425607748292,16.0,16,12
0_trivial,9,naive,0.009,100,2,0.01,1.0,0.0,0.7,0,1.0,0.45398074909007435,0.7353680904195162,0.525818646933163,28.0,18,10
0_trivial,9,random,0.0009,100,2,0.01,1.0,0.0,0.7,0,1.0,0.45398074909007435,0.7353680904195162,0.540529007734015,28.0,16,12
0_trivial,10,regular,0.1,100,2,0.01,1.0,0.0,0.7,0,1.0,0.5049845181016241,0.711040898013136,0.5539425280880418,20.0,11,11
0_trivial,10,superintelligent,0.9,100,2,0.01,1.0,0.0,0.7,0,1.0,0.5049845181016241,0.711040898013136,0.5539425280880418,12.0,11,11
0_trivial,10,oracle,1.0,100,2,0.01,1.0,0.0,0.7,0,1.0,0.5049845181016241,0.711040898013136,0.5539425280880418,11.0,11,11
0_trivial,10,naive,0.009,100,2,0.01,1.0,0.0,0.7,0,1.0,0.5049845181016241,0.711040898013136,0.5487224168066476,22.0,10,12
0_trivial,10,random,0.0009,100,2,0.01,1.0,0.0,0.7,0,1.0,0.5049845181016241,0.711040898013136,0.5487224168066476,22.0,10,12
0_trivial,11,regular,0.1,100,2,0.01,1.0,0.0,0.7,0,1.0,0.4850665325590834,0.7352997804343839,0.5391159386612939,23.0,10,15
0_trivial,11,superintelligent,0.9,100,2,0.01,1.0,0.0,0.7,0,1.0,0.4850665325590834,0.7352997804343839,0.5394056294941548,9.0,9,16
0_trivial,11,oracle,1.0,100,2,0.01,1.0,0.0,0.7,0,1.0,0.4850665325590834,0.7352997804343839,0.5394056294941548,9.0,9,16
0_trivial,11,naive,0.009,100,2,0.01,1.0,0.0,0.7,0,1.0,0.4850665325590834,0.7352997804343839,0.5403238675105303,25.0,11,15
0_trivial,11,random,0.0009,100,2,0.01,1.0,0.0,0.7,0,1.0,0.4850665325590834,0.7352997804343839,0.5399135153187266,23.0,11,15
0_trivial,12,regular,0.1,100,2,0.01,1.0,0.0,0.7,0,1.0,0.49504873309455777,0.7396182959987145,0.5306333383418887,20.0,7,16
0_trivial,12,superintelligent,0.9,100,2,0.01,1.0,0.0,0.7,0,1.0,0.49504873309455777,0.7396182959987145,0.5306333383418887,8.0,7,16
0_trivial,12,oracle,1.0,100,2,0.01,1.0,0.0,0.7,0,1.0,0.49504873309455777,0.7396182959987145,0.5306333383418887,7.0,7,16
0_trivial,12,naive,0.009,100,2,0.01,1.0,0.0,0.7,0,1.0,0.49504873309455777,0.7396182959987145,0.520932415159717,20.0,8,15
0_trivial,12,random,0.0009,100,2,0.01,1.0,0.0,0.7,0,1.0,0.49504873309455777,0.7396182959987145,0.520932415159717,23.0,8,15
0_trivial,13,regular,0.1,100,2,0.01,1.0,0.0,0.7,0,1.0,0.47824757324889966,0.7507069876903254,0.5656605212660998,27.0,16,12
0_trivial,13,superintelligent,0.9,100,2,0.01,1.0,0.0,0.7,0,1.0,0.47824757324889966,0.7507069876903254,0.5656605212660998,18.0,16,12
0_trivial,13,oracle,1.0,100,2,0.01,1.0,0.0,0.7,0,1.0,0.47824757324889966,0.7507069876903254,0.5656605212660998,16.0,16,12
0_trivial,13,naive,0.009,100,2,0.01,1.0,0.0,0.7,0,1.0,0.47824757324889966,0.7507069876903254,0.5564247668053506,26.0,16,12
0_trivial,13,random,0.0009,100,2,0.01,1.0,0.0,0.7,0,1.0,0.47824757324889966,0.7507069876903254,0.5502686705602077,28.0,20,8
0_trivial,14,regular,0.1,100,2,0.01,1.0,0.0,0.7,0,1.0,0.5575390554190633,0.7559189377655002,0.6042983918942231,17.0,9,15
0_trivial,14,superintelligent,0.9,100,2,0.01,1.0,0.0,0.7,0,1.0,0.5575390554190633,0.7559189377655002,0.6042983918942231,10.0,9,15
0_trivial,14,oracle,1.0,100,2,0.01,1.0,0.0,0.7,0,1.0,0.5575390554190633,0.7559189377655002,0.6042983918942231,9.0,9,15
0_trivial,14,naive,0.009,100,2,0.01,1.0,0.0,0.7,0,1.0,0.5575390554190633,0.7559189377655002,0.5927054244750058,23.0,10,14
0_trivial,14,random,0.0009,100,2,0.01,1.0,0.0,0.7,0,1.0,0.5575390554190633,0.7559189377655002,0.6005572412940684,23.0,10,14
0_trivial,15,regular,0.1,100,2,0.01,1.0,0.0,0.7,0,1.0,0.5236453899850388,0.7406940598677827,0.5758880033740934,12.0,8,17
0_trivial,15,superintelligent,0.9,100,2,0.01,1.0,0.0,0.7,0,1.0,0.5236453899850388,0.7406940598677827,0.5758880033740934,9.0,8,17
0_trivial,15,oracle,1.0,100,2,0.01,1.0,0.0,0.7,0,1.0,0.5236453899850388,0.7406940598677827,0.5758880033740934,8.0,8,17
0_trivial,15,naive,0.009,100,2,0.01,1.0,0.0,0.7,0,1.0,0.5236453899850388,0.7406940598677827,0.5758880033740934,20.0,8,17
0_trivial,15,random,0.0009,100,2,0.01,1.0,0.0,0.7,0,1.0,0.5236453899850388,0.7406940598677827,0.57277530139431,25.0,9,17
0_trivial,16,regular,0.1,100,2,0.01,1.0,0.0,0.7,0,1.0,0.47211045142201735,0.7209588462826249,0.5206666798763222,23.0,11,12
0_trivial,16,superintelligent,0.9,100,2,0.01,1.0,0.0,0.7,0,1.0,0.47211045142201735,0.7209588462826249,0.5253006443554988,11.0,11,13
0_trivial,16,oracle,1.0,100,2,0.01,1.0,0.0,0.7,0,1.0,0.47211045142201735,0.7209588462826249,0.5253006443554988,11.0,11,13
0_trivial,16,naive,0.009,100,2,0.01,1.0,0.0,0.7,0,1.0,0.47211045142201735,0.7209588462826249,0.5206666798763222,21.0,11,12
0_trivial,16,random,0.0009,100,2,0.01,1.0,0.0,0.7,0,1.0,0.47211045142201735,0.7209588462826249,0.5193037404619412,21.0,9,14
0_trivial,17,regular,0.1,100,2,0.01,1.0,0.0,0.7,0,1.0,0.4973178887328007,0.7412930143496831,0.5433171036821421,19.0,9,11
0_trivial,17,superintelligent,0.9,100,2,0.01,1.0,0.0,0.7,0,1.0,0.4973178887328007,0.7412930143496831,0.5433171036821421,10.0,9,11
0_trivial,17,oracle,1.0,100,2,0.01,1.0,0.0,0.7,0,1.0,0.4973178887328007,0.7412930143496831,0.5433171036821421,9.0,9,11
0_trivial,17,naive,0.009,100,2,0.01,1.0,0.0,0.7,0,1.0,0.4973178887328007,0.7412930143496831,0.5491674445373937,21.0,10,12
0_trivial,17,random,0.0009,100,2,0.01,1.0,0.0,0.7,0,1.0,0.4973178887328007,0.7412930143496831,0.5491674445373937,21.0,10,12
0_trivial,18,regular,0.1,100,2,0.01,1.0,0.0,0.7,0,1.0,0.4980349106515545,0.7456689234312774,0.5307069538295954,16.0,8,14
0_trivial,18,superintelligent,0.9,100,2,0.01,1.0,0.0,0.7,0,1.0,0.4980349106515545,0.7456689234312774,0.5397828769910497,11.0,10,12
0_trivial,18,oracle,1.0,100,2,0.01,1.0,0.0,0.7,0,1.0,0.4980349106515545,0.7456689234312774,0.5397828769910497,10.0,10,12
0_trivial,18,naive,0.009,100,2,0.01,1.0,0.0,0.7,0,1.0,0.4980349106515545,0.7456689234312774,0.5307069538295954,20.0,8,14
0_trivial,18,random,0.0009,100,2,0.01,1.0,0.0,0.7,0,1.0,0.4980349106515545,0.7456689234312774,0.5334961353504896,20.0,9,13
0_trivial,19,regular,0.1,100,2,0.01,1.0,0.0,0.7,0,1.0,0.47016767979133384,0.7149546003589761,0.5078486571029708,20.0,8,12
0_trivial,19,superintelligent,0.9,100,2,0.01,1.0,0.0,0.7,0,1.0,0.47016767979133384,0.7149546003589761,0.5122875417535696,8.0,7,13
0_trivial,19,oracle,1.0,100,2,0.01,1.0,0.0,0.7,0,1.0,0.47016767979133384,0.7149546003589761,0.5122875417535696,7.0,7,13
0_trivial,19,naive,0.009,100,2,0.01,1.0,0.0,0.7,0,1.0,0.47016767979133384,0.7149546003589761,0.5078486571029708,19.0,8,12
0_trivial,19,random,0.0009,100,2,0.01,1.0,0.0,0.7,0,1.0,0.47016767979133384,0.7149546003589761,0.5078486571029708,19.0,8,12
0_trivial,20,regular,0.1,100,2,0.01,1.0,0.0,0.7,0,1.0,0.4878075113393205,0.7665096947792246,0.5958768666347353,28.0,17,11
0_trivial,20,superintelligent,0.9,100,2,0.01,1.0,0.0,0.7,0,1.0,0.4878075113393205,0.7665096947792246,0.5958768666347353,19.0,17,11
0_trivial,20,oracle,1.0,100,2,0.01,1.0,0.0,0.7,0,1.0,0.4878075113393205,0.7665096947792246,0.5958768666347353,17.0,17,11
0_trivial,20,naive,0.009,100,2,0.01,1.0,0.0,0.7,0,1.0,0.4878075113393205,0.7665096947792246,0.5888988046162007,27.0,14,13
0_trivial,20,random,0.0009,100,2,0.01,1.0,0.0,0.7,0,1.0,0.4878075113393205,0.7665096947792246,0.5958768666347353,27.0,17,11
0_trivial,21,regular,0.1,100,2,0.01,1.0,0.0,0.7,0,1.0,0.49051294584877814,0.7658982327175708,0.5802798357550464,25.0,14,13
0_trivial,21,superintelligent,0.9,100,2,0.01,1.0,0.0,0.7,0,1.0,0.49051294584877814,0.7658982327175708,0.5901618972325181,15.0,15,11
0_trivial,21,oracle,1.0,100,2,0.01,1.0,0.0,0.7,0,1.0,0.49051294584877814,0.7658982327175708,0.5901618972325181,15.0,15,11
0_trivial,21,naive,0.009,100,2,0.01,1.0,0.0,0.7,0,1.0,0.49051294584877814,0.7658982327175708,0.5909774205553423,25.0,18,9
0_trivial,21,random,0.0009,100,2,0.01,1.0,0.0,0.7,0,1.0,0.49051294584877814,0.7658982327175708,0.5901618972325181,26.0,15,11
0_trivial,22,regular,0.1,100,2,0.01,1.0,0.0,0.7,0,1.0,0.5123371408547385,0.7514154323143004,0.5901522537797104,24.0,14,13
0_trivial,22,superintelligent,0.9,100,2,0.01,1.0,0.0,0.7,0,1.0,0.5123371408547385,0.7514154323143004,0.5703064031102837,13.0,13,12
0_trivial,22,oracle,1.0,100,2,0.01,1.0,0.0,0.7,0,1.0,0.5123371408547385,0.7514154323143004,0.5703064031102837,13.0,13,12
0_trivial,22,naive,0.009,100,2,0.01,1.0,0.0,0.7,0,1.0,0.5123371408547385,0.7514154323143004,0.5833559610466906,27.0,14,13
0_trivial,22,random,0.0009,100,2,0.01,1.0,0.0,0.7,0,1.0,0.5123371408547385,0.7514154323143004,0.5833559610466906,24.0,14,13
0_trivial,23,regular,0.1,100,2,0.01,1.0,0.0,0.7,0,1.0,0.5439159016910038,0.7599806465835728,0.6460190875481537,27.0,15,14
0_trivial,23,superintelligent,0.9,100,2,0.01,1.0,0.0,0.7,0,1.0,0.5439159016910038,0.7599806465835728,0.624797150660921,13.0,13,15
0_trivial,23,oracle,1.0,100,2,0.01,1.0,0.0,0.7,0,1.0,0.5439159016910038,0.7599806465835728,0.624797150660921,13.0,13,15
0_trivial,23,naive,0.009,100,2,0.01,1.0,0.0,0.7,0,1.0,0.5439159016910038,0.7599806465835728,0.6460190875481537,29.0,15,14
0_trivial,23,random,0.0009,100,2,0.01,1.0,0.0,0.7,0,1.0,0.5439159016910038,0.7599806465835728,0.632562931574526,28.0,16,13
0_trivial,24,regular,0.1,100,2,0.01,1.0,0.0,0.7,0,1.0,0.533131521409408,0.7370409859308006,0.5932446895295537,23.0,8,16
0_trivial,24,superintelligent,0.9,100,2,0.01,1.0,0.0,0.7,0,1.0,0.533131521409408,0.7370409859308006,0.5945359054250974,9.0,9,15
0_trivial,24,oracle,1.0,100,2,0.01,1.0,0.0,0.7,0,1.0,0.533131521409408,0.7370409859308006,0.5945359054250974,9.0,9,15
0_trivial,24,naive,0.009,100,2,0.01,1.0,0.0,0.7,0,1.0,0.533131521409408,0.7370409859308006,0.5967344079829163,21.0,9,14
0_trivial,24,random,0.0009,100,2,0.01,1.0,0.0,0.7,0,1.0,0.533131521409408,0.7370409859308006,0.5945359054250974,22.0,9,15
0_trivial,25,regular,0.1,100,2,0.01,1.0,0.0,0.7,0,1.0,0.49469660666514104,0.7311960457253923,0.5438151028212189,16.0,9,17
0_trivial,25,superintelligent,0.9,100,2,0.01,1.0,0.0,0.7,0,1.0,0.49469660666514104,0.7311960457253923,0.5405363525066558,9.0,8,17
0_trivial,25,oracle,1.0,100,2,0.01,1.0,0.0,0.7,0,1.0,0.49469660666514104,0.7311960457253923,0.5405363525066558,8.0,8,17
0_trivial,25,naive,0.009,100,2,0.01,1.0,0.0,0.7,0,1.0,0.49469660666514104,0.7311960457253923,0.551890364922257,25.0,10,15
0_trivial,25,random,0.0009,100,2,0.01,1.0,0.0,0.7,0,1.0,0.49469660666514104,0.7311960457253923,0.5424970355045269,25.0,8,17
0_trivial,26,regular,0.1,100,2,0.01,1.0,0.0,0.7,0,1.0,0.5258536682170966,0.7282975438732439,0.5891311282788424,20.0,10,10
0_trivial,26,superintelligent,0.9,100,2,0.01,1.0,0.0,0.7,0,1.0,0.5258536682170966,0.7282975438732439,0.5891311282788424,12.0,10,10
0_trivial,26,oracle,1.0,100,2,0.01,1.0,0.0,0.7,0,1.0,0.5258536682170966,0.7282975438732439,0.5891311282788424,10.0,10,10
0_trivial,26,naive,0.009,100,2,0.01,1.0,0.0,0.7,0,1.0,0.5258536682170966,0.7282975438732439,0.5891311282788424,15.0,10,10
0_trivial,26,random,0.0009,100,2,0.01,1.0,0.0,0.7,0,1.0,0.5258536682170966,0.7282975438732439,0.5891311282788424,20.0,10,10
0_trivial,27,regular,0.1,100,2,0.01,1.0,0.0,0.7,0,1.0,0.5129552825503524,0.7487914163539566,0.5750273654805925,23.0,11,15
0_trivial,27,superintelligent,0.9,100,2,0.01,1.0,0.0,0.7,0,1.0,0.5129552825503524,0.7487914163539566,0.5792626873472522,12.0,11,15
0_trivial,27,oracle,1.0,100,2,0.01,1.0,0.0,0.7,0,1.0,0.5129552825503524,0.7487914163539566,0.5792626873472522,11.0,11,15
0_trivial,27,naive,0.009,100,2,0.01,1.0,0.0,0.7,0,1.0,0.5129552825503524,0.7487914163539566,0.5745257980591955,26.0,10,16
0_trivial,27,random,0.0009,100,2,0.01,1.0,0.0,0.7,0,1.0,0.5129552825503524,0.7487914163539566,0.5748159484032997,27.0,13,14
0_trivial,28,regular,0.1,100,2,0.01,1.0,0.0,0.7,0,1.0,0.5432756318806756,0.733443319880162,0.596703629109373,24.0,11,16
0_trivial,28,superintelligent,0.9,100,2,0.01,1.0,0.0,0.7,0,1.0,0.5432756318806756,0.733443319880162,0.5987865479365144,13.0,12,15
0_trivial,28,oracle,1.0,100,2,0.01,1.0,0.0,0.7,0,1.0,0.5432756318806756,0.733443319880162,0.5987865479365144,12.0,12,15
0_trivial,28,naive,0.009,100,2,0.01,1.0,0.0,0.7,0,1.0,0.5432756318806756,0.733443319880162,0.594703486756291,20.0,11,15
0_trivial,28,random,0.0009,100,2,0.01,1.0,0.0,0.7,0,1.0,0.5432756318806756,0.733443319880162,0.59497238484212,26.0,11,15
0_trivial,29,regular,0.1,100,2,0.01,1.0,0.0,0.7,0,1.0,0.48694901708129934,0.7513168262132927,0.5309521514483404,6.0,5,15
0_trivial,29,superintelligent,0.9,100,2,0.01,1.0,0.0,0.7,0,1.0,0.48694901708129934,0.7513168262132927,0.5309521514483404,5.0,5,15
0_trivial,29,oracle,1.0,100,2,0.01,1.0,0.0,0.7,0,1.0,0.48694901708129934,0.7513168262132927,0.5309521514483404,5.0,5,15
0_trivial,29,naive,0.009,100,2,0.01,1.0,0.0,0.7,0,1.0,0.48694901708129934,0.7513168262132927,0.530333029319887,15.0,6,14
0_trivial,29,random,0.0009,100,2,0.01,1.0,0.0,0.7,0,1.0,0.48694901708129934,0.7513168262132927,0.530333029319887,15.0,6,14
0_trivial,30,regular,0.1,100,2,0.01,1.0,0.0,0.7,0,1.0,0.52445949684694,0.750579996906976,0.5722387313150814,25.0,10,16
0_trivial,30,superintelligent,0.9,100,2,0.01,1.0,0.0,0.7,0,1.0,0.52445949684694,0.750579996906976,0.5722387313150814,11.0,10,16
0_trivial,30,oracle,1.0,100,2,0.01,1.0,0.0,0.7,0,1.0,0.52445949684694,0.750579996906976,0.5722387313150814,10.0,10,16
0_trivial,30,naive,0.009,100,2,0.01,1.0,0.0,0.7,0,1.0,0.52445949684694,0.750579996906976,0.566981760883227,21.0,11,15
0_trivial,30,random,0.0009,100,2,0.01,1.0,0.0,0.7,0,1.0,0.52445949684694,0.750579996906976,0.5640769359065179,23.0,11,16
0_trivial,31,regular,0.1,100,2,0.01,1.0,0.0,0.7,0,1.0,0.4985948540086899,0.7126252958466746,0.5373334305240909,22.0,9,16
0_trivial,31,superintelligent,0.9,100,2,0.01,1.0,0.0,0.7,0,1.0,0.4985948540086899,0.7126252958466746,0.5462469574918272,13.0,11,16
0_trivial,31,oracle,1.0,100,2,0.01,1.0,0.0,0.7,0,1.0,0.4985948540086899,0.7126252958466746,0.5462469574918272,11.0,11,16
0_trivial,31,naive,0.009,100,2,0.01,1.0,0.0,0.7,0,1.0,0.4985948540086899,0.7126252958466746,0.5373334305240909,25.0,9,16
0_trivial,31,random,0.0009,100,2,0.01,1.0,0.0,0.7,0,1.0,0.4985948540086899,0.7126252958466746,0.5462469574918272,27.0,11,16
0_trivial,32,regular,0.1,100,2,0.01,1.0,0.0,0.7,0,1.0,0.5201450403585486,0.7152431508084924,0.5608798472950063,26.0,10,16
0_trivial,32,superintelligent,0.9,100,2,0.01,1.0,0.0,0.7,0,1.0,0.5201450403585486,0.7152431508084924,0.5720445623450864,13.0,12,15
0_trivial,32,oracle,1.0,100,2,0.01,1.0,0.0,0.7,0,1.0,0.5201450403585486,0.7152431508084924,0.5720445623450864,12.0,12,15
0_trivial,32,naive,0.009,100,2,0.01,1.0,0.0,0.7,0,1.0,0.5201450403585486,0.7152431508084924,0.5707947320319304,25.0,11,15
0_trivial,32,random,0.0009,100,2,0.01,1.0,0.0,0.7,0,1.0,0.5201450403585486,0.7152431508084924,0.5631983621521474,24.0,11,16
0_trivial,33,regular,0.1,100,2,0.01,1.0,0.0,0.7,0,1.0,0.5003434258767845,0.7062440742272181,0.54117919743577,18.0,8,16
0_trivial,33,superintelligent,0.9,100,2,0.01,1.0,0.0,0.7,0,1.0,0.5003434258767845,0.7062440742272181,0.54117919743577,9.0,8,16
0_trivial,33,oracle,1.0,100,2,0.01,1.0,0.0,0.7,0,1.0,0.5003434258767845,0.7062440742272181,0.54117919743577,8.0,8,16
0_trivial,33,naive,0.009,100,2,0.01,1.0,0.0,0.7,0,1.0,0.5003434258767845,0.7062440742272181,0.54117919743577,21.0,8,16
0_trivial,33,random,0.0009,100,2,0.01,1.0,0.0,0.7,0,1.0,0.5003434258767845,0.7062440742272181,0.54117919743577,22.0,8,16
0_trivial,34,regular,0.1,100,2,0.01,1.0,0.0,0.7,0,1.0,0.49109750256132173,0.7421375844055598,0.556046809628833,24.0,15,11
0_trivial,34,superintelligent,0.9,100,2,0.01,1.0,0.0,0.7,0,1.0,0.49109750256132173,0.7421375844055598,0.559900664870722,16.0,16,12
0_trivial,34,oracle,1.0,100,2,0.01,1.0,0.0,0.7,0,1.0,0.49109750256132173,0.7421375844055598,0.559900664870722,16.0,16,12
0_trivial,34,naive,0.009,100,2,0.01,1.0,0.0,0.7,0,1.0,0.49109750256132173,0.7421375844055598,0.5450472674175219,27.0,13,14
0_trivial,34,random,0.0009,100,2,0.01,1.0,0.0,0.7,0,1.0,0.49109750256132173,0.7421375844055598,0.5494228739674781,25.0,13,13
0_trivial,35,regular,0.1,100,2,0.01,1.0,0.0,0.7,0,1.0,0.5529870769567381,0.7391104496248975,0.607278083891772,26.0,9,18
0_trivial,35,superintelligent,0.9,100,2,0.01,1.0,0.0,0.7,0,1.0,0.5529870769567381,0.7391104496248975,0.6106431715955694,12.0,10,16
0_trivial,35,oracle,1.0,100,2,0.01,1.0,0.0,0.7,0,1.0,0.5529870769567381,0.7391104496248975,0.6106431715955694,10.0,10,16
0_trivial,35,naive,0.009,100,2,0.01,1.0,0.0,0.7,0,1.0,0.5529870769567381,0.7391104496248975,0.607278083891772,27.0,9,18
0_trivial,35,random,0.0009,100,2,0.01,1.0,0.0,0.7,0,1.0,0.5529870769567381,0.7391104496248975,0.6033565167505873,15.0,9,18
0_trivial,36,regular,0.1,100,2,0.01,1.0,0.0,0.7,0,1.0,0.5329115724483017,0.7382175586570807,0.5987993826684265,20.0,11,11
0_trivial,36,superintelligent,0.9,100,2,0.01,1.0,0.0,0.7,0,1.0,0.5329115724483017,0.7382175586570807,0.6033767125530399,11.0,11,15
0_trivial,36,oracle,1.0,100,2,0.01,1.0,0.0,0.7,0,1.0,0.5329115724483017,0.7382175586570807,0.6033767125530399,11.0,11,15
0_trivial,36,naive,0.009,100,2,0.01,1.0,0.0,0.7,0,1.0,0.5329115724483017,0.7382175586570807,0.6033767125530399,24.0,11,15
0_trivial,36,random,0.0009,100,2,0.01,1.0,0.0,0.7,0,1.0,0.5329115724483017,0.7382175586570807,0.5987993826684265,22.0,11,11
0_trivial,37,regular,0.1,100,2,0.01,1.0,0.0,0.7,0,1.0,0.521512887224021,0.7307428857207356,0.5607123470797054,20.0,7,16
0_trivial,37,superintelligent,0.9,100,2,0.01,1.0,0.0,0.7,0,1.0,0.521512887224021,0.7307428857207356,0.5552299843339893,8.0,6,15
0_trivial,37,oracle,1.0,100,2,0.01,1.0,0.0,0.7,0,1.0,0.521512887224021,0.7307428857207356,0.5552299843339893,6.0,6,15
0_trivial,37,naive,0.009,100,2,0.01,1.0,0.0,0.7,0,1.0,0.521512887224021,0.7307428857207356,0.5607123470797054,23.0,7,16
0_trivial,37,random,0.0009,100,2,0.01,1.0,0.0,0.7,0,1.0,0.521512887224021,0.7307428857207356,0.5447437710062372,18.0,6,14
0_trivial,38,regular,0.1,100,2,0.01,1.0,0.0,0.7,0,1.0,0.5154524431651543,0.76246043352076,0.5770636917222253,24.0,11,14
0_trivial,38,superintelligent,0.9,100,2,0.01,1.0,0.0,0.7,0,1.0,0.5154524431651543,0.76246043352076,0.5776547593689927,11.0,10,14
0_trivial,38,oracle,1.0,100,2,0.01,1.0,0.0,0.7,0,1.0,0.5154524431651543,0.76246043352076,0.5776547593689927,10.0,10,14
0_trivial,38,naive,0.009,100,2,0.01,1.0,0.0,0.7,0,1.0,0.5154524431651543,0.76246043352076,0.5744955014256005,24.0,11,13
0_trivial,38,random,0.0009,100,2,0.01,1.0,0.0,0.7,0,1.0,0.5154524431651543,0.76246043352076,0.5744955014256005,24.0,11,13
0_trivial,39,regular,0.1,100,2,0.01,1.0,0.0,0.7,0,1.0,0.4222812237209942,0.7233915722774786,0.46941196930848295,17.0,10,12
0_trivial,39,superintelligent,0.9,100,2,0.01,1.0,0.0,0.7,0,1.0,0.4222812237209942,0.7233915722774786,0.46941196930848295,10.0,10,12
0_trivial,39,oracle,1.0,100,2,0.01,1.0,0.0,0.7,0,1.0,0.4222812237209942,0.7233915722774786,0.46941196930848295,10.0,10,12
0_trivial,39,naive,0.009,100,2,0.01,1.0,0.0,0.7,0,1.0,0.4222812237209942,0.7233915722774786,0.46941196930848295,21.0,10,12
0_trivial,39,random,0.0009,100,2,0.01,1.0,0.0,0.7,0,1.0,0.4222812237209942,0.7233915722774786,0.46941196930848295,22.0,10,12
0_trivial,40,regular,0.1,100,2,0.01,1.0,0.0,0.7,0,1.0,0.5165469994856164,0.7459656496185747,0.5758548494598464,20.0,7,16
0_trivial,40,superintelligent,0.9,100,2,0.01,1.0,0.0,0.7,0,1.0,0.5165469994856164,0.7459656496185747,0.5910831720795996,8.0,8,17
0_trivial,40,oracle,1.0,100,2,0.01,1.0,0.0,0.7,0,1.0,0.5165469994856164,0.7459656496185747,0.5910831720795996,8.0,8,17
0_trivial,40,naive,0.009,100,2,0.01,1.0,0.0,0.7,0,1.0,0.5165469994856164,0.7459656496185747,0.5758548494598464,22.0,7,16
0_trivial,40,random,0.0009,100,2,0.01,1.0,0.0,0.7,0,1.0,0.5165469994856164,0.7459656496185747,0.5758548494598464,21.0,7,16
0_trivial,41,regular,0.1,100,2,0.01,1.0,0.0,0.7,0,1.0,0.46389678332012574,0.7420202654828061,0.5531934521464875,24.0,13,11
0_trivial,41,superintelligent,0.9,100,2,0.01,1.0,0.0,0.7,0,1.0,0.46389678332012574,0.7420202654828061,0.5650979689489936,14.0,13,11
0_trivial,41,oracle,1.0,100,2,0.01,1.0,0.0,0.7,0,1.0,0.46389678332012574,0.7420202654828061,0.5650979689489936,13.0,13,11
0_trivial,41,naive,0.009,100,2,0.01,1.0,0.0,0.7,0,1.0,0.46389678332012574,0.7420202654828061,0.5511953411730487,21.0,11,13
0_trivial,41,random,0.0009,100,2,0.01,1.0,0.0,0.7,0,1.0,0.46389678332012574,0.7420202654828061,0.5517602483955738,22.0,10,14
0_trivial,42,regular,0.1,100,2,0.01,1.0,0.0,0.7,0,1.0,0.5231975815104292,0.7231810166253406,0.5914195835524463,22.0,12,11
0_trivial,42,superintelligent,0.9,100,2,0.01,1.0,0.0,0.7,0,1.0,0.5231975815104292,0.7231810166253406,0.5918602182336792,11.0,11,12
0_trivial,42,oracle,1.0,100,2,0.01,1.0,0.0,0.7,0,1.0,0.5231975815104292,0.7231810166253406,0.5918602182336792,11.0,11,12
0_trivial,42,naive,0.009,100,2,0.01,1.0,0.0,0.7,0,1.0,0.5231975815104292,0.7231810166253406,0.5907498738259414,21.0,12,11
0_trivial,42,random,0.0009,100,2,0.01,1.0,0.0,0.7,0,1.0,0.5231975815104292,0.7231810166253406,0.5914195835524463,22.0,12,11
0_trivial,43,regular,0.1,100,2,0.01,1.0,0.0,0.7,0,1.0,0.4703933919534024,0.7461910393975545,0.5624285049108169,26.0,15,12
0_trivial,43,superintelligent,0.9,100,2,0.01,1.0,0.0,0.7,0,1.0,0.4703933919534024,0.7461910393975545,0.5633213164012778,14.0,14,13
0_trivial,43,oracle,1.0,100,2,0.01,1.0,0.0,0.7,0,1.0,0.4703933919534024,0.7461910393975545,0.5633213164012778,14.0,14,13
0_trivial,43,naive,0.009,100,2,0.01,1.0,0.0,0.7,0,1.0,0.4703933919534024,0.7461910393975545,0.5590009404549957,27.0,15,12
0_trivial,43,random,0.0009,100,2,0.01,1.0,0.0,0.7,0,1.0,0.4703933919534024,0.7461910393975545,0.5633213164012778,26.0,14,13
0_trivial,44,regular,0.1,100,2,0.01,1.0,0.0,0.7,0,1.0,0.49513117033554666,0.7322823879511955,0.5385195687883566,17.0,9,10
0_trivial,44,superintelligent,0.9,100,2,0.01,1.0,0.0,0.7,0,1.0,0.49513117033554666,0.7322823879511955,0.5424441143823924,11.0,9,10
0_trivial,44,oracle,1.0,100,2,0.01,1.0,0.0,0.7,0,1.0,0.49513117033554666,0.7322823879511955,0.5424441143823924,9.0,9,10
0_trivial,44,naive,0.009,100,2,0.01,1.0,0.0,0.7,0,1.0,0.49513117033554666,0.7322823879511955,0.5385195687883566,19.0,9,10
0_trivial,44,random,0.0009,100,2,0.01,1.0,0.0,0.7,0,1.0,0.49513117033554666,0.7322823879511955,0.5424441143823924,19.0,9,10
0_trivial,45,regular,0.1,100,2,0.01,1.0,0.0,0.7,0,1.0,0.4355292950667144,0.7398145151470651,0.5500358819035944,26.0,16,10
0_trivial,45,superintelligent,0.9,100,2,0.01,1.0,0.0,0.7,0,1.0,0.4355292950667144,0.7398145151470651,0.553934966124826,15.0,15,9
0_trivial,45,oracle,1.0,100,2,0.01,1.0,0.0,0.7,0,1.0,0.4355292950667144,0.7398145151470651,0.553934966124826,15.0,15,9
0_trivial,45,naive,0.009,100,2,0.01,1.0,0.0,0.7,0,1.0,0.4355292950667144,0.7398145151470651,0.5500358819035944,25.0,16,10
0_trivial,45,random,0.0009,100,2,0.01,1.0,0.0,0.7,0,1.0,0.4355292950667144,0.7398145151470651,0.553934966124826,22.0,15,9
0_trivial,46,regular,0.1,100,2,0.01,1.0,0.0,0.7,0,1.0,0.4985935798286036,0.754646267756164,0.6188300034992755,29.0,19,10
0_trivial,46,superintelligent,0.9,100,2,0.01,1.0,0.0,0.7,0,1.0,0.4985935798286036,0.754646267756164,0.6157671782572236,21.0,20,8
0_trivial,46,oracle,1.0,100,2,0.01,1.0,0.0,0.7,0,1.0,0.4985935798286036,0.754646267756164,0.6157671782572236,20.0,20,8
0_trivial,46,naive,0.009,100,2,0.01,1.0,0.0,0.7,0,1.0,0.4985935798286036,0.754646267756164,0.6336722848743429,29.0,21,8
0_trivial,46,random,0.0009,100,2,0.01,1.0,0.0,0.7,0,1.0,0.4985935798286036,0.754646267756164,0.6157671782572236,28.0,20,8
0_trivial,47,regular,0.1,100,2,0.01,1.0,0.0,0.7,0,1.0,0.48919741936281097,0.7192537996574906,0.551506328732934,24.0,10,14
0_trivial,47,superintelligent,0.9,100,2,0.01,1.0,0.0,0.7,0,1.0,0.48919741936281097,0.7192537996574906,0.5545048451986265,11.0,11,13
0_trivial,47,oracle,1.0,100,2,0.01,1.0,0.0,0.7,0,1.0,0.48919741936281097,0.7192537996574906,0.5545048451986265,11.0,11,13
0_trivial,47,naive,0.009,100,2,0.01,1.0,0.0,0.7,0,1.0,0.48919741936281097,0.7192537996574906,0.5503433287709776,24.0,11,13
0_trivial,47,random,0.0009,100,2,0.01,1.0,0.0,0.7,0,1.0,0.48919741936281097,0.7192537996574906,0.5545048451986265,22.0,11,13
0_trivial,48,regular,0.1,100,2,0.01,1.0,0.0,0.7,0,1.0,0.5148855841350826,0.743850679322268,0.5512641889696066,22.0,9,16
0_trivial,48,superintelligent,0.9,100,2,0.01,1.0,0.0,0.7,0,1.0,0.5148855841350826,0.743850679322268,0.5710875185402079,16.0,13,14
0_trivial,48,oracle,1.0,100,2,0.01,1.0,0.0,0.7,0,1.0,0.5148855841350826,0.743850679322268,0.5602148149935008,9.0,9,16
0_trivial,48,naive,0.009,100,2,0.01,1.0,0.0,0.7,0,1.0,0.5148855841350826,0.743850679322268,0.5472982867610557,25.0,9,16
0_trivial,48,random,0.0009,100,2,0.01,1.0,0.0,0.7,0,1.0,0.5148855841350826,0.743850679322268,0.5614825915573752,25.0,11,16
0_trivial,49,regular,0.1,100,2,0.01,1.0,0.0,0.7,0,1.0,0.42955107033097417,0.7331400248051625,0.4995822219719321,19.0,10,13
0_trivial,49,superintelligent,0.9,100,2,0.01,1.0,0.0,0.7,0,1.0,0.42955107033097417,0.7331400248051625,0.5097890691031367,11.0,11,15
0_trivial,49,oracle,1.0,100,2,0.01,1.0,0.0,0.7,0,1.0,0.42955107033097417,0.7331400248051625,0.5097890691031367,11.0,11,15
0_trivial,49,naive,0.009,100,2,0.01,1.0,0.0,0.7,0,1.0,0.42955107033097417,0.7331400248051625,0.5026694331277249,23.0,11,14
0_trivial,49,random,0.0009,100,2,0.01,1.0,0.0,0.7,0,1.0,0.42955107033097417,0.7331400248051625,0.5034316510983166,20.0,11,14
0_trivial,50,regular,0.1,100,2,0.01,1.0,0.0,0.7,0,1.0,0.5025756146944588,0.7426773669782775,0.5778774614131496,24.0,14,13
0_trivial,50,superintelligent,0.9,100,2,0.01,1.0,0.0,0.7,0,1.0,0.5025756146944588,0.7426773669782775,0.5778774614131496,14.0,14,13
0_trivial,50,oracle,1.0,100,2,0.01,1.0,0.0,0.7,0,1.0,0.5025756146944588,0.7426773669782775,0.5778774614131496,14.0,14,13
0_trivial,50,naive,0.009,100,2,0.01,1.0,0.0,0.7,0,1.0,0.5025756146944588,0.7426773669782775,0.5789629984420421,24.0,15,12
0_trivial,50,random,0.0009,100,2,0.01,1.0,0.0,0.7,0,1.0,0.5025756146944588,0.7426773669782775,0.578473612273248,23.0,14,13
0_trivial,51,regular,0.1,100,2,0.01,1.0,0.0,0.7,0,1.0,0.4697867579029047,0.7253859367554507,0.5208407106023865,20.0,13,11
0_trivial,51,superintelligent,0.9,100,2,0.01,1.0,0.0,0.7,0,1.0,0.4697867579029047,0.7253859367554507,0.5230524581405743,14.0,13,11
0_trivial,51,oracle,1.0,100,2,0.01,1.0,0.0,0.7,0,1.0,0.4697867579029047,0.7253859367554507,0.5233841758570199,12.0,12,11
0_trivial,51,naive,0.009,100,2,0.01,1.0,0.0,0.7,0,1.0,0.4697867579029047,0.7253859367554507,0.5165878231363584,23.0,13,10
0_trivial,51,random,0.0009,100,2,0.01,1.0,0.0,0.7,0,1.0,0.4697867579029047,0.7253859367554507,0.514777639882814,23.0,12,12
0_trivial,52,regular,0.1,100,2,0.01,1.0,0.0,0.7,0,1.0,0.5227839280611272,0.7551950204989814,0.560913217507571,17.0,6,16
0_trivial,52,superintelligent,0.9,100,2,0.01,1.0,0.0,0.7,0,1.0,0.5227839280611272,0.7551950204989814,0.560913217507571,6.0,6,16
0_trivial,52,oracle,1.0,100,2,0.01,1.0,0.0,0.7,0,1.0,0.5227839280611272,0.7551950204989814,0.560913217507571,6.0,6,16
0_trivial,52,naive,0.009,100,2,0.01,1.0,0.0,0.7,0,1.0,0.5227839280611272,0.7551950204989814,0.562454430247788,19.0,7,16
0_trivial,52,random,0.0009,100,2,0.01,1.0,0.0,0.7,0,1.0,0.5227839280611272,0.7551950204989814,0.5557466429504141,20.0,6,17
0_trivial,53,regular,0.1,100,2,0.01,1.0,0.0,0.7,0,1.0,0.4593295709870678,0.7444047251205715,0.5294706326552964,20.0,13,7
0_trivial,53,superintelligent,0.9,100,2,0.01,1.0,0.0,0.7,0,1.0,0.4593295709870678,0.7444047251205715,0.5294706326552964,16.0,13,7
0_trivial,53,oracle,1.0,100,2,0.01,1.0,0.0,0.7,0,1.0,0.4593295709870678,0.7444047251205715,0.5294706326552964,13.0,13,7
0_trivial,53,naive,0.009,100,2,0.01,1.0,0.0,0.7,0,1.0,0.4593295709870678,0.7444047251205715,0.5185475477634262,21.0,11,10
0_trivial,53,random,0.0009,100,2,0.01,1.0,0.0,0.7,0,1.0,0.4593295709870678,0.7444047251205715,0.5185475477634262,21.0,11,10
0_trivial,54,regular,0.1,100,2,0.01,1.0,0.0,0.7,0,1.0,0.5122386662861049,0.713940375407356,0.5591956492151726,15.0,7,19
0_trivial,54,superintelligent,0.9,100,2,0.01,1.0,0.0,0.7,0,1.0,0.5122386662861049,0.713940375407356,0.5681783028126196,9.0,7,19
0_trivial,54,oracle,1.0,100,2,0.01,1.0,0.0,0.7,0,1.0,0.5122386662861049,0.713940375407356,0.5681783028126196,7.0,7,19
0_trivial,54,naive,0.009,100,2,0.01,1.0,0.0,0.7,0,1.0,0.5122386662861049,0.713940375407356,0.5655140968470519,23.0,8,18
0_trivial,54,random,0.0009,100,2,0.01,1.0,0.0,0.7,0,1.0,0.5122386662861049,0.713940375407356,0.5591956492151726,24.0,7,19
0_trivial,55,regular,0.1,100,2,0.01,1.0,0.0,0.7,0,1.0,0.432097696512499,0.7326771590030434,0.49610102836682934,21.0,12,13
0_trivial,55,superintelligent,0.9,100,2,0.01,1.0,0.0,0.7,0,1.0,0.432097696512499,0.7326771590030434,0.49610102836682934,14.0,12,13
0_trivial,55,oracle,1.0,100,2,0.01,1.0,0.0,0.7,0,1.0,0.432097696512499,0.7326771590030434,0.49610102836682934,12.0,12,13
0_trivial,55,naive,0.009,100,2,0.01,1.0,0.0,0.7,0,1.0,0.432097696512499,0.7326771590030434,0.5065256632486043,25.0,13,13
0_trivial,55,random,0.0009,100,2,0.01,1.0,0.0,0.7,0,1.0,0.432097696512499,0.7326771590030434,0.49610102836682934,22.0,12,13
0_trivial,56,regular,0.1,100,2,0.01,1.0,0.0,0.7,0,1.0,0.5119794932321939,0.7184077876240058,0.5545868264608302,21.0,10,11
0_trivial,56,superintelligent,0.9,100,2,0.01,1.0,0.0,0.7,0,1.0,0.5119794932321939,0.7184077876240058,0.5591284608158117,10.0,10,12
0_trivial,56,oracle,1.0,100,2,0.01,1.0,0.0,0.7,0,1.0,0.5119794932321939,0.7184077876240058,0.5591284608158117,10.0,10,12
0_trivial,56,naive,0.009,100,2,0.01,1.0,0.0,0.7,0,1.0,0.5119794932321939,0.7184077876240058,0.5545868264608302,20.0,10,11
0_trivial,56,random,0.0009,100,2,0.01,1.0,0.0,0.7,0,1.0,0.5119794932321939,0.7184077876240058,0.5591284608158117,19.0,10,12
0_trivial,57,regular,0.1,100,2,0.01,1.0,0.0,0.7,0,1.0,0.4888304323807697,0.7415195380143994,0.5715687383253605,27.0,18,9
0_trivial,57,superintelligent,0.9,100,2,0.01,1.0,0.0,0.7,0,1.0,0.4888304323807697,0.7415195380143994,0.5839357205832861,20.0,18,7
0_trivial,57,oracle,1.0,100,2,0.01,1.0,0.0,0.7,0,1.0,0.4888304323807697,0.7415195380143994,0.5839357205832861,18.0,18,7
0_trivial,57,naive,0.009,100,2,0.01,1.0,0.0,0.7,0,1.0,0.4888304323807697,0.7415195380143994,0.5726548932247397,26.0,17,10
0_trivial,57,random,0.0009,100,2,0.01,1.0,0.0,0.7,0,1.0,0.4888304323807697,0.7415195380143994,0.5766356352048815,27.0,19,8
0_trivial,58,regular,0.1,100,2,0.01,1.0,0.0,0.7,0,1.0,0.49815252689785744,0.7050735588997793,0.5348139232993127,23.0,11,12
0_trivial,58,superintelligent,0.9,100,2,0.01,1.0,0.0,0.7,0,1.0,0.49815252689785744,0.7050735588997793,0.5370664076564482,10.0,10,14
0_trivial,58,oracle,1.0,100,2,0.01,1.0,0.0,0.7,0,1.0,0.49815252689785744,0.7050735588997793,0.5370664076564482,10.0,10,14
0_trivial,58,naive,0.009,100,2,0.01,1.0,0.0,0.7,0,1.0,0.49815252689785744,0.7050735588997793,0.5339376822776698,22.0,8,14
0_trivial,58,random,0.0009,100,2,0.01,1.0,0.0,0.7,0,1.0,0.49815252689785744,0.7050735588997793,0.5349238957483169,20.0,8,14
0_trivial,59,regular,0.1,100,2,0.01,1.0,0.0,0.7,0,1.0,0.482395697101977,0.7201075445974318,0.547156930460633,22.0,9,14
0_trivial,59,superintelligent,0.9,100,2,0.01,1.0,0.0,0.7,0,1.0,0.482395697101977,0.7201075445974318,0.547156930460633,10.0,9,14
0_trivial,59,oracle,1.0,100,2,0.01,1.0,0.0,0.7,0,1.0,0.482395697101977,0.7201075445974318,0.547156930460633,9.0,9,14
0_trivial,59,naive,0.009,100,2,0.01,1.0,0.0,0.7,0,1.0,0.482395697101977,0.7201075445974318,0.547156930460633,22.0,9,14
0_trivial,59,random,0.0009,100,2,0.01,1.0,0.0,0.7,0,1.0,0.482395697101977,0.7201075445974318,0.547156930460633,23.0,9,14
0_trivial,60,regular,0.1,100,2,0.01,1.0,0.0,0.7,0,1.0,0.5015225093916046,0.7443293214843874,0.5789055358131094,25.0,15,10
0_trivial,60,superintelligent,0.9,100,2,0.01,1.0,0.0,0.7,0,1.0,0.5015225093916046,0.7443293214843874,0.5787822542592257,16.0,13,11
0_trivial,60,oracle,1.0,100,2,0.01,1.0,0.0,0.7,0,1.0,0.5015225093916046,0.7443293214843874,0.5827872059210908,15.0,15,10
0_trivial,60,naive,0.009,100,2,0.01,1.0,0.0,0.7,0,1.0,0.5015225093916046,0.7443293214843874,0.5787822542592257,24.0,13,11
0_trivial,60,random,0.0009,100,2,0.01,1.0,0.0,0.7,0,1.0,0.5015225093916046,0.7443293214843874,0.5753655309324571,25.0,16,9
0_trivial,61,regular,0.1,100,2,0.01,1.0,0.0,0.7,0,1.0,0.4895701658245764,0.7418307340468444,0.5568418341380817,26.0,12,14
0_trivial,61,superintelligent,0.9,100,2,0.01,1.0,0.0,0.7,0,1.0,0.4895701658245764,0.7418307340468444,0.5568418341380817,15.0,12,14
0_trivial,61,oracle,1.0,100,2,0.01,1.0,0.0,0.7,0,1.0,0.4895701658245764,0.7418307340468444,0.5568418341380817,12.0,12,14
0_trivial,61,naive,0.009,100,2,0.01,1.0,0.0,0.7,0,1.0,0.4895701658245764,0.7418307340468444,0.5548245346364489,27.0,13,14
0_trivial,61,random,0.0009,100,2,0.01,1.0,0.0,0.7,0,1.0,0.4895701658245764,0.7418307340468444,0.5490500951670622,26.0,12,14
0_trivial,62,regular,0.1,100,2,0.01,1.0,0.0,0.7,0,1.0,0.49424714378324935,0.7490392170795735,0.554703838600802,24.0,9,15
0_trivial,62,superintelligent,0.9,100,2,0.01,1.0,0.0,0.7,0,1.0,0.49424714378324935,0.7490392170795735,0.5552499800909402,8.0,8,16
0_trivial,62,oracle,1.0,100,2,0.01,1.0,0.0,0.7,0,1.0,0.49424714378324935,0.7490392170795735,0.5552499800909402,8.0,8,16
0_trivial,62,naive,0.009,100,2,0.01,1.0,0.0,0.7,0,1.0,0.49424714378324935,0.7490392170795735,0.554703838600802,24.0,9,15
0_trivial,62,random,0.0009,100,2,0.01,1.0,0.0,0.7,0,1.0,0.49424714378324935,0.7490392170795735,0.5592109904275795,25.0,11,15
0_trivial,63,regular,0.1,100,2,0.01,1.0,0.0,0.7,0,1.0,0.5217737622181083,0.7614442681139517,0.5900924669816504,22.0,12,16
0_trivial,63,superintelligent,0.9,100,2,0.01,1.0,0.0,0.7,0,1.0,0.5217737622181083,0.7614442681139517,0.5929398249275554,19.0,14,16
0_trivial,63,oracle,1.0,100,2,0.01,1.0,0.0,0.7,0,1.0,0.5217737622181083,0.7614442681139517,0.5929398249275554,14.0,14,16
0_trivial,63,naive,0.009,100,2,0.01,1.0,0.0,0.7,0,1.0,0.5217737622181083,0.7614442681139517,0.5931094567592947,27.0,13,17
0_trivial,63,random,0.0009,100,2,0.01,1.0,0.0,0.7,0,1.0,0.5217737622181083,0.7614442681139517,0.5919423062733906,25.0,12,17
0_trivial,64,regular,0.1,100,2,0.01,1.0,0.0,0.7,0,1.0,0.4539914800998251,0.7451166938640487,0.5358229893709232,17.0,12,8
0_trivial,64,superintelligent,0.9,100,2,0.01,1.0,0.0,0.7,0,1.0,0.4539914800998251,0.7451166938640487,0.5392047700917354,12.0,11,9
0_trivial,64,oracle,1.0,100,2,0.01,1.0,0.0,0.7,0,1.0,0.4539914800998251,0.7451166938640487,0.5392047700917354,11.0,11,9
0_trivial,64,naive,0.009,100,2,0.01,1.0,0.0,0.7,0,1.0,0.4539914800998251,0.7451166938640487,0.5346552495046651,19.0,13,7
0_trivial,64,random,0.0009,100,2,0.01,1.0,0.0,0.7,0,1.0,0.4539914800998251,0.7451166938640487,0.5328254673547437,20.0,12,8
0_trivial,65,regular,0.1,100,2,0.01,1.0,0.0,0.7,0,1.0,0.4810512761614765,0.7224469778650493,0.5210193755564887,24.0,8,18
0_trivial,65,superintelligent,0.9,100,2,0.01,1.0,0.0,0.7,0,1.0,0.4810512761614765,0.7224469778650493,0.5222607675325993,10.0,8,18
0_trivial,65,oracle,1.0,100,2,0.01,1.0,0.0,0.7,0,1.0,0.4810512761614765,0.7224469778650493,0.5222607675325993,8.0,8,18
0_trivial,65,naive,0.009,100,2,0.01,1.0,0.0,0.7,0,1.0,0.4810512761614765,0.7224469778650493,0.5222607675325993,18.0,8,18
0_trivial,65,random,0.0009,100,2,0.01,1.0,0.0,0.7,0,1.0,0.4810512761614765,0.7224469778650493,0.5222607675325993,24.0,8,18
0_trivial,66,regular,0.1,100,2,0.01,1.0,0.0,0.7,0,1.0,0.45827279735099113,0.717074584547687,0.5318490517963501,17.0,10,13
0_trivial,66,superintelligent,0.9,100,2,0.01,1.0,0.0,0.7,0,1.0,0.45827279735099113,0.717074584547687,0.5157891872317136,8.0,8,14
0_trivial,66,oracle,1.0,100,2,0.01,1.0,0.0,0.7,0,1.0,0.45827279735099113,0.717074584547687,0.5157891872317136,8.0,8,14
0_trivial,66,naive,0.009,100,2,0.01,1.0,0.0,0.7,0,1.0,0.45827279735099113,0.717074584547687,0.5215860306632996,23.0,11,12
0_trivial,66,random,0.0009,100,2,0.01,1.0,0.0,0.7,0,1.0,0.45827279735099113,0.717074584547687,0.532263229238672,23.0,12,11
0_trivial,67,regular,0.1,100,2,0.01,1.0,0.0,0.7,0,1.0,0.4970139731328879,0.724261622605041,0.5511568703414763,17.0,8,11
0_trivial,67,superintelligent,0.9,100,2,0.01,1.0,0.0,0.7,0,1.0,0.4970139731328879,0.724261622605041,0.5573647924598149,10.0,9,12
0_trivial,67,oracle,1.0,100,2,0.01,1.0,0.0,0.7,0,1.0,0.4970139731328879,0.724261622605041,0.5573647924598149,9.0,9,12
0_trivial,67,naive,0.009,100,2,0.01,1.0,0.0,0.7,0,1.0,0.4970139731328879,0.724261622605041,0.5573647924598149,21.0,9,12
0_trivial,67,random,0.0009,100,2,0.01,1.0,0.0,0.7,0,1.0,0.4970139731328879,0.724261622605041,0.5462274300201182,18.0,8,12
0_trivial,68,regular,0.1,100,2,0.01,1.0,0.0,0.7,0,1.0,0.476452383066543,0.7158900508641547,0.5302767601203289,21.0,13,12
0_trivial,68,superintelligent,0.9,100,2,0.01,1.0,0.0,0.7,0,1.0,0.476452383066543,0.7158900508641547,0.5322537973484384,13.0,13,13
0_trivial,68,oracle,1.0,100,2,0.01,1.0,0.0,0.7,0,1.0,0.476452383066543,0.7158900508641547,0.5322537973484384,13.0,13,13
0_trivial,68,naive,0.009,100,2,0.01,1.0,0.0,0.7,0,1.0,0.476452383066543,0.7158900508641547,0.5301112106362095,26.0,14,13
0_trivial,68,random,0.0009,100,2,0.01,1.0,0.0,0.7,0,1.0,0.476452383066543,0.7158900508641547,0.5301112106362095,24.0,14,13
0_trivial,69,regular,0.1,100,2,0.01,1.0,0.0,0.7,0,1.0,0.5211655975629746,0.745309290376381,0.5869002860115349,22.0,11,15
0_trivial,69,superintelligent,0.9,100,2,0.01,1.0,0.0,0.7,0,1.0,0.5211655975629746,0.745309290376381,0.5815960317280113,10.0,10,13
0_trivial,69,oracle,1.0,100,2,0.01,1.0,0.0,0.7,0,1.0,0.5211655975629746,0.745309290376381,0.5815960317280113,10.0,10,13
0_trivial,69,naive,0.009,100,2,0.01,1.0,0.0,0.7,0,1.0,0.5211655975629746,0.745309290376381,0.5725967244858017,24.0,12,12
0_trivial,69,random,0.0009,100,2,0.01,1.0,0.0,0.7,0,1.0,0.5211655975629746,0.745309290376381,0.5794953814657691,24.0,11,13
0_trivial,70,regular,0.1,100,2,0.01,1.0,0.0,0.7,0,1.0,0.43819846307688015,0.7542150882628691,0.5197253443181655,20.0,12,14
0_trivial,70,superintelligent,0.9,100,2,0.01,1.0,0.0,0.7,0,1.0,0.43819846307688015,0.7542150882628691,0.5011323757466428,11.0,11,13
0_trivial,70,oracle,1.0,100,2,0.01,1.0,0.0,0.7,0,1.0,0.43819846307688015,0.7542150882628691,0.5011323757466428,11.0,11,13
0_trivial,70,naive,0.009,100,2,0.01,1.0,0.0,0.7,0,1.0,0.43819846307688015,0.7542150882628691,0.5175602682909485,26.0,13,13
0_trivial,70,random,0.0009,100,2,0.01,1.0,0.0,0.7,0,1.0,0.43819846307688015,0.7542150882628691,0.5197253443181655,26.0,12,14
0_trivial,71,regular,0.1,100,2,0.01,1.0,0.0,0.7,0,1.0,0.49469024334929623,0.7500137282527736,0.5634441025653021,24.0,11,14
0_trivial,71,superintelligent,0.9,100,2,0.01,1.0,0.0,0.7,0,1.0,0.49469024334929623,0.7500137282527736,0.5790821825909288,15.0,14,12
0_trivial,71,oracle,1.0,100,2,0.01,1.0,0.0,0.7,0,1.0,0.49469024334929623,0.7500137282527736,0.5790821825909288,14.0,14,12
0_trivial,71,naive,0.009,100,2,0.01,1.0,0.0,0.7,0,1.0,0.49469024334929623,0.7500137282527736,0.5608311673334284,23.0,15,11
0_trivial,71,random,0.0009,100,2,0.01,1.0,0.0,0.7,0,1.0,0.49469024334929623,0.7500137282527736,0.5616564277717275,26.0,14,12
0_trivial,72,regular,0.1,100,2,0.01,1.0,0.0,0.7,0,1.0,0.4885665061996377,0.7403467112950709,0.5345339235292009,20.0,10,14
0_trivial,72,superintelligent,0.9,100,2,0.01,1.0,0.0,0.7,0,1.0,0.4885665061996377,0.7403467112950709,0.5345339235292009,10.0,10,14
0_trivial,72,oracle,1.0,100,2,0.01,1.0,0.0,0.7,0,1.0,0.4885665061996377,0.7403467112950709,0.5345339235292009,10.0,10,14
0_trivial,72,naive,0.009,100,2,0.01,1.0,0.0,0.7,0,1.0,0.4885665061996377,0.7403467112950709,0.5341358990977534,20.0,8,15
0_trivial,72,random,0.0009,100,2,0.01,1.0,0.0,0.7,0,1.0,0.4885665061996377,0.7403467112950709,0.5271977258294325,24.0,10,14
0_trivial,73,regular,0.1,100,2,0.01,1.0,0.0,0.7,0,1.0,0.467452077114872,0.7373123550902995,0.5482797852449626,26.0,16,10
0_trivial,73,superintelligent,0.9,100,2,0.01,1.0,0.0,0.7,0,1.0,0.467452077114872,0.7373123550902995,0.5659436629117353,17.0,17,10
0_trivial,73,oracle,1.0,100,2,0.01,1.0,0.0,0.7,0,1.0,0.467452077114872,0.7373123550902995,0.5659436629117353,17.0,17,10
0_trivial,73,naive,0.009,100,2,0.01,1.0,0.0,0.7,0,1.0,0.467452077114872,0.7373123550902995,0.5742766827356101,27.0,19,8
0_trivial,73,random,0.0009,100,2,0.01,1.0,0.0,0.7,0,1.0,0.467452077114872,0.7373123550902995,0.5628645502053202,27.0,17,10
0_trivial,74,regular,0.1,100,2,0.01,1.0,0.0,0.7,0,1.0,0.48165234214196123,0.7402857808113642,0.5674235475492888,29.0,15,14
0_trivial,74,superintelligent,0.9,100,2,0.01,1.0,0.0,0.7,0,1.0,0.48165234214196123,0.7402857808113642,0.5550561334867308,17.0,15,12
0_trivial,74,oracle,1.0,100,2,0.01,1.0,0.0,0.7,0,1.0,0.48165234214196123,0.7402857808113642,0.5615344558707936,16.0,16,12
0_trivial,74,naive,0.009,100,2,0.01,1.0,0.0,0.7,0,1.0,0.48165234214196123,0.7402857808113642,0.5680874815970202,29.0,16,13
0_trivial,74,random,0.0009,100,2,0.01,1.0,0.0,0.7,0,1.0,0.48165234214196123,0.7402857808113642,0.568497753957608,29.0,16,13
0_trivial,75,regular,0.1,100,2,0.01,1.0,0.0,0.7,0,1.0,0.45874623865658637,0.7270167472870717,0.5204028239045086,26.0,10,16
0_trivial,75,superintelligent,0.9,100,2,0.01,1.0,0.0,0.7,0,1.0,0.45874623865658637,0.7270167472870717,0.5187700296531669,12.0,11,15
0_trivial,75,oracle,1.0,100,2,0.01,1.0,0.0,0.7,0,1.0,0.45874623865658637,0.7270167472870717,0.5187700296531669,11.0,11,15
0_trivial,75,naive,0.009,100,2,0.01,1.0,0.0,0.7,0,1.0,0.45874623865658637,0.7270167472870717,0.5177983250912266,26.0,9,17
0_trivial,75,random,0.0009,100,2,0.01,1.0,0.0,0.7,0,1.0,0.45874623865658637,0.7270167472870717,0.5204028239045086,18.0,10,16
0_trivial,76,regular,0.1,100,2,0.01,1.0,0.0,0.7,0,1.0,0.5052256132574688,0.7221667197210634,0.5333414500421549,26.0,8,18
0_trivial,76,superintelligent,0.9,100,2,0.01,1.0,0.0,0.7,0,1.0,0.5052256132574688,0.7221667197210634,0.5440466707615682,11.0,11,15
0_trivial,76,oracle,1.0,100,2,0.01,1.0,0.0,0.7,0,1.0,0.5052256132574688,0.7221667197210634,0.5440466707615682,11.0,11,15
0_trivial,76,naive,0.009,100,2,0.01,1.0,0.0,0.7,0,1.0,0.5052256132574688,0.7221667197210634,0.5412012028791127,26.0,12,14
0_trivial,76,random,0.0009,100,2,0.01,1.0,0.0,0.7,0,1.0,0.5052256132574688,0.7221667197210634,0.5353956865598708,17.0,9,17
0_trivial,77,regular,0.1,100,2,0.01,1.0,0.0,0.7,0,1.0,0.5286085010364657,0.7501247816552953,0.5880631574009805,23.0,9,16
0_trivial,77,superintelligent,0.9,100,2,0.01,1.0,0.0,0.7,0,1.0,0.5286085010364657,0.7501247816552953,0.5880631574009805,10.0,9,16
0_trivial,77,oracle,1.0,100,2,0.01,1.0,0.0,0.7,0,1.0,0.5286085010364657,0.7501247816552953,0.5880631574009805,9.0,9,16
0_trivial,77,naive,0.009,100,2,0.01,1.0,0.0,0.7,0,1.0,0.5286085010364657,0.7501247816552953,0.5880631574009805,23.0,9,16
0_trivial,77,random,0.0009,100,2,0.01,1.0,0.0,0.7,0,1.0,0.5286085010364657,0.7501247816552953,0.5880631574009805,21.0,9,16
0_trivial,78,regular,0.1,100,2,0.01,1.0,0.0,0.7,0,1.0,0.5659120960545191,0.7479651533248733,0.6074361316393508,17.0,8,12
0_trivial,78,superintelligent,0.9,100,2,0.01,1.0,0.0,0.7,0,1.0,0.5659120960545191,0.7479651533248733,0.6133989121421948,7.0,7,13
0_trivial,78,oracle,1.0,100,2,0.01,1.0,0.0,0.7,0,1.0,0.5659120960545191,0.7479651533248733,0.6133989121421948,7.0,7,13
0_trivial,78,naive,0.009,100,2,0.01,1.0,0.0,0.7,0,1.0,0.5659120960545191,0.7479651533248733,0.6133989121421948,19.0,7,13
0_trivial,78,random,0.0009,100,2,0.01,1.0,0.0,0.7,0,1.0,0.5659120960545191,0.7479651533248733,0.6074361316393508,20.0,8,12
0_trivial,79,regular,0.1,100,2,0.01,1.0,0.0,0.7,0,1.0,0.5424290800964553,0.7256668557677801,0.5711172503653986,20.0,8,17
0_trivial,79,superintelligent,0.9,100,2,0.01,1.0,0.0,0.7,0,1.0,0.5424290800964553,0.7256668557677801,0.5860110941603156,10.0,10,16
0_trivial,79,oracle,1.0,100,2,0.01,1.0,0.0,0.7,0,1.0,0.5424290800964553,0.7256668557677801,0.5860110941603156,10.0,10,16
0_trivial,79,naive,0.009,100,2,0.01,1.0,0.0,0.7,0,1.0,0.5424290800964553,0.7256668557677801,0.5885331161421155,26.0,12,15
0_trivial,79,random,0.0009,100,2,0.01,1.0,0.0,0.7,0,1.0,0.5424290800964553,0.7256668557677801,0.5933890370262743,28.0,13,15
0_trivial,80,regular,0.1,100,2,0.01,1.0,0.0,0.7,0,1.0,0.5268000048925916,0.7314958267496147,0.5670075745278381,19.0,8,14
0_trivial,80,superintelligent,0.9,100,2,0.01,1.0,0.0,0.7,0,1.0,0.5268000048925916,0.7314958267496147,0.5670075745278381,9.0,8,14
0_trivial,80,oracle,1.0,100,2,0.01,1.0,0.0,0.7,0,1.0,0.5268000048925916,0.7314958267496147,0.5670075745278381,8.0,8,14
0_trivial,80,naive,0.009,100,2,0.01,1.0,0.0,0.7,0,1.0,0.5268000048925916,0.7314958267496147,0.5619784736636922,21.0,7,16
0_trivial,80,random,0.0009,100,2,0.01,1.0,0.0,0.7,0,1.0,0.5268000048925916,0.7314958267496147,0.5650726985394555,20.0,7,15
0_trivial,81,regular,0.1,100,2,0.01,1.0,0.0,0.7,0,1.0,0.5424927682981733,0.7463296677620245,0.5708530956829869,20.0,7,20
0_trivial,81,superintelligent,0.9,100,2,0.01,1.0,0.0,0.7,0,1.0,0.5424927682981733,0.7463296677620245,0.5805657157216334,7.0,7,20
0_trivial,81,oracle,1.0,100,2,0.01,1.0,0.0,0.7,0,1.0,0.5424927682981733,0.7463296677620245,0.5805657157216334,7.0,7,20
0_trivial,81,naive,0.009,100,2,0.01,1.0,0.0,0.7,0,1.0,0.5424927682981733,0.7463296677620245,0.5694574762522234,25.0,9,18
0_trivial,81,random,0.0009,100,2,0.01,1.0,0.0,0.7,0,1.0,0.5424927682981733,0.7463296677620245,0.5805657157216334,26.0,7,20
0_trivial,82,regular,0.1,100,2,0.01,1.0,0.0,0.7,0,1.0,0.48831117741341723,0.7283418557058404,0.5515610790568527,27.0,15,12
0_trivial,82,superintelligent,0.9,100,2,0.01,1.0,0.0,0.7,0,1.0,0.48831117741341723,0.7283418557058404,0.5536693936729008,14.0,14,13
0_trivial,82,oracle,1.0,100,2,0.01,1.0,0.0,0.7,0,1.0,0.48831117741341723,0.7283418557058404,0.5536693936729008,14.0,14,13
0_trivial,82,naive,0.009,100,2,0.01,1.0,0.0,0.7,0,1.0,0.48831117741341723,0.7283418557058404,0.5526487501187597,27.0,15,12
0_trivial,82,random,0.0009,100,2,0.01,1.0,0.0,0.7,0,1.0,0.48831117741341723,0.7283418557058404,0.5515610790568527,26.0,15,12
0_trivial,83,regular,0.1,100,2,0.01,1.0,0.0,0.7,0,1.0,0.5389250790577321,0.7573066428929868,0.6054096370402222,23.0,17,6
0_trivial,83,superintelligent,0.9,100,2,0.01,1.0,0.0,0.7,0,1.0,0.5389250790577321,0.7573066428929868,0.6015950802503339,17.0,16,7
0_trivial,83,oracle,1.0,100,2,0.01,1.0,0.0,0.7,0,1.0,0.5389250790577321,0.7573066428929868,0.6054096370402222,17.0,17,6
0_trivial,83,naive,0.009,100,2,0.01,1.0,0.0,0.7,0,1.0,0.5389250790577321,0.7573066428929868,0.6017574885136004,23.0,19,5
0_trivial,83,random,0.0009,100,2,0.01,1.0,0.0,0.7,0,1.0,0.5389250790577321,0.7573066428929868,0.595281644011276,24.0,16,8
0_trivial,84,regular,0.1,100,2,0.01,1.0,0.0,0.7,0,1.0,0.5064671842874647,0.7416779341801929,0.5748497229255897,18.0,13,8
0_trivial,84,superintelligent,0.9,100,2,0.01,1.0,0.0,0.7,0,1.0,0.5064671842874647,0.7416779341801929,0.5738772566359038,12.0,12,7
0_trivial,84,oracle,1.0,100,2,0.01,1.0,0.0,0.7,0,1.0,0.5064671842874647,0.7416779341801929,0.5738772566359038,12.0,12,7
0_trivial,84,naive,0.009,100,2,0.01,1.0,0.0,0.7,0,1.0,0.5064671842874647,0.7416779341801929,0.5748497229255897,21.0,13,8
0_trivial,84,random,0.0009,100,2,0.01,1.0,0.0,0.7,0,1.0,0.5064671842874647,0.7416779341801929,0.5736906315195894,19.0,12,8
0_trivial,85,regular,0.1,100,2,0.01,1.0,0.0,0.7,0,1.0,0.4706599607244911,0.7173206584670279,0.5602542339911283,28.0,15,14
0_trivial,85,superintelligent,0.9,100,2,0.01,1.0,0.0,0.7,0,1.0,0.4706599607244911,0.7173206584670279,0.562771405263875,20.0,18,11
0_trivial,85,oracle,1.0,100,2,0.01,1.0,0.0,0.7,0,1.0,0.4706599607244911,0.7173206584670279,0.562771405263875,18.0,18,11
0_trivial,85,naive,0.009,100,2,0.01,1.0,0.0,0.7,0,1.0,0.4706599607244911,0.7173206584670279,0.5627623412947171,29.0,17,12
0_trivial,85,random,0.0009,100,2,0.01,1.0,0.0,0.7,0,1.0,0.4706599607244911,0.7173206584670279,0.5603702907343816,29.0,17,12
0_trivial,86,regular,0.1,100,2,0.01,1.0,0.0,0.7,0,1.0,0.5138006067055998,0.7317834476082545,0.5412917142828931,10.0,5,14
0_trivial,86,superintelligent,0.9,100,2,0.01,1.0,0.0,0.7,0,1.0,0.5138006067055998,0.7317834476082545,0.5429209918696101,6.0,6,13
0_trivial,86,oracle,1.0,100,2,0.01,1.0,0.0,0.7,0,1.0,0.5138006067055998,0.7317834476082545,0.5429209918696101,6.0,6,13
0_trivial,86,naive,0.009,100,2,0.01,1.0,0.0,0.7,0,1.0,0.5138006067055998,0.7317834476082545,0.5412917142828931,18.0,5,14
0_trivial,86,random,0.0009,100,2,0.01,1.0,0.0,0.7,0,1.0,0.5138006067055998,0.7317834476082545,0.5412917142828931,14.0,5,14
0_trivial,87,regular,0.1,100,2,0.01,1.0,0.0,0.7,0,1.0,0.5325307584029698,0.7499003250688011,0.5844885618442226,20.0,9,12
0_trivial,87,superintelligent,0.9,100,2,0.01,1.0,0.0,0.7,0,1.0,0.5325307584029698,0.7499003250688011,0.5844885618442226,9.0,9,12
0_trivial,87,oracle,1.0,100,2,0.01,1.0,0.0,0.7,0,1.0,0.5325307584029698,0.7499003250688011,0.5844885618442226,9.0,9,12
0_trivial,87,naive,0.009,100,2,0.01,1.0,0.0,0.7,0,1.0,0.5325307584029698,0.7499003250688011,0.5838008228669013,19.0,8,13
0_trivial,87,random,0.0009,100,2,0.01,1.0,0.0,0.7,0,1.0,0.5325307584029698,0.7499003250688011,0.5844885618442226,20.0,9,12
0_trivial,88,regular,0.1,100,2,0.01,1.0,0.0,0.7,0,1.0,0.47749581878449116,0.7486205334625676,0.5563825056146079,25.0,13,12
0_trivial,88,superintelligent,0.9,100,2,0.01,1.0,0.0,0.7,0,1.0,0.47749581878449116,0.7486205334625676,0.5487677736975735,16.0,14,11
0_trivial,88,oracle,1.0,100,2,0.01,1.0,0.0,0.7,0,1.0,0.47749581878449116,0.7486205334625676,0.5487677736975735,14.0,14,11
0_trivial,88,naive,0.009,100,2,0.01,1.0,0.0,0.7,0,1.0,0.47749581878449116,0.7486205334625676,0.5510769786689086,25.0,13,12
0_trivial,88,random,0.0009,100,2,0.01,1.0,0.0,0.7,0,1.0,0.47749581878449116,0.7486205334625676,0.5540733006432729,25.0,14,11
0_trivial,89,regular,0.1,100,2,0.01,1.0,0.0,0.7,0,1.0,0.47705526355436206,0.7360170643403939,0.5310494673314213,24.0,13,11
0_trivial,89,superintelligent,0.9,100,2,0.01,1.0,0.0,0.7,0,1.0,0.47705526355436206,0.7360170643403939,0.5421583905655109,16.0,15,11
0_trivial,89,oracle,1.0,100,2,0.01,1.0,0.0,0.7,0,1.0,0.47705526355436206,0.7360170643403939,0.5421583905655109,15.0,15,11
0_trivial,89,naive,0.009,100,2,0.01,1.0,0.0,0.7,0,1.0,0.47705526355436206,0.7360170643403939,0.540395233662775,24.0,14,10
0_trivial,89,random,0.0009,100,2,0.01,1.0,0.0,0.7,0,1.0,0.47705526355436206,0.7360170643403939,0.5421583905655109,23.0,15,11
0_trivial,90,regular,0.1,100,2,0.01,1.0,0.0,0.7,0,1.0,0.4601529652348168,0.7685725332864534,0.5456864522482657,29.0,14,15
0_trivial,90,superintelligent,0.9,100,2,0.01,1.0,0.0,0.7,0,1.0,0.4601529652348168,0.7685725332864534,0.5529306855513371,16.0,15,14
0_trivial,90,oracle,1.0,100,2,0.01,1.0,0.0,0.7,0,1.0,0.4601529652348168,0.7685725332864534,0.5552521512485322,16.0,16,13
0_trivial,90,naive,0.009,100,2,0.01,1.0,0.0,0.7,0,1.0,0.4601529652348168,0.7685725332864534,0.5478460630752532,28.0,16,13
0_trivial,90,random,0.0009,100,2,0.01,1.0,0.0,0.7,0,1.0,0.4601529652348168,0.7685725332864534,0.5419144945393598,24.0,14,14
0_trivial,91,regular,0.1,100,2,0.01,1.0,0.0,0.7,0,1.0,0.5263053679500439,0.7440805221179125,0.5803269975073934,20.0,12,10
0_trivial,91,superintelligent,0.9,100,2,0.01,1.0,0.0,0.7,0,1.0,0.5263053679500439,0.7440805221179125,0.5803269975073934,12.0,12,10
0_trivial,91,oracle,1.0,100,2,0.01,1.0,0.0,0.7,0,1.0,0.5263053679500439,0.7440805221179125,0.5803269975073934,12.0,12,10
0_trivial,91,naive,0.009,100,2,0.01,1.0,0.0,0.7,0,1.0,0.5263053679500439,0.7440805221179125,0.5803269975073934,21.0,12,10
0_trivial,91,random,0.0009,100,2,0.01,1.0,0.0,0.7,0,1.0,0.5263053679500439,0.7440805221179125,0.5803269975073934,22.0,12,10
0_trivial,92,regular,0.1,100,2,0.01,1.0,0.0,0.7,0,1.0,0.4830126609226559,0.745709919495072,0.521052716079552,20.0,7,21
0_trivial,92,superintelligent,0.9,100,2,0.01,1.0,0.0,0.7,0,1.0,0.4830126609226559,0.745709919495072,0.532150577130838,9.0,9,20
0_trivial,92,oracle,1.0,100,2,0.01,1.0,0.0,0.7,0,1.0,0.4830126609226559,0.745709919495072,0.532150577130838,9.0,9,20
0_trivial,92,naive,0.009,100,2,0.01,1.0,0.0,0.7,0,1.0,0.4830126609226559,0.745709919495072,0.521052716079552,28.0,7,21
0_trivial,92,random,0.0009,100,2,0.01,1.0,0.0,0.7,0,1.0,0.4830126609226559,0.745709919495072,0.532150577130838,29.0,9,20
0_trivial,93,regular,0.1,100,2,0.01,1.0,0.0,0.7,0,1.0,0.49234777983059774,0.752904597050203,0.5817066426009596,23.0,12,12
0_trivial,93,superintelligent,0.9,100,2,0.01,1.0,0.0,0.7,0,1.0,0.49234777983059774,0.752904597050203,0.5838860032579207,13.0,13,11
0_trivial,93,oracle,1.0,100,2,0.01,1.0,0.0,0.7,0,1.0,0.49234777983059774,0.752904597050203,0.5838860032579207,13.0,13,11
0_trivial,93,naive,0.009,100,2,0.01,1.0,0.0,0.7,0,1.0,0.49234777983059774,0.752904597050203,0.5835599282592197,22.0,11,13
0_trivial,93,random,0.0009,100,2,0.01,1.0,0.0,0.7,0,1.0,0.49234777983059774,0.752904597050203,0.5835599282592197,24.0,11,13
0_trivial,94,regular,0.1,100,2,0.01,1.0,0.0,0.7,0,1.0,0.4573442017380514,0.735875541624566,0.5433046195366728,22.0,16,8
0_trivial,94,superintelligent,0.9,100,2,0.01,1.0,0.0,0.7,0,1.0,0.4573442017380514,0.735875541624566,0.5501279703233578,16.0,15,9
0_trivial,94,oracle,1.0,100,2,0.01,1.0,0.0,0.7,0,1.0,0.4573442017380514,0.735875541624566,0.5501279703233578,15.0,15,9
0_trivial,94,naive,0.009,100,2,0.01,1.0,0.0,0.7,0,1.0,0.4573442017380514,0.735875541624566,0.55107247418864,23.0,15,9
0_trivial,94,random,0.0009,100,2,0.01,1.0,0.0,0.7,0,1.0,0.4573442017380514,0.735875541624566,0.5495325070989303,23.0,15,10
0_trivial,95,regular,0.1,100,2,0.01,1.0,0.0,0.7,0,1.0,0.5219604856891749,0.7528388458991866,0.5737060040066129,21.0,12,9
0_trivial,95,superintelligent,0.9,100,2,0.01,1.0,0.0,0.7,0,1.0,0.5219604856891749,0.7528388458991866,0.5783401045825527,13.0,13,8
0_trivial,95,oracle,1.0,100,2,0.01,1.0,0.0,0.7,0,1.0,0.5219604856891749,0.7528388458991866,0.5783401045825527,13.0,13,8
0_trivial,95,naive,0.009,100,2,0.01,1.0,0.0,0.7,0,1.0,0.5219604856891749,0.7528388458991866,0.5747551966008626,22.0,12,10
0_trivial,95,random,0.0009,100,2,0.01,1.0,0.0,0.7,0,1.0,0.5219604856891749,0.7528388458991866,0.5785832399217498,21.0,14,10
0_trivial,96,regular,0.1,100,2,0.01,1.0,0.0,0.7,0,1.0,0.5103045735025562,0.7263095389848333,0.5390386281783011,19.0,7,13
0_trivial,96,superintelligent,0.9,100,2,0.01,1.0,0.0,0.7,0,1.0,0.5103045735025562,0.7263095389848333,0.5559335821889655,9.0,8,13
0_trivial,96,oracle,1.0,100,2,0.01,1.0,0.0,0.7,0,1.0,0.5103045735025562,0.7263095389848333,0.5559335821889655,8.0,8,13
0_trivial,96,naive,0.009,100,2,0.01,1.0,0.0,0.7,0,1.0,0.5103045735025562,0.7263095389848333,0.5559335821889655,21.0,8,13
0_trivial,96,random,0.0009,100,2,0.01,1.0,0.0,0.7,0,1.0,0.5103045735025562,0.7263095389848333,0.548412845284331,21.0,9,12
0_trivial,97,regular,0.1,100,2,0.01,1.0,0.0,0.7,0,1.0,0.49426358957892574,0.7455450527183891,0.5359807811548233,19.0,6,16
0_trivial,97,superintelligent,0.9,100,2,0.01,1.0,0.0,0.7,0,1.0,0.49426358957892574,0.7455450527183891,0.5359807811548233,6.0,6,16
0_trivial,97,oracle,1.0,100,2,0.01,1.0,0.0,0.7,0,1.0,0.49426358957892574,0.7455450527183891,0.5359807811548233,6.0,6,16
0_trivial,97,naive,0.009,100,2,0.01,1.0,0.0,0.7,0,1.0,0.49426358957892574,0.7455450527183891,0.5359807811548233,15.0,6,16
0_trivial,97,random,0.0009,100,2,0.01,1.0,0.0,0.7,0,1.0,0.49426358957892574,0.7455450527183891,0.5359807811548233,19.0,6,16
0_trivial,98,regular,0.1,100,2,0.01,1.0,0.0,0.7,0,1.0,0.47038504350591576,0.728304227655766,0.5382762240430269,23.0,12,13
0_trivial,98,superintelligent,0.9,100,2,0.01,1.0,0.0,0.7,0,1.0,0.47038504350591576,0.728304227655766,0.5438907387128831,10.0,10,14
0_trivial,98,oracle,1.0,100,2,0.01,1.0,0.0,0.7,0,1.0,0.47038504350591576,0.728304227655766,0.5438907387128831,10.0,10,14
0_trivial,98,naive,0.009,100,2,0.01,1.0,0.0,0.7,0,1.0,0.47038504350591576,0.728304227655766,0.5487205015992742,22.0,14,11
0_trivial,98,random,0.0009,100,2,0.01,1.0,0.0,0.7,0,1.0,0.47038504350591576,0.728304227655766,0.5431296237280754,23.0,11,13
0_trivial,99,regular,0.1,100,2,0.01,1.0,0.0,0.7,0,1.0,0.44031658919865024,0.7137787304896879,0.5209861135749333,24.0,13,14
0_trivial,99,superintelligent,0.9,100,2,0.01,1.0,0.0,0.7,0,1.0,0.44031658919865024,0.7137787304896879,0.5216327099327842,13.0,13,11
0_trivial,99,oracle,1.0,100,2,0.01,1.0,0.0,0.7,0,1.0,0.44031658919865024,0.7137787304896879,0.5216327099327842,13.0,13,11
0_trivial,99,naive,0.009,100,2,0.01,1.0,0.0,0.7,0,1.0,0.44031658919865024,0.7137787304896879,0.5099181928030098,23.0,12,12
0_trivial,99,random,0.0009,100,2,0.01,1.0,0.0,0.7,0,1.0,0.44031658919865024,0.7137787304896879,0.5099181928030098,17.0,12,12
1_disaster,0,regular,0.1,100,2,0.01,1.0,3.0,0.7,0,1.0,0.5430845972847744,0.741621184358159,0.6091893736011571,65.0,9,308
1_disaster,0,superintelligent,0.9,100,2,0.01,1.0,3.0,0.7,0,1.0,0.5430845972847744,0.741621184358159,0.6091893736011571,10.0,9,316
1_disaster,0,oracle,1.0,100,2,0.01,1.0,3.0,0.7,0,1.0,0.5430845972847744,0.741621184358159,0.6091893736011571,9.0,9,316
1_disaster,0,naive,0.009,100,2,0.01,1.0,3.0,0.7,0,1.0,0.5430845972847744,0.741621184358159,0.6019230356293191,282.0,10,310
1_disaster,0,random,0.0009,100,2,0.01,1.0,3.0,0.7,0,1.0,0.5430845972847744,0.741621184358159,0.5938633272699788,319.0,9,314
1_disaster,1,regular,0.1,100,2,0.01,1.0,3.0,0.7,0,1.0,0.4690024706306396,0.7511817921570458,0.5568351689147266,151.0,16,308
1_disaster,1,superintelligent,0.9,100,2,0.01,1.0,3.0,0.7,0,1.0,0.4690024706306396,0.7511817921570458,0.5589935792292494,16.0,15,314
1_disaster,1,oracle,1.0,100,2,0.01,1.0,3.0,0.7,0,1.0,0.4690024706306396,0.7511817921570458,0.5589935792292494,15.0,15,314
1_disaster,1,naive,0.009,100,2,0.01,1.0,3.0,0.7,0,1.0,0.4690024706306396,0.7511817921570458,0.5463312089056858,286.0,19,296
1_disaster,1,random,0.0009,100,2,0.01,1.0,3.0,0.7,0,1.0,0.4690024706306396,0.7511817921570458,0.5517847703401163,319.0,17,308
1_disaster,2,regular,0.1,100,2,0.01,1.0,3.0,0.7,0,1.0,0.4621281694824947,0.7273564134608725,0.5133089266334071,84.0,9,297
1_disaster,2,superintelligent,0.9,100,2,0.01,1.0,3.0,0.7,0,1.0,0.4621281694824947,0.7273564134608725,0.5133089266334071,10.0,9,312
1_disaster,2,oracle,1.0,100,2,0.01,1.0,3.0,0.7,0,1.0,0.4621281694824947,0.7273564134608725,0.5133089266334071,9.0,9,312
1_disaster,2,naive,0.009,100,2,0.01,1.0,3.0,0.7,0,1.0,0.4621281694824947,0.7273564134608725,0.5141695222626322,300.0,12,307
1_disaster,2,random,0.0009,100,2,0.01,1.0,3.0,0.7,0,1.0,0.4621281694824947,0.7273564134608725,0.5133089266334071,186.0,9,307
1_disaster,3,regular,0.1,100,2,0.01,1.0,3.0,0.7,0,1.0,0.5171452866928683,0.7391862192003776,0.5960548544205553,98.0,12,293
1_disaster,3,superintelligent,0.9,100,2,0.01,1.0,3.0,0.7,0,1.0,0.5171452866928683,0.7391862192003776,0.5960548544205553,12.0,12,311
1_disaster,3,oracle,1.0,100,2,0.01,1.0,3.0,0.7,0,1.0,0.5171452866928683,0.7391862192003776,0.5960548544205553,12.0,12,311
1_disaster,3,naive,0.009,100,2,0.01,1.0,3.0,0.7,0,1.0,0.5171452866928683,0.7391862192003776,0.5960548544205553,314.0,12,305
1_disaster,3,random,0.0009,100,2,0.01,1.0,3.0,0.7,0,1.0,0.5171452866928683,0.7391862192003776,0.5958374748159168,323.0,12,311
1_disaster,4,regular,0.1,100,2,0.01,1.0,3.0,0.7,0,1.0,0.49370976144316303,0.7486550730728297,0.5717244908217459,70.0,11,276
1_disaster,4,superintelligent,0.9,100,2,0.01,1.0,3.0,0.7,0,1.0,0.49370976144316303,0.7486550730728297,0.5717244908217459,11.0,11,312
1_disaster,4,oracle,1.0,100,2,0.01,1.0,3.0,0.7,0,1.0,0.49370976144316303,0.7486550730728297,0.5717244908217459,11.0,11,312
1_disaster,4,naive,0.009,100,2,0.01,1.0,3.0,0.7,0,1.0,0.49370976144316303,0.7486550730728297,0.582304787728424,308.0,14,306
1_disaster,4,random,0.0009,100,2,0.01,1.0,3.0,0.7,0,1.0,0.49370976144316303,0.7486550730728297,0.5681920882759456,297.0,12,306
1_disaster,5,regular,0.1,100,2,0.01,1.0,3.0,0.7,0,1.0,0.47156646349755443,0.7206508055060652,0.5571678895828621,82.0,12,304
1_disaster,5,superintelligent,0.9,100,2,0.01,1.0,3.0,0.7,0,1.0,0.47156646349755443,0.7206508055060652,0.5571678895828621,12.0,12,313
1_disaster,5,oracle,1.0,100,2,0.01,1.0,3.0,0.7,0,1.0,0.47156646349755443,0.7206508055060652,0.5571678895828621,12.0,12,313
1_disaster,5,naive,0.009,100,2,0.01,1.0,3.0,0.7,0,1.0,0.47156646349755443,0.7206508055060652,0.5571678895828621,322.0,12,310
1_disaster,5,random,0.0009,100,2,0.01,1.0,3.0,0.7,0,1.0,0.47156646349755443,0.7206508055060652,0.5571678895828621,311.0,12,308
1_disaster,6,regular,0.1,100,2,0.01,1.0,3.0,0.7,0,1.0,0.47417247806519414,0.7355710255826425,0.5771805848808055,158.0,16,235
1_disaster,6,superintelligent,0.9,100,2,0.01,1.0,3.0,0.7,0,1.0,0.47417247806519414,0.7355710255826425,0.5771805848808055,18.0,16,311
1_disaster,6,oracle,1.0,100,2,0.01,1.0,3.0,0.7,0,1.0,0.47417247806519414,0.7355710255826425,0.5771805848808055,16.0,16,311
1_disaster,6,naive,0.009,100,2,0.01,1.0,3.0,0.7,0,1.0,0.47417247806519414,0.7355710255826425,0.5664672754446266,296.0,15,293
1_disaster,6,random,0.0009,100,2,0.01,1.0,3.0,0.7,0,1.0,0.47417247806519414,0.7355710255826425,0.5694193687594131,310.0,15,311
1_disaster,7,regular,0.1,100,2,0.01,1.0,3.0,0.7,0,1.0,0.4829915957638162,0.7303533341834175,0.5402030624771758,107.0,10,311
1_disaster,7,superintelligent,0.9,100,2,0.01,1.0,3.0,0.7,0,1.0,0.4829915957638162,0.7303533341834175,0.5402030624771758,12.0,10,312
1_disaster,7,oracle,1.0,100,2,0.01,1.0,3.0,0.7,0,1.0,0.4829915957638162,0.7303533341834175,0.5402030624771758,10.0,10,312
1_disaster,7,naive,0.009,100,2,0.01,1.0,3.0,0.7,0,1.0,0.4829915957638162,0.7303533341834175,0.5402030624771758,268.0,10,291
1_disaster,7,random,0.0009,100,2,0.01,1.0,3.0,0.7,0,1.0,0.4829915957638162,0.7303533341834175,0.5379256608721792,262.0,9,288
1_disaster,8,regular,0.1,100,2,0.01,1.0,3.0,0.7,0,1.0,0.46812790289623085,0.7330765453535285,0.5571449712466662,215.0,18,309
1_disaster,8,superintelligent,0.9,100,2,0.01,1.0,3.0,0.7,0,1.0,0.46812790289623085,0.7330765453535285,0.560473610183222,20.0,17,309
1_disaster,8,oracle,1.0,100,2,0.01,1.0,3.0,0.7,0,1.0,0.46812790289623085,0.7330765453535285,0.5549564146180544,13.0,13,311
1_disaster,8,naive,0.009,100,2,0.01,1.0,3.0,0.7,0,1.0,0.46812790289623085,0.7330765453535285,0.556610939979192,306.0,15,303
1_disaster,8,random,0.0009,100,2,0.01,1.0,3.0,0.7,0,1.0,0.46812790289623085,0.7330765453535285,0.5549564146180544,321.0,13,308
1_disaster,9,regular,0.1,100,2,0.01,1.0,3.0,0.7,0,1.0,0.5112424278647235,0.7287662961504512,0.5817629432457098,147.0,15,303
1_disaster,9,superintelligent,0.9,100,2,0.01,1.0,3.0,0.7,0,1.0,0.5112424278647235,0.7287662961504512,0.5854592336897911,19.0,16,308
1_disaster,9,oracle,1.0,100,2,0.01,1.0,3.0,0.7,0,1.0,0.5112424278647235,0.7287662961504512,0.5854592336897911,16.0,16,308
1_disaster,9,naive,0.009,100,2,0.01,1.0,3.0,0.7,0,1.0,0.5112424278647235,0.7287662961504512,0.5784174049736169,306.0,16,304
1_disaster,9,random,0.0009,100,2,0.01,1.0,3.0,0.7,0,1.0,0.5112424278647235,0.7287662961504512,0.5537746410573251,295.0,15,285
1_disaster,10,regular,0.1,100,2,0.01,1.0,3.0,0.7,0,1.0,0.5450745523125683,0.7580041961462548,0.5827223085902797,66.0,7,314
1_disaster,10,superintelligent,0.9,100,2,0.01,1.0,3.0,0.7,0,1.0,0.5450745523125683,0.7580041961462548,0.5827223085902797,9.0,7,315
1_disaster,10,oracle,1.0,100,2,0.01,1.0,3.0,0.7,0,1.0,0.5450745523125683,0.7580041961462548,0.5827223085902797,7.0,7,315
1_disaster,10,naive,0.009,100,2,0.01,1.0,3.0,0.7,0,1.0,0.5450745523125683,0.7580041961462548,0.5827223085902797,225.0,7,309
1_disaster,10,random,0.0009,100,2,0.01,1.0,3.0,0.7,0,1.0,0.5450745523125683,0.7580041961462548,0.5827223085902797,221.0,7,312
1_disaster,11,regular,0.1,100,2,0.01,1.0,3.0,0.7,0,1.0,0.5142546878014521,0.7285882534509968,0.595535595470186,101.0,13,311
1_disaster,11,superintelligent,0.9,100,2,0.01,1.0,3.0,0.7,0,1.0,0.5142546878014521,0.7285882534509968,0.59794185781974,16.0,14,313
1_disaster,11,oracle,1.0,100,2,0.01,1.0,3.0,0.7,0,1.0,0.5142546878014521,0.7285882534509968,0.59794185781974,14.0,14,313
1_disaster,11,naive,0.009,100,2,0.01,1.0,3.0,0.7,0,1.0,0.5142546878014521,0.7285882534509968,0.5854618871367671,320.0,14,306
1_disaster,11,random,0.0009,100,2,0.01,1.0,3.0,0.7,0,1.0,0.5142546878014521,0.7285882534509968,0.5849434155234795,320.0,14,306
1_disaster,12,regular,0.1,100,2,0.01,1.0,3.0,0.7,0,1.0,0.5328576083119821,0.7568601939098293,0.5629338309303932,76.0,8,309
1_disaster,12,superintelligent,0.9,100,2,0.01,1.0,3.0,0.7,0,1.0,0.5328576083119821,0.7568601939098293,0.5629338309303932,8.0,8,311
1_disaster,12,oracle,1.0,100,2,0.01,1.0,3.0,0.7,0,1.0,0.5328576083119821,0.7568601939098293,0.5629338309303932,8.0,8,311
1_disaster,12,naive,0.009,100,2,0.01,1.0,3.0,0.7,0,1.0,0.5328576083119821,0.7568601939098293,0.5629338309303932,312.0,8,304
1_disaster,12,random,0.0009,100,2,0.01,1.0,3.0,0.7,0,1.0,0.5328576083119821,0.7568601939098293,0.5588554328338369,323.0,10,313
1_disaster,13,regular,0.1,100,2,0.01,1.0,3.0,0.7,0,1.0,0.49530341572829834,0.7294550863371216,0.5545086995391842,167.0,12,288
1_disaster,13,superintelligent,0.9,100,2,0.01,1.0,3.0,0.7,0,1.0,0.49530341572829834,0.7294550863371216,0.5545086995391842,13.0,12,314
1_disaster,13,oracle,1.0,100,2,0.01,1.0,3.0,0.7,0,1.0,0.49530341572829834,0.7294550863371216,0.5545086995391842,12.0,12,314
1_disaster,13,naive,0.009,100,2,0.01,1.0,3.0,0.7,0,1.0,0.49530341572829834,0.7294550863371216,0.5545086995391842,227.0,12,305
1_disaster,13,random,0.0009,100,2,0.01,1.0,3.0,0.7,0,1.0,0.49530341572829834,0.7294550863371216,0.5466286321031907,325.0,13,313
1_disaster,14,regular,0.1,100,2,0.01,1.0,3.0,0.7,0,1.0,0.4421448954842343,0.7301920688180357,0.5281312133685941,121.0,14,294
1_disaster,14,superintelligent,0.9,100,2,0.01,1.0,3.0,0.7,0,1.0,0.4421448954842343,0.7301920688180357,0.5281312133685941,15.0,14,308
1_disaster,14,oracle,1.0,100,2,0.01,1.0,3.0,0.7,0,1.0,0.4421448954842343,0.7301920688180357,0.5281312133685941,14.0,14,308
1_disaster,14,naive,0.009,100,2,0.01,1.0,3.0,0.7,0,1.0,0.4421448954842343,0.7301920688180357,0.5281312133685941,314.0,14,307
1_disaster,14,random,0.0009,100,2,0.01,1.0,3.0,0.7,0,1.0,0.4421448954842343,0.7301920688180357,0.5316892974408264,301.0,16,285
1_disaster,15,regular,0.1,100,2,0.01,1.0,3.0,0.7,0,1.0,0.5120380976848431,0.7631147360459529,0.57534761295883,107.0,12,300
1_disaster,15,superintelligent,0.9,100,2,0.01,1.0,3.0,0.7,0,1.0,0.5120380976848431,0.7631147360459529,0.57534761295883,14.0,12,311
1_disaster,15,oracle,1.0,100,2,0.01,1.0,3.0,0.7,0,1.0,0.5120380976848431,0.7631147360459529,0.57534761295883,12.0,12,311
1_disaster,15,naive,0.009,100,2,0.01,1.0,3.0,0.7,0,1.0,0.5120380976848431,0.7631147360459529,0.5828381557925163,281.0,14,305
1_disaster,15,random,0.0009,100,2,0.01,1.0,3.0,0.7,0,1.0,0.5120380976848431,0.7631147360459529,0.5828381557925163,311.0,14,308
1_disaster,16,regular,0.1,100,2,0.01,1.0,3.0,0.7,0,1.0,0.5105064346459846,0.7491569155168237,0.5935035129102981,98.0,13,299
1_disaster,16,superintelligent,0.9,100,2,0.01,1.0,3.0,0.7,0,1.0,0.5105064346459846,0.7491569155168237,0.5935035129102981,19.0,13,313
1_disaster,16,oracle,1.0,100,2,0.01,1.0,3.0,0.7,0,1.0,0.5105064346459846,0.7491569155168237,0.5935035129102981,13.0,13,313
1_disaster,16,naive,0.009,100,2,0.01,1.0,3.0,0.7,0,1.0,0.5105064346459846,0.7491569155168237,0.584335873900941,325.0,15,310
1_disaster,16,random,0.0009,100,2,0.01,1.0,3.0,0.7,0,1.0,0.5105064346459846,0.7491569155168237,0.5935035129102981,311.0,13,313
1_disaster,17,regular,0.1,100,2,0.01,1.0,3.0,0.7,0,1.0,0.472764573902019,0.7464242929643315,0.5611867632673544,148.0,16,293
1_disaster,17,superintelligent,0.9,100,2,0.01,1.0,3.0,0.7,0,1.0,0.472764573902019,0.7464242929643315,0.5645086650239824,18.0,17,310
1_disaster,17,oracle,1.0,100,2,0.01,1.0,3.0,0.7,0,1.0,0.472764573902019,0.7464242929643315,0.5645086650239824,17.0,17,310
1_disaster,17,naive,0.009,100,2,0.01,1.0,3.0,0.7,0,1.0,0.472764573902019,0.7464242929643315,0.563580901451221,318.0,16,302
1_disaster,17,random,0.0009,100,2,0.01,1.0,3.0,0.7,0,1.0,0.472764573902019,0.7464242929643315,0.5508893806941928,321.0,15,306
1_disaster,18,regular,0.1,100,2,0.01,1.0,3.0,0.7,0,1.0,0.4885612492654331,0.727963434753463,0.5631737971749788,108.0,15,285
1_disaster,18,superintelligent,0.9,100,2,0.01,1.0,3.0,0.7,0,1.0,0.4885612492654331,0.727963434753463,0.5712475460980572,18.0,16,312
1_disaster,18,oracle,1.0,100,2,0.01,1.0,3.0,0.7,0,1.0,0.4885612492654331,0.727963434753463,0.5712475460980572,16.0,16,312
1_disaster,18,naive,0.009,100,2,0.01,1.0,3.0,0.7,0,1.0,0.4885612492654331,0.727963434753463,0.557402560865744,285.0,15,279
1_disaster,18,random,0.0009,100,2,0.01,1.0,3.0,0.7,0,1.0,0.4885612492654331,0.727963434753463,0.5577139846786074,312.0,15,299
1_disaster,19,regular,0.1,100,2,0.01,1.0,3.0,0.7,0,1.0,0.445256832712494,0.7309965356449303,0.5251375647001801,61.0,10,310
1_disaster,19,superintelligent,0.9,100,2,0.01,1.0,3.0,0.7,0,1.0,0.445256832712494,0.7309965356449303,0.5251375647001801,11.0,10,311
1_disaster,19,oracle,1.0,100,2,0.01,1.0,3.0,0.7,0,1.0,0.445256832712494,0.7309965356449303,0.5251375647001801,10.0,10,311
1_disaster,19,naive,0.009,100,2,0.01,1.0,3.0,0.7,0,1.0,0.445256832712494,0.7309965356449303,0.5251375647001801,175.0,10,311
1_disaster,19,random,0.0009,100,2,0.01,1.0,3.0,0.7,0,1.0,0.445256832712494,0.7309965356449303,0.5220204063605334,313.0,11,302
1_disaster,20,regular,0.1,100,2,0.01,1.0,3.0,0.7,0,1.0,0.4846414694619344,0.7511458427982587,0.5716574556787234,174.0,12,294
1_disaster,20,superintelligent,0.9,100,2,0.01,1.0,3.0,0.7,0,1.0,0.4846414694619344,0.7511458427982587,0.5716574556787234,13.0,12,314
1_disaster,20,oracle,1.0,100,2,0.01,1.0,3.0,0.7,0,1.0,0.4846414694619344,0.7511458427982587,0.5716574556787234,12.0,12,314
1_disaster,20,naive,0.009,100,2,0.01,1.0,3.0,0.7,0,1.0,0.4846414694619344,0.7511458427982587,0.5741690815888183,313.0,13,302
1_disaster,20,random,0.0009,100,2,0.01,1.0,3.0,0.7,0,1.0,0.4846414694619344,0.7511458427982587,0.5670139297481483,297.0,11,315
1_disaster,21,regular,0.1,100,2,0.01,1.0,3.0,0.7,0,1.0,0.5319576524820651,0.7276608477145423,0.5866267109641486,102.0,12,279
1_disaster,21,superintelligent,0.9,100,2,0.01,1.0,3.0,0.7,0,1.0,0.5319576524820651,0.7276608477145423,0.5866267109641486,13.0,12,311
1_disaster,21,oracle,1.0,100,2,0.01,1.0,3.0,0.7,0,1.0,0.5319576524820651,0.7276608477145423,0.5866267109641486,12.0,12,311
1_disaster,21,naive,0.009,100,2,0.01,1.0,3.0,0.7,0,1.0,0.5319576524820651,0.7276608477145423,0.5866267109641486,220.0,12,273
1_disaster,21,random,0.0009,100,2,0.01,1.0,3.0,0.7,0,1.0,0.5319576524820651,0.7276608477145423,0.5858708088135662,323.0,11,312
1_disaster,22,regular,0.1,100,2,0.01,1.0,3.0,0.7,0,1.0,0.5345447304708643,0.7444495161693341,0.5753408397398679,38.0,7,310
1_disaster,22,superintelligent,0.9,100,2,0.01,1.0,3.0,0.7,0,1.0,0.5345447304708643,0.7444495161693341,0.5753408397398679,8.0,7,316
1_disaster,22,oracle,1.0,100,2,0.01,1.0,3.0,0.7,0,1.0,0.5345447304708643,0.7444495161693341,0.5753408397398679,7.0,7,316
1_disaster,22,naive,0.009,100,2,0.01,1.0,3.0,0.7,0,1.0,0.5345447304708643,0.7444495161693341,0.5775762009007152,201.0,9,285
1_disaster,22,random,0.0009,100,2,0.01,1.0,3.0,0.7,0,1.0,0.5345447304708643,0.7444495161693341,0.5753408397398679,208.0,7,298
1_disaster,23,regular,0.1,100,2,0.01,1.0,3.0,0.7,0,1.0,0.5653977257104306,0.7302510731809968,0.600671639595749,58.0,8,313
1_disaster,23,superintelligent,0.9,100,2,0.01,1.0,3.0,0.7,0,1.0,0.5653977257104306,0.7302510731809968,0.600671639595749,11.0,8,315
1_disaster,23,oracle,1.0,100,2,0.01,1.0,3.0,0.7,0,1.0,0.5653977257104306,0.7302510731809968,0.600671639595749,8.0,8,315
1_disaster,23,naive,0.009,100,2,0.01,1.0,3.0,0.7,0,1.0,0.5653977257104306,0.7302510731809968,0.5939277119796406,268.0,8,315
1_disaster,23,random,0.0009,100,2,0.01,1.0,3.0,0.7,0,1.0,0.5653977257104306,0.7302510731809968,0.6044872746567798,301.0,10,291
1_disaster,24,regular,0.1,100,2,0.01,1.0,3.0,0.7,0,1.0,0.5126056040706986,0.7307969458751817,0.5410574478961808,36.0,8,308
1_disaster,24,superintelligent,0.9,100,2,0.01,1.0,3.0,0.7,0,1.0,0.5126056040706986,0.7307969458751817,0.5410574478961808,8.0,8,315
1_disaster,24,oracle,1.0,100,2,0.01,1.0,3.0,0.7,0,1.0,0.5126056040706986,0.7307969458751817,0.5410574478961808,8.0,8,315
1_disaster,24,naive,0.009,100,2,0.01,1.0,3.0,0.7,0,1.0,0.5126056040706986,0.7307969458751817,0.5382215929755111,232.0,8,310
1_disaster,24,random,0.0009,100,2,0.01,1.0,3.0,0.7,0,1.0,0.5126056040706986,0.7307969458751817,0.5410574478961808,312.0,8,304
1_disaster,25,regular,0.1,100,2,0.01,1.0,3.0,0.7,0,1.0,0.4713100255693998,0.743644182957024,0.5351585778595214,86.0,11,316
1_disaster,25,superintelligent,0.9,100,2,0.01,1.0,3.0,0.7,0,1.0,0.4713100255693998,0.743644182957024,0.5351585778595214,11.0,11,316
1_disaster,25,oracle,1.0,100,2,0.01,1.0,3.0,0.7,0,1.0,0.4713100255693998,0.743644182957024,0.5351585778595214,11.0,11,316
1_disaster,25,naive,0.009,100,2,0.01,1.0,3.0,0.7,0,1.0,0.4713100255693998,0.743644182957024,0.5282725053491906,294.0,12,282
1_disaster,25,random,0.0009,100,2,0.01,1.0,3.0,0.7,0,1.0,0.4713100255693998,0.743644182957024,0.5241998289787133,317.0,10,308
1_disaster,26,regular,0.1,100,2,0.01,1.0,3.0,0.7,0,1.0,0.48324896859654615,0.7330593398337074,0.5702188602801709,169.0,15,288
1_disaster,26,superintelligent,0.9,100,2,0.01,1.0,3.0,0.7,0,1.0,0.48324896859654615,0.7330593398337074,0.5727557481697549,17.0,14,314
1_disaster,26,oracle,1.0,100,2,0.01,1.0,3.0,0.7,0,1.0,0.48324896859654615,0.7330593398337074,0.5727557481697549,14.0,14,314
1_disaster,26,naive,0.009,100,2,0.01,1.0,3.0,0.7,0,1.0,0.48324896859654615,0.7330593398337074,0.5672811021838043,273.0,16,306
1_disaster,26,random,0.0009,100,2,0.01,1.0,3.0,0.7,0,1.0,0.48324896859654615,0.7330593398337074,0.5702188602801709,315.0,15,310
1_disaster,27,regular,0.1,100,2,0.01,1.0,3.0,0.7,0,1.0,0.48964412074021035,0.7257633963225427,0.5545520276791995,76.0,10,307
1_disaster,27,superintelligent,0.9,100,2,0.01,1.0,3.0,0.7,0,1.0,0.48964412074021035,0.7257633963225427,0.5545520276791995,10.0,10,313
1_disaster,27,oracle,1.0,100,2,0.01,1.0,3.0,0.7,0,1.0,0.48964412074021035,0.7257633963225427,0.5545520276791995,10.0,10,313
1_disaster,27,naive,0.009,100,2,0.01,1.0,3.0,0.7,0,1.0,0.48964412074021035,0.7257633963225427,0.5502868169238826,252.0,10,296
1_disaster,27,random,0.0009,100,2,0.01,1.0,3.0,0.7,0,1.0,0.48964412074021035,0.7257633963225427,0.5504455431181782,252.0,9,290
1_disaster,28,regular,0.1,100,2,0.01,1.0,3.0,0.7,0,1.0,0.5084355288174536,0.7358584242723801,0.5646269771127197,41.0,7,306
1_disaster,28,superintelligent,0.9,100,2,0.01,1.0,3.0,0.7,0,1.0,0.5084355288174536,0.7358584242723801,0.5646269771127197,9.0,7,315
1_disaster,28,oracle,1.0,100,2,0.01,1.0,3.0,0.7,0,1.0,0.5084355288174536,0.7358584242723801,0.5646269771127197,7.0,7,315
1_disaster,28,naive,0.009,100,2,0.01,1.0,3.0,0.7,0,1.0,0.5084355288174536,0.7358584242723801,0.5632113205348794,276.0,10,306
1_disaster,28,random,0.0009,100,2,0.01,1.0,3.0,0.7,0,1.0,0.5084355288174536,0.7358584242723801,0.5632113205348794,210.0,10,309
1_disaster,29,regular,0.1,100,2,0.01,1.0,3.0,0.7,0,1.0,0.5064530031633212,0.7247348321303959,0.5599291450823564,77.0,9,261
1_disaster,29,superintelligent,0.9,100,2,0.01,1.0,3.0,0.7,0,1.0,0.5064530031633212,0.7247348321303959,0.5599291450823564,9.0,9,313
1_disaster,29,oracle,1.0,100,2,0.01,1.0,3.0,0.7,0,1.0,0.5064530031633212,0.7247348321303959,0.5599291450823564,9.0,9,313
1_disaster,29,naive,0.009,100,2,0.01,1.0,3.0,0.7,0,1.0,0.5064530031633212,0.7247348321303959,0.5599291450823564,295.0,9,296
1_disaster,29,random,0.0009,100,2,0.01,1.0,3.0,0.7,0,1.0,0.5064530031633212,0.7247348321303959,0.5599291450823564,316.0,9,307
1_disaster,30,regular,0.1,100,2,0.01,1.0,3.0,0.7,0,1.0,0.5173021459221941,0.7182069464112523,0.5931516378193404,90.0,11,286
1_disaster,30,superintelligent,0.9,100,2,0.01,1.0,3.0,0.7,0,1.0,0.5173021459221941,0.7182069464112523,0.5939302910896811,12.0,12,313
1_disaster,30,oracle,1.0,100,2,0.01,1.0,3.0,0.7,0,1.0,0.5173021459221941,0.7182069464112523,0.5939302910896811,12.0,12,313
1_disaster,30,naive,0.009,100,2,0.01,1.0,3.0,0.7,0,1.0,0.5173021459221941,0.7182069464112523,0.5931516378193404,322.0,11,312
1_disaster,30,random,0.0009,100,2,0.01,1.0,3.0,0.7,0,1.0,0.5173021459221941,0.7182069464112523,0.5939302910896811,319.0,12,307
1_disaster,31,regular,0.1,100,2,0.01,1.0,3.0,0.7,0,1.0,0.4923857781227895,0.7456667560656464,0.5563535507097039,105.0,11,306
1_disaster,31,superintelligent,0.9,100,2,0.01,1.0,3.0,0.7,0,1.0,0.4923857781227895,0.7456667560656464,0.5563535507097039,11.0,11,312
1_disaster,31,oracle,1.0,100,2,0.01,1.0,3.0,0.7,0,1.0,0.4923857781227895,0.7456667560656464,0.5563535507097039,11.0,11,312
1_disaster,31,naive,0.009,100,2,0.01,1.0,3.0,0.7,0,1.0,0.4923857781227895,0.7456667560656464,0.5563535507097039,323.0,11,312
1_disaster,31,random,0.0009,100,2,0.01,1.0,3.0,0.7,0,1.0,0.4923857781227895,0.7456667560656464,0.5513476285744688,298.0,9,306
1_disaster,32,regular,0.1,100,2,0.01,1.0,3.0,0.7,0,1.0,0.4757813140169973,0.7246938972157261,0.5577063894101031,100.0,9,231
1_disaster,32,superintelligent,0.9,100,2,0.01,1.0,3.0,0.7,0,1.0,0.4757813140169973,0.7246938972157261,0.5577063894101031,11.0,9,312
1_disaster,32,oracle,1.0,100,2,0.01,1.0,3.0,0.7,0,1.0,0.4757813140169973,0.7246938972157261,0.5577063894101031,9.0,9,312
1_disaster,32,naive,0.009,100,2,0.01,1.0,3.0,0.7,0,1.0,0.4757813140169973,0.7246938972157261,0.5577063894101031,300.0,9,291
1_disaster,32,random,0.0009,100,2,0.01,1.0,3.0,0.7,0,1.0,0.4757813140169973,0.7246938972157261,0.5577063894101031,295.0,9,308
1_disaster,33,regular,0.1,100,2,0.01,1.0,3.0,0.7,0,1.0,0.5309342721047827,0.7224547303133902,0.5918872010946364,109.0,10,277
1_disaster,33,superintelligent,0.9,100,2,0.01,1.0,3.0,0.7,0,1.0,0.5309342721047827,0.7224547303133902,0.5918872010946364,12.0,10,313
1_disaster,33,oracle,1.0,100,2,0.01,1.0,3.0,0.7,0,1.0,0.5309342721047827,0.7224547303133902,0.5918872010946364,10.0,10,313
1_disaster,33,naive,0.009,100,2,0.01,1.0,3.0,0.7,0,1.0,0.5309342721047827,0.7224547303133902,0.5898453183672545,309.0,11,306
1_disaster,33,random,0.0009,100,2,0.01,1.0,3.0,0.7,0,1.0,0.5309342721047827,0.7224547303133902,0.5898453183672545,296.0,11,293
1_disaster,34,regular,0.1,100,2,0.01,1.0,3.0,0.7,0,1.0,0.5173901038377049,0.7598936276024018,0.5778090054081998,76.0,12,310
1_disaster,34,superintelligent,0.9,100,2,0.01,1.0,3.0,0.7,0,1.0,0.5173901038377049,0.7598936276024018,0.5863291831541534,15.0,15,310
1_disaster,34,oracle,1.0,100,2,0.01,1.0,3.0,0.7,0,1.0,0.5173901038377049,0.7598936276024018,0.5863291831541534,15.0,15,310
1_disaster,34,naive,0.009,100,2,0.01,1.0,3.0,0.7,0,1.0,0.5173901038377049,0.7598936276024018,0.5797713638211323,322.0,15,310
1_disaster,34,random,0.0009,100,2,0.01,1.0,3.0,0.7,0,1.0,0.5173901038377049,0.7598936276024018,0.5893938817180002,325.0,18,307
1_disaster,35,regular,0.1,100,2,0.01,1.0,3.0,0.7,0,1.0,0.5045522971612225,0.7413983934097113,0.5585672337888201,79.0,11,307
1_disaster,35,superintelligent,0.9,100,2,0.01,1.0,3.0,0.7,0,1.0,0.5045522971612225,0.7413983934097113,0.5585672337888201,11.0,11,315
1_disaster,35,oracle,1.0,100,2,0.01,1.0,3.0,0.7,0,1.0,0.5045522971612225,0.7413983934097113,0.5585672337888201,11.0,11,315
1_disaster,35,naive,0.009,100,2,0.01,1.0,3.0,0.7,0,1.0,0.5045522971612225,0.7413983934097113,0.5585672337888201,318.0,11,310
1_disaster,35,random,0.0009,100,2,0.01,1.0,3.0,0.7,0,1.0,0.5045522971612225,0.7413983934097113,0.5585672337888201,312.0,11,313
1_disaster,36,regular,0.1,100,2,0.01,1.0,3.0,0.7,0,1.0,0.4854347090820126,0.7292053080408941,0.5736221926660173,146.0,17,292
1_disaster,36,superintelligent,0.9,100,2,0.01,1.0,3.0,0.7,0,1.0,0.4854347090820126,0.7292053080408941,0.5736221926660173,20.0,17,309
1_disaster,36,oracle,1.0,100,2,0.01,1.0,3.0,0.7,0,1.0,0.4854347090820126,0.7292053080408941,0.5736221926660173,17.0,17,309
1_disaster,36,naive,0.009,100,2,0.01,1.0,3.0,0.7,0,1.0,0.4854347090820126,0.7292053080408941,0.573427605998639,313.0,18,295
1_disaster,36,random,0.0009,100,2,0.01,1.0,3.0,0.7,0,1.0,0.4854347090820126,0.7292053080408941,0.573427605998639,325.0,18,307
1_disaster,37,regular,0.1,100,2,0.01,1.0,3.0,0.7,0,1.0,0.4736272636156671,0.7234399646828468,0.5470070848837608,106.0,14,275
1_disaster,37,superintelligent,0.9,100,2,0.01,1.0,3.0,0.7,0,1.0,0.4736272636156671,0.7234399646828468,0.5453991702439894,16.0,14,314
1_disaster,37,oracle,1.0,100,2,0.01,1.0,3.0,0.7,0,1.0,0.4736272636156671,0.7234399646828468,0.5453991702439894,14.0,14,314
1_disaster,37,naive,0.009,100,2,0.01,1.0,3.0,0.7,0,1.0,0.4736272636156671,0.7234399646828468,0.5451035363875558,205.0,15,279
1_disaster,37,random,0.0009,100,2,0.01,1.0,3.0,0.7,0,1.0,0.4736272636156671,0.7234399646828468,0.544688399592731,308.0,17,310
1_disaster,38,regular,0.1,100,2,0.01,1.0,3.0,0.7,0,1.0,0.47598720001581074,0.7231245616097801,0.5184153881508321,58.0,9,276
1_disaster,38,superintelligent,0.9,100,2,0.01,1.0,3.0,0.7,0,1.0,0.47598720001581074,0.7231245616097801,0.5184153881508321,9.0,9,314
1_disaster,38,oracle,1.0,100,2,0.01,1.0,3.0,0.7,0,1.0,0.47598720001581074,0.7231245616097801,0.5184153881508321,9.0,9,314
1_disaster,38,naive,0.009,100,2,0.01,1.0,3.0,0.7,0,1.0,0.47598720001581074,0.7231245616097801,0.5167343670314282,216.0,8,294
1_disaster,38,random,0.0009,100,2,0.01,1.0,3.0,0.7,0,1.0,0.47598720001581074,0.7231245616097801,0.5184153881508321,306.0,9,312
1_disaster,39,regular,0.1,100,2,0.01,1.0,3.0,0.7,0,1.0,0.5485105567555558,0.7202970219994352,0.5906984776096494,58.0,8,296
1_disaster,39,superintelligent,0.9,100,2,0.01,1.0,3.0,0.7,0,1.0,0.5485105567555558,0.7202970219994352,0.5906984776096494,8.0,8,314
1_disaster,39,oracle,1.0,100,2,0.01,1.0,3.0,0.7,0,1.0,0.5485105567555558,0.7202970219994352,0.5906984776096494,8.0,8,314
1_disaster,39,naive,0.009,100,2,0.01,1.0,3.0,0.7,0,1.0,0.5485105567555558,0.7202970219994352,0.5897870620492361,225.0,8,309
1_disaster,39,random,0.0009,100,2,0.01,1.0,3.0,0.7,0,1.0,0.5485105567555558,0.7202970219994352,0.5906984776096494,230.0,8,296
1_disaster,40,regular,0.1,100,2,0.01,1.0,3.0,0.7,0,1.0,0.45671935301351163,0.7333108924240149,0.5466579322234044,187.0,12,305
1_disaster,40,superintelligent,0.9,100,2,0.01,1.0,3.0,0.7,0,1.0,0.45671935301351163,0.7333108924240149,0.5466579322234044,12.0,12,310
1_disaster,40,oracle,1.0,100,2,0.01,1.0,3.0,0.7,0,1.0,0.45671935301351163,0.7333108924240149,0.5466579322234044,12.0,12,310
1_disaster,40,naive,0.009,100,2,0.01,1.0,3.0,0.7,0,1.0,0.45671935301351163,0.7333108924240149,0.5463428588644287,323.0,14,310
1_disaster,40,random,0.0009,100,2,0.01,1.0,3.0,0.7,0,1.0,0.45671935301351163,0.7333108924240149,0.5144253420842039,304.0,12,293
1_disaster,41,regular,0.1,100,2,0.01,1.0,3.0,0.7,0,1.0,0.492962202322016,0.7704852706765731,0.5728076476820775,61.0,12,275
1_disaster,41,superintelligent,0.9,100,2,0.01,1.0,3.0,0.7,0,1.0,0.492962202322016,0.7704852706765731,0.5728076476820775,14.0,12,313
1_disaster,41,oracle,1.0,100,2,0.01,1.0,3.0,0.7,0,1.0,0.492962202322016,0.7704852706765731,0.5728076476820775,12.0,12,313
1_disaster,41,naive,0.009,100,2,0.01,1.0,3.0,0.7,0,1.0,0.492962202322016,0.7704852706765731,0.5711393986428558,281.0,13,308
1_disaster,41,random,0.0009,100,2,0.01,1.0,3.0,0.7,0,1.0,0.492962202322016,0.7704852706765731,0.5711393986428558,307.0,13,311
1_disaster,42,regular,0.1,100,2,0.01,1.0,3.0,0.7,0,1.0,0.497554953071135,0.7493282162076055,0.5783481039267847,102.0,13,302
1_disaster,42,superintelligent,0.9,100,2,0.01,1.0,3.0,0.7,0,1.0,0.497554953071135,0.7493282162076055,0.5783481039267847,15.0,13,311
1_disaster,42,oracle,1.0,100,2,0.01,1.0,3.0,0.7,0,1.0,0.497554953071135,0.7493282162076055,0.5783481039267847,13.0,13,311
1_disaster,42,naive,0.009,100,2,0.01,1.0,3.0,0.7,0,1.0,0.497554953071135,0.7493282162076055,0.571301424487508,185.0,12,293
1_disaster,42,random,0.0009,100,2,0.01,1.0,3.0,0.7,0,1.0,0.497554953071135,0.7493282162076055,0.5652473573857659,301.0,12,309
1_disaster,43,regular,0.1,100,2,0.01,1.0,3.0,0.7,0,1.0,0.49146151388213,0.7674421326869959,0.5392802329045201,79.0,15,309
1_disaster,43,superintelligent,0.9,100,2,0.01,1.0,3.0,0.7,0,1.0,0.49146151388213,0.7674421326869959,0.5392802329045201,16.0,15,311
1_disaster,43,oracle,1.0,100,2,0.01,1.0,3.0,0.7,0,1.0,0.49146151388213,0.7674421326869959,0.5392802329045201,15.0,15,311
1_disaster,43,naive,0.009,100,2,0.01,1.0,3.0,0.7,0,1.0,0.49146151388213,0.7674421326869959,0.5343966086242445,258.0,11,247
1_disaster,43,random,0.0009,100,2,0.01,1.0,3.0,0.7,0,1.0,0.49146151388213,0.7674421326869959,0.5246163299050464,277.0,8,299
1_disaster,44,regular,0.1,100,2,0.01,1.0,3.0,0.7,0,1.0,0.500825316515206,0.7447316443702677,0.5392146368344306,63.0,10,267
1_disaster,44,superintelligent,0.9,100,2,0.01,1.0,3.0,0.7,0,1.0,0.500825316515206,0.7447316443702677,0.5392146368344306,11.0,10,309
1_disaster,44,oracle,1.0,100,2,0.01,1.0,3.0,0.7,0,1.0,0.500825316515206,0.7447316443702677,0.5392146368344306,10.0,10,309
1_disaster,44,naive,0.009,100,2,0.01,1.0,3.0,0.7,0,1.0,0.500825316515206,0.7447316443702677,0.5340942976408326,240.0,7,296
1_disaster,44,random,0.0009,100,2,0.01,1.0,3.0,0.7,0,1.0,0.500825316515206,0.7447316443702677,0.5334577369490263,301.0,8,298
1_disaster,45,regular,0.1,100,2,0.01,1.0,3.0,0.7,0,1.0,0.5285729978238953,0.7296415941359636,0.5748330176890368,71.0,9,310
1_disaster,45,superintelligent,0.9,100,2,0.01,1.0,3.0,0.7,0,1.0,0.5285729978238953,0.7296415941359636,0.5748330176890368,11.0,9,314
1_disaster,45,oracle,1.0,100,2,0.01,1.0,3.0,0.7,0,1.0,0.5285729978238953,0.7296415941359636,0.5748330176890368,9.0,9,314
1_disaster,45,naive,0.009,100,2,0.01,1.0,3.0,0.7,0,1.0,0.5285729978238953,0.7296415941359636,0.5638695458832224,237.0,10,287
1_disaster,45,random,0.0009,100,2,0.01,1.0,3.0,0.7,0,1.0,0.5285729978238953,0.7296415941359636,0.5748330176890368,300.0,9,291
1_disaster,46,regular,0.1,100,2,0.01,1.0,3.0,0.7,0,1.0,0.49103919862606693,0.747022600603348,0.5396436152813451,76.0,12,310
1_disaster,46,superintelligent,0.9,100,2,0.01,1.0,3.0,0.7,0,1.0,0.49103919862606693,0.747022600603348,0.5396436152813451,13.0,12,310
1_disaster,46,oracle,1.0,100,2,0.01,1.0,3.0,0.7,0,1.0,0.49103919862606693,0.747022600603348,0.5396436152813451,12.0,12,310
1_disaster,46,naive,0.009,100,2,0.01,1.0,3.0,0.7,0,1.0,0.49103919862606693,0.747022600603348,0.5353128497566645,302.0,11,295
1_disaster,46,random,0.0009,100,2,0.01,1.0,3.0,0.7,0,1.0,0.49103919862606693,0.747022600603348,0.5353128497566645,319.0,11,310
1_disaster,47,regular,0.1,100,2,0.01,1.0,3.0,0.7,0,1.0,0.47413644114485065,0.7269797571219666,0.5317962971397705,88.0,11,261
1_disaster,47,superintelligent,0.9,100,2,0.01,1.0,3.0,0.7,0,1.0,0.47413644114485065,0.7269797571219666,0.5317962971397705,11.0,11,314
1_disaster,47,oracle,1.0,100,2,0.01,1.0,3.0,0.7,0,1.0,0.47413644114485065,0.7269797571219666,0.5317962971397705,11.0,11,314
1_disaster,47,naive,0.009,100,2,0.01,1.0,3.0,0.7,0,1.0,0.47413644114485065,0.7269797571219666,0.5342011575361015,258.0,13,269
1_disaster,47,random,0.0009,100,2,0.01,1.0,3.0,0.7,0,1.0,0.47413644114485065,0.7269797571219666,0.5323300260964161,322.0,14,308
1_disaster,48,regular,0.1,100,2,0.01,1.0,3.0,0.7,0,1.0,0.48000063731495296,0.7430847397009163,0.570306216734847,100.0,12,302
1_disaster,48,superintelligent,0.9,100,2,0.01,1.0,3.0,0.7,0,1.0,0.48000063731495296,0.7430847397009163,0.570306216734847,14.0,12,315
1_disaster,48,oracle,1.0,100,2,0.01,1.0,3.0,0.7,0,1.0,0.48000063731495296,0.7430847397009163,0.570306216734847,12.0,12,315
1_disaster,48,naive,0.009,100,2,0.01,1.0,3.0,0.7,0,1.0,0.48000063731495296,0.7430847397009163,0.570306216734847,314.0,12,315
1_disaster,48,random,0.0009,100,2,0.01,1.0,3.0,0.7,0,1.0,0.48000063731495296,0.7430847397009163,0.5599633469004428,293.0,10,306
1_disaster,49,regular,0.1,100,2,0.01,1.0,3.0,0.7,0,1.0,0.475871388959774,0.7469434838131443,0.5404904145181753,117.0,14,210
1_disaster,49,superintelligent,0.9,100,2,0.01,1.0,3.0,0.7,0,1.0,0.475871388959774,0.7469434838131443,0.5441481210024254,14.0,14,309
1_disaster,49,oracle,1.0,100,2,0.01,1.0,3.0,0.7,0,1.0,0.475871388959774,0.7469434838131443,0.5441481210024254,14.0,14,309
1_disaster,49,naive,0.009,100,2,0.01,1.0,3.0,0.7,0,1.0,0.475871388959774,0.7469434838131443,0.5546340523740322,301.0,15,308
1_disaster,49,random,0.0009,100,2,0.01,1.0,3.0,0.7,0,1.0,0.475871388959774,0.7469434838131443,0.5509763458897821,324.0,15,309
1_disaster,50,regular,0.1,100,2,0.01,1.0,3.0,0.7,0,1.0,0.5285425696450243,0.7305549033097444,0.5586083667330451,60.0,7,284
1_disaster,50,superintelligent,0.9,100,2,0.01,1.0,3.0,0.7,0,1.0,0.5285425696450243,0.7305549033097444,0.5586083667330451,8.0,7,313
1_disaster,50,oracle,1.0,100,2,0.01,1.0,3.0,0.7,0,1.0,0.5285425696450243,0.7305549033097444,0.5586083667330451,7.0,7,313
1_disaster,50,naive,0.009,100,2,0.01,1.0,3.0,0.7,0,1.0,0.5285425696450243,0.7305549033097444,0.5560638975269024,218.0,7,313
1_disaster,50,random,0.0009,100,2,0.01,1.0,3.0,0.7,0,1.0,0.5285425696450243,0.7305549033097444,0.5560638975269024,266.0,7,312
1_disaster,51,regular,0.1,100,2,0.01,1.0,3.0,0.7,0,1.0,0.5356618216241766,0.7696960848512668,0.5757910451658526,84.0,10,265
1_disaster,51,superintelligent,0.9,100,2,0.01,1.0,3.0,0.7,0,1.0,0.5356618216241766,0.7696960848512668,0.5757910451658526,11.0,10,314
1_disaster,51,oracle,1.0,100,2,0.01,1.0,3.0,0.7,0,1.0,0.5356618216241766,0.7696960848512668,0.5757910451658526,10.0,10,314
1_disaster,51,naive,0.009,100,2,0.01,1.0,3.0,0.7,0,1.0,0.5356618216241766,0.7696960848512668,0.5747681096216316,315.0,11,304
1_disaster,51,random,0.0009,100,2,0.01,1.0,3.0,0.7,0,1.0,0.5356618216241766,0.7696960848512668,0.5719902692942039,313.0,10,303
1_disaster,52,regular,0.1,100,2,0.01,1.0,3.0,0.7,0,1.0,0.49788863099210817,0.7540847362903725,0.5697282289512846,135.0,14,306
1_disaster,52,superintelligent,0.9,100,2,0.01,1.0,3.0,0.7,0,1.0,0.49788863099210817,0.7540847362903725,0.5697282289512846,16.0,14,312
1_disaster,52,oracle,1.0,100,2,0.01,1.0,3.0,0.7,0,1.0,0.49788863099210817,0.7540847362903725,0.5697282289512846,14.0,14,312
1_disaster,52,naive,0.009,100,2,0.01,1.0,3.0,0.7,0,1.0,0.49788863099210817,0.7540847362903725,0.567692181980798,323.0,15,311
1_disaster,52,random,0.0009,100,2,0.01,1.0,3.0,0.7,0,1.0,0.49788863099210817,0.7540847362903725,0.5596370275946125,261.0,14,299
1_disaster,53,regular,0.1,100,2,0.01,1.0,3.0,0.7,0,1.0,0.5066078641288687,0.7314104585955667,0.5552836492378795,73.0,9,297
1_disaster,53,superintelligent,0.9,100,2,0.01,1.0,3.0,0.7,0,1.0,0.5066078641288687,0.7314104585955667,0.5552836492378795,9.0,9,313
1_disaster,53,oracle,1.0,100,2,0.01,1.0,3.0,0.7,0,1.0,0.5066078641288687,0.7314104585955667,0.5552836492378795,9.0,9,313
1_disaster,53,naive,0.009,100,2,0.01,1.0,3.0,0.7,0,1.0,0.5066078641288687,0.7314104585955667,0.5517869987391593,221.0,10,281
1_disaster,53,random,0.0009,100,2,0.01,1.0,3.0,0.7,0,1.0,0.5066078641288687,0.7314104585955667,0.5517869987391593,312.0,10,303
1_disaster,54,regular,0.1,100,2,0.01,1.0,3.0,0.7,0,1.0,0.514902293853918,0.7134547317394754,0.5624117307663256,69.0,8,298
1_disaster,54,superintelligent,0.9,100,2,0.01,1.0,3.0,0.7,0,1.0,0.514902293853918,0.7134547317394754,0.5624117307663256,8.0,8,314
1_disaster,54,oracle,1.0,100,2,0.01,1.0,3.0,0.7,0,1.0,0.514902293853918,0.7134547317394754,0.5624117307663256,8.0,8,314
1_disaster,54,naive,0.009,100,2,0.01,1.0,3.0,0.7,0,1.0,0.514902293853918,0.7134547317394754,0.5624117307663256,183.0,8,301
1_disaster,54,random,0.0009,100,2,0.01,1.0,3.0,0.7,0,1.0,0.514902293853918,0.7134547317394754,0.558874986909308,267.0,9,309
1_disaster,55,regular,0.1,100,2,0.01,1.0,3.0,0.7,0,1.0,0.544694257155715,0.739475093199646,0.5686426851852174,73.0,10,292
1_disaster,55,superintelligent,0.9,100,2,0.01,1.0,3.0,0.7,0,1.0,0.544694257155715,0.739475093199646,0.570850775798518,9.0,9,314
1_disaster,55,oracle,1.0,100,2,0.01,1.0,3.0,0.7,0,1.0,0.544694257155715,0.739475093199646,0.570850775798518,9.0,9,314
1_disaster,55,naive,0.009,100,2,0.01,1.0,3.0,0.7,0,1.0,0.544694257155715,0.739475093199646,0.570850775798518,310.0,9,301
1_disaster,55,random,0.0009,100,2,0.01,1.0,3.0,0.7,0,1.0,0.544694257155715,0.739475093199646,0.570850775798518,310.0,9,308
1_disaster,56,regular,0.1,100,2,0.01,1.0,3.0,0.7,0,1.0,0.5177147751022608,0.7552841884595123,0.5779417333381539,87.0,11,307
1_disaster,56,superintelligent,0.9,100,2,0.01,1.0,3.0,0.7,0,1.0,0.5177147751022608,0.7552841884595123,0.5779417333381539,12.0,11,314
1_disaster,56,oracle,1.0,100,2,0.01,1.0,3.0,0.7,0,1.0,0.5177147751022608,0.7552841884595123,0.5779417333381539,11.0,11,314
1_disaster,56,naive,0.009,100,2,0.01,1.0,3.0,0.7,0,1.0,0.5177147751022608,0.7552841884595123,0.5779417333381539,291.0,11,313
1_disaster,56,random,0.0009,100,2,0.01,1.0,3.0,0.7,0,1.0,0.5177147751022608,0.7552841884595123,0.5728546728826006,322.0,11,311
1_disaster,57,regular,0.1,100,2,0.01,1.0,3.0,0.7,0,1.0,0.477952061551768,0.7200226539453127,0.5264174348719893,51.0,9,276
1_disaster,57,superintelligent,0.9,100,2,0.01,1.0,3.0,0.7,0,1.0,0.477952061551768,0.7200226539453127,0.5264174348719893,9.0,9,313
1_disaster,57,oracle,1.0,100,2,0.01,1.0,3.0,0.7,0,1.0,0.477952061551768,0.7200226539453127,0.5264174348719893,9.0,9,313
1_disaster,57,naive,0.009,100,2,0.01,1.0,3.0,0.7,0,1.0,0.477952061551768,0.7200226539453127,0.5264174348719893,188.0,9,290
1_disaster,57,random,0.0009,100,2,0.01,1.0,3.0,0.7,0,1.0,0.477952061551768,0.7200226539453127,0.5264174348719893,283.0,9,304
1_disaster,58,regular,0.1,100,2,0.01,1.0,3.0,0.7,0,1.0,0.4638266400535989,0.7231382430159524,0.5581284772538677,113.0,14,281
1_disaster,58,superintelligent,0.9,100,2,0.01,1.0,3.0,0.7,0,1.0,0.4638266400535989,0.7231382430159524,0.5581284772538677,16.0,14,314
1_disaster,58,oracle,1.0,100,2,0.01,1.0,3.0,0.7,0,1.0,0.4638266400535989,0.7231382430159524,0.5581284772538677,14.0,14,314
1_disaster,58,naive,0.009,100,2,0.01,1.0,3.0,0.7,0,1.0,0.4638266400535989,0.7231382430159524,0.5504344057323682,323.0,15,308
1_disaster,58,random,0.0009,100,2,0.01,1.0,3.0,0.7,0,1.0,0.4638266400535989,0.7231382430159524,0.5474241461228149,295.0,16,310
1_disaster,59,regular,0.1,100,2,0.01,1.0,3.0,0.7,0,1.0,0.5214065715670061,0.7600684866172867,0.5780363760859464,129.0,12,313
1_disaster,59,superintelligent,0.9,100,2,0.01,1.0,3.0,0.7,0,1.0,0.5214065715670061,0.7600684866172867,0.5797398097617104,15.0,13,313
1_disaster,59,oracle,1.0,100,2,0.01,1.0,3.0,0.7,0,1.0,0.5214065715670061,0.7600684866172867,0.5797398097617104,13.0,13,313
1_disaster,59,naive,0.009,100,2,0.01,1.0,3.0,0.7,0,1.0,0.5214065715670061,0.7600684866172867,0.5780363760859464,300.0,12,301
1_disaster,59,random,0.0009,100,2,0.01,1.0,3.0,0.7,0,1.0,0.5214065715670061,0.7600684866172867,0.5718104573856555,281.0,10,311
1_disaster,60,regular,0.1,100,2,0.01,1.0,3.0,0.7,0,1.0,0.5141410604516935,0.7350811236737577,0.5551368309663589,40.0,7,266
1_disaster,60,superintelligent,0.9,100,2,0.01,1.0,3.0,0.7,0,1.0,0.5141410604516935,0.7350811236737577,0.5626515702980525,9.0,8,311
1_disaster,60,oracle,1.0,100,2,0.01,1.0,3.0,0.7,0,1.0,0.5141410604516935,0.7350811236737577,0.5626515702980525,8.0,8,311
1_disaster,60,naive,0.009,100,2,0.01,1.0,3.0,0.7,0,1.0,0.5141410604516935,0.7350811236737577,0.5601663671031062,227.0,9,310
1_disaster,60,random,0.0009,100,2,0.01,1.0,3.0,0.7,0,1.0,0.5141410604516935,0.7350811236737577,0.5601663671031062,290.0,9,308
1_disaster,61,regular,0.1,100,2,0.01,1.0,3.0,0.7,0,1.0,0.5495606228997897,0.7641513181859533,0.6028331895892897,155.0,11,287
1_disaster,61,superintelligent,0.9,100,2,0.01,1.0,3.0,0.7,0,1.0,0.5495606228997897,0.7641513181859533,0.6028331895892897,14.0,11,312
1_disaster,61,oracle,1.0,100,2,0.01,1.0,3.0,0.7,0,1.0,0.5495606228997897,0.7641513181859533,0.6028331895892897,11.0,11,312
1_disaster,61,naive,0.009,100,2,0.01,1.0,3.0,0.7,0,1.0,0.5495606228997897,0.7641513181859533,0.5962134915976637,281.0,10,310
1_disaster,61,random,0.0009,100,2,0.01,1.0,3.0,0.7,0,1.0,0.5495606228997897,0.7641513181859533,0.5962134915976637,300.0,10,309
1_disaster,62,regular,0.1,100,2,0.01,1.0,3.0,0.7,0,1.0,0.5130646424783804,0.7450974973287712,0.5789666773890219,102.0,12,309
1_disaster,62,superintelligent,0.9,100,2,0.01,1.0,3.0,0.7,0,1.0,0.5130646424783804,0.7450974973287712,0.5789666773890219,13.0,12,314
1_disaster,62,oracle,1.0,100,2,0.01,1.0,3.0,0.7,0,1.0,0.5130646424783804,0.7450974973287712,0.5789666773890219,12.0,12,314
1_disaster,62,naive,0.009,100,2,0.01,1.0,3.0,0.7,0,1.0,0.5130646424783804,0.7450974973287712,0.577781131439075,309.0,14,309
1_disaster,62,random,0.0009,100,2,0.01,1.0,3.0,0.7,0,1.0,0.5130646424783804,0.7450974973287712,0.5770564026782169,295.0,13,298
1_disaster,63,regular,0.1,100,2,0.01,1.0,3.0,0.7,0,1.0,0.48208783014880296,0.7428076075102883,0.5928808511473221,116.0,16,305
1_disaster,63,superintelligent,0.9,100,2,0.01,1.0,3.0,0.7,0,1.0,0.48208783014880296,0.7428076075102883,0.5928808511473221,23.0,16,312
1_disaster,63,oracle,1.0,100,2,0.01,1.0,3.0,0.7,0,1.0,0.48208783014880296,0.7428076075102883,0.5928808511473221,16.0,16,312
1_disaster,63,naive,0.009,100,2,0.01,1.0,3.0,0.7,0,1.0,0.48208783014880296,0.7428076075102883,0.5834220091570392,286.0,16,293
1_disaster,63,random,0.0009,100,2,0.01,1.0,3.0,0.7,0,1.0,0.48208783014880296,0.7428076075102883,0.5831750175738452,329.0,19,310
1_disaster,64,regular,0.1,100,2,0.01,1.0,3.0,0.7,0,1.0,0.469174768759123,0.7127580550940305,0.5414442506479061,108.0,11,305
1_disaster,64,superintelligent,0.9,100,2,0.01,1.0,3.0,0.7,0,1.0,0.469174768759123,0.7127580550940305,0.5414442506479061,12.0,11,311
1_disaster,64,oracle,1.0,100,2,0.01,1.0,3.0,0.7,0,1.0,0.469174768759123,0.7127580550940305,0.5414442506479061,11.0,11,311
1_disaster,64,naive,0.009,100,2,0.01,1.0,3.0,0.7,0,1.0,0.469174768759123,0.7127580550940305,0.5491512730701144,286.0,13,302
1_disaster,64,random,0.0009,100,2,0.01,1.0,3.0,0.7,0,1.0,0.469174768759123,0.7127580550940305,0.5475161523021577,314.0,12,302
1_disaster,65,regular,0.1,100,2,0.01,1.0,3.0,0.7,0,1.0,0.5071589892259999,0.739522348546416,0.561481896879982,76.0,10,278
1_disaster,65,superintelligent,0.9,100,2,0.01,1.0,3.0,0.7,0,1.0,0.5071589892259999,0.739522348546416,0.561481896879982,11.0,10,317
1_disaster,65,oracle,1.0,100,2,0.01,1.0,3.0,0.7,0,1.0,0.5071589892259999,0.739522348546416,0.561481896879982,10.0,10,317
1_disaster,65,naive,0.009,100,2,0.01,1.0,3.0,0.7,0,1.0,0.5071589892259999,0.739522348546416,0.5550856826060407,306.0,9,314
1_disaster,65,random,0.0009,100,2,0.01,1.0,3.0,0.7,0,1.0,0.5071589892259999,0.739522348546416,0.561481896879982,320.0,10,310
1_disaster,66,regular,0.1,100,2,0.01,1.0,3.0,0.7,0,1.0,0.5235229884734486,0.7424179965117266,0.5673353318872657,65.0,10,224
1_disaster,66,superintelligent,0.9,100,2,0.01,1.0,3.0,0.7,0,1.0,0.5235229884734486,0.7424179965117266,0.5696778818173782,11.0,9,316
1_disaster,66,oracle,1.0,100,2,0.01,1.0,3.0,0.7,0,1.0,0.5235229884734486,0.7424179965117266,0.5696778818173782,9.0,9,316
1_disaster,66,naive,0.009,100,2,0.01,1.0,3.0,0.7,0,1.0,0.5235229884734486,0.7424179965117266,0.5670828977598732,310.0,9,310
1_disaster,66,random,0.0009,100,2,0.01,1.0,3.0,0.7,0,1.0,0.5235229884734486,0.7424179965117266,0.5616739621367905,322.0,8,315
1_disaster,67,regular,0.1,100,2,0.01,1.0,3.0,0.7,0,1.0,0.5667310109526202,0.73757433688818,0.5952777443037767,34.0,7,286
1_disaster,67,superintelligent,0.9,100,2,0.01,1.0,3.0,0.7,0,1.0,0.5667310109526202,0.73757433688818,0.5952777443037767,10.0,7,315
1_disaster,67,oracle,1.0,100,2,0.01,1.0,3.0,0.7,0,1.0,0.5667310109526202,0.73757433688818,0.5952777443037767,7.0,7,315
1_disaster,67,naive,0.009,100,2,0.01,1.0,3.0,0.7,0,1.0,0.5667310109526202,0.73757433688818,0.5952777443037767,320.0,7,313
1_disaster,67,random,0.0009,100,2,0.01,1.0,3.0,0.7,0,1.0,0.5667310109526202,0.73757433688818,0.590365446485287,322.0,7,315
1_disaster,68,regular,0.1,100,2,0.01,1.0,3.0,0.7,0,1.0,0.4863313741991878,0.7404819878663814,0.5618096036676617,131.0,15,311
1_disaster,68,superintelligent,0.9,100,2,0.01,1.0,3.0,0.7,0,1.0,0.4863313741991878,0.7404819878663814,0.5648651287225901,17.0,13,311
1_disaster,68,oracle,1.0,100,2,0.01,1.0,3.0,0.7,0,1.0,0.4863313741991878,0.7404819878663814,0.5648651287225901,13.0,13,311
1_disaster,68,naive,0.009,100,2,0.01,1.0,3.0,0.7,0,1.0,0.4863313741991878,0.7404819878663814,0.5642316472824513,227.0,13,298
1_disaster,68,random,0.0009,100,2,0.01,1.0,3.0,0.7,0,1.0,0.4863313741991878,0.7404819878663814,0.5620240232153213,300.0,12,302
1_disaster,69,regular,0.1,100,2,0.01,1.0,3.0,0.7,0,1.0,0.49180372402084077,0.756159123311317,0.5736872354513363,195.0,15,312
1_disaster,69,superintelligent,0.9,100,2,0.01,1.0,3.0,0.7,0,1.0,0.49180372402084077,0.756159123311317,0.5736872354513363,17.0,15,312
1_disaster,69,oracle,1.0,100,2,0.01,1.0,3.0,0.7,0,1.0,0.49180372402084077,0.756159123311317,0.5736872354513363,15.0,15,312
1_disaster,69,naive,0.009,100,2,0.01,1.0,3.0,0.7,0,1.0,0.49180372402084077,0.756159123311317,0.5692034467534918,277.0,14,306
1_disaster,69,random,0.0009,100,2,0.01,1.0,3.0,0.7,0,1.0,0.49180372402084077,0.756159123311317,0.5634569040221631,287.0,13,274
1_disaster,70,regular,0.1,100,2,0.01,1.0,3.0,0.7,0,1.0,0.4998073364847284,0.712371154294576,0.558474777227897,122.0,11,317
1_disaster,70,superintelligent,0.9,100,2,0.01,1.0,3.0,0.7,0,1.0,0.4998073364847284,0.712371154294576,0.558474777227897,11.0,11,317
1_disaster,70,oracle,1.0,100,2,0.01,1.0,3.0,0.7,0,1.0,0.4998073364847284,0.712371154294576,0.558474777227897,11.0,11,317
1_disaster,70,naive,0.009,100,2,0.01,1.0,3.0,0.7,0,1.0,0.4998073364847284,0.712371154294576,0.5560012058863734,325.0,10,315
1_disaster,70,random,0.0009,100,2,0.01,1.0,3.0,0.7,0,1.0,0.4998073364847284,0.712371154294576,0.5560012058863734,318.0,10,316
1_disaster,71,regular,0.1,100,2,0.01,1.0,3.0,0.7,0,1.0,0.46448570591847355,0.7456054726791695,0.5892962372339653,159.0,18,243
1_disaster,71,superintelligent,0.9,100,2,0.01,1.0,3.0,0.7,0,1.0,0.46448570591847355,0.7456054726791695,0.5892962372339653,19.0,18,309
1_disaster,71,oracle,1.0,100,2,0.01,1.0,3.0,0.7,0,1.0,0.46448570591847355,0.7456054726791695,0.5892962372339653,18.0,18,309
1_disaster,71,naive,0.009,100,2,0.01,1.0,3.0,0.7,0,1.0,0.46448570591847355,0.7456054726791695,0.5892962372339653,274.0,18,295
1_disaster,71,random,0.0009,100,2,0.01,1.0,3.0,0.7,0,1.0,0.46448570591847355,0.7456054726791695,0.5892962372339653,325.0,18,307
1_disaster,72,regular,0.1,100,2,0.01,1.0,3.0,0.7,0,1.0,0.46293490081634225,0.7336760550406374,0.5181063982338628,81.0,12,209
1_disaster,72,superintelligent,0.9,100,2,0.01,1.0,3.0,0.7,0,1.0,0.46293490081634225,0.7336760550406374,0.5181063982338628,15.0,12,311
1_disaster,72,oracle,1.0,100,2,0.01,1.0,3.0,0.7,0,1.0,0.46293490081634225,0.7336760550406374,0.5181063982338628,12.0,12,311
1_disaster,72,naive,0.009,100,2,0.01,1.0,3.0,0.7,0,1.0,0.46293490081634225,0.7336760550406374,0.5307111882419806,263.0,15,310
1_disaster,72,random,0.0009,100,2,0.01,1.0,3.0,0.7,0,1.0,0.46293490081634225,0.7336760550406374,0.5307854168117075,300.0,16,288
1_disaster,73,regular,0.1,100,2,0.01,1.0,3.0,0.7,0,1.0,0.4885413408980609,0.7617902370610778,0.5526387365014787,164.0,9,313
1_disaster,73,superintelligent,0.9,100,2,0.01,1.0,3.0,0.7,0,1.0,0.4885413408980609,0.7617902370610778,0.5526387365014787,11.0,9,316
1_disaster,73,oracle,1.0,100,2,0.01,1.0,3.0,0.7,0,1.0,0.4885413408980609,0.7617902370610778,0.5526387365014787,9.0,9,316
1_disaster,73,naive,0.009,100,2,0.01,1.0,3.0,0.7,0,1.0,0.4885413408980609,0.7617902370610778,0.542183571960947,246.0,9,306
1_disaster,73,random,0.0009,100,2,0.01,1.0,3.0,0.7,0,1.0,0.4885413408980609,0.7617902370610778,0.5425291744442228,252.0,10,308
1_disaster,74,regular,0.1,100,2,0.01,1.0,3.0,0.7,0,1.0,0.5354865407729354,0.7713013695394743,0.5907669613432934,58.0,9,310
1_disaster,74,superintelligent,0.9,100,2,0.01,1.0,3.0,0.7,0,1.0,0.5354865407729354,0.7713013695394743,0.5907669613432934,9.0,9,315
1_disaster,74,oracle,1.0,100,2,0.01,1.0,3.0,0.7,0,1.0,0.5354865407729354,0.7713013695394743,0.5907669613432934,9.0,9,315
1_disaster,74,naive,0.009,100,2,0.01,1.0,3.0,0.7,0,1.0,0.5354865407729354,0.7713013695394743,0.590507000970158,204.0,10,295
1_disaster,74,random,0.0009,100,2,0.01,1.0,3.0,0.7,0,1.0,0.5354865407729354,0.7713013695394743,0.5815778976847423,304.0,10,294
1_disaster,75,regular,0.1,100,2,0.01,1.0,3.0,0.7,0,1.0,0.4725264255313104,0.7531481115667772,0.5591901787519226,131.0,12,311
1_disaster,75,superintelligent,0.9,100,2,0.01,1.0,3.0,0.7,0,1.0,0.4725264255313104,0.7531481115667772,0.5657815294954586,13.0,13,314
1_disaster,75,oracle,1.0,100,2,0.01,1.0,3.0,0.7,0,1.0,0.4725264255313104,0.7531481115667772,0.5657815294954586,13.0,13,314
1_disaster,75,naive,0.009,100,2,0.01,1.0,3.0,0.7,0,1.0,0.4725264255313104,0.7531481115667772,0.5488739866234442,309.0,12,308
1_disaster,75,random,0.0009,100,2,0.01,1.0,3.0,0.7,0,1.0,0.4725264255313104,0.7531481115667772,0.5506688284437372,314.0,14,302
1_disaster,76,regular,0.1,100,2,0.01,1.0,3.0,0.7,0,1.0,0.48520455338833274,0.7374915625328091,0.5663040527982276,67.0,14,301
1_disaster,76,superintelligent,0.9,100,2,0.01,1.0,3.0,0.7,0,1.0,0.48520455338833274,0.7374915625328091,0.5663040527982276,15.0,14,310
1_disaster,76,oracle,1.0,100,2,0.01,1.0,3.0,0.7,0,1.0,0.48520455338833274,0.7374915625328091,0.5663040527982276,14.0,14,310
1_disaster,76,naive,0.009,100,2,0.01,1.0,3.0,0.7,0,1.0,0.48520455338833274,0.7374915625328091,0.5663040527982276,288.0,14,274
1_disaster,76,random,0.0009,100,2,0.01,1.0,3.0,0.7,0,1.0,0.48520455338833274,0.7374915625328091,0.5663040527982276,321.0,14,307
1_disaster,77,regular,0.1,100,2,0.01,1.0,3.0,0.7,0,1.0,0.48592729734527845,0.7501719947907396,0.5645455554837975,116.0,12,310
1_disaster,77,superintelligent,0.9,100,2,0.01,1.0,3.0,0.7,0,1.0,0.48592729734527845,0.7501719947907396,0.5645455554837975,16.0,12,314
1_disaster,77,oracle,1.0,100,2,0.01,1.0,3.0,0.7,0,1.0,0.48592729734527845,0.7501719947907396,0.5645455554837975,12.0,12,314
1_disaster,77,naive,0.009,100,2,0.01,1.0,3.0,0.7,0,1.0,0.48592729734527845,0.7501719947907396,0.5619567636583237,274.0,11,263
1_disaster,77,random,0.0009,100,2,0.01,1.0,3.0,0.7,0,1.0,0.48592729734527845,0.7501719947907396,0.5663792835090394,317.0,12,305
1_disaster,78,regular,0.1,100,2,0.01,1.0,3.0,0.7,0,1.0,0.5156123881071379,0.7504773947494932,0.5722662878695912,100.0,11,299
1_disaster,78,superintelligent,0.9,100,2,0.01,1.0,3.0,0.7,0,1.0,0.5156123881071379,0.7504773947494932,0.5791711244751396,11.0,11,313
1_disaster,78,oracle,1.0,100,2,0.01,1.0,3.0,0.7,0,1.0,0.5156123881071379,0.7504773947494932,0.5791711244751396,11.0,11,313
1_disaster,78,naive,0.009,100,2,0.01,1.0,3.0,0.7,0,1.0,0.5156123881071379,0.7504773947494932,0.5784848048812914,295.0,12,312
1_disaster,78,random,0.0009,100,2,0.01,1.0,3.0,0.7,0,1.0,0.5156123881071379,0.7504773947494932,0.5727837185045176,312.0,11,308
1_disaster,79,regular,0.1,100,2,0.01,1.0,3.0,0.7,0,1.0,0.49489990143876306,0.7344878688254054,0.5414122406730137,73.0,9,308
1_disaster,79,superintelligent,0.9,100,2,0.01,1.0,3.0,0.7,0,1.0,0.49489990143876306,0.7344878688254054,0.5414122406730137,10.0,9,313
1_disaster,79,oracle,1.0,100,2,0.01,1.0,3.0,0.7,0,1.0,0.49489990143876306,0.7344878688254054,0.5414122406730137,9.0,9,313
1_disaster,79,naive,0.009,100,2,0.01,1.0,3.0,0.7,0,1.0,0.49489990143876306,0.7344878688254054,0.5414122406730137,319.0,9,310
1_disaster,79,random,0.0009,100,2,0.01,1.0,3.0,0.7,0,1.0,0.49489990143876306,0.7344878688254054,0.5363182540240087,293.0,9,310
1_disaster,80,regular,0.1,100,2,0.01,1.0,3.0,0.7,0,1.0,0.5315748188279427,0.703083943421873,0.57291931751836,51.0,8,316
1_disaster,80,superintelligent,0.9,100,2,0.01,1.0,3.0,0.7,0,1.0,0.5315748188279427,0.703083943421873,0.5757801880323236,9.0,9,315
1_disaster,80,oracle,1.0,100,2,0.01,1.0,3.0,0.7,0,1.0,0.5315748188279427,0.703083943421873,0.5757801880323236,9.0,9,315
1_disaster,80,naive,0.009,100,2,0.01,1.0,3.0,0.7,0,1.0,0.5315748188279427,0.703083943421873,0.57291931751836,302.0,8,310
1_disaster,80,random,0.0009,100,2,0.01,1.0,3.0,0.7,0,1.0,0.5315748188279427,0.703083943421873,0.5757801880323236,304.0,9,313
1_disaster,81,regular,0.1,100,2,0.01,1.0,3.0,0.7,0,1.0,0.45933542337579375,0.7416280376784236,0.5353674308284773,77.0,12,304
1_disaster,81,superintelligent,0.9,100,2,0.01,1.0,3.0,0.7,0,1.0,0.45933542337579375,0.7416280376784236,0.5353674308284773,12.0,12,309
1_disaster,81,oracle,1.0,100,2,0.01,1.0,3.0,0.7,0,1.0,0.45933542337579375,0.7416280376784236,0.5353674308284773,12.0,12,309
1_disaster,81,naive,0.009,100,2,0.01,1.0,3.0,0.7,0,1.0,0.45933542337579375,0.7416280376784236,0.530734721874479,314.0,11,303
1_disaster,81,random,0.0009,100,2,0.01,1.0,3.0,0.7,0,1.0,0.45933542337579375,0.7416280376784236,0.5393168704886867,307.0,13,298
1_disaster,82,regular,0.1,100,2,0.01,1.0,3.0,0.7,0,1.0,0.5005889597244022,0.7303121677741469,0.5747708510912097,103.0,12,249
1_disaster,82,superintelligent,0.9,100,2,0.01,1.0,3.0,0.7,0,1.0,0.5005889597244022,0.7303121677741469,0.5768137430212671,12.0,11,313
1_disaster,82,oracle,1.0,100,2,0.01,1.0,3.0,0.7,0,1.0,0.5005889597244022,0.7303121677741469,0.5768137430212671,11.0,11,313
1_disaster,82,naive,0.009,100,2,0.01,1.0,3.0,0.7,0,1.0,0.5005889597244022,0.7303121677741469,0.5665418071304318,151.0,12,239
1_disaster,82,random,0.0009,100,2,0.01,1.0,3.0,0.7,0,1.0,0.5005889597244022,0.7303121677741469,0.5671821155703316,320.0,13,307
1_disaster,83,regular,0.1,100,2,0.01,1.0,3.0,0.7,0,1.0,0.5003723177857315,0.7365063383617576,0.5492242157386381,79.0,11,298
1_disaster,83,superintelligent,0.9,100,2,0.01,1.0,3.0,0.7,0,1.0,0.5003723177857315,0.7365063383617576,0.5492242157386381,12.0,11,315
1_disaster,83,oracle,1.0,100,2,0.01,1.0,3.0,0.7,0,1.0,0.5003723177857315,0.7365063383617576,0.5492242157386381,11.0,11,315
1_disaster,83,naive,0.009,100,2,0.01,1.0,3.0,0.7,0,1.0,0.5003723177857315,0.7365063383617576,0.5481726178227531,275.0,13,306
1_disaster,83,random,0.0009,100,2,0.01,1.0,3.0,0.7,0,1.0,0.5003723177857315,0.7365063383617576,0.5431756685817536,290.0,10,300
1_disaster,84,regular,0.1,100,2,0.01,1.0,3.0,0.7,0,1.0,0.46375250199683477,0.7335442586868827,0.5423068736806079,178.0,14,310
1_disaster,84,superintelligent,0.9,100,2,0.01,1.0,3.0,0.7,0,1.0,0.46375250199683477,0.7335442586868827,0.5423068736806079,16.0,14,311
1_disaster,84,oracle,1.0,100,2,0.01,1.0,3.0,0.7,0,1.0,0.46375250199683477,0.7335442586868827,0.5423068736806079,14.0,14,311
1_disaster,84,naive,0.009,100,2,0.01,1.0,3.0,0.7,0,1.0,0.46375250199683477,0.7335442586868827,0.5397071102372133,258.0,12,302
1_disaster,84,random,0.0009,100,2,0.01,1.0,3.0,0.7,0,1.0,0.46375250199683477,0.7335442586868827,0.5366928634892045,321.0,12,309
1_disaster,85,regular,0.1,100,2,0.01,1.0,3.0,0.7,0,1.0,0.5273428733146126,0.7298299804212138,0.6017137922285827,63.0,13,277
1_disaster,85,superintelligent,0.9,100,2,0.01,1.0,3.0,0.7,0,1.0,0.5273428733146126,0.7298299804212138,0.6017137922285827,13.0,13,312
1_disaster,85,oracle,1.0,100,2,0.01,1.0,3.0,0.7,0,1.0,0.5273428733146126,0.7298299804212138,0.6017137922285827,13.0,13,312
1_disaster,85,naive,0.009,100,2,0.01,1.0,3.0,0.7,0,1.0,0.5273428733146126,0.7298299804212138,0.595807988906856,270.0,12,278
1_disaster,85,random,0.0009,100,2,0.01,1.0,3.0,0.7,0,1.0,0.5273428733146126,0.7298299804212138,0.601328683377191,323.0,13,311
1_disaster,86,regular,0.1,100,2,0.01,1.0,3.0,0.7,0,1.0,0.4536054226543026,0.7389776359459561,0.5370840372755765,115.0,12,310
1_disaster,86,superintelligent,0.9,100,2,0.01,1.0,3.0,0.7,0,1.0,0.4536054226543026,0.7389776359459561,0.5520999870425494,19.0,16,308
1_disaster,86,oracle,1.0,100,2,0.01,1.0,3.0,0.7,0,1.0,0.4536054226543026,0.7389776359459561,0.5520999870425494,16.0,16,308
1_disaster,86,naive,0.009,100,2,0.01,1.0,3.0,0.7,0,1.0,0.4536054226543026,0.7389776359459561,0.5498688648586758,316.0,13,303
1_disaster,86,random,0.0009,100,2,0.01,1.0,3.0,0.7,0,1.0,0.4536054226543026,0.7389776359459561,0.5415223092378288,294.0,11,304
1_disaster,87,regular,0.1,100,2,0.01,1.0,3.0,0.7,0,1.0,0.47602103971132,0.7339695117726384,0.512727208529152,81.0,7,293
1_disaster,87,superintelligent,0.9,100,2,0.01,1.0,3.0,0.7,0,1.0,0.47602103971132,0.7339695117726384,0.5229132216690056,9.0,8,310
1_disaster,87,oracle,1.0,100,2,0.01,1.0,3.0,0.7,0,1.0,0.47602103971132,0.7339695117726384,0.5229132216690056,8.0,8,310
1_disaster,87,naive,0.009,100,2,0.01,1.0,3.0,0.7,0,1.0,0.47602103971132,0.7339695117726384,0.5229132216690056,180.0,8,282
1_disaster,87,random,0.0009,100,2,0.01,1.0,3.0,0.7,0,1.0,0.47602103971132,0.7339695117726384,0.5229132216690056,317.0,8,309
1_disaster,88,regular,0.1,100,2,0.01,1.0,3.0,0.7,0,1.0,0.47175729333313776,0.7323133424939883,0.5891182111436817,141.0,16,304
1_disaster,88,superintelligent,0.9,100,2,0.01,1.0,3.0,0.7,0,1.0,0.47175729333313776,0.7323133424939883,0.591028392435038,22.0,16,310
1_disaster,88,oracle,1.0,100,2,0.01,1.0,3.0,0.7,0,1.0,0.47175729333313776,0.7323133424939883,0.591028392435038,16.0,16,310
1_disaster,88,naive,0.009,100,2,0.01,1.0,3.0,0.7,0,1.0,0.47175729333313776,0.7323133424939883,0.5910143988932195,308.0,16,303
1_disaster,88,random,0.0009,100,2,0.01,1.0,3.0,0.7,0,1.0,0.47175729333313776,0.7323133424939883,0.5962719133833221,321.0,14,307
1_disaster,89,regular,0.1,100,2,0.01,1.0,3.0,0.7,0,1.0,0.5201768695273323,0.7317747311194085,0.5716735178400745,87.0,10,316
1_disaster,89,superintelligent,0.9,100,2,0.01,1.0,3.0,0.7,0,1.0,0.5201768695273323,0.7317747311194085,0.5743563218491395,12.0,9,316
1_disaster,89,oracle,1.0,100,2,0.01,1.0,3.0,0.7,0,1.0,0.5201768695273323,0.7317747311194085,0.5743563218491395,9.0,9,316
1_disaster,89,naive,0.009,100,2,0.01,1.0,3.0,0.7,0,1.0,0.5201768695273323,0.7317747311194085,0.5743563218491395,190.0,9,309
1_disaster,89,random,0.0009,100,2,0.01,1.0,3.0,0.7,0,1.0,0.5201768695273323,0.7317747311194085,0.5743563218491395,293.0,9,313
1_disaster,90,regular,0.1,100,2,0.01,1.0,3.0,0.7,0,1.0,0.5204970994338349,0.7347277273358875,0.5650973926391106,89.0,9,301
1_disaster,90,superintelligent,0.9,100,2,0.01,1.0,3.0,0.7,0,1.0,0.5204970994338349,0.7347277273358875,0.5663383855120229,9.0,9,316
1_disaster,90,oracle,1.0,100,2,0.01,1.0,3.0,0.7,0,1.0,0.5204970994338349,0.7347277273358875,0.5663383855120229,9.0,9,316
1_disaster,90,naive,0.009,100,2,0.01,1.0,3.0,0.7,0,1.0,0.5204970994338349,0.7347277273358875,0.5628499638159831,224.0,9,280
1_disaster,90,random,0.0009,100,2,0.01,1.0,3.0,0.7,0,1.0,0.5204970994338349,0.7347277273358875,0.5663383855120229,325.0,9,316
1_disaster,91,regular,0.1,100,2,0.01,1.0,3.0,0.7,0,1.0,0.5144641655606582,0.7497253989066931,0.5722955963728049,126.0,12,314
1_disaster,91,superintelligent,0.9,100,2,0.01,1.0,3.0,0.7,0,1.0,0.5144641655606582,0.7497253989066931,0.572231731462347,12.0,12,316
1_disaster,91,oracle,1.0,100,2,0.01,1.0,3.0,0.7,0,1.0,0.5144641655606582,0.7497253989066931,0.572231731462347,12.0,12,316
1_disaster,91,naive,0.009,100,2,0.01,1.0,3.0,0.7,0,1.0,0.5144641655606582,0.7497253989066931,0.572231731462347,325.0,12,313
1_disaster,91,random,0.0009,100,2,0.01,1.0,3.0,0.7,0,1.0,0.5144641655606582,0.7497253989066931,0.572231731462347,286.0,12,308
1_disaster,92,regular,0.1,100,2,0.01,1.0,3.0,0.7,0,1.0,0.5246425599216163,0.75326075248652,0.6088771772050271,154.0,15,311
1_disaster,92,superintelligent,0.9,100,2,0.01,1.0,3.0,0.7,0,1.0,0.5246425599216163,0.75326075248652,0.6088771772050271,17.0,15,311
1_disaster,92,oracle,1.0,100,2,0.01,1.0,3.0,0.7,0,1.0,0.5246425599216163,0.75326075248652,0.6088771772050271,15.0,15,311
1_disaster,92,naive,0.009,100,2,0.01,1.0,3.0,0.7,0,1.0,0.5246425599216163,0.75326075248652,0.606989070324172,285.0,15,299
1_disaster,92,random,0.0009,100,2,0.01,1.0,3.0,0.7,0,1.0,0.5246425599216163,0.75326075248652,0.6088771772050271,295.0,15,310
1_disaster,93,regular,0.1,100,2,0.01,1.0,3.0,0.7,0,1.0,0.5213839983321106,0.7136848392890327,0.5766191098016169,81.0,10,306
1_disaster,93,superintelligent,0.9,100,2,0.01,1.0,3.0,0.7,0,1.0,0.5213839983321106,0.7136848392890327,0.5766191098016169,10.0,10,315
1_disaster,93,oracle,1.0,100,2,0.01,1.0,3.0,0.7,0,1.0,0.5213839983321106,0.7136848392890327,0.5766191098016169,10.0,10,315
1_disaster,93,naive,0.009,100,2,0.01,1.0,3.0,0.7,0,1.0,0.5213839983321106,0.7136848392890327,0.5670790997607436,299.0,11,304
1_disaster,93,random,0.0009,100,2,0.01,1.0,3.0,0.7,0,1.0,0.5213839983321106,0.7136848392890327,0.5766191098016169,312.0,10,302
1_disaster,94,regular,0.1,100,2,0.01,1.0,3.0,0.7,0,1.0,0.5659156032130632,0.7525572941196296,0.5994013295132269,32.0,5,304
1_disaster,94,superintelligent,0.9,100,2,0.01,1.0,3.0,0.7,0,1.0,0.5659156032130632,0.7525572941196296,0.59955345887836,5.0,5,312
1_disaster,94,oracle,1.0,100,2,0.01,1.0,3.0,0.7,0,1.0,0.5659156032130632,0.7525572941196296,0.59955345887836,5.0,5,312
1_disaster,94,naive,0.009,100,2,0.01,1.0,3.0,0.7,0,1.0,0.5659156032130632,0.7525572941196296,0.6152215341779115,208.0,7,292
1_disaster,94,random,0.0009,100,2,0.01,1.0,3.0,0.7,0,1.0,0.5659156032130632,0.7525572941196296,0.6152215341779115,180.0,7,274
1_disaster,95,regular,0.1,100,2,0.01,1.0,3.0,0.7,0,1.0,0.5283773278322113,0.752250442115855,0.5491644906850847,33.0,4,314
1_disaster,95,superintelligent,0.9,100,2,0.01,1.0,3.0,0.7,0,1.0,0.5283773278322113,0.752250442115855,0.5491644906850847,6.0,4,315
1_disaster,95,oracle,1.0,100,2,0.01,1.0,3.0,0.7,0,1.0,0.5283773278322113,0.752250442115855,0.5491644906850847,4.0,4,315
1_disaster,95,naive,0.009,100,2,0.01,1.0,3.0,0.7,0,1.0,0.5283773278322113,0.752250442115855,0.5491644906850847,160.0,4,289
1_disaster,95,random,0.0009,100,2,0.01,1.0,3.0,0.7,0,1.0,0.5283773278322113,0.752250442115855,0.5491644906850847,259.0,4,313
1_disaster,96,regular,0.1,100,2,0.01,1.0,3.0,0.7,0,1.0,0.5330262761212019,0.7617443997997506,0.5847014249678144,124.0,14,253
1_disaster,96,superintelligent,0.9,100,2,0.01,1.0,3.0,0.7,0,1.0,0.5330262761212019,0.7617443997997506,0.6000835113194425,16.0,14,311
1_disaster,96,oracle,1.0,100,2,0.01,1.0,3.0,0.7,0,1.0,0.5330262761212019,0.7617443997997506,0.6000835113194425,14.0,14,311
1_disaster,96,naive,0.009,100,2,0.01,1.0,3.0,0.7,0,1.0,0.5330262761212019,0.7617443997997506,0.5996450421194426,292.0,13,292
1_disaster,96,random,0.0009,100,2,0.01,1.0,3.0,0.7,0,1.0,0.5330262761212019,0.7617443997997506,0.6000835113194425,318.0,14,306
1_disaster,97,regular,0.1,100,2,0.01,1.0,3.0,0.7,0,1.0,0.4718922277897935,0.7504621097153582,0.576927573983128,128.0,15,310
1_disaster,97,superintelligent,0.9,100,2,0.01,1.0,3.0,0.7,0,1.0,0.4718922277897935,0.7504621097153582,0.5794917410442258,17.0,14,312
1_disaster,97,oracle,1.0,100,2,0.01,1.0,3.0,0.7,0,1.0,0.4718922277897935,0.7504621097153582,0.5794917410442258,14.0,14,312
1_disaster,97,naive,0.009,100,2,0.01,1.0,3.0,0.7,0,1.0,0.4718922277897935,0.7504621097153582,0.5781479173326178,326.0,19,307
1_disaster,97,random,0.0009,100,2,0.01,1.0,3.0,0.7,0,1.0,0.4718922277897935,0.7504621097153582,0.5731961704307408,323.0,17,306
1_disaster,98,regular,0.1,100,2,0.01,1.0,3.0,0.7,0,1.0,0.44887585328757545,0.7297815920437676,0.523859709155217,73.0,13,299
1_disaster,98,superintelligent,0.9,100,2,0.01,1.0,3.0,0.7,0,1.0,0.44887585328757545,0.7297815920437676,0.523859709155217,14.0,13,309
1_disaster,98,oracle,1.0,100,2,0.01,1.0,3.0,0.7,0,1.0,0.44887585328757545,0.7297815920437676,0.523859709155217,13.0,13,309
1_disaster,98,naive,0.009,100,2,0.01,1.0,3.0,0.7,0,1.0,0.44887585328757545,0.7297815920437676,0.523859709155217,294.0,13,281
1_disaster,98,random,0.0009,100,2,0.01,1.0,3.0,0.7,0,1.0,0.44887585328757545,0.7297815920437676,0.523859709155217,319.0,13,306
1_disaster,99,regular,0.1,100,2,0.01,1.0,3.0,0.7,0,1.0,0.4943580259082163,0.7495488915531596,0.5731056620984571,100.0,14,301
1_disaster,99,superintelligent,0.9,100,2,0.01,1.0,3.0,0.7,0,1.0,0.4943580259082163,0.7495488915531596,0.5731056620984571,15.0,14,310
1_disaster,99,oracle,1.0,100,2,0.01,1.0,3.0,0.7,0,1.0,0.4943580259082163,0.7495488915531596,0.5731056620984571,14.0,14,310
1_disaster,99,naive,0.009,100,2,0.01,1.0,3.0,0.7,0,1.0,0.4943580259082163,0.7495488915531596,0.5714537319852581,313.0,12,301
1_disaster,99,random,0.0009,100,2,0.01,1.0,3.0,0.7,0,1.0,0.4943580259082163,0.7495488915531596,0.5666683881031652,323.0,13,310
2a_digital_weak,0,regular,0.1,100,4,0.05,1.0,9.0,0.1,0,1.0,0.4873741921566082,0.7551226512957437,0.5860066047648508,156.0,14,906
2a_digital_weak,0,superintelligent,0.9,100,4,0.05,1.0,9.0,0.1,0,1.0,0.4873741921566082,0.7551226512957437,0.5862875657827804,15.0,13,912
2a_digital_weak,0,oracle,1.0,100,4,0.05,1.0,9.0,0.1,0,1.0,0.4873741921566082,0.7551226512957437,0.5862875657827804,13.0,13,912
2a_digital_weak,0,naive,0.009,100,4,0.05,1.0,9.0,0.1,0,1.0,0.4873741921566082,0.7551226512957437,0.5862295304394253,642.0,12,848
2a_digital_weak,0,random,0.0009,100,4,0.05,1.0,9.0,0.1,0,1.0,0.4873741921566082,0.7551226512957437,0.5920300089298899,912.0,17,914
2a_digital_weak,1,regular,0.1,100,4,0.05,1.0,9.0,0.1,0,1.0,0.4754645842759227,0.7829400117487698,0.5590279386389494,128.0,10,836
2a_digital_weak,1,superintelligent,0.9,100,4,0.05,1.0,9.0,0.1,0,1.0,0.4754645842759227,0.7829400117487698,0.5590279386389494,11.0,10,914
2a_digital_weak,1,oracle,1.0,100,4,0.05,1.0,9.0,0.1,0,1.0,0.4754645842759227,0.7829400117487698,0.5590279386389494,10.0,10,914
2a_digital_weak,1,naive,0.009,100,4,0.05,1.0,9.0,0.1,0,1.0,0.4754645842759227,0.7829400117487698,0.5435439967636829,360.0,11,600
2a_digital_weak,1,random,0.0009,100,4,0.05,1.0,9.0,0.1,0,1.0,0.4754645842759227,0.7829400117487698,0.554362781884398,893.0,11,904
2a_digital_weak,2,regular,0.1,100,4,0.05,1.0,9.0,0.1,0,1.0,0.4910025331711787,0.741649591524576,0.5308680233888691,92.0,7,883
2a_digital_weak,2,superintelligent,0.9,100,4,0.05,1.0,9.0,0.1,0,1.0,0.4910025331711787,0.741649591524576,0.5308680233888691,9.0,7,913
2a_digital_weak,2,oracle,1.0,100,4,0.05,1.0,9.0,0.1,0,1.0,0.4910025331711787,0.741649591524576,0.5308680233888691,7.0,7,913
2a_digital_weak,2,naive,0.009,100,4,0.05,1.0,9.0,0.1,0,1.0,0.4910025331711787,0.741649591524576,0.522706598676626,805.0,5,882
2a_digital_weak,2,random,0.0009,100,4,0.05,1.0,9.0,0.1,0,1.0,0.4910025331711787,0.741649591524576,0.5178552384153767,785.0,5,908
2a_digital_weak,3,regular,0.1,100,4,0.05,1.0,9.0,0.1,0,1.0,0.5095613003238038,0.752123638190643,0.5932800306731505,103.0,9,892
2a_digital_weak,3,superintelligent,0.9,100,4,0.05,1.0,9.0,0.1,0,1.0,0.5095613003238038,0.752123638190643,0.5932800306731505,9.0,9,916
2a_digital_weak,3,oracle,1.0,100,4,0.05,1.0,9.0,0.1,0,1.0,0.5095613003238038,0.752123638190643,0.5932800306731505,9.0,9,916
2a_digital_weak,3,naive,0.009,100,4,0.05,1.0,9.0,0.1,0,1.0,0.5095613003238038,0.752123638190643,0.5932800306731505,474.0,9,747
2a_digital_weak,3,random,0.0009,100,4,0.05,1.0,9.0,0.1,0,1.0,0.5095613003238038,0.752123638190643,0.5652239590129645,698.0,8,866
2a_digital_weak,4,regular,0.1,100,4,0.05,1.0,9.0,0.1,0,1.0,0.4978708819923164,0.7486286550817899,0.5730850893727635,77.0,13,850
2a_digital_weak,4,superintelligent,0.9,100,4,0.05,1.0,9.0,0.1,0,1.0,0.4978708819923164,0.7486286550817899,0.5730850893727635,14.0,13,914
2a_digital_weak,4,oracle,1.0,100,4,0.05,1.0,9.0,0.1,0,1.0,0.4978708819923164,0.7486286550817899,0.5730850893727635,13.0,13,914
2a_digital_weak,4,naive,0.009,100,4,0.05,1.0,9.0,0.1,0,1.0,0.4978708819923164,0.7486286550817899,0.569857764634852,439.0,12,830
2a_digital_weak,4,random,0.0009,100,4,0.05,1.0,9.0,0.1,0,1.0,0.4978708819923164,0.7486286550817899,0.5769527517219688,907.0,15,902
2a_digital_weak,5,regular,0.1,100,4,0.05,1.0,9.0,0.1,0,1.0,0.5270148102131127,0.7602419698470986,0.5891270754274188,83.0,9,864
2a_digital_weak,5,superintelligent,0.9,100,4,0.05,1.0,9.0,0.1,0,1.0,0.5270148102131127,0.7602419698470986,0.5891270754274188,9.0,9,913
2a_digital_weak,5,oracle,1.0,100,4,0.05,1.0,9.0,0.1,0,1.0,0.5270148102131127,0.7602419698470986,0.5891270754274188,9.0,9,913
2a_digital_weak,5,naive,0.009,100,4,0.05,1.0,9.0,0.1,0,1.0,0.5270148102131127,0.7602419698470986,0.5997049525932703,790.0,12,886
2a_digital_weak,5,random,0.0009,100,4,0.05,1.0,9.0,0.1,0,1.0,0.5270148102131127,0.7602419698470986,0.5795845349946441,892.0,6,886
2a_digital_weak,6,regular,0.1,100,4,0.05,1.0,9.0,0.1,0,1.0,0.47586573336715715,0.7621107142804051,0.5525343367008329,64.0,8,606
2a_digital_weak,6,superintelligent,0.9,100,4,0.05,1.0,9.0,0.1,0,1.0,0.47586573336715715,0.7621107142804051,0.5525343367008329,8.0,8,911
2a_digital_weak,6,oracle,1.0,100,4,0.05,1.0,9.0,0.1,0,1.0,0.47586573336715715,0.7621107142804051,0.5525343367008329,8.0,8,911
2a_digital_weak,6,naive,0.009,100,4,0.05,1.0,9.0,0.1,0,1.0,0.47586573336715715,0.7621107142804051,0.5563989707338954,809.0,10,819
2a_digital_weak,6,random,0.0009,100,4,0.05,1.0,9.0,0.1,0,1.0,0.47586573336715715,0.7621107142804051,0.5532619278749654,923.0,12,913
2a_digital_weak,7,regular,0.1,100,4,0.05,1.0,9.0,0.1,0,1.0,0.5509949024857002,0.7569330126080632,0.6179688996380619,162.0,16,893
2a_digital_weak,7,superintelligent,0.9,100,4,0.05,1.0,9.0,0.1,0,1.0,0.5509949024857002,0.7569330126080632,0.6179688996380619,18.0,16,916
2a_digital_weak,7,oracle,1.0,100,4,0.05,1.0,9.0,0.1,0,1.0,0.5509949024857002,0.7569330126080632,0.6179688996380619,16.0,16,916
2a_digital_weak,7,naive,0.009,100,4,0.05,1.0,9.0,0.1,0,1.0,0.5509949024857002,0.7569330126080632,0.6155507201102303,748.0,12,864
2a_digital_weak,7,random,0.0009,100,4,0.05,1.0,9.0,0.1,0,1.0,0.5509949024857002,0.7569330126080632,0.6159944788351224,911.0,15,914
2a_digital_weak,8,regular,0.1,100,4,0.05,1.0,9.0,0.1,0,1.0,0.5454276435156991,0.7624045177167339,0.5814339183924155,64.0,4,857
2a_digital_weak,8,superintelligent,0.9,100,4,0.05,1.0,9.0,0.1,0,1.0,0.5454276435156991,0.7624045177167339,0.5814339183924155,4.0,4,912
2a_digital_weak,8,oracle,1.0,100,4,0.05,1.0,9.0,0.1,0,1.0,0.5454276435156991,0.7624045177167339,0.5814339183924155,4.0,4,912
2a_digital_weak,8,naive,0.009,100,4,0.05,1.0,9.0,0.1,0,1.0,0.5454276435156991,0.7624045177167339,0.5814339183924155,267.0,4,871
2a_digital_weak,8,random,0.0009,100,4,0.05,1.0,9.0,0.1,0,1.0,0.5454276435156991,0.7624045177167339,0.5814339183924155,794.0,4,856
2a_digital_weak,9,regular,0.1,100,4,0.05,1.0,9.0,0.1,0,1.0,0.5350205793423719,0.7522100102917242,0.6040798150420618,130.0,10,876
2a_digital_weak,9,superintelligent,0.9,100,4,0.05,1.0,9.0,0.1,0,1.0,0.5350205793423719,0.7522100102917242,0.6040798150420618,14.0,10,911
2a_digital_weak,9,oracle,1.0,100,4,0.05,1.0,9.0,0.1,0,1.0,0.5350205793423719,0.7522100102917242,0.6040798150420618,10.0,10,911
2a_digital_weak,9,naive,0.009,100,4,0.05,1.0,9.0,0.1,0,1.0,0.5350205793423719,0.7522100102917242,0.5896417531871673,869.0,8,861
2a_digital_weak,9,random,0.0009,100,4,0.05,1.0,9.0,0.1,0,1.0,0.5350205793423719,0.7522100102917242,0.6038377361794269,898.0,9,911
2a_digital_weak,10,regular,0.1,100,4,0.05,1.0,9.0,0.1,0,1.0,0.4943044300561732,0.7652205978624088,0.5667746504249288,173.0,12,856
2a_digital_weak,10,superintelligent,0.9,100,4,0.05,1.0,9.0,0.1,0,1.0,0.4943044300561732,0.7652205978624088,0.5667746504249288,14.0,12,914
2a_digital_weak,10,oracle,1.0,100,4,0.05,1.0,9.0,0.1,0,1.0,0.4943044300561732,0.7652205978624088,0.5667746504249288,12.0,12,914
2a_digital_weak,10,naive,0.009,100,4,0.05,1.0,9.0,0.1,0,1.0,0.4943044300561732,0.7652205978624088,0.5618023242403988,370.0,10,902
2a_digital_weak,10,random,0.0009,100,4,0.05,1.0,9.0,0.1,0,1.0,0.4943044300561732,0.7652205978624088,0.576229852214459,924.0,13,915
2a_digital_weak,11,regular,0.1,100,4,0.05,1.0,9.0,0.1,0,1.0,0.5183603752465621,0.7541756112413188,0.5914658389852178,95.0,9,896
2a_digital_weak,11,superintelligent,0.9,100,4,0.05,1.0,9.0,0.1,0,1.0,0.5183603752465621,0.7541756112413188,0.5914658389852178,11.0,9,910
2a_digital_weak,11,oracle,1.0,100,4,0.05,1.0,9.0,0.1,0,1.0,0.5183603752465621,0.7541756112413188,0.5914658389852178,9.0,9,910
2a_digital_weak,11,naive,0.009,100,4,0.05,1.0,9.0,0.1,0,1.0,0.5183603752465621,0.7541756112413188,0.5914658389852178,722.0,9,876
2a_digital_weak,11,random,0.0009,100,4,0.05,1.0,9.0,0.1,0,1.0,0.5183603752465621,0.7541756112413188,0.5914658389852178,811.0,9,841
2a_digital_weak,12,regular,0.1,100,4,0.05,1.0,9.0,0.1,0,1.0,0.4852164777307999,0.7500563648232901,0.5603994076045846,117.0,10,912
2a_digital_weak,12,superintelligent,0.9,100,4,0.05,1.0,9.0,0.1,0,1.0,0.4852164777307999,0.7500563648232901,0.5603994076045846,11.0,10,914
2a_digital_weak,12,oracle,1.0,100,4,0.05,1.0,9.0,0.1,0,1.0,0.4852164777307999,0.7500563648232901,0.5603994076045846,10.0,10,914
2a_digital_weak,12,naive,0.009,100,4,0.05,1.0,9.0,0.1,0,1.0,0.4852164777307999,0.7500563648232901,0.5603994076045846,785.0,10,904
2a_digital_weak,12,random,0.0009,100,4,0.05,1.0,9.0,0.1,0,1.0,0.4852164777307999,0.7500563648232901,0.5641641577690459,652.0,10,850
2a_digital_weak,13,regular,0.1,100,4,0.05,1.0,9.0,0.1,0,1.0,0.480407977014805,0.7993231905391455,0.5862418647993096,188.0,13,846
2a_digital_weak,13,superintelligent,0.9,100,4,0.05,1.0,9.0,0.1,0,1.0,0.480407977014805,0.7993231905391455,0.5891948114332277,14.0,14,918
2a_digital_weak,13,oracle,1.0,100,4,0.05,1.0,9.0,0.1,0,1.0,0.480407977014805,0.7993231905391455,0.5891948114332277,14.0,14,918
2a_digital_weak,13,naive,0.009,100,4,0.05,1.0,9.0,0.1,0,1.0,0.480407977014805,0.7993231905391455,0.5891948114332277,752.0,14,894
2a_digital_weak,13,random,0.0009,100,4,0.05,1.0,9.0,0.1,0,1.0,0.480407977014805,0.7993231905391455,0.5646214841137062,892.0,14,909
2a_digital_weak,14,regular,0.1,100,4,0.05,1.0,9.0,0.1,0,1.0,0.5409830028253242,0.761904447111737,0.589471544029168,53.0,7,897
2a_digital_weak,14,superintelligent,0.9,100,4,0.05,1.0,9.0,0.1,0,1.0,0.5409830028253242,0.761904447111737,0.589471544029168,8.0,7,912
2a_digital_weak,14,oracle,1.0,100,4,0.05,1.0,9.0,0.1,0,1.0,0.5409830028253242,0.761904447111737,0.589471544029168,7.0,7,912
2a_digital_weak,14,naive,0.009,100,4,0.05,1.0,9.0,0.1,0,1.0,0.5409830028253242,0.761904447111737,0.6017049672460765,487.0,9,805
2a_digital_weak,14,random,0.0009,100,4,0.05,1.0,9.0,0.1,0,1.0,0.5409830028253242,0.761904447111737,0.5900312065320901,858.0,9,869
2a_digital_weak,15,regular,0.1,100,4,0.05,1.0,9.0,0.1,0,1.0,0.4721107666183373,0.7617358848479502,0.5275125934039078,64.0,7,822
2a_digital_weak,15,superintelligent,0.9,100,4,0.05,1.0,9.0,0.1,0,1.0,0.4721107666183373,0.7617358848479502,0.5275125934039078,9.0,7,909
2a_digital_weak,15,oracle,1.0,100,4,0.05,1.0,9.0,0.1,0,1.0,0.4721107666183373,0.7617358848479502,0.5275125934039078,7.0,7,909
2a_digital_weak,15,naive,0.009,100,4,0.05,1.0,9.0,0.1,0,1.0,0.4721107666183373,0.7617358848479502,0.5275125934039078,538.0,7,791
2a_digital_weak,15,random,0.0009,100,4,0.05,1.0,9.0,0.1,0,1.0,0.4721107666183373,0.7617358848479502,0.5275125934039078,853.0,7,874
2a_digital_weak,16,regular,0.1,100,4,0.05,1.0,9.0,0.1,0,1.0,0.4979061335348634,0.7501609016042051,0.5544411643574918,104.0,8,836
2a_digital_weak,16,superintelligent,0.9,100,4,0.05,1.0,9.0,0.1,0,1.0,0.4979061335348634,0.7501609016042051,0.5845636271478502,12.0,11,913
2a_digital_weak,16,oracle,1.0,100,4,0.05,1.0,9.0,0.1,0,1.0,0.4979061335348634,0.7501609016042051,0.5845636271478502,11.0,11,913
2a_digital_weak,16,naive,0.009,100,4,0.05,1.0,9.0,0.1,0,1.0,0.4979061335348634,0.7501609016042051,0.5745608037567388,703.0,10,801
2a_digital_weak,16,random,0.0009,100,4,0.05,1.0,9.0,0.1,0,1.0,0.4979061335348634,0.7501609016042051,0.560045122339092,803.0,10,887
2a_digital_weak,17,regular,0.1,100,4,0.05,1.0,9.0,0.1,0,1.0,0.5008218601945097,0.7538764111864553,0.5671715197345744,100.0,11,901
2a_digital_weak,17,superintelligent,0.9,100,4,0.05,1.0,9.0,0.1,0,1.0,0.5008218601945097,0.7538764111864553,0.5671715197345744,11.0,11,907
2a_digital_weak,17,oracle,1.0,100,4,0.05,1.0,9.0,0.1,0,1.0,0.5008218601945097,0.7538764111864553,0.5671715197345744,11.0,11,907
2a_digital_weak,17,naive,0.009,100,4,0.05,1.0,9.0,0.1,0,1.0,0.5008218601945097,0.7538764111864553,0.5604273394594891,679.0,9,895
2a_digital_weak,17,random,0.0009,100,4,0.05,1.0,9.0,0.1,0,1.0,0.5008218601945097,0.7538764111864553,0.5657336016276657,757.0,10,899
2a_digital_weak,18,regular,0.1,100,4,0.05,1.0,9.0,0.1,0,1.0,0.5079949853242502,0.7687594967037771,0.5473040648291074,102.0,6,913
2a_digital_weak,18,superintelligent,0.9,100,4,0.05,1.0,9.0,0.1,0,1.0,0.5079949853242502,0.7687594967037771,0.5473040648291074,7.0,6,913
2a_digital_weak,18,oracle,1.0,100,4,0.05,1.0,9.0,0.1,0,1.0,0.5079949853242502,0.7687594967037771,0.5473040648291074,6.0,6,913
2a_digital_weak,18,naive,0.009,100,4,0.05,1.0,9.0,0.1,0,1.0,0.5079949853242502,0.7687594967037771,0.5473040648291074,723.0,6,900
2a_digital_weak,18,random,0.0009,100,4,0.05,1.0,9.0,0.1,0,1.0,0.5079949853242502,0.7687594967037771,0.544310703821891,661.0,5,911
2a_digital_weak,19,regular,0.1,100,4,0.05,1.0,9.0,0.1,0,1.0,0.5162906517168496,0.7532880177967306,0.602440806128518,62.0,9,813
2a_digital_weak,19,superintelligent,0.9,100,4,0.05,1.0,9.0,0.1,0,1.0,0.5162906517168496,0.7532880177967306,0.602440806128518,9.0,9,910
2a_digital_weak,19,oracle,1.0,100,4,0.05,1.0,9.0,0.1,0,1.0,0.5162906517168496,0.7532880177967306,0.602440806128518,9.0,9,910
2a_digital_weak,19,naive,0.009,100,4,0.05,1.0,9.0,0.1,0,1.0,0.5162906517168496,0.7532880177967306,0.6131499019786801,248.0,9,703
2a_digital_weak,19,random,0.0009,100,4,0.05,1.0,9.0,0.1,0,1.0,0.5162906517168496,0.7532880177967306,0.6021487087631605,877.0,8,869
2a_digital_weak,20,regular,0.1,100,4,0.05,1.0,9.0,0.1,0,1.0,0.5449743594730739,0.7595213541307023,0.6356363396174629,118.0,15,816
2a_digital_weak,20,superintelligent,0.9,100,4,0.05,1.0,9.0,0.1,0,1.0,0.5449743594730739,0.7595213541307023,0.6356363396174629,15.0,15,917
2a_digital_weak,20,oracle,1.0,100,4,0.05,1.0,9.0,0.1,0,1.0,0.5449743594730739,0.7595213541307023,0.6356363396174629,15.0,15,917
2a_digital_weak,20,naive,0.009,100,4,0.05,1.0,9.0,0.1,0,1.0,0.5449743594730739,0.7595213541307023,0.6105879316980191,739.0,13,892
2a_digital_weak,20,random,0.0009,100,4,0.05,1.0,9.0,0.1,0,1.0,0.5449743594730739,0.7595213541307023,0.6236440791729494,873.0,14,908
2a_digital_weak,21,regular,0.1,100,4,0.05,1.0,9.0,0.1,0,1.0,0.46458041262936584,0.7626531593853256,0.5514731835719318,72.0,9,894
2a_digital_weak,21,superintelligent,0.9,100,4,0.05,1.0,9.0,0.1,0,1.0,0.46458041262936584,0.7626531593853256,0.5514731835719318,10.0,9,910
2a_digital_weak,21,oracle,1.0,100,4,0.05,1.0,9.0,0.1,0,1.0,0.46458041262936584,0.7626531593853256,0.5514731835719318,9.0,9,910
2a_digital_weak,21,naive,0.009,100,4,0.05,1.0,9.0,0.1,0,1.0,0.46458041262936584,0.7626531593853256,0.5514731835719318,807.0,9,895
2a_digital_weak,21,random,0.0009,100,4,0.05,1.0,9.0,0.1,0,1.0,0.46458041262936584,0.7626531593853256,0.549789708447814,728.0,10,858
2a_digital_weak,22,regular,0.1,100,4,0.05,1.0,9.0,0.1,0,1.0,0.45527500069212506,0.767806923645155,0.5124429769695269,74.0,7,888
2a_digital_weak,22,superintelligent,0.9,100,4,0.05,1.0,9.0,0.1,0,1.0,0.45527500069212506,0.767806923645155,0.517065852815569,6.0,6,915
2a_digital_weak,22,oracle,1.0,100,4,0.05,1.0,9.0,0.1,0,1.0,0.45527500069212506,0.767806923645155,0.517065852815569,6.0,6,915
2a_digital_weak,22,naive,0.009,100,4,0.05,1.0,9.0,0.1,0,1.0,0.45527500069212506,0.767806923645155,0.5128708747023867,360.0,7,869
2a_digital_weak,22,random,0.0009,100,4,0.05,1.0,9.0,0.1,0,1.0,0.45527500069212506,0.767806923645155,0.49582851084088375,666.0,5,891
2a_digital_weak,23,regular,0.1,100,4,0.05,1.0,9.0,0.1,0,1.0,0.49306642709232373,0.7668228588334647,0.550457811042806,64.0,10,905
2a_digital_weak,23,superintelligent,0.9,100,4,0.05,1.0,9.0,0.1,0,1.0,0.49306642709232373,0.7668228588334647,0.550457811042806,10.0,10,916
2a_digital_weak,23,oracle,1.0,100,4,0.05,1.0,9.0,0.1,0,1.0,0.49306642709232373,0.7668228588334647,0.550457811042806,10.0,10,916
2a_digital_weak,23,naive,0.009,100,4,0.05,1.0,9.0,0.1,0,1.0,0.49306642709232373,0.7668228588334647,0.5425158250061427,578.0,9,912
2a_digital_weak,23,random,0.0009,100,4,0.05,1.0,9.0,0.1,0,1.0,0.49306642709232373,0.7668228588334647,0.5466043252416105,908.0,12,896
2a_digital_weak,24,regular,0.1,100,4,0.05,1.0,9.0,0.1,0,1.0,0.5008032823098255,0.7611964380907434,0.5738880828477475,31.0,8,910
2a_digital_weak,24,superintelligent,0.9,100,4,0.05,1.0,9.0,0.1,0,1.0,0.5008032823098255,0.7611964380907434,0.5738880828477475,9.0,8,917
2a_digital_weak,24,oracle,1.0,100,4,0.05,1.0,9.0,0.1,0,1.0,0.5008032823098255,0.7611964380907434,0.5738880828477475,8.0,8,917
2a_digital_weak,24,naive,0.009,100,4,0.05,1.0,9.0,0.1,0,1.0,0.5008032823098255,0.7611964380907434,0.5792248476461256,896.0,11,896
2a_digital_weak,24,random,0.0009,100,4,0.05,1.0,9.0,0.1,0,1.0,0.5008032823098255,0.7611964380907434,0.5651135367863868,707.0,8,873
2a_digital_weak,25,regular,0.1,100,4,0.05,1.0,9.0,0.1,0,1.0,0.5421394955198936,0.7638533105248041,0.6106297029478753,108.0,11,892
2a_digital_weak,25,superintelligent,0.9,100,4,0.05,1.0,9.0,0.1,0,1.0,0.5421394955198936,0.7638533105248041,0.6106297029478753,13.0,11,910
2a_digital_weak,25,oracle,1.0,100,4,0.05,1.0,9.0,0.1,0,1.0,0.5421394955198936,0.7638533105248041,0.6106297029478753,11.0,11,910
2a_digital_weak,25,naive,0.009,100,4,0.05,1.0,9.0,0.1,0,1.0,0.5421394955198936,0.7638533105248041,0.6106297029478753,616.0,11,869
2a_digital_weak,25,random,0.0009,100,4,0.05,1.0,9.0,0.1,0,1.0,0.5421394955198936,0.7638533105248041,0.6117599311631572,862.0,10,857
2a_digital_weak,26,regular,0.1,100,4,0.05,1.0,9.0,0.1,0,1.0,0.5092658613033383,0.7737241640302823,0.5862548942399204,66.0,13,894
2a_digital_weak,26,superintelligent,0.9,100,4,0.05,1.0,9.0,0.1,0,1.0,0.5092658613033383,0.7737241640302823,0.5862548942399204,14.0,13,911
2a_digital_weak,26,oracle,1.0,100,4,0.05,1.0,9.0,0.1,0,1.0,0.5092658613033383,0.7737241640302823,0.5862548942399204,13.0,13,911
2a_digital_weak,26,naive,0.009,100,4,0.05,1.0,9.0,0.1,0,1.0,0.5092658613033383,0.7737241640302823,0.5792603357985527,789.0,11,885
2a_digital_weak,26,random,0.0009,100,4,0.05,1.0,9.0,0.1,0,1.0,0.5092658613033383,0.7737241640302823,0.5838154820589233,901.0,14,887
2a_digital_weak,27,regular,0.1,100,4,0.05,1.0,9.0,0.1,0,1.0,0.49182488864969104,0.7490357800962357,0.5393340547989921,61.0,8,772
2a_digital_weak,27,superintelligent,0.9,100,4,0.05,1.0,9.0,0.1,0,1.0,0.49182488864969104,0.7490357800962357,0.5393340547989921,9.0,8,910
2a_digital_weak,27,oracle,1.0,100,4,0.05,1.0,9.0,0.1,0,1.0,0.49182488864969104,0.7490357800962357,0.5393340547989921,8.0,8,910
2a_digital_weak,27,naive,0.009,100,4,0.05,1.0,9.0,0.1,0,1.0,0.49182488864969104,0.7490357800962357,0.5549401963476076,314.0,10,825
2a_digital_weak,27,random,0.0009,100,4,0.05,1.0,9.0,0.1,0,1.0,0.49182488864969104,0.7490357800962357,0.5344819511929534,782.0,7,908
2a_digital_weak,28,regular,0.1,100,4,0.05,1.0,9.0,0.1,0,1.0,0.4889361997533708,0.7376345065626367,0.5428636982107808,21.0,6,890
2a_digital_weak,28,superintelligent,0.9,100,4,0.05,1.0,9.0,0.1,0,1.0,0.4889361997533708,0.7376345065626367,0.5428636982107808,7.0,6,914
2a_digital_weak,28,oracle,1.0,100,4,0.05,1.0,9.0,0.1,0,1.0,0.4889361997533708,0.7376345065626367,0.5428636982107808,6.0,6,914
2a_digital_weak,28,naive,0.009,100,4,0.05,1.0,9.0,0.1,0,1.0,0.4889361997533708,0.7376345065626367,0.5428636982107808,320.0,6,894
2a_digital_weak,28,random,0.0009,100,4,0.05,1.0,9.0,0.1,0,1.0,0.4889361997533708,0.7376345065626367,0.5314857379418805,592.0,6,844
2a_digital_weak,29,regular,0.1,100,4,0.05,1.0,9.0,0.1,0,1.0,0.5065796949932069,0.757865593203061,0.5748209049491875,116.0,11,906
2a_digital_weak,29,superintelligent,0.9,100,4,0.05,1.0,9.0,0.1,0,1.0,0.5065796949932069,0.757865593203061,0.5748209049491875,11.0,11,915
2a_digital_weak,29,oracle,1.0,100,4,0.05,1.0,9.0,0.1,0,1.0,0.5065796949932069,0.757865593203061,0.5748209049491875,11.0,11,915
2a_digital_weak,29,naive,0.009,100,4,0.05,1.0,9.0,0.1,0,1.0,0.5065796949932069,0.757865593203061,0.5733689241553539,748.0,10,908
2a_digital_weak,29,random,0.0009,100,4,0.05,1.0,9.0,0.1,0,1.0,0.5065796949932069,0.757865593203061,0.5724300569738887,913.0,11,902
2a_digital_weak,30,regular,0.1,100,4,0.05,1.0,9.0,0.1,0,1.0,0.5314088923767936,0.7510026759808133,0.5865756668140532,75.0,9,831
2a_digital_weak,30,superintelligent,0.9,100,4,0.05,1.0,9.0,0.1,0,1.0,0.5314088923767936,0.7510026759808133,0.5826852355930536,8.0,8,908
2a_digital_weak,30,oracle,1.0,100,4,0.05,1.0,9.0,0.1,0,1.0,0.5314088923767936,0.7510026759808133,0.5826852355930536,8.0,8,908
2a_digital_weak,30,naive,0.009,100,4,0.05,1.0,9.0,0.1,0,1.0,0.5314088923767936,0.7510026759808133,0.5826852355930536,692.0,8,853
2a_digital_weak,30,random,0.0009,100,4,0.05,1.0,9.0,0.1,0,1.0,0.5314088923767936,0.7510026759808133,0.5865756668140532,505.0,9,826
2a_digital_weak,31,regular,0.1,100,4,0.05,1.0,9.0,0.1,0,1.0,0.4825810521887031,0.747261948516603,0.5287827226820171,69.0,7,823
2a_digital_weak,31,superintelligent,0.9,100,4,0.05,1.0,9.0,0.1,0,1.0,0.4825810521887031,0.747261948516603,0.5287827226820171,7.0,7,910
2a_digital_weak,31,oracle,1.0,100,4,0.05,1.0,9.0,0.1,0,1.0,0.4825810521887031,0.747261948516603,0.5287827226820171,7.0,7,910
2a_digital_weak,31,naive,0.009,100,4,0.05,1.0,9.0,0.1,0,1.0,0.4825810521887031,0.747261948516603,0.5287827226820171,342.0,7,862
2a_digital_weak,31,random,0.0009,100,4,0.05,1.0,9.0,0.1,0,1.0,0.4825810521887031,0.747261948516603,0.5287827226820171,694.0,7,878
2a_digital_weak,32,regular,0.1,100,4,0.05,1.0,9.0,0.1,0,1.0,0.490241450445534,0.7579893813404156,0.5449048522308434,80.0,7,897
2a_digital_weak,32,superintelligent,0.9,100,4,0.05,1.0,9.0,0.1,0,1.0,0.490241450445534,0.7579893813404156,0.5449048522308434,7.0,7,912
2a_digital_weak,32,oracle,1.0,100,4,0.05,1.0,9.0,0.1,0,1.0,0.490241450445534,0.7579893813404156,0.5449048522308434,7.0,7,912
2a_digital_weak,32,naive,0.009,100,4,0.05,1.0,9.0,0.1,0,1.0,0.490241450445534,0.7579893813404156,0.5446285413565011,637.0,8,911
2a_digital_weak,32,random,0.0009,100,4,0.05,1.0,9.0,0.1,0,1.0,0.490241450445534,0.7579893813404156,0.5501107960515222,697.0,8,907
2a_digital_weak,33,regular,0.1,100,4,0.05,1.0,9.0,0.1,0,1.0,0.46819362671820797,0.7487710141156841,0.539853774858264,43.0,7,900
2a_digital_weak,33,superintelligent,0.9,100,4,0.05,1.0,9.0,0.1,0,1.0,0.46819362671820797,0.7487710141156841,0.539853774858264,7.0,7,910
2a_digital_weak,33,oracle,1.0,100,4,0.05,1.0,9.0,0.1,0,1.0,0.46819362671820797,0.7487710141156841,0.539853774858264,7.0,7,910
2a_digital_weak,33,naive,0.009,100,4,0.05,1.0,9.0,0.1,0,1.0,0.46819362671820797,0.7487710141156841,0.539853774858264,649.0,7,855
2a_digital_weak,33,random,0.0009,100,4,0.05,1.0,9.0,0.1,0,1.0,0.46819362671820797,0.7487710141156841,0.5479525510385416,922.0,16,908
2a_digital_weak,34,regular,0.1,100,4,0.05,1.0,9.0,0.1,0,1.0,0.5296809330602952,0.7569745186843364,0.58974584131823,32.0,8,916
2a_digital_weak,34,superintelligent,0.9,100,4,0.05,1.0,9.0,0.1,0,1.0,0.5296809330602952,0.7569745186843364,0.58974584131823,9.0,8,916
2a_digital_weak,34,oracle,1.0,100,4,0.05,1.0,9.0,0.1,0,1.0,0.5296809330602952,0.7569745186843364,0.58974584131823,8.0,8,916
2a_digital_weak,34,naive,0.009,100,4,0.05,1.0,9.0,0.1,0,1.0,0.5296809330602952,0.7569745186843364,0.58974584131823,409.0,8,901
2a_digital_weak,34,random,0.0009,100,4,0.05,1.0,9.0,0.1,0,1.0,0.5296809330602952,0.7569745186843364,0.5900495258543085,894.0,9,886
2a_digital_weak,35,regular,0.1,100,4,0.05,1.0,9.0,0.1,0,1.0,0.47785298596342635,0.7579185831135874,0.6173012317125264,90.0,13,864
2a_digital_weak,35,superintelligent,0.9,100,4,0.05,1.0,9.0,0.1,0,1.0,0.47785298596342635,0.7579185831135874,0.6173012317125264,13.0,13,915
2a_digital_weak,35,oracle,1.0,100,4,0.05,1.0,9.0,0.1,0,1.0,0.47785298596342635,0.7579185831135874,0.6173012317125264,13.0,13,915
2a_digital_weak,35,naive,0.009,100,4,0.05,1.0,9.0,0.1,0,1.0,0.47785298596342635,0.7579185831135874,0.6165857060417865,648.0,16,899
2a_digital_weak,35,random,0.0009,100,4,0.05,1.0,9.0,0.1,0,1.0,0.47785298596342635,0.7579185831135874,0.5990001624696033,922.0,17,912
2a_digital_weak,36,regular,0.1,100,4,0.05,1.0,9.0,0.1,0,1.0,0.484068955598469,0.762291750060608,0.56333164689288,85.0,9,802
2a_digital_weak,36,superintelligent,0.9,100,4,0.05,1.0,9.0,0.1,0,1.0,0.484068955598469,0.762291750060608,0.56333164689288,10.0,9,914
2a_digital_weak,36,oracle,1.0,100,4,0.05,1.0,9.0,0.1,0,1.0,0.484068955598469,0.762291750060608,0.56333164689288,9.0,9,914
2a_digital_weak,36,naive,0.009,100,4,0.05,1.0,9.0,0.1,0,1.0,0.484068955598469,0.762291750060608,0.5618132918014609,496.0,10,849
2a_digital_weak,36,random,0.0009,100,4,0.05,1.0,9.0,0.1,0,1.0,0.484068955598469,0.762291750060608,0.5967776683702857,884.0,10,890
2a_digital_weak,37,regular,0.1,100,4,0.05,1.0,9.0,0.1,0,1.0,0.50278125898137,0.7521699381385942,0.5542473725817866,34.0,6,891
2a_digital_weak,37,superintelligent,0.9,100,4,0.05,1.0,9.0,0.1,0,1.0,0.50278125898137,0.7521699381385942,0.5542473725817866,8.0,6,908
2a_digital_weak,37,oracle,1.0,100,4,0.05,1.0,9.0,0.1,0,1.0,0.50278125898137,0.7521699381385942,0.5542473725817866,6.0,6,908
2a_digital_weak,37,naive,0.009,100,4,0.05,1.0,9.0,0.1,0,1.0,0.50278125898137,0.7521699381385942,0.5542473725817866,618.0,6,906
2a_digital_weak,37,random,0.0009,100,4,0.05,1.0,9.0,0.1,0,1.0,0.50278125898137,0.7521699381385942,0.5523371345295666,723.0,7,908
2a_digital_weak,38,regular,0.1,100,4,0.05,1.0,9.0,0.1,0,1.0,0.5199305947815283,0.7675266723214439,0.5811331015006683,60.0,7,902
2a_digital_weak,38,superintelligent,0.9,100,4,0.05,1.0,9.0,0.1,0,1.0,0.5199305947815283,0.7675266723214439,0.5811331015006683,8.0,7,915
2a_digital_weak,38,oracle,1.0,100,4,0.05,1.0,9.0,0.1,0,1.0,0.5199305947815283,0.7675266723214439,0.5811331015006683,7.0,7,915
2a_digital_weak,38,naive,0.009,100,4,0.05,1.0,9.0,0.1,0,1.0,0.5199305947815283,0.7675266723214439,0.5932165730389816,585.0,13,809
2a_digital_weak,38,random,0.0009,100,4,0.05,1.0,9.0,0.1,0,1.0,0.5199305947815283,0.7675266723214439,0.5911362743008066,883.0,12,913
2a_digital_weak,39,regular,0.1,100,4,0.05,1.0,9.0,0.1,0,1.0,0.5243141879714888,0.7669020029092062,0.5865953217521028,110.0,10,908
2a_digital_weak,39,superintelligent,0.9,100,4,0.05,1.0,9.0,0.1,0,1.0,0.5243141879714888,0.7669020029092062,0.5865953217521028,11.0,10,915
2a_digital_weak,39,oracle,1.0,100,4,0.05,1.0,9.0,0.1,0,1.0,0.5243141879714888,0.7669020029092062,0.5865953217521028,10.0,10,915
2a_digital_weak,39,naive,0.009,100,4,0.05,1.0,9.0,0.1,0,1.0,0.5243141879714888,0.7669020029092062,0.5865953217521028,514.0,10,873
2a_digital_weak,39,random,0.0009,100,4,0.05,1.0,9.0,0.1,0,1.0,0.5243141879714888,0.7669020029092062,0.577572684980598,724.0,9,914
2a_digital_weak,40,regular,0.1,100,4,0.05,1.0,9.0,0.1,0,1.0,0.4524304860170627,0.7542343221807141,0.5431847635446314,139.0,10,855
2a_digital_weak,40,superintelligent,0.9,100,4,0.05,1.0,9.0,0.1,0,1.0,0.4524304860170627,0.7542343221807141,0.5431847635446314,13.0,10,909
2a_digital_weak,40,oracle,1.0,100,4,0.05,1.0,9.0,0.1,0,1.0,0.4524304860170627,0.7542343221807141,0.5431847635446314,10.0,10,909
2a_digital_weak,40,naive,0.009,100,4,0.05,1.0,9.0,0.1,0,1.0,0.4524304860170627,0.7542343221807141,0.5374755928077184,644.0,10,766
2a_digital_weak,40,random,0.0009,100,4,0.05,1.0,9.0,0.1,0,1.0,0.4524304860170627,0.7542343221807141,0.5418530688796372,799.0,9,790
2a_digital_weak,41,regular,0.1,100,4,0.05,1.0,9.0,0.1,0,1.0,0.517707659762734,0.7577779251577771,0.5826061256631722,47.0,5,914
2a_digital_weak,41,superintelligent,0.9,100,4,0.05,1.0,9.0,0.1,0,1.0,0.517707659762734,0.7577779251577771,0.5826061256631722,5.0,5,915
2a_digital_weak,41,oracle,1.0,100,4,0.05,1.0,9.0,0.1,0,1.0,0.517707659762734,0.7577779251577771,0.5826061256631722,5.0,5,915
2a_digital_weak,41,naive,0.009,100,4,0.05,1.0,9.0,0.1,0,1.0,0.517707659762734,0.7577779251577771,0.5826061256631722,487.0,5,864
2a_digital_weak,41,random,0.0009,100,4,0.05,1.0,9.0,0.1,0,1.0,0.517707659762734,0.7577779251577771,0.5826061256631722,667.0,5,836
2a_digital_weak,42,regular,0.1,100,4,0.05,1.0,9.0,0.1,0,1.0,0.4918194848157462,0.7511607410765908,0.5421009143012686,140.0,10,728
2a_digital_weak,42,superintelligent,0.9,100,4,0.05,1.0,9.0,0.1,0,1.0,0.4918194848157462,0.7511607410765908,0.5421009143012686,11.0,10,913
2a_digital_weak,42,oracle,1.0,100,4,0.05,1.0,9.0,0.1,0,1.0,0.4918194848157462,0.7511607410765908,0.5421009143012686,10.0,10,913
2a_digital_weak,42,naive,0.009,100,4,0.05,1.0,9.0,0.1,0,1.0,0.4918194848157462,0.7511607410765908,0.5408912091186242,819.0,9,868
2a_digital_weak,42,random,0.0009,100,4,0.05,1.0,9.0,0.1,0,1.0,0.4918194848157462,0.7511607410765908,0.5419313022333507,767.0,9,911
2a_digital_weak,43,regular,0.1,100,4,0.05,1.0,9.0,0.1,0,1.0,0.45953501668051194,0.7572258532820308,0.5618721634108738,149.0,11,915
2a_digital_weak,43,superintelligent,0.9,100,4,0.05,1.0,9.0,0.1,0,1.0,0.45953501668051194,0.7572258532820308,0.5618721634108738,12.0,11,915
2a_digital_weak,43,oracle,1.0,100,4,0.05,1.0,9.0,0.1,0,1.0,0.45953501668051194,0.7572258532820308,0.5618721634108738,11.0,11,915
2a_digital_weak,43,naive,0.009,100,4,0.05,1.0,9.0,0.1,0,1.0,0.45953501668051194,0.7572258532820308,0.5618721634108738,811.0,11,845
2a_digital_weak,43,random,0.0009,100,4,0.05,1.0,9.0,0.1,0,1.0,0.45953501668051194,0.7572258532820308,0.5618721634108738,865.0,11,904
2a_digital_weak,44,regular,0.1,100,4,0.05,1.0,9.0,0.1,0,1.0,0.5364272345147082,0.7415815279195016,0.6166583544635941,89.0,9,832
2a_digital_weak,44,superintelligent,0.9,100,4,0.05,1.0,9.0,0.1,0,1.0,0.5364272345147082,0.7415815279195016,0.6166583544635941,10.0,9,912
2a_digital_weak,44,oracle,1.0,100,4,0.05,1.0,9.0,0.1,0,1.0,0.5364272345147082,0.7415815279195016,0.6166583544635941,9.0,9,912
2a_digital_weak,44,naive,0.009,100,4,0.05,1.0,9.0,0.1,0,1.0,0.5364272345147082,0.7415815279195016,0.6166583544635941,491.0,9,903
2a_digital_weak,44,random,0.0009,100,4,0.05,1.0,9.0,0.1,0,1.0,0.5364272345147082,0.7415815279195016,0.6166583544635941,754.0,9,851
2a_digital_weak,45,regular,0.1,100,4,0.05,1.0,9.0,0.1,0,1.0,0.4420342207347893,0.7569551165446339,0.5204673977342796,91.0,10,893
2a_digital_weak,45,superintelligent,0.9,100,4,0.05,1.0,9.0,0.1,0,1.0,0.4420342207347893,0.7569551165446339,0.5204673977342796,12.0,10,915
2a_digital_weak,45,oracle,1.0,100,4,0.05,1.0,9.0,0.1,0,1.0,0.4420342207347893,0.7569551165446339,0.5204673977342796,10.0,10,915
2a_digital_weak,45,naive,0.009,100,4,0.05,1.0,9.0,0.1,0,1.0,0.4420342207347893,0.7569551165446339,0.5172516636859434,732.0,11,863
2a_digital_weak,45,random,0.0009,100,4,0.05,1.0,9.0,0.1,0,1.0,0.4420342207347893,0.7569551165446339,0.5128571266175251,918.0,11,907
2a_digital_weak,46,regular,0.1,100,4,0.05,1.0,9.0,0.1,0,1.0,0.5142528087829188,0.7547511376273358,0.5551652276358771,60.0,9,838
2a_digital_weak,46,superintelligent,0.9,100,4,0.05,1.0,9.0,0.1,0,1.0,0.5142528087829188,0.7547511376273358,0.5551652276358771,10.0,9,915
2a_digital_weak,46,oracle,1.0,100,4,0.05,1.0,9.0,0.1,0,1.0,0.5142528087829188,0.7547511376273358,0.5551652276358771,9.0,9,915
2a_digital_weak,46,naive,0.009,100,4,0.05,1.0,9.0,0.1,0,1.0,0.5142528087829188,0.7547511376273358,0.5476197668546511,407.0,7,771
2a_digital_weak,46,random,0.0009,100,4,0.05,1.0,9.0,0.1,0,1.0,0.5142528087829188,0.7547511376273358,0.5502460382886273,888.0,7,884
2a_digital_weak,47,regular,0.1,100,4,0.05,1.0,9.0,0.1,0,1.0,0.5193843570883263,0.7678375091261614,0.5941636232365274,82.0,8,909
2a_digital_weak,47,superintelligent,0.9,100,4,0.05,1.0,9.0,0.1,0,1.0,0.5193843570883263,0.7678375091261614,0.5941636232365274,8.0,8,913
2a_digital_weak,47,oracle,1.0,100,4,0.05,1.0,9.0,0.1,0,1.0,0.5193843570883263,0.7678375091261614,0.5941636232365274,8.0,8,913
2a_digital_weak,47,naive,0.009,100,4,0.05,1.0,9.0,0.1,0,1.0,0.5193843570883263,0.7678375091261614,0.5883439992856265,202.0,9,904
2a_digital_weak,47,random,0.0009,100,4,0.05,1.0,9.0,0.1,0,1.0,0.5193843570883263,0.7678375091261614,0.5809240358137542,918.0,8,910
2a_digital_weak,48,regular,0.1,100,4,0.05,1.0,9.0,0.1,0,1.0,0.5099954660741299,0.7457754057060146,0.5709646249903438,89.0,9,897
2a_digital_weak,48,superintelligent,0.9,100,4,0.05,1.0,9.0,0.1,0,1.0,0.5099954660741299,0.7457754057060146,0.5709646249903438,10.0,9,910
2a_digital_weak,48,oracle,1.0,100,4,0.05,1.0,9.0,0.1,0,1.0,0.5099954660741299,0.7457754057060146,0.5709646249903438,9.0,9,910
2a_digital_weak,48,naive,0.009,100,4,0.05,1.0,9.0,0.1,0,1.0,0.5099954660741299,0.7457754057060146,0.5709646249903438,509.0,9,893
2a_digital_weak,48,random,0.0009,100,4,0.05,1.0,9.0,0.1,0,1.0,0.5099954660741299,0.7457754057060146,0.5689296718243602,916.0,10,906
2a_digital_weak,49,regular,0.1,100,4,0.05,1.0,9.0,0.1,0,1.0,0.5302655380920557,0.7673172346828953,0.5942700224457433,132.0,12,865
2a_digital_weak,49,superintelligent,0.9,100,4,0.05,1.0,9.0,0.1,0,1.0,0.5302655380920557,0.7673172346828953,0.5942700224457433,12.0,12,918
2a_digital_weak,49,oracle,1.0,100,4,0.05,1.0,9.0,0.1,0,1.0,0.5302655380920557,0.7673172346828953,0.5942700224457433,12.0,12,918
2a_digital_weak,49,naive,0.009,100,4,0.05,1.0,9.0,0.1,0,1.0,0.5302655380920557,0.7673172346828953,0.611988806964561,922.0,13,919
2a_digital_weak,49,random,0.0009,100,4,0.05,1.0,9.0,0.1,0,1.0,0.5302655380920557,0.7673172346828953,0.5710789261924996,879.0,10,919
2a_digital_weak,50,regular,0.1,100,4,0.05,1.0,9.0,0.1,0,1.0,0.49946590238183625,0.7631297639131309,0.6234697873943024,103.0,11,896
2a_digital_weak,50,superintelligent,0.9,100,4,0.05,1.0,9.0,0.1,0,1.0,0.49946590238183625,0.7631297639131309,0.6234697873943024,13.0,11,910
2a_digital_weak,50,oracle,1.0,100,4,0.05,1.0,9.0,0.1,0,1.0,0.49946590238183625,0.7631297639131309,0.6234697873943024,11.0,11,910
2a_digital_weak,50,naive,0.009,100,4,0.05,1.0,9.0,0.1,0,1.0,0.49946590238183625,0.7631297639131309,0.6232513356389261,570.0,13,900
2a_digital_weak,50,random,0.0009,100,4,0.05,1.0,9.0,0.1,0,1.0,0.49946590238183625,0.7631297639131309,0.6202479093477365,905.0,12,893
2a_digital_weak,51,regular,0.1,100,4,0.05,1.0,9.0,0.1,0,1.0,0.501411031727621,0.7611590240104888,0.5859421183494891,107.0,9,906
2a_digital_weak,51,superintelligent,0.9,100,4,0.05,1.0,9.0,0.1,0,1.0,0.501411031727621,0.7611590240104888,0.5859421183494891,9.0,9,914
2a_digital_weak,51,oracle,1.0,100,4,0.05,1.0,9.0,0.1,0,1.0,0.501411031727621,0.7611590240104888,0.5859421183494891,9.0,9,914
2a_digital_weak,51,naive,0.009,100,4,0.05,1.0,9.0,0.1,0,1.0,0.501411031727621,0.7611590240104888,0.5859421183494891,377.0,9,867
2a_digital_weak,51,random,0.0009,100,4,0.05,1.0,9.0,0.1,0,1.0,0.501411031727621,0.7611590240104888,0.5836528160556318,897.0,10,910
2a_digital_weak,52,regular,0.1,100,4,0.05,1.0,9.0,0.1,0,1.0,0.541337213157322,0.755294909014011,0.5841120950297823,54.0,9,888
2a_digital_weak,52,superintelligent,0.9,100,4,0.05,1.0,9.0,0.1,0,1.0,0.541337213157322,0.755294909014011,0.5841120950297823,12.0,9,915
2a_digital_weak,52,oracle,1.0,100,4,0.05,1.0,9.0,0.1,0,1.0,0.541337213157322,0.755294909014011,0.5841120950297823,9.0,9,915
2a_digital_weak,52,naive,0.009,100,4,0.05,1.0,9.0,0.1,0,1.0,0.541337213157322,0.755294909014011,0.5787575392816143,661.0,7,788
2a_digital_weak,52,random,0.0009,100,4,0.05,1.0,9.0,0.1,0,1.0,0.541337213157322,0.755294909014011,0.5823782694434932,860.0,8,872
2a_digital_weak,53,regular,0.1,100,4,0.05,1.0,9.0,0.1,0,1.0,0.4980444334545744,0.7742692049622679,0.5369076685864762,76.0,9,872
2a_digital_weak,53,superintelligent,0.9,100,4,0.05,1.0,9.0,0.1,0,1.0,0.4980444334545744,0.7742692049622679,0.5369076685864762,9.0,9,914
2a_digital_weak,53,oracle,1.0,100,4,0.05,1.0,9.0,0.1,0,1.0,0.4980444334545744,0.7742692049622679,0.5369076685864762,9.0,9,914
2a_digital_weak,53,naive,0.009,100,4,0.05,1.0,9.0,0.1,0,1.0,0.4980444334545744,0.7742692049622679,0.5356283753722244,452.0,8,885
2a_digital_weak,53,random,0.0009,100,4,0.05,1.0,9.0,0.1,0,1.0,0.4980444334545744,0.7742692049622679,0.5303519761331681,896.0,9,887
2a_digital_weak,54,regular,0.1,100,4,0.05,1.0,9.0,0.1,0,1.0,0.47252361087747397,0.7636949466787458,0.5980251791119826,157.0,17,880
2a_digital_weak,54,superintelligent,0.9,100,4,0.05,1.0,9.0,0.1,0,1.0,0.47252361087747397,0.7636949466787458,0.6036925555855421,18.0,18,913
2a_digital_weak,54,oracle,1.0,100,4,0.05,1.0,9.0,0.1,0,1.0,0.47252361087747397,0.7636949466787458,0.6036925555855421,18.0,18,913
2a_digital_weak,54,naive,0.009,100,4,0.05,1.0,9.0,0.1,0,1.0,0.47252361087747397,0.7636949466787458,0.5709520595883204,781.0,11,908
2a_digital_weak,54,random,0.0009,100,4,0.05,1.0,9.0,0.1,0,1.0,0.47252361087747397,0.7636949466787458,0.5655280049075112,917.0,11,906
2a_digital_weak,55,regular,0.1,100,4,0.05,1.0,9.0,0.1,0,1.0,0.5378428892535727,0.75289814513694,0.5655616831955962,27.0,6,759
2a_digital_weak,55,superintelligent,0.9,100,4,0.05,1.0,9.0,0.1,0,1.0,0.5378428892535727,0.75289814513694,0.5655616831955962,6.0,6,909
2a_digital_weak,55,oracle,1.0,100,4,0.05,1.0,9.0,0.1,0,1.0,0.5378428892535727,0.75289814513694,0.5655616831955962,6.0,6,909
2a_digital_weak,55,naive,0.009,100,4,0.05,1.0,9.0,0.1,0,1.0,0.5378428892535727,0.75289814513694,0.5628192899768394,202.0,4,863
2a_digital_weak,55,random,0.0009,100,4,0.05,1.0,9.0,0.1,0,1.0,0.5378428892535727,0.75289814513694,0.5633792775167066,731.0,6,756
2a_digital_weak,56,regular,0.1,100,4,0.05,1.0,9.0,0.1,0,1.0,0.47735957823005465,0.7726318299249217,0.5601153100811402,160.0,16,848
2a_digital_weak,56,superintelligent,0.9,100,4,0.05,1.0,9.0,0.1,0,1.0,0.47735957823005465,0.7726318299249217,0.5601153100811402,16.0,16,914
2a_digital_weak,56,oracle,1.0,100,4,0.05,1.0,9.0,0.1,0,1.0,0.47735957823005465,0.7726318299249217,0.5601153100811402,16.0,16,914
2a_digital_weak,56,naive,0.009,100,4,0.05,1.0,9.0,0.1,0,1.0,0.47735957823005465,0.7726318299249217,0.5442881741381973,918.0,14,911
2a_digital_weak,56,random,0.0009,100,4,0.05,1.0,9.0,0.1,0,1.0,0.47735957823005465,0.7726318299249217,0.5669027703227334,925.0,16,909
2a_digital_weak,57,regular,0.1,100,4,0.05,1.0,9.0,0.1,0,1.0,0.4755290242790747,0.7657603950713592,0.5536363676177902,141.0,12,881
2a_digital_weak,57,superintelligent,0.9,100,4,0.05,1.0,9.0,0.1,0,1.0,0.4755290242790747,0.7657603950713592,0.5536363676177902,13.0,12,912
2a_digital_weak,57,oracle,1.0,100,4,0.05,1.0,9.0,0.1,0,1.0,0.4755290242790747,0.7657603950713592,0.5536363676177902,12.0,12,912
2a_digital_weak,57,naive,0.009,100,4,0.05,1.0,9.0,0.1,0,1.0,0.4755290242790747,0.7657603950713592,0.5493663707380491,746.0,10,890
2a_digital_weak,57,random,0.0009,100,4,0.05,1.0,9.0,0.1,0,1.0,0.4755290242790747,0.7657603950713592,0.5506280536845519,915.0,11,911
2a_digital_weak,58,regular,0.1,100,4,0.05,1.0,9.0,0.1,0,1.0,0.5480649592069085,0.7482672907076856,0.5858869179607538,59.0,7,909
2a_digital_weak,58,superintelligent,0.9,100,4,0.05,1.0,9.0,0.1,0,1.0,0.5480649592069085,0.7482672907076856,0.5858869179607538,9.0,7,917
2a_digital_weak,58,oracle,1.0,100,4,0.05,1.0,9.0,0.1,0,1.0,0.5480649592069085,0.7482672907076856,0.5858869179607538,7.0,7,917
2a_digital_weak,58,naive,0.009,100,4,0.05,1.0,9.0,0.1,0,1.0,0.5480649592069085,0.7482672907076856,0.5820434859311249,875.0,9,873
2a_digital_weak,58,random,0.0009,100,4,0.05,1.0,9.0,0.1,0,1.0,0.5480649592069085,0.7482672907076856,0.5818419753094202,892.0,8,906
2a_digital_weak,59,regular,0.1,100,4,0.05,1.0,9.0,0.1,0,1.0,0.5072228573084949,0.7610569455525554,0.5833641126756249,42.0,8,912
2a_digital_weak,59,superintelligent,0.9,100,4,0.05,1.0,9.0,0.1,0,1.0,0.5072228573084949,0.7610569455525554,0.5833641126756249,8.0,8,913
2a_digital_weak,59,oracle,1.0,100,4,0.05,1.0,9.0,0.1,0,1.0,0.5072228573084949,0.7610569455525554,0.5833641126756249,8.0,8,913
2a_digital_weak,59,naive,0.009,100,4,0.05,1.0,9.0,0.1,0,1.0,0.5072228573084949,0.7610569455525554,0.5830948589865979,472.0,7,877
2a_digital_weak,59,random,0.0009,100,4,0.05,1.0,9.0,0.1,0,1.0,0.5072228573084949,0.7610569455525554,0.5774839390912829,889.0,9,908
2a_digital_weak,60,regular,0.1,100,4,0.05,1.0,9.0,0.1,0,1.0,0.4979987812041704,0.7579902384384536,0.5713110215559659,79.0,10,857
2a_digital_weak,60,superintelligent,0.9,100,4,0.05,1.0,9.0,0.1,0,1.0,0.4979987812041704,0.7579902384384536,0.5713110215559659,10.0,10,910
2a_digital_weak,60,oracle,1.0,100,4,0.05,1.0,9.0,0.1,0,1.0,0.4979987812041704,0.7579902384384536,0.5713110215559659,10.0,10,910
2a_digital_weak,60,naive,0.009,100,4,0.05,1.0,9.0,0.1,0,1.0,0.4979987812041704,0.7579902384384536,0.5621445219355663,610.0,8,907
2a_digital_weak,60,random,0.0009,100,4,0.05,1.0,9.0,0.1,0,1.0,0.4979987812041704,0.7579902384384536,0.572184561923358,763.0,11,851
2a_digital_weak,61,regular,0.1,100,4,0.05,1.0,9.0,0.1,0,1.0,0.46297714330606565,0.7615138639985403,0.509799769347245,47.0,7,837
2a_digital_weak,61,superintelligent,0.9,100,4,0.05,1.0,9.0,0.1,0,1.0,0.46297714330606565,0.7615138639985403,0.509799769347245,8.0,7,913
2a_digital_weak,61,oracle,1.0,100,4,0.05,1.0,9.0,0.1,0,1.0,0.46297714330606565,0.7615138639985403,0.509799769347245,7.0,7,913
2a_digital_weak,61,naive,0.009,100,4,0.05,1.0,9.0,0.1,0,1.0,0.46297714330606565,0.7615138639985403,0.521195547966223,429.0,8,881
2a_digital_weak,61,random,0.0009,100,4,0.05,1.0,9.0,0.1,0,1.0,0.46297714330606565,0.7615138639985403,0.5060062662558898,787.0,8,849
2a_digital_weak,62,regular,0.1,100,4,0.05,1.0,9.0,0.1,0,1.0,0.484018805989274,0.7580548020288533,0.5452262611942835,65.0,9,872
2a_digital_weak,62,superintelligent,0.9,100,4,0.05,1.0,9.0,0.1,0,1.0,0.484018805989274,0.7580548020288533,0.5452262611942835,9.0,9,910
2a_digital_weak,62,oracle,1.0,100,4,0.05,1.0,9.0,0.1,0,1.0,0.484018805989274,0.7580548020288533,0.5452262611942835,9.0,9,910
2a_digital_weak,62,naive,0.009,100,4,0.05,1.0,9.0,0.1,0,1.0,0.484018805989274,0.7580548020288533,0.5452262611942835,601.0,9,792
2a_digital_weak,62,random,0.0009,100,4,0.05,1.0,9.0,0.1,0,1.0,0.484018805989274,0.7580548020288533,0.5329069903679733,694.0,9,830
2a_digital_weak,63,regular,0.1,100,4,0.05,1.0,9.0,0.1,0,1.0,0.5135508115928265,0.7616738827529229,0.5451052652563425,60.0,6,906
2a_digital_weak,63,superintelligent,0.9,100,4,0.05,1.0,9.0,0.1,0,1.0,0.5135508115928265,0.7616738827529229,0.5451052652563425,7.0,6,911
2a_digital_weak,63,oracle,1.0,100,4,0.05,1.0,9.0,0.1,0,1.0,0.5135508115928265,0.7616738827529229,0.5451052652563425,6.0,6,911
2a_digital_weak,63,naive,0.009,100,4,0.05,1.0,9.0,0.1,0,1.0,0.5135508115928265,0.7616738827529229,0.5418348290962813,226.0,6,898
2a_digital_weak,63,random,0.0009,100,4,0.05,1.0,9.0,0.1,0,1.0,0.5135508115928265,0.7616738827529229,0.5625275407460699,875.0,15,906
2a_digital_weak,64,regular,0.1,100,4,0.05,1.0,9.0,0.1,0,1.0,0.47437538253172723,0.7585241964077227,0.5991161958646264,156.0,19,867
2a_digital_weak,64,superintelligent,0.9,100,4,0.05,1.0,9.0,0.1,0,1.0,0.47437538253172723,0.7585241964077227,0.5991161958646264,21.0,19,912
2a_digital_weak,64,oracle,1.0,100,4,0.05,1.0,9.0,0.1,0,1.0,0.47437538253172723,0.7585241964077227,0.5991161958646264,19.0,19,912
2a_digital_weak,64,naive,0.009,100,4,0.05,1.0,9.0,0.1,0,1.0,0.47437538253172723,0.7585241964077227,0.5712004537589682,901.0,17,888
2a_digital_weak,64,random,0.0009,100,4,0.05,1.0,9.0,0.1,0,1.0,0.47437538253172723,0.7585241964077227,0.5620590081611074,932.0,18,914
2a_digital_weak,65,regular,0.1,100,4,0.05,1.0,9.0,0.1,0,1.0,0.5046456091382175,0.7735260287796054,0.54720760796746,94.0,7,842
2a_digital_weak,65,superintelligent,0.9,100,4,0.05,1.0,9.0,0.1,0,1.0,0.5046456091382175,0.7735260287796054,0.54720760796746,7.0,7,914
2a_digital_weak,65,oracle,1.0,100,4,0.05,1.0,9.0,0.1,0,1.0,0.5046456091382175,0.7735260287796054,0.54720760796746,7.0,7,914
2a_digital_weak,65,naive,0.009,100,4,0.05,1.0,9.0,0.1,0,1.0,0.5046456091382175,0.7735260287796054,0.539773789896074,288.0,6,704
2a_digital_weak,65,random,0.0009,100,4,0.05,1.0,9.0,0.1,0,1.0,0.5046456091382175,0.7735260287796054,0.5457222193635488,571.0,7,786
2a_digital_weak,66,regular,0.1,100,4,0.05,1.0,9.0,0.1,0,1.0,0.4764770869455578,0.7670856005390686,0.5795171516729147,115.0,11,772
2a_digital_weak,66,superintelligent,0.9,100,4,0.05,1.0,9.0,0.1,0,1.0,0.4764770869455578,0.7670856005390686,0.5795171516729147,12.0,11,912
2a_digital_weak,66,oracle,1.0,100,4,0.05,1.0,9.0,0.1,0,1.0,0.4764770869455578,0.7670856005390686,0.5795171516729147,11.0,11,912
2a_digital_weak,66,naive,0.009,100,4,0.05,1.0,9.0,0.1,0,1.0,0.4764770869455578,0.7670856005390686,0.5795171516729147,814.0,11,898
2a_digital_weak,66,random,0.0009,100,4,0.05,1.0,9.0,0.1,0,1.0,0.4764770869455578,0.7670856005390686,0.5546143729014961,809.0,8,852
2a_digital_weak,67,regular,0.1,100,4,0.05,1.0,9.0,0.1,0,1.0,0.4929518620789964,0.7599665360159695,0.5618383660124074,80.0,11,872
2a_digital_weak,67,superintelligent,0.9,100,4,0.05,1.0,9.0,0.1,0,1.0,0.4929518620789964,0.7599665360159695,0.5618383660124074,12.0,11,915
2a_digital_weak,67,oracle,1.0,100,4,0.05,1.0,9.0,0.1,0,1.0,0.4929518620789964,0.7599665360159695,0.5618383660124074,11.0,11,915
2a_digital_weak,67,naive,0.009,100,4,0.05,1.0,9.0,0.1,0,1.0,0.4929518620789964,0.7599665360159695,0.5484428137622636,322.0,8,836
2a_digital_weak,67,random,0.0009,100,4,0.05,1.0,9.0,0.1,0,1.0,0.4929518620789964,0.7599665360159695,0.5541560807646996,775.0,8,897
2a_digital_weak,68,regular,0.1,100,4,0.05,1.0,9.0,0.1,0,1.0,0.5381100731361417,0.7533142001026926,0.5937232284798872,85.0,8,913
2a_digital_weak,68,superintelligent,0.9,100,4,0.05,1.0,9.0,0.1,0,1.0,0.5381100731361417,0.7533142001026926,0.5937232284798872,10.0,8,913
2a_digital_weak,68,oracle,1.0,100,4,0.05,1.0,9.0,0.1,0,1.0,0.5381100731361417,0.7533142001026926,0.5937232284798872,8.0,8,913
2a_digital_weak,68,naive,0.009,100,4,0.05,1.0,9.0,0.1,0,1.0,0.5381100731361417,0.7533142001026926,0.5886742809409208,415.0,8,889
2a_digital_weak,68,random,0.0009,100,4,0.05,1.0,9.0,0.1,0,1.0,0.5381100731361417,0.7533142001026926,0.5898070850915694,792.0,7,823
2a_digital_weak,69,regular,0.1,100,4,0.05,1.0,9.0,0.1,0,1.0,0.47864348887999236,0.7749655648028718,0.587248287186523,142.0,18,869
2a_digital_weak,69,superintelligent,0.9,100,4,0.05,1.0,9.0,0.1,0,1.0,0.47864348887999236,0.7749655648028718,0.587248287186523,18.0,18,910
2a_digital_weak,69,oracle,1.0,100,4,0.05,1.0,9.0,0.1,0,1.0,0.47864348887999236,0.7749655648028718,0.587248287186523,18.0,18,910
2a_digital_weak,69,naive,0.009,100,4,0.05,1.0,9.0,0.1,0,1.0,0.47864348887999236,0.7749655648028718,0.5280942702878979,414.0,7,897
2a_digital_weak,69,random,0.0009,100,4,0.05,1.0,9.0,0.1,0,1.0,0.47864348887999236,0.7749655648028718,0.5782039870300679,900.0,16,904
2a_digital_weak,70,regular,0.1,100,4,0.05,1.0,9.0,0.1,0,1.0,0.4987870110342976,0.7674877841025112,0.547874258356199,43.0,8,912
2a_digital_weak,70,superintelligent,0.9,100,4,0.05,1.0,9.0,0.1,0,1.0,0.4987870110342976,0.7674877841025112,0.547874258356199,8.0,8,913
2a_digital_weak,70,oracle,1.0,100,4,0.05,1.0,9.0,0.1,0,1.0,0.4987870110342976,0.7674877841025112,0.547874258356199,8.0,8,913
2a_digital_weak,70,naive,0.009,100,4,0.05,1.0,9.0,0.1,0,1.0,0.4987870110342976,0.7674877841025112,0.5554579102787662,920.0,14,914
2a_digital_weak,70,random,0.0009,100,4,0.05,1.0,9.0,0.1,0,1.0,0.4987870110342976,0.7674877841025112,0.5574943247704967,920.0,14,906
2a_digital_weak,71,regular,0.1,100,4,0.05,1.0,9.0,0.1,0,1.0,0.4975137562114045,0.7422099063566148,0.6104765410715488,120.0,11,892
2a_digital_weak,71,superintelligent,0.9,100,4,0.05,1.0,9.0,0.1,0,1.0,0.4975137562114045,0.7422099063566148,0.6104765410715488,12.0,11,916
2a_digital_weak,71,oracle,1.0,100,4,0.05,1.0,9.0,0.1,0,1.0,0.4975137562114045,0.7422099063566148,0.6104765410715488,11.0,11,916
2a_digital_weak,71,naive,0.009,100,4,0.05,1.0,9.0,0.1,0,1.0,0.4975137562114045,0.7422099063566148,0.5715130119887981,563.0,7,915
2a_digital_weak,71,random,0.0009,100,4,0.05,1.0,9.0,0.1,0,1.0,0.4975137562114045,0.7422099063566148,0.5648075924289141,692.0,6,906
2a_digital_weak,72,regular,0.1,100,4,0.05,1.0,9.0,0.1,0,1.0,0.5176432886580599,0.7601040494935234,0.5885601471302981,93.0,13,870
2a_digital_weak,72,superintelligent,0.9,100,4,0.05,1.0,9.0,0.1,0,1.0,0.5176432886580599,0.7601040494935234,0.5885601471302981,14.0,13,918
2a_digital_weak,72,oracle,1.0,100,4,0.05,1.0,9.0,0.1,0,1.0,0.5176432886580599,0.7601040494935234,0.5885601471302981,13.0,13,918
2a_digital_weak,72,naive,0.009,100,4,0.05,1.0,9.0,0.1,0,1.0,0.5176432886580599,0.7601040494935234,0.5881733895889488,460.0,13,904
2a_digital_weak,72,random,0.0009,100,4,0.05,1.0,9.0,0.1,0,1.0,0.5176432886580599,0.7601040494935234,0.586564608817569,896.0,14,906
2a_digital_weak,73,regular,0.1,100,4,0.05,1.0,9.0,0.1,0,1.0,0.5150832151093997,0.7523201710845536,0.5808025088323263,126.0,12,854
2a_digital_weak,73,superintelligent,0.9,100,4,0.05,1.0,9.0,0.1,0,1.0,0.5150832151093997,0.7523201710845536,0.5878530680584765,15.0,14,913
2a_digital_weak,73,oracle,1.0,100,4,0.05,1.0,9.0,0.1,0,1.0,0.5150832151093997,0.7523201710845536,0.5878530680584765,14.0,14,913
2a_digital_weak,73,naive,0.009,100,4,0.05,1.0,9.0,0.1,0,1.0,0.5150832151093997,0.7523201710845536,0.5762561349686429,594.0,10,887
2a_digital_weak,73,random,0.0009,100,4,0.05,1.0,9.0,0.1,0,1.0,0.5150832151093997,0.7523201710845536,0.5831289851536247,903.0,14,907
2a_digital_weak,74,regular,0.1,100,4,0.05,1.0,9.0,0.1,0,1.0,0.5125710515439693,0.7539335907074518,0.5498142501753275,56.0,7,774
2a_digital_weak,74,superintelligent,0.9,100,4,0.05,1.0,9.0,0.1,0,1.0,0.5125710515439693,0.7539335907074518,0.5498142501753275,8.0,7,906
2a_digital_weak,74,oracle,1.0,100,4,0.05,1.0,9.0,0.1,0,1.0,0.5125710515439693,0.7539335907074518,0.5498142501753275,7.0,7,906
2a_digital_weak,74,naive,0.009,100,4,0.05,1.0,9.0,0.1,0,1.0,0.5125710515439693,0.7539335907074518,0.5498142501753275,497.0,7,832
2a_digital_weak,74,random,0.0009,100,4,0.05,1.0,9.0,0.1,0,1.0,0.5125710515439693,0.7539335907074518,0.5482083828780208,873.0,6,867
2a_digital_weak,75,regular,0.1,100,4,0.05,1.0,9.0,0.1,0,1.0,0.5023099594775197,0.7531299737339862,0.5525180684934647,61.0,10,843
2a_digital_weak,75,superintelligent,0.9,100,4,0.05,1.0,9.0,0.1,0,1.0,0.5023099594775197,0.7531299737339862,0.5525180684934647,11.0,10,913
2a_digital_weak,75,oracle,1.0,100,4,0.05,1.0,9.0,0.1,0,1.0,0.5023099594775197,0.7531299737339862,0.5525180684934647,10.0,10,913
2a_digital_weak,75,naive,0.009,100,4,0.05,1.0,9.0,0.1,0,1.0,0.5023099594775197,0.7531299737339862,0.5525180684934647,639.0,10,902
2a_digital_weak,75,random,0.0009,100,4,0.05,1.0,9.0,0.1,0,1.0,0.5023099594775197,0.7531299737339862,0.5562880364289124,554.0,8,900
2a_digital_weak,76,regular,0.1,100,4,0.05,1.0,9.0,0.1,0,1.0,0.5000189448895389,0.7604220801794994,0.5797799039783886,107.0,10,848
2a_digital_weak,76,superintelligent,0.9,100,4,0.05,1.0,9.0,0.1,0,1.0,0.5000189448895389,0.7604220801794994,0.5797799039783886,13.0,10,912
2a_digital_weak,76,oracle,1.0,100,4,0.05,1.0,9.0,0.1,0,1.0,0.5000189448895389,0.7604220801794994,0.5797799039783886,10.0,10,912
2a_digital_weak,76,naive,0.009,100,4,0.05,1.0,9.0,0.1,0,1.0,0.5000189448895389,0.7604220801794994,0.5756876339217288,588.0,10,904
2a_digital_weak,76,random,0.0009,100,4,0.05,1.0,9.0,0.1,0,1.0,0.5000189448895389,0.7604220801794994,0.5783726455932922,883.0,9,874
2a_digital_weak,77,regular,0.1,100,4,0.05,1.0,9.0,0.1,0,1.0,0.43579878658995014,0.7723619820101414,0.5207100104151986,66.0,8,910
2a_digital_weak,77,superintelligent,0.9,100,4,0.05,1.0,9.0,0.1,0,1.0,0.43579878658995014,0.7723619820101414,0.5207100104151986,8.0,8,912
2a_digital_weak,77,oracle,1.0,100,4,0.05,1.0,9.0,0.1,0,1.0,0.43579878658995014,0.7723619820101414,0.5207100104151986,8.0,8,912
2a_digital_weak,77,naive,0.009,100,4,0.05,1.0,9.0,0.1,0,1.0,0.43579878658995014,0.7723619820101414,0.5651548278444812,824.0,15,895
2a_digital_weak,77,random,0.0009,100,4,0.05,1.0,9.0,0.1,0,1.0,0.43579878658995014,0.7723619820101414,0.5948794686987635,910.0,20,890
2a_digital_weak,78,regular,0.1,100,4,0.05,1.0,9.0,0.1,0,1.0,0.4850678008054949,0.7554120973113809,0.5271149193488762,64.0,9,894
2a_digital_weak,78,superintelligent,0.9,100,4,0.05,1.0,9.0,0.1,0,1.0,0.4850678008054949,0.7554120973113809,0.5271149193488762,9.0,9,910
2a_digital_weak,78,oracle,1.0,100,4,0.05,1.0,9.0,0.1,0,1.0,0.4850678008054949,0.7554120973113809,0.5271149193488762,9.0,9,910
2a_digital_weak,78,naive,0.009,100,4,0.05,1.0,9.0,0.1,0,1.0,0.4850678008054949,0.7554120973113809,0.5310925458714093,561.0,11,825
2a_digital_weak,78,random,0.0009,100,4,0.05,1.0,9.0,0.1,0,1.0,0.4850678008054949,0.7554120973113809,0.5212389042188021,738.0,8,903
2a_digital_weak,79,regular,0.1,100,4,0.05,1.0,9.0,0.1,0,1.0,0.4836134938202434,0.7506189605548477,0.5386647180055256,55.0,11,904
2a_digital_weak,79,superintelligent,0.9,100,4,0.05,1.0,9.0,0.1,0,1.0,0.4836134938202434,0.7506189605548477,0.5386647180055256,12.0,11,913
2a_digital_weak,79,oracle,1.0,100,4,0.05,1.0,9.0,0.1,0,1.0,0.4836134938202434,0.7506189605548477,0.5386647180055256,11.0,11,913
2a_digital_weak,79,naive,0.009,100,4,0.05,1.0,9.0,0.1,0,1.0,0.4836134938202434,0.7506189605548477,0.5322288014105052,393.0,10,902
2a_digital_weak,79,random,0.0009,100,4,0.05,1.0,9.0,0.1,0,1.0,0.4836134938202434,0.7506189605548477,0.5302907485540131,870.0,11,913
2a_digital_weak,80,regular,0.1,100,4,0.05,1.0,9.0,0.1,0,1.0,0.49399922513397015,0.755945460118761,0.5531899031341199,94.0,10,876
2a_digital_weak,80,superintelligent,0.9,100,4,0.05,1.0,9.0,0.1,0,1.0,0.49399922513397015,0.755945460118761,0.5531899031341199,11.0,10,915
2a_digital_weak,80,oracle,1.0,100,4,0.05,1.0,9.0,0.1,0,1.0,0.49399922513397015,0.755945460118761,0.5531899031341199,10.0,10,915
2a_digital_weak,80,naive,0.009,100,4,0.05,1.0,9.0,0.1,0,1.0,0.49399922513397015,0.755945460118761,0.5478604963586582,373.0,8,729
2a_digital_weak,80,random,0.0009,100,4,0.05,1.0,9.0,0.1,0,1.0,0.49399922513397015,0.755945460118761,0.5389086255181187,875.0,10,898
2a_digital_weak,81,regular,0.1,100,4,0.05,1.0,9.0,0.1,0,1.0,0.4841520064736182,0.766923529806734,0.5729347335000732,97.0,10,913
2a_digital_weak,81,superintelligent,0.9,100,4,0.05,1.0,9.0,0.1,0,1.0,0.4841520064736182,0.766923529806734,0.5729347335000732,10.0,10,913
2a_digital_weak,81,oracle,1.0,100,4,0.05,1.0,9.0,0.1,0,1.0,0.4841520064736182,0.766923529806734,0.5729347335000732,10.0,10,913
2a_digital_weak,81,naive,0.009,100,4,0.05,1.0,9.0,0.1,0,1.0,0.4841520064736182,0.766923529806734,0.5671703299518929,769.0,9,868
2a_digital_weak,81,random,0.0009,100,4,0.05,1.0,9.0,0.1,0,1.0,0.4841520064736182,0.766923529806734,0.5597617780084586,834.0,11,823
2a_digital_weak,82,regular,0.1,100,4,0.05,1.0,9.0,0.1,0,1.0,0.44638815024210776,0.7512357448174155,0.5853025384025792,105.0,15,838
2a_digital_weak,82,superintelligent,0.9,100,4,0.05,1.0,9.0,0.1,0,1.0,0.44638815024210776,0.7512357448174155,0.5853025384025792,17.0,15,911
2a_digital_weak,82,oracle,1.0,100,4,0.05,1.0,9.0,0.1,0,1.0,0.44638815024210776,0.7512357448174155,0.5853025384025792,15.0,15,911
2a_digital_weak,82,naive,0.009,100,4,0.05,1.0,9.0,0.1,0,1.0,0.44638815024210776,0.7512357448174155,0.5853025384025792,719.0,15,870
2a_digital_weak,82,random,0.0009,100,4,0.05,1.0,9.0,0.1,0,1.0,0.44638815024210776,0.7512357448174155,0.5912801248004304,905.0,21,913
2a_digital_weak,83,regular,0.1,100,4,0.05,1.0,9.0,0.1,0,1.0,0.506274605066487,0.7453770367269765,0.5741106528130311,75.0,9,867
2a_digital_weak,83,superintelligent,0.9,100,4,0.05,1.0,9.0,0.1,0,1.0,0.506274605066487,0.7453770367269765,0.5741106528130311,10.0,9,914
2a_digital_weak,83,oracle,1.0,100,4,0.05,1.0,9.0,0.1,0,1.0,0.506274605066487,0.7453770367269765,0.5741106528130311,9.0,9,914
2a_digital_weak,83,naive,0.009,100,4,0.05,1.0,9.0,0.1,0,1.0,0.506274605066487,0.7453770367269765,0.5669504121028938,461.0,9,838
2a_digital_weak,83,random,0.0009,100,4,0.05,1.0,9.0,0.1,0,1.0,0.506274605066487,0.7453770367269765,0.5682703002229609,922.0,8,914
2a_digital_weak,84,regular,0.1,100,4,0.05,1.0,9.0,0.1,0,1.0,0.5145903571528495,0.7596456790036191,0.5674624735190591,81.0,9,872
2a_digital_weak,84,superintelligent,0.9,100,4,0.05,1.0,9.0,0.1,0,1.0,0.5145903571528495,0.7596456790036191,0.5674624735190591,9.0,9,908
2a_digital_weak,84,oracle,1.0,100,4,0.05,1.0,9.0,0.1,0,1.0,0.5145903571528495,0.7596456790036191,0.5674624735190591,9.0,9,908
2a_digital_weak,84,naive,0.009,100,4,0.05,1.0,9.0,0.1,0,1.0,0.5145903571528495,0.7596456790036191,0.5602571971325765,576.0,8,897
2a_digital_weak,84,random,0.0009,100,4,0.05,1.0,9.0,0.1,0,1.0,0.5145903571528495,0.7596456790036191,0.5602571971325765,888.0,8,880
2a_digital_weak,85,regular,0.1,100,4,0.05,1.0,9.0,0.1,0,1.0,0.5091528641878873,0.7518234358040407,0.6043095623151619,176.0,13,896
2a_digital_weak,85,superintelligent,0.9,100,4,0.05,1.0,9.0,0.1,0,1.0,0.5091528641878873,0.7518234358040407,0.6046258849358545,16.0,14,915
2a_digital_weak,85,oracle,1.0,100,4,0.05,1.0,9.0,0.1,0,1.0,0.5091528641878873,0.7518234358040407,0.6046258849358545,14.0,14,915
2a_digital_weak,85,naive,0.009,100,4,0.05,1.0,9.0,0.1,0,1.0,0.5091528641878873,0.7518234358040407,0.5898816771375117,801.0,11,898
2a_digital_weak,85,random,0.0009,100,4,0.05,1.0,9.0,0.1,0,1.0,0.5091528641878873,0.7518234358040407,0.5731355096172182,922.0,9,913
2a_digital_weak,86,regular,0.1,100,4,0.05,1.0,9.0,0.1,0,1.0,0.49938783973685585,0.7606244112684093,0.5837458975051959,112.0,11,841
2a_digital_weak,86,superintelligent,0.9,100,4,0.05,1.0,9.0,0.1,0,1.0,0.49938783973685585,0.7606244112684093,0.5837458975051959,13.0,11,918
2a_digital_weak,86,oracle,1.0,100,4,0.05,1.0,9.0,0.1,0,1.0,0.49938783973685585,0.7606244112684093,0.5837458975051959,11.0,11,918
2a_digital_weak,86,naive,0.009,100,4,0.05,1.0,9.0,0.1,0,1.0,0.49938783973685585,0.7606244112684093,0.5837458975051959,755.0,11,914
2a_digital_weak,86,random,0.0009,100,4,0.05,1.0,9.0,0.1,0,1.0,0.49938783973685585,0.7606244112684093,0.5786383175734029,878.0,11,902
2a_digital_weak,87,regular,0.1,100,4,0.05,1.0,9.0,0.1,0,1.0,0.47816604609084334,0.7606560200924645,0.5279421478342635,94.0,8,893
2a_digital_weak,87,superintelligent,0.9,100,4,0.05,1.0,9.0,0.1,0,1.0,0.47816604609084334,0.7606560200924645,0.5279421478342635,8.0,8,916
2a_digital_weak,87,oracle,1.0,100,4,0.05,1.0,9.0,0.1,0,1.0,0.47816604609084334,0.7606560200924645,0.5279421478342635,8.0,8,916
2a_digital_weak,87,naive,0.009,100,4,0.05,1.0,9.0,0.1,0,1.0,0.47816604609084334,0.7606560200924645,0.5279421478342635,652.0,8,907
2a_digital_weak,87,random,0.0009,100,4,0.05,1.0,9.0,0.1,0,1.0,0.47816604609084334,0.7606560200924645,0.5279421478342635,647.0,8,903
2a_digital_weak,88,regular,0.1,100,4,0.05,1.0,9.0,0.1,0,1.0,0.5377819170750976,0.7484331614707979,0.6012656505413407,100.0,13,888
2a_digital_weak,88,superintelligent,0.9,100,4,0.05,1.0,9.0,0.1,0,1.0,0.5377819170750976,0.7484331614707979,0.6012656505413407,14.0,13,913
2a_digital_weak,88,oracle,1.0,100,4,0.05,1.0,9.0,0.1,0,1.0,0.5377819170750976,0.7484331614707979,0.6012656505413407,13.0,13,913
2a_digital_weak,88,naive,0.009,100,4,0.05,1.0,9.0,0.1,0,1.0,0.5377819170750976,0.7484331614707979,0.5829243578673494,702.0,9,880
2a_digital_weak,88,random,0.0009,100,4,0.05,1.0,9.0,0.1,0,1.0,0.5377819170750976,0.7484331614707979,0.5970509585263472,736.0,11,903
2a_digital_weak,89,regular,0.1,100,4,0.05,1.0,9.0,0.1,0,1.0,0.4993973215374801,0.7629168421613018,0.5981302449111233,56.0,11,835
2a_digital_weak,89,superintelligent,0.9,100,4,0.05,1.0,9.0,0.1,0,1.0,0.4993973215374801,0.7629168421613018,0.5981302449111233,11.0,11,913
2a_digital_weak,89,oracle,1.0,100,4,0.05,1.0,9.0,0.1,0,1.0,0.4993973215374801,0.7629168421613018,0.5981302449111233,11.0,11,913
2a_digital_weak,89,naive,0.009,100,4,0.05,1.0,9.0,0.1,0,1.0,0.4993973215374801,0.7629168421613018,0.5896738223488064,623.0,10,912
2a_digital_weak,89,random,0.0009,100,4,0.05,1.0,9.0,0.1,0,1.0,0.4993973215374801,0.7629168421613018,0.5981302449111233,892.0,11,900
2a_digital_weak,90,regular,0.1,100,4,0.05,1.0,9.0,0.1,0,1.0,0.46075436870467273,0.7488804162418403,0.5652508634489868,171.0,15,906
2a_digital_weak,90,superintelligent,0.9,100,4,0.05,1.0,9.0,0.1,0,1.0,0.46075436870467273,0.7488804162418403,0.5652508634489868,15.0,15,915
2a_digital_weak,90,oracle,1.0,100,4,0.05,1.0,9.0,0.1,0,1.0,0.46075436870467273,0.7488804162418403,0.5652508634489868,15.0,15,915
2a_digital_weak,90,naive,0.009,100,4,0.05,1.0,9.0,0.1,0,1.0,0.46075436870467273,0.7488804162418403,0.5571945710807459,655.0,11,861
2a_digital_weak,90,random,0.0009,100,4,0.05,1.0,9.0,0.1,0,1.0,0.46075436870467273,0.7488804162418403,0.5640368086756125,928.0,16,914
2a_digital_weak,91,regular,0.1,100,4,0.05,1.0,9.0,0.1,0,1.0,0.5238416671380903,0.7659145678649248,0.588474096853371,87.0,9,876
2a_digital_weak,91,superintelligent,0.9,100,4,0.05,1.0,9.0,0.1,0,1.0,0.5238416671380903,0.7659145678649248,0.588474096853371,11.0,9,911
2a_digital_weak,91,oracle,1.0,100,4,0.05,1.0,9.0,0.1,0,1.0,0.5238416671380903,0.7659145678649248,0.588474096853371,9.0,9,911
2a_digital_weak,91,naive,0.009,100,4,0.05,1.0,9.0,0.1,0,1.0,0.5238416671380903,0.7659145678649248,0.5797796317425877,655.0,10,896
2a_digital_weak,91,random,0.0009,100,4,0.05,1.0,9.0,0.1,0,1.0,0.5238416671380903,0.7659145678649248,0.5868191060536959,749.0,10,790
2a_digital_weak,92,regular,0.1,100,4,0.05,1.0,9.0,0.1,0,1.0,0.5796161956171804,0.7527221769271448,0.6183240017477744,85.0,9,890
2a_digital_weak,92,superintelligent,0.9,100,4,0.05,1.0,9.0,0.1,0,1.0,0.5796161956171804,0.7527221769271448,0.6183240017477744,10.0,9,914
2a_digital_weak,92,oracle,1.0,100,4,0.05,1.0,9.0,0.1,0,1.0,0.5796161956171804,0.7527221769271448,0.6183240017477744,9.0,9,914
2a_digital_weak,92,naive,0.009,100,4,0.05,1.0,9.0,0.1,0,1.0,0.5796161956171804,0.7527221769271448,0.6179259780616654,454.0,8,769
2a_digital_weak,92,random,0.0009,100,4,0.05,1.0,9.0,0.1,0,1.0,0.5796161956171804,0.7527221769271448,0.60681641832141,843.0,5,855
2a_digital_weak,93,regular,0.1,100,4,0.05,1.0,9.0,0.1,0,1.0,0.5118206071684703,0.7530948144178605,0.5867136360100471,160.0,11,849
2a_digital_weak,93,superintelligent,0.9,100,4,0.05,1.0,9.0,0.1,0,1.0,0.5118206071684703,0.7530948144178605,0.5867136360100471,12.0,11,913
2a_digital_weak,93,oracle,1.0,100,4,0.05,1.0,9.0,0.1,0,1.0,0.5118206071684703,0.7530948144178605,0.5867136360100471,11.0,11,913
2a_digital_weak,93,naive,0.009,100,4,0.05,1.0,9.0,0.1,0,1.0,0.5118206071684703,0.7530948144178605,0.5698530769396799,648.0,11,849
2a_digital_weak,93,random,0.0009,100,4,0.05,1.0,9.0,0.1,0,1.0,0.5118206071684703,0.7530948144178605,0.5677233287130309,772.0,10,827
2a_digital_weak,94,regular,0.1,100,4,0.05,1.0,9.0,0.1,0,1.0,0.5282472188568554,0.7509864652409981,0.5668609096421333,82.0,5,917
2a_digital_weak,94,superintelligent,0.9,100,4,0.05,1.0,9.0,0.1,0,1.0,0.5282472188568554,0.7509864652409981,0.5668609096421333,5.0,5,919
2a_digital_weak,94,oracle,1.0,100,4,0.05,1.0,9.0,0.1,0,1.0,0.5282472188568554,0.7509864652409981,0.5668609096421333,5.0,5,919
2a_digital_weak,94,naive,0.009,100,4,0.05,1.0,9.0,0.1,0,1.0,0.5282472188568554,0.7509864652409981,0.5795544667638493,515.0,11,853
2a_digital_weak,94,random,0.0009,100,4,0.05,1.0,9.0,0.1,0,1.0,0.5282472188568554,0.7509864652409981,0.5668609096421333,813.0,5,889
2a_digital_weak,95,regular,0.1,100,4,0.05,1.0,9.0,0.1,0,1.0,0.4954695623299212,0.7680789900862397,0.586263145060423,111.0,14,860
2a_digital_weak,95,superintelligent,0.9,100,4,0.05,1.0,9.0,0.1,0,1.0,0.4954695623299212,0.7680789900862397,0.586263145060423,16.0,14,911
2a_digital_weak,95,oracle,1.0,100,4,0.05,1.0,9.0,0.1,0,1.0,0.4954695623299212,0.7680789900862397,0.586263145060423,14.0,14,911
2a_digital_weak,95,naive,0.009,100,4,0.05,1.0,9.0,0.1,0,1.0,0.4954695623299212,0.7680789900862397,0.577535038579575,778.0,13,861
2a_digital_weak,95,random,0.0009,100,4,0.05,1.0,9.0,0.1,0,1.0,0.4954695623299212,0.7680789900862397,0.5587608785041965,816.0,9,849
2a_digital_weak,96,regular,0.1,100,4,0.05,1.0,9.0,0.1,0,1.0,0.5325435829909249,0.7538567638313242,0.5946587008591622,60.0,7,813
2a_digital_weak,96,superintelligent,0.9,100,4,0.05,1.0,9.0,0.1,0,1.0,0.5325435829909249,0.7538567638313242,0.5946587008591622,7.0,7,910
2a_digital_weak,96,oracle,1.0,100,4,0.05,1.0,9.0,0.1,0,1.0,0.5325435829909249,0.7538567638313242,0.5946587008591622,7.0,7,910
2a_digital_weak,96,naive,0.009,100,4,0.05,1.0,9.0,0.1,0,1.0,0.5325435829909249,0.7538567638313242,0.5946587008591622,657.0,7,817
2a_digital_weak,96,random,0.0009,100,4,0.05,1.0,9.0,0.1,0,1.0,0.5325435829909249,0.7538567638313242,0.5946587008591622,873.0,7,866
2a_digital_weak,97,regular,0.1,100,4,0.05,1.0,9.0,0.1,0,1.0,0.4817084538790057,0.7644404529320148,0.600459906178006,95.0,15,903
2a_digital_weak,97,superintelligent,0.9,100,4,0.05,1.0,9.0,0.1,0,1.0,0.4817084538790057,0.7644404529320148,0.600459906178006,18.0,15,911
2a_digital_weak,97,oracle,1.0,100,4,0.05,1.0,9.0,0.1,0,1.0,0.4817084538790057,0.7644404529320148,0.600459906178006,15.0,15,911
2a_digital_weak,97,naive,0.009,100,4,0.05,1.0,9.0,0.1,0,1.0,0.4817084538790057,0.7644404529320148,0.5637413392286327,883.0,10,873
2a_digital_weak,97,random,0.0009,100,4,0.05,1.0,9.0,0.1,0,1.0,0.4817084538790057,0.7644404529320148,0.5673348485603613,812.0,12,847
2a_digital_weak,98,regular,0.1,100,4,0.05,1.0,9.0,0.1,0,1.0,0.5009554989262589,0.7513795482867842,0.5928788722104306,119.0,15,775
2a_digital_weak,98,superintelligent,0.9,100,4,0.05,1.0,9.0,0.1,0,1.0,0.5009554989262589,0.7513795482867842,0.5928788722104306,16.0,15,914
2a_digital_weak,98,oracle,1.0,100,4,0.05,1.0,9.0,0.1,0,1.0,0.5009554989262589,0.7513795482867842,0.5928788722104306,15.0,15,914
2a_digital_weak,98,naive,0.009,100,4,0.05,1.0,9.0,0.1,0,1.0,0.5009554989262589,0.7513795482867842,0.5931816072208975,698.0,17,907
2a_digital_weak,98,random,0.0009,100,4,0.05,1.0,9.0,0.1,0,1.0,0.5009554989262589,0.7513795482867842,0.572789540220837,920.0,13,915
2a_digital_weak,99,regular,0.1,100,4,0.05,1.0,9.0,0.1,0,1.0,0.5336039237567476,0.7583371810154899,0.5802999925013939,29.0,7,835
2a_digital_weak,99,superintelligent,0.9,100,4,0.05,1.0,9.0,0.1,0,1.0,0.5336039237567476,0.7583371810154899,0.5802999925013939,8.0,7,911
2a_digital_weak,99,oracle,1.0,100,4,0.05,1.0,9.0,0.1,0,1.0,0.5336039237567476,0.7583371810154899,0.5802999925013939,7.0,7,911
2a_digital_weak,99,naive,0.009,100,4,0.05,1.0,9.0,0.1,0,1.0,0.5336039237567476,0.7583371810154899,0.5799759684440066,414.0,6,851
2a_digital_weak,99,random,0.0009,100,4,0.05,1.0,9.0,0.1,0,1.0,0.5336039237567476,0.7583371810154899,0.5777111386461388,794.0,7,865
2b_digital_strong,0,regular,0.1,100,4,0.05,1.0,9.0,0.1,10,20.0,0.5521178562055219,0.7653629791496156,0.6014074224194129,101.0,7,861
2b_digital_strong,0,superintelligent,0.9,100,4,0.05,1.0,9.0,0.1,10,20.0,0.5521178562055219,0.7653629791496156,0.6014074224194129,7.0,7,919
2b_digital_strong,0,oracle,1.0,100,4,0.05,1.0,9.0,0.1,10,20.0,0.5521178562055219,0.7653629791496156,0.6014074224194129,7.0,7,919
2b_digital_strong,0,naive,0.009,100,4,0.05,1.0,9.0,0.1,10,20.0,0.5521178562055219,0.7653629791496156,0.6113105403283335,643.0,8,868
2b_digital_strong,0,random,0.0009,100,4,0.05,1.0,9.0,0.1,10,20.0,0.5521178562055219,0.7653629791496156,0.6113105403283335,609.0,8,865
2b_digital_strong,1,regular,0.1,100,4,0.05,1.0,9.0,0.1,10,20.0,0.4543838250082096,0.7616367926300505,0.6368144465237255,347.0,27,900
2b_digital_strong,1,superintelligent,0.9,100,4,0.05,1.0,9.0,0.1,10,20.0,0.4543838250082096,0.7616367926300505,0.6368144465237255,104.0,27,912
2b_digital_strong,1,oracle,1.0,100,4,0.05,1.0,9.0,0.1,10,20.0,0.4543838250082096,0.7616367926300505,0.6368144465237255,103.0,27,912
2b_digital_strong,1,naive,0.009,100,4,0.05,1.0,9.0,0.1,10,20.0,0.4543838250082096,0.7616367926300505,0.5757192291447245,982.0,16,871
2b_digital_strong,1,random,0.0009,100,4,0.05,1.0,9.0,0.1,10,20.0,0.4543838250082096,0.7616367926300505,0.570986630147363,986.0,15,876
2b_digital_strong,2,regular,0.1,100,4,0.05,1.0,9.0,0.1,10,20.0,0.5072775195962952,0.7433000346706516,0.6262693866621477,290.0,19,910
2b_digital_strong,2,superintelligent,0.9,100,4,0.05,1.0,9.0,0.1,10,20.0,0.5072775195962952,0.7433000346706516,0.6055708588520927,114.0,16,915
2b_digital_strong,2,oracle,1.0,100,4,0.05,1.0,9.0,0.1,10,20.0,0.5072775195962952,0.7433000346706516,0.6055708588520927,111.0,16,915
2b_digital_strong,2,naive,0.009,100,4,0.05,1.0,9.0,0.1,10,20.0,0.5072775195962952,0.7433000346706516,0.5813162873191395,832.0,17,840
2b_digital_strong,2,random,0.0009,100,4,0.05,1.0,9.0,0.1,10,20.0,0.5072775195962952,0.7433000346706516,0.5756839356270426,1049.0,13,903
2b_digital_strong,3,regular,0.1,100,4,0.05,1.0,9.0,0.1,10,20.0,0.5282998976572457,0.7697469107332308,0.5823908137852211,107.0,6,834
2b_digital_strong,3,superintelligent,0.9,100,4,0.05,1.0,9.0,0.1,10,20.0,0.5282998976572457,0.7697469107332308,0.5823908137852211,46.0,6,917
2b_digital_strong,3,oracle,1.0,100,4,0.05,1.0,9.0,0.1,10,20.0,0.5282998976572457,0.7697469107332308,0.5823908137852211,44.0,6,917
2b_digital_strong,3,naive,0.009,100,4,0.05,1.0,9.0,0.1,10,20.0,0.5282998976572457,0.7697469107332308,0.5823908137852211,281.0,6,712
2b_digital_strong,3,random,0.0009,100,4,0.05,1.0,9.0,0.1,10,20.0,0.5282998976572457,0.7697469107332308,0.5811812564158172,975.0,8,892
2b_digital_strong,4,regular,0.1,100,4,0.05,1.0,9.0,0.1,10,20.0,0.48175423876988893,0.7414823887918032,0.5560631360264237,285.0,14,902
2b_digital_strong,4,superintelligent,0.9,100,4,0.05,1.0,9.0,0.1,10,20.0,0.48175423876988893,0.7414823887918032,0.5560631360264237,148.0,14,912
2b_digital_strong,4,oracle,1.0,100,4,0.05,1.0,9.0,0.1,10,20.0,0.48175423876988893,0.7414823887918032,0.5560631360264237,147.0,14,912
2b_digital_strong,4,naive,0.009,100,4,0.05,1.0,9.0,0.1,10,20.0,0.48175423876988893,0.7414823887918032,0.5576626986197871,954.0,13,870
2b_digital_strong,4,random,0.0009,100,4,0.05,1.0,9.0,0.1,10,20.0,0.48175423876988893,0.7414823887918032,0.552945335600327,1063.0,13,910
2b_digital_strong,5,regular,0.1,100,4,0.05,1.0,9.0,0.1,10,20.0,0.5201482889981515,0.753435622481744,0.6134413057238368,282.0,17,880
2b_digital_strong,5,superintelligent,0.9,100,4,0.05,1.0,9.0,0.1,10,20.0,0.5201482889981515,0.753435622481744,0.6134413057238368,76.0,17,913
2b_digital_strong,5,oracle,1.0,100,4,0.05,1.0,9.0,0.1,10,20.0,0.5201482889981515,0.753435622481744,0.6134413057238368,74.0,17,913
2b_digital_strong,5,naive,0.009,100,4,0.05,1.0,9.0,0.1,10,20.0,0.5201482889981515,0.753435622481744,0.6134413057238368,913.0,17,881
2b_digital_strong,5,random,0.0009,100,4,0.05,1.0,9.0,0.1,10,20.0,0.5201482889981515,0.753435622481744,0.6431623352490164,1021.0,16,910
2b_digital_strong,6,regular,0.1,100,4,0.05,1.0,9.0,0.1,10,20.0,0.5110714479079466,0.750855043459602,0.5994197806407603,144.0,11,911
2b_digital_strong,6,superintelligent,0.9,100,4,0.05,1.0,9.0,0.1,10,20.0,0.5110714479079466,0.750855043459602,0.5994197806407603,72.0,11,915
2b_digital_strong,6,oracle,1.0,100,4,0.05,1.0,9.0,0.1,10,20.0,0.5110714479079466,0.750855043459602,0.5994197806407603,68.0,11,915
2b_digital_strong,6,naive,0.009,100,4,0.05,1.0,9.0,0.1,10,20.0,0.5110714479079466,0.750855043459602,0.5967311008768111,654.0,13,905
2b_digital_strong,6,random,0.0009,100,4,0.05,1.0,9.0,0.1,10,20.0,0.5110714479079466,0.750855043459602,0.5967311008768111,1057.0,13,914
2b_digital_strong,7,regular,0.1,100,4,0.05,1.0,9.0,0.1,10,20.0,0.482815895906378,0.7490358750210285,0.55232593766273,111.0,9,877
2b_digital_strong,7,superintelligent,0.9,100,4,0.05,1.0,9.0,0.1,10,20.0,0.482815895906378,0.7490358750210285,0.55232593766273,47.0,9,910
2b_digital_strong,7,oracle,1.0,100,4,0.05,1.0,9.0,0.1,10,20.0,0.482815895906378,0.7490358750210285,0.55232593766273,47.0,9,910
2b_digital_strong,7,naive,0.009,100,4,0.05,1.0,9.0,0.1,10,20.0,0.482815895906378,0.7490358750210285,0.55232593766273,615.0,9,903
2b_digital_strong,7,random,0.0009,100,4,0.05,1.0,9.0,0.1,10,20.0,0.482815895906378,0.7490358750210285,0.55232593766273,984.0,9,880
2b_digital_strong,8,regular,0.1,100,4,0.05,1.0,9.0,0.1,10,20.0,0.5292330949596047,0.7676599977740278,0.573460099994279,94.0,7,907
2b_digital_strong,8,superintelligent,0.9,100,4,0.05,1.0,9.0,0.1,10,20.0,0.5292330949596047,0.7676599977740278,0.573460099994279,45.0,7,913
2b_digital_strong,8,oracle,1.0,100,4,0.05,1.0,9.0,0.1,10,20.0,0.5292330949596047,0.7676599977740278,0.573460099994279,45.0,7,913
2b_digital_strong,8,naive,0.009,100,4,0.05,1.0,9.0,0.1,10,20.0,0.5292330949596047,0.7676599977740278,0.573460099994279,410.0,7,874
2b_digital_strong,8,random,0.0009,100,4,0.05,1.0,9.0,0.1,10,20.0,0.5292330949596047,0.7676599977740278,0.6023907057197474,1028.0,11,913
2b_digital_strong,9,regular,0.1,100,4,0.05,1.0,9.0,0.1,10,20.0,0.527158986105392,0.7579999569154644,0.5668680439751558,74.0,7,746
2b_digital_strong,9,superintelligent,0.9,100,4,0.05,1.0,9.0,0.1,10,20.0,0.527158986105392,0.7579999569154644,0.5668680439751558,26.0,7,911
2b_digital_strong,9,oracle,1.0,100,4,0.05,1.0,9.0,0.1,10,20.0,0.527158986105392,0.7579999569154644,0.5668680439751558,26.0,7,911
2b_digital_strong,9,naive,0.009,100,4,0.05,1.0,9.0,0.1,10,20.0,0.527158986105392,0.7579999569154644,0.5668680439751558,247.0,7,843
2b_digital_strong,9,random,0.0009,100,4,0.05,1.0,9.0,0.1,10,20.0,0.527158986105392,0.7579999569154644,0.5624436958952463,992.0,6,910
2b_digital_strong,10,regular,0.1,100,4,0.05,1.0,9.0,0.1,10,20.0,0.5051876932144846,0.7513750489540703,0.5810714865196044,97.0,10,889
2b_digital_strong,10,superintelligent,0.9,100,4,0.05,1.0,9.0,0.1,10,20.0,0.5051876932144846,0.7513750489540703,0.5810714865196044,31.0,10,916
2b_digital_strong,10,oracle,1.0,100,4,0.05,1.0,9.0,0.1,10,20.0,0.5051876932144846,0.7513750489540703,0.5810714865196044,29.0,10,916
2b_digital_strong,10,naive,0.009,100,4,0.05,1.0,9.0,0.1,10,20.0,0.5051876932144846,0.7513750489540703,0.5591984870273212,699.0,8,917
2b_digital_strong,10,random,0.0009,100,4,0.05,1.0,9.0,0.1,10,20.0,0.5051876932144846,0.7513750489540703,0.5787597474880858,1006.0,11,904
2b_digital_strong,11,regular,0.1,100,4,0.05,1.0,9.0,0.1,10,20.0,0.47832356385660807,0.7487910094327175,0.5431137782348064,80.0,8,880
2b_digital_strong,11,superintelligent,0.9,100,4,0.05,1.0,9.0,0.1,10,20.0,0.47832356385660807,0.7487910094327175,0.5431137782348064,27.0,8,907
2b_digital_strong,11,oracle,1.0,100,4,0.05,1.0,9.0,0.1,10,20.0,0.47832356385660807,0.7487910094327175,0.5431137782348064,27.0,8,907
2b_digital_strong,11,naive,0.009,100,4,0.05,1.0,9.0,0.1,10,20.0,0.47832356385660807,0.7487910094327175,0.5412158794651041,315.0,9,804
2b_digital_strong,11,random,0.0009,100,4,0.05,1.0,9.0,0.1,10,20.0,0.47832356385660807,0.7487910094327175,0.5412158794651041,965.0,9,861
2b_digital_strong,12,regular,0.1,100,4,0.05,1.0,9.0,0.1,10,20.0,0.5037772746008043,0.7432072719257722,0.5519887083874774,80.0,5,864
2b_digital_strong,12,superintelligent,0.9,100,4,0.05,1.0,9.0,0.1,10,20.0,0.5037772746008043,0.7432072719257722,0.5519887083874774,5.0,5,908
2b_digital_strong,12,oracle,1.0,100,4,0.05,1.0,9.0,0.1,10,20.0,0.5037772746008043,0.7432072719257722,0.5519887083874774,5.0,5,908
2b_digital_strong,12,naive,0.009,100,4,0.05,1.0,9.0,0.1,10,20.0,0.5037772746008043,0.7432072719257722,0.5519887083874774,446.0,5,884
2b_digital_strong,12,random,0.0009,100,4,0.05,1.0,9.0,0.1,10,20.0,0.5037772746008043,0.7432072719257722,0.5519887083874774,536.0,5,743
2b_digital_strong,13,regular,0.1,100,4,0.05,1.0,9.0,0.1,10,20.0,0.4850744285232706,0.7579487909127905,0.5871586358832672,239.0,14,840
2b_digital_strong,13,superintelligent,0.9,100,4,0.05,1.0,9.0,0.1,10,20.0,0.4850744285232706,0.7579487909127905,0.5871586358832672,111.0,14,911
2b_digital_strong,13,oracle,1.0,100,4,0.05,1.0,9.0,0.1,10,20.0,0.4850744285232706,0.7579487909127905,0.5871586358832672,90.0,14,911
2b_digital_strong,13,naive,0.009,100,4,0.05,1.0,9.0,0.1,10,20.0,0.4850744285232706,0.7579487909127905,0.5791989148863118,762.0,11,812
2b_digital_strong,13,random,0.0009,100,4,0.05,1.0,9.0,0.1,10,20.0,0.4850744285232706,0.7579487909127905,0.5633844447609955,1020.0,9,905
2b_digital_strong,14,regular,0.1,100,4,0.05,1.0,9.0,0.1,10,20.0,0.47959825033589065,0.7641658217597799,0.5722005843421646,196.0,11,916
2b_digital_strong,14,superintelligent,0.9,100,4,0.05,1.0,9.0,0.1,10,20.0,0.47959825033589065,0.7641658217597799,0.567000429011213,70.0,12,917
2b_digital_strong,14,oracle,1.0,100,4,0.05,1.0,9.0,0.1,10,20.0,0.47959825033589065,0.7641658217597799,0.567000429011213,69.0,12,917
2b_digital_strong,14,naive,0.009,100,4,0.05,1.0,9.0,0.1,10,20.0,0.47959825033589065,0.7641658217597799,0.5674524899853277,802.0,12,890
2b_digital_strong,14,random,0.0009,100,4,0.05,1.0,9.0,0.1,10,20.0,0.47959825033589065,0.7641658217597799,0.5516503929175586,1057.0,11,913
2b_digital_strong,15,regular,0.1,100,4,0.05,1.0,9.0,0.1,10,20.0,0.5372228185106649,0.7729852478201534,0.5848137397828971,117.0,9,911
2b_digital_strong,15,superintelligent,0.9,100,4,0.05,1.0,9.0,0.1,10,20.0,0.5372228185106649,0.7729852478201534,0.5848137397828971,49.0,9,914
2b_digital_strong,15,oracle,1.0,100,4,0.05,1.0,9.0,0.1,10,20.0,0.5372228185106649,0.7729852478201534,0.5848137397828971,47.0,9,914
2b_digital_strong,15,naive,0.009,100,4,0.05,1.0,9.0,0.1,10,20.0,0.5372228185106649,0.7729852478201534,0.5848137397828971,723.0,9,876
2b_digital_strong,15,random,0.0009,100,4,0.05,1.0,9.0,0.1,10,20.0,0.5372228185106649,0.7729852478201534,0.5709564745213023,977.0,7,909
2b_digital_strong,16,regular,0.1,100,4,0.05,1.0,9.0,0.1,10,20.0,0.5177414959074418,0.7595191822652714,0.5918582261867519,311.0,15,906
2b_digital_strong,16,superintelligent,0.9,100,4,0.05,1.0,9.0,0.1,10,20.0,0.5177414959074418,0.7595191822652714,0.5918582261867519,91.0,15,918
2b_digital_strong,16,oracle,1.0,100,4,0.05,1.0,9.0,0.1,10,20.0,0.5177414959074418,0.7595191822652714,0.5918582261867519,91.0,15,918
2b_digital_strong,16,naive,0.009,100,4,0.05,1.0,9.0,0.1,10,20.0,0.5177414959074418,0.7595191822652714,0.5799525355807567,682.0,12,869
2b_digital_strong,16,random,0.0009,100,4,0.05,1.0,9.0,0.1,10,20.0,0.5177414959074418,0.7595191822652714,0.5703391546750891,916.0,14,917
2b_digital_strong,17,regular,0.1,100,4,0.05,1.0,9.0,0.1,10,20.0,0.4829660270059027,0.7568376797341156,0.5678027560478398,154.0,12,870
2b_digital_strong,17,superintelligent,0.9,100,4,0.05,1.0,9.0,0.1,10,20.0,0.4829660270059027,0.7568376797341156,0.5678027560478398,51.0,12,914
2b_digital_strong,17,oracle,1.0,100,4,0.05,1.0,9.0,0.1,10,20.0,0.4829660270059027,0.7568376797341156,0.5678027560478398,50.0,12,914
2b_digital_strong,17,naive,0.009,100,4,0.05,1.0,9.0,0.1,10,20.0,0.4829660270059027,0.7568376797341156,0.5669431428906705,1012.0,12,910
2b_digital_strong,17,random,0.0009,100,4,0.05,1.0,9.0,0.1,10,20.0,0.4829660270059027,0.7568376797341156,0.536791598443279,838.0,8,879
2b_digital_strong,18,regular,0.1,100,4,0.05,1.0,9.0,0.1,10,20.0,0.5115972350318834,0.7579110009583225,0.5608503796965972,101.0,8,885
2b_digital_strong,18,superintelligent,0.9,100,4,0.05,1.0,9.0,0.1,10,20.0,0.5115972350318834,0.7579110009583225,0.5608503796965972,46.0,8,914
2b_digital_strong,18,oracle,1.0,100,4,0.05,1.0,9.0,0.1,10,20.0,0.5115972350318834,0.7579110009583225,0.5608503796965972,46.0,8,914
2b_digital_strong,18,naive,0.009,100,4,0.05,1.0,9.0,0.1,10,20.0,0.5115972350318834,0.7579110009583225,0.5608503796965972,749.0,8,835
2b_digital_strong,18,random,0.0009,100,4,0.05,1.0,9.0,0.1,10,20.0,0.5115972350318834,0.7579110009583225,0.5429377193743571,980.0,8,858
2b_digital_strong,19,regular,0.1,100,4,0.05,1.0,9.0,0.1,10,20.0,0.4989992759261821,0.7651382588697413,0.5667234025794374,120.0,12,899
2b_digital_strong,19,superintelligent,0.9,100,4,0.05,1.0,9.0,0.1,10,20.0,0.4989992759261821,0.7651382588697413,0.5667234025794374,31.0,12,912
2b_digital_strong,19,oracle,1.0,100,4,0.05,1.0,9.0,0.1,10,20.0,0.4989992759261821,0.7651382588697413,0.5667234025794374,31.0,12,912
2b_digital_strong,19,naive,0.009,100,4,0.05,1.0,9.0,0.1,10,20.0,0.4989992759261821,0.7651382588697413,0.5667234025794374,679.0,12,845
2b_digital_strong,19,random,0.0009,100,4,0.05,1.0,9.0,0.1,10,20.0,0.4989992759261821,0.7651382588697413,0.5503260755841325,910.0,8,860
2b_digital_strong,20,regular,0.1,100,4,0.05,1.0,9.0,0.1,10,20.0,0.5040935871688182,0.7574308247002565,0.5560820251725409,98.0,7,822
2b_digital_strong,20,superintelligent,0.9,100,4,0.05,1.0,9.0,0.1,10,20.0,0.5040935871688182,0.7574308247002565,0.5560820251725409,26.0,7,911
2b_digital_strong,20,oracle,1.0,100,4,0.05,1.0,9.0,0.1,10,20.0,0.5040935871688182,0.7574308247002565,0.5560820251725409,26.0,7,911
2b_digital_strong,20,naive,0.009,100,4,0.05,1.0,9.0,0.1,10,20.0,0.5040935871688182,0.7574308247002565,0.5651645797878191,448.0,7,901
2b_digital_strong,20,random,0.0009,100,4,0.05,1.0,9.0,0.1,10,20.0,0.5040935871688182,0.7574308247002565,0.5571443214014089,998.0,8,876
2b_digital_strong,21,regular,0.1,100,4,0.05,1.0,9.0,0.1,10,20.0,0.4558707798322048,0.7658491323704325,0.5717814600880768,228.0,16,836
2b_digital_strong,21,superintelligent,0.9,100,4,0.05,1.0,9.0,0.1,10,20.0,0.4558707798322048,0.7658491323704325,0.5717814600880768,93.0,16,909
2b_digital_strong,21,oracle,1.0,100,4,0.05,1.0,9.0,0.1,10,20.0,0.4558707798322048,0.7658491323704325,0.5717814600880768,92.0,16,909
2b_digital_strong,21,naive,0.009,100,4,0.05,1.0,9.0,0.1,10,20.0,0.4558707798322048,0.7658491323704325,0.5793434466679495,922.0,13,864
2b_digital_strong,21,random,0.0009,100,4,0.05,1.0,9.0,0.1,10,20.0,0.4558707798322048,0.7658491323704325,0.5875624997453531,1076.0,16,913
2b_digital_strong,22,regular,0.1,100,4,0.05,1.0,9.0,0.1,10,20.0,0.47356653626156825,0.772701898226823,0.5480557719977406,132.0,11,849
2b_digital_strong,22,superintelligent,0.9,100,4,0.05,1.0,9.0,0.1,10,20.0,0.47356653626156825,0.772701898226823,0.5480557719977406,68.0,11,908
2b_digital_strong,22,oracle,1.0,100,4,0.05,1.0,9.0,0.1,10,20.0,0.47356653626156825,0.772701898226823,0.5480557719977406,68.0,11,908
2b_digital_strong,22,naive,0.009,100,4,0.05,1.0,9.0,0.1,10,20.0,0.47356653626156825,0.772701898226823,0.5882343976255272,1099.0,18,910
2b_digital_strong,22,random,0.0009,100,4,0.05,1.0,9.0,0.1,10,20.0,0.47356653626156825,0.772701898226823,0.5480557719977406,925.0,11,907
2b_digital_strong,23,regular,0.1,100,4,0.05,1.0,9.0,0.1,10,20.0,0.5022677113152196,0.7424036698727932,0.565572299005289,165.0,9,835
2b_digital_strong,23,superintelligent,0.9,100,4,0.05,1.0,9.0,0.1,10,20.0,0.5022677113152196,0.7424036698727932,0.565572299005289,66.0,9,914
2b_digital_strong,23,oracle,1.0,100,4,0.05,1.0,9.0,0.1,10,20.0,0.5022677113152196,0.7424036698727932,0.565572299005289,66.0,9,914
2b_digital_strong,23,naive,0.009,100,4,0.05,1.0,9.0,0.1,10,20.0,0.5022677113152196,0.7424036698727932,0.565572299005289,675.0,9,914
2b_digital_strong,23,random,0.0009,100,4,0.05,1.0,9.0,0.1,10,20.0,0.5022677113152196,0.7424036698727932,0.565572299005289,1004.0,9,904
2b_digital_strong,24,regular,0.1,100,4,0.05,1.0,9.0,0.1,10,20.0,0.5240467097062436,0.747536601690046,0.6116322237378664,90.0,8,896
2b_digital_strong,24,superintelligent,0.9,100,4,0.05,1.0,9.0,0.1,10,20.0,0.5240467097062436,0.747536601690046,0.6116322237378664,8.0,8,909
2b_digital_strong,24,oracle,1.0,100,4,0.05,1.0,9.0,0.1,10,20.0,0.5240467097062436,0.747536601690046,0.6116322237378664,8.0,8,909
2b_digital_strong,24,naive,0.009,100,4,0.05,1.0,9.0,0.1,10,20.0,0.5240467097062436,0.747536601690046,0.6116322237378664,554.0,8,901
2b_digital_strong,24,random,0.0009,100,4,0.05,1.0,9.0,0.1,10,20.0,0.5240467097062436,0.747536601690046,0.6116322237378664,885.0,8,886
2b_digital_strong,25,regular,0.1,100,4,0.05,1.0,9.0,0.1,10,20.0,0.48226038546957645,0.7626723196702894,0.5387899082762977,88.0,9,910
2b_digital_strong,25,superintelligent,0.9,100,4,0.05,1.0,9.0,0.1,10,20.0,0.48226038546957645,0.7626723196702894,0.5387899082762977,10.0,9,912
2b_digital_strong,25,oracle,1.0,100,4,0.05,1.0,9.0,0.1,10,20.0,0.48226038546957645,0.7626723196702894,0.5387899082762977,9.0,9,912
2b_digital_strong,25,naive,0.009,100,4,0.05,1.0,9.0,0.1,10,20.0,0.48226038546957645,0.7626723196702894,0.5387899082762977,561.0,9,797
2b_digital_strong,25,random,0.0009,100,4,0.05,1.0,9.0,0.1,10,20.0,0.48226038546957645,0.7626723196702894,0.536922626391885,976.0,11,908
2b_digital_strong,26,regular,0.1,100,4,0.05,1.0,9.0,0.1,10,20.0,0.5098087115492581,0.7663898263108853,0.5654854386283891,87.0,6,880
2b_digital_strong,26,superintelligent,0.9,100,4,0.05,1.0,9.0,0.1,10,20.0,0.5098087115492581,0.7663898263108853,0.5654854386283891,7.0,6,912
2b_digital_strong,26,oracle,1.0,100,4,0.05,1.0,9.0,0.1,10,20.0,0.5098087115492581,0.7663898263108853,0.5654854386283891,6.0,6,912
2b_digital_strong,26,naive,0.009,100,4,0.05,1.0,9.0,0.1,10,20.0,0.5098087115492581,0.7663898263108853,0.5654854386283891,797.0,6,890
2b_digital_strong,26,random,0.0009,100,4,0.05,1.0,9.0,0.1,10,20.0,0.5098087115492581,0.7663898263108853,0.563984143876699,794.0,7,833
2b_digital_strong,27,regular,0.1,100,4,0.05,1.0,9.0,0.1,10,20.0,0.5014516771958524,0.763219887871679,0.5433883694153265,119.0,7,902
2b_digital_strong,27,superintelligent,0.9,100,4,0.05,1.0,9.0,0.1,10,20.0,0.5014516771958524,0.763219887871679,0.5433883694153265,47.0,7,915
2b_digital_strong,27,oracle,1.0,100,4,0.05,1.0,9.0,0.1,10,20.0,0.5014516771958524,0.763219887871679,0.5433883694153265,45.0,7,915
2b_digital_strong,27,naive,0.009,100,4,0.05,1.0,9.0,0.1,10,20.0,0.5014516771958524,0.763219887871679,0.5433883694153265,550.0,7,880
2b_digital_strong,27,random,0.0009,100,4,0.05,1.0,9.0,0.1,10,20.0,0.5014516771958524,0.763219887871679,0.5383281236679851,692.0,7,891
2b_digital_strong,28,regular,0.1,100,4,0.05,1.0,9.0,0.1,10,20.0,0.5068271686296949,0.7507368412537174,0.5503572081306198,45.0,5,903
2b_digital_strong,28,superintelligent,0.9,100,4,0.05,1.0,9.0,0.1,10,20.0,0.5068271686296949,0.7507368412537174,0.5503572081306198,27.0,5,915
2b_digital_strong,28,oracle,1.0,100,4,0.05,1.0,9.0,0.1,10,20.0,0.5068271686296949,0.7507368412537174,0.5503572081306198,24.0,5,915
2b_digital_strong,28,naive,0.009,100,4,0.05,1.0,9.0,0.1,10,20.0,0.5068271686296949,0.7507368412537174,0.5523848203291342,242.0,4,828
2b_digital_strong,28,random,0.0009,100,4,0.05,1.0,9.0,0.1,10,20.0,0.5068271686296949,0.7507368412537174,0.5511551468913478,657.0,5,866
2b_digital_strong,29,regular,0.1,100,4,0.05,1.0,9.0,0.1,10,20.0,0.5490594348962141,0.7721319756711197,0.572194353530235,49.0,5,907
2b_digital_strong,29,superintelligent,0.9,100,4,0.05,1.0,9.0,0.1,10,20.0,0.5490594348962141,0.7721319756711197,0.572194353530235,5.0,5,911
2b_digital_strong,29,oracle,1.0,100,4,0.05,1.0,9.0,0.1,10,20.0,0.5490594348962141,0.7721319756711197,0.572194353530235,5.0,5,911
2b_digital_strong,29,naive,0.009,100,4,0.05,1.0,9.0,0.1,10,20.0,0.5490594348962141,0.7721319756711197,0.572194353530235,243.0,5,884
2b_digital_strong,29,random,0.0009,100,4,0.05,1.0,9.0,0.1,10,20.0,0.5490594348962141,0.7721319756711197,0.6045305690529685,1016.0,9,913
2b_digital_strong,30,regular,0.1,100,4,0.05,1.0,9.0,0.1,10,20.0,0.5085766712551049,0.7610579837973889,0.5586477066378205,153.0,11,862
2b_digital_strong,30,superintelligent,0.9,100,4,0.05,1.0,9.0,0.1,10,20.0,0.5085766712551049,0.7610579837973889,0.5586477066378205,13.0,11,912
2b_digital_strong,30,oracle,1.0,100,4,0.05,1.0,9.0,0.1,10,20.0,0.5085766712551049,0.7610579837973889,0.5586477066378205,11.0,11,912
2b_digital_strong,30,naive,0.009,100,4,0.05,1.0,9.0,0.1,10,20.0,0.5085766712551049,0.7610579837973889,0.5443596223347458,692.0,8,825
2b_digital_strong,30,random,0.0009,100,4,0.05,1.0,9.0,0.1,10,20.0,0.5085766712551049,0.7610579837973889,0.5368225987958171,982.0,10,905
2b_digital_strong,31,regular,0.1,100,4,0.05,1.0,9.0,0.1,10,20.0,0.5044425996556122,0.7563998119426739,0.6069984844212521,182.0,14,888
2b_digital_strong,31,superintelligent,0.9,100,4,0.05,1.0,9.0,0.1,10,20.0,0.5044425996556122,0.7563998119426739,0.6069984844212521,37.0,14,916
2b_digital_strong,31,oracle,1.0,100,4,0.05,1.0,9.0,0.1,10,20.0,0.5044425996556122,0.7563998119426739,0.6069984844212521,33.0,14,916
2b_digital_strong,31,naive,0.009,100,4,0.05,1.0,9.0,0.1,10,20.0,0.5044425996556122,0.7563998119426739,0.5994504863075012,732.0,10,898
2b_digital_strong,31,random,0.0009,100,4,0.05,1.0,9.0,0.1,10,20.0,0.5044425996556122,0.7563998119426739,0.5939365881249343,880.0,12,858
2b_digital_strong,32,regular,0.1,100,4,0.05,1.0,9.0,0.1,10,20.0,0.5483459460400453,0.7486572576429354,0.6246541770115992,77.0,9,914
2b_digital_strong,32,superintelligent,0.9,100,4,0.05,1.0,9.0,0.1,10,20.0,0.5483459460400453,0.7486572576429354,0.6246541770115992,9.0,9,919
2b_digital_strong,32,oracle,1.0,100,4,0.05,1.0,9.0,0.1,10,20.0,0.5483459460400453,0.7486572576429354,0.6246541770115992,9.0,9,919
2b_digital_strong,32,naive,0.009,100,4,0.05,1.0,9.0,0.1,10,20.0,0.5483459460400453,0.7486572576429354,0.6171994912313545,614.0,7,801
2b_digital_strong,32,random,0.0009,100,4,0.05,1.0,9.0,0.1,10,20.0,0.5483459460400453,0.7486572576429354,0.630035632895251,636.0,10,883
2b_digital_strong,33,regular,0.1,100,4,0.05,1.0,9.0,0.1,10,20.0,0.503251125712342,0.7433176754045996,0.5889257303389165,125.0,11,909
2b_digital_strong,33,superintelligent,0.9,100,4,0.05,1.0,9.0,0.1,10,20.0,0.503251125712342,0.7433176754045996,0.5889257303389165,30.0,11,910
2b_digital_strong,33,oracle,1.0,100,4,0.05,1.0,9.0,0.1,10,20.0,0.503251125712342,0.7433176754045996,0.5889257303389165,30.0,11,910
2b_digital_strong,33,naive,0.009,100,4,0.05,1.0,9.0,0.1,10,20.0,0.503251125712342,0.7433176754045996,0.5716729499373945,603.0,9,877
2b_digital_strong,33,random,0.0009,100,4,0.05,1.0,9.0,0.1,10,20.0,0.503251125712342,0.7433176754045996,0.5932192432214033,972.0,11,885
2b_digital_strong,34,regular,0.1,100,4,0.05,1.0,9.0,0.1,10,20.0,0.4873915834930591,0.7549386657892921,0.5118145945730134,81.0,5,896
2b_digital_strong,34,superintelligent,0.9,100,4,0.05,1.0,9.0,0.1,10,20.0,0.4873915834930591,0.7549386657892921,0.5118145945730134,5.0,5,908
2b_digital_strong,34,oracle,1.0,100,4,0.05,1.0,9.0,0.1,10,20.0,0.4873915834930591,0.7549386657892921,0.5118145945730134,5.0,5,908
2b_digital_strong,34,naive,0.009,100,4,0.05,1.0,9.0,0.1,10,20.0,0.4873915834930591,0.7549386657892921,0.5118145945730134,242.0,5,874
2b_digital_strong,34,random,0.0009,100,4,0.05,1.0,9.0,0.1,10,20.0,0.4873915834930591,0.7549386657892921,0.5118145945730134,606.0,5,900
2b_digital_strong,35,regular,0.1,100,4,0.05,1.0,9.0,0.1,10,20.0,0.5180354979886372,0.7458117150037377,0.5512411853338162,86.0,8,911
2b_digital_strong,35,superintelligent,0.9,100,4,0.05,1.0,9.0,0.1,10,20.0,0.5180354979886372,0.7458117150037377,0.5512411853338162,47.0,8,912
2b_digital_strong,35,oracle,1.0,100,4,0.05,1.0,9.0,0.1,10,20.0,0.5180354979886372,0.7458117150037377,0.5512411853338162,46.0,8,912
2b_digital_strong,35,naive,0.009,100,4,0.05,1.0,9.0,0.1,10,20.0,0.5180354979886372,0.7458117150037377,0.5512411853338162,482.0,8,896
2b_digital_strong,35,random,0.0009,100,4,0.05,1.0,9.0,0.1,10,20.0,0.5180354979886372,0.7458117150037377,0.5487733940872532,818.0,5,891
2b_digital_strong,36,regular,0.1,100,4,0.05,1.0,9.0,0.1,10,20.0,0.5323365968801506,0.7620568311487886,0.6112523007944604,218.0,14,894
2b_digital_strong,36,superintelligent,0.9,100,4,0.05,1.0,9.0,0.1,10,20.0,0.5323365968801506,0.7620568311487886,0.6246541745886194,73.0,15,913
2b_digital_strong,36,oracle,1.0,100,4,0.05,1.0,9.0,0.1,10,20.0,0.5323365968801506,0.7620568311487886,0.6246541745886194,72.0,15,913
2b_digital_strong,36,naive,0.009,100,4,0.05,1.0,9.0,0.1,10,20.0,0.5323365968801506,0.7620568311487886,0.624316512921312,1055.0,13,910
2b_digital_strong,36,random,0.0009,100,4,0.05,1.0,9.0,0.1,10,20.0,0.5323365968801506,0.7620568311487886,0.6133408247417257,736.0,10,872
2b_digital_strong,37,regular,0.1,100,4,0.05,1.0,9.0,0.1,10,20.0,0.544661367907554,0.7630671466311696,0.6086581767370782,44.0,8,902
2b_digital_strong,37,superintelligent,0.9,100,4,0.05,1.0,9.0,0.1,10,20.0,0.544661367907554,0.7630671466311696,0.6086581767370782,9.0,8,916
2b_digital_strong,37,oracle,1.0,100,4,0.05,1.0,9.0,0.1,10,20.0,0.544661367907554,0.7630671466311696,0.6086581767370782,8.0,8,916
2b_digital_strong,37,naive,0.009,100,4,0.05,1.0,9.0,0.1,10,20.0,0.544661367907554,0.7630671466311696,0.6064742105331965,803.0,7,914
2b_digital_strong,37,random,0.0009,100,4,0.05,1.0,9.0,0.1,10,20.0,0.544661367907554,0.7630671466311696,0.5898608433126534,981.0,7,917
2b_digital_strong,38,regular,0.1,100,4,0.05,1.0,9.0,0.1,10,20.0,0.47737261717602986,0.76408450628419,0.5593519733645368,133.0,9,729
2b_digital_strong,38,superintelligent,0.9,100,4,0.05,1.0,9.0,0.1,10,20.0,0.47737261717602986,0.76408450628419,0.5593519733645368,29.0,9,910
2b_digital_strong,38,oracle,1.0,100,4,0.05,1.0,9.0,0.1,10,20.0,0.47737261717602986,0.76408450628419,0.5593519733645368,28.0,9,910
2b_digital_strong,38,naive,0.009,100,4,0.05,1.0,9.0,0.1,10,20.0,0.47737261717602986,0.76408450628419,0.6022844978675848,959.0,13,881
2b_digital_strong,38,random,0.0009,100,4,0.05,1.0,9.0,0.1,10,20.0,0.47737261717602986,0.76408450628419,0.5955983510624445,985.0,14,893
2b_digital_strong,39,regular,0.1,100,4,0.05,1.0,9.0,0.1,10,20.0,0.5269204564213034,0.7490469622679673,0.6261033989612569,173.0,15,803
2b_digital_strong,39,superintelligent,0.9,100,4,0.05,1.0,9.0,0.1,10,20.0,0.5269204564213034,0.7490469622679673,0.6261033989612569,54.0,15,916
2b_digital_strong,39,oracle,1.0,100,4,0.05,1.0,9.0,0.1,10,20.0,0.5269204564213034,0.7490469622679673,0.6261033989612569,53.0,15,916
2b_digital_strong,39,naive,0.009,100,4,0.05,1.0,9.0,0.1,10,20.0,0.5269204564213034,0.7490469622679673,0.6203621205707768,721.0,12,854
2b_digital_strong,39,random,0.0009,100,4,0.05,1.0,9.0,0.1,10,20.0,0.5269204564213034,0.7490469622679673,0.6040768880343408,983.0,10,911
2b_digital_strong,40,regular,0.1,100,4,0.05,1.0,9.0,0.1,10,20.0,0.5159683041380674,0.7468545869208325,0.6076023533661569,201.0,14,897
2b_digital_strong,40,superintelligent,0.9,100,4,0.05,1.0,9.0,0.1,10,20.0,0.5159683041380674,0.7468545869208325,0.6076023533661569,53.0,14,915
2b_digital_strong,40,oracle,1.0,100,4,0.05,1.0,9.0,0.1,10,20.0,0.5159683041380674,0.7468545869208325,0.6076023533661569,52.0,14,915
2b_digital_strong,40,naive,0.009,100,4,0.05,1.0,9.0,0.1,10,20.0,0.5159683041380674,0.7468545869208325,0.6059806227550893,855.0,15,891
2b_digital_strong,40,random,0.0009,100,4,0.05,1.0,9.0,0.1,10,20.0,0.5159683041380674,0.7468545869208325,0.6036979624580487,1019.0,13,916
2b_digital_strong,41,regular,0.1,100,4,0.05,1.0,9.0,0.1,10,20.0,0.5558606254921611,0.7682847723650864,0.5949227711773861,132.0,8,857
2b_digital_strong,41,superintelligent,0.9,100,4,0.05,1.0,9.0,0.1,10,20.0,0.5558606254921611,0.7682847723650864,0.585581195874292,45.0,7,913
2b_digital_strong,41,oracle,1.0,100,4,0.05,1.0,9.0,0.1,10,20.0,0.5558606254921611,0.7682847723650864,0.585581195874292,45.0,7,913
2b_digital_strong,41,naive,0.009,100,4,0.05,1.0,9.0,0.1,10,20.0,0.5558606254921611,0.7682847723650864,0.585581195874292,471.0,7,797
2b_digital_strong,41,random,0.0009,100,4,0.05,1.0,9.0,0.1,10,20.0,0.5558606254921611,0.7682847723650864,0.585581195874292,699.0,7,866
2b_digital_strong,42,regular,0.1,100,4,0.05,1.0,9.0,0.1,10,20.0,0.5081325134953139,0.7394556731127587,0.5417664029588021,95.0,6,902
2b_digital_strong,42,superintelligent,0.9,100,4,0.05,1.0,9.0,0.1,10,20.0,0.5081325134953139,0.7394556731127587,0.5417664029588021,25.0,6,909
2b_digital_strong,42,oracle,1.0,100,4,0.05,1.0,9.0,0.1,10,20.0,0.5081325134953139,0.7394556731127587,0.5417664029588021,25.0,6,909
2b_digital_strong,42,naive,0.009,100,4,0.05,1.0,9.0,0.1,10,20.0,0.5081325134953139,0.7394556731127587,0.5424758146439396,651.0,8,793
2b_digital_strong,42,random,0.0009,100,4,0.05,1.0,9.0,0.1,10,20.0,0.5081325134953139,0.7394556731127587,0.5424758146439396,749.0,8,894
2b_digital_strong,43,regular,0.1,100,4,0.05,1.0,9.0,0.1,10,20.0,0.4890567718274897,0.7631034060964278,0.5574140524246051,162.0,15,892
2b_digital_strong,43,superintelligent,0.9,100,4,0.05,1.0,9.0,0.1,10,20.0,0.4890567718274897,0.7631034060964278,0.5574140524246051,54.0,15,910
2b_digital_strong,43,oracle,1.0,100,4,0.05,1.0,9.0,0.1,10,20.0,0.4890567718274897,0.7631034060964278,0.5574140524246051,53.0,15,910
2b_digital_strong,43,naive,0.009,100,4,0.05,1.0,9.0,0.1,10,20.0,0.4890567718274897,0.7631034060964278,0.5463320677218868,826.0,11,857
2b_digital_strong,43,random,0.0009,100,4,0.05,1.0,9.0,0.1,10,20.0,0.4890567718274897,0.7631034060964278,0.5673886520646918,921.0,15,877
2b_digital_strong,44,regular,0.1,100,4,0.05,1.0,9.0,0.1,10,20.0,0.4500505153791833,0.7597981387313935,0.54853829382794,219.0,16,910
2b_digital_strong,44,superintelligent,0.9,100,4,0.05,1.0,9.0,0.1,10,20.0,0.4500505153791833,0.7597981387313935,0.54853829382794,79.0,16,912
2b_digital_strong,44,oracle,1.0,100,4,0.05,1.0,9.0,0.1,10,20.0,0.4500505153791833,0.7597981387313935,0.54853829382794,73.0,16,912
2b_digital_strong,44,naive,0.009,100,4,0.05,1.0,9.0,0.1,10,20.0,0.4500505153791833,0.7597981387313935,0.5430008687808526,667.0,16,891
2b_digital_strong,44,random,0.0009,100,4,0.05,1.0,9.0,0.1,10,20.0,0.4500505153791833,0.7597981387313935,0.5482716203577112,990.0,13,909
2b_digital_strong,45,regular,0.1,100,4,0.05,1.0,9.0,0.1,10,20.0,0.5252004312194634,0.7581266719409916,0.5649942804707372,114.0,9,811
2b_digital_strong,45,superintelligent,0.9,100,4,0.05,1.0,9.0,0.1,10,20.0,0.5252004312194634,0.7581266719409916,0.5649942804707372,48.0,9,912
2b_digital_strong,45,oracle,1.0,100,4,0.05,1.0,9.0,0.1,10,20.0,0.5252004312194634,0.7581266719409916,0.5649942804707372,47.0,9,912
2b_digital_strong,45,naive,0.009,100,4,0.05,1.0,9.0,0.1,10,20.0,0.5252004312194634,0.7581266719409916,0.5640673892853029,801.0,8,898
2b_digital_strong,45,random,0.0009,100,4,0.05,1.0,9.0,0.1,10,20.0,0.5252004312194634,0.7581266719409916,0.5571507122025854,635.0,6,858
2b_digital_strong,46,regular,0.1,100,4,0.05,1.0,9.0,0.1,10,20.0,0.48248577730238223,0.7747225480990423,0.5535696516339886,245.0,14,879
2b_digital_strong,46,superintelligent,0.9,100,4,0.05,1.0,9.0,0.1,10,20.0,0.48248577730238223,0.7747225480990423,0.578179418814837,155.0,18,916
2b_digital_strong,46,oracle,1.0,100,4,0.05,1.0,9.0,0.1,10,20.0,0.48248577730238223,0.7747225480990423,0.578179418814837,151.0,18,916
2b_digital_strong,46,naive,0.009,100,4,0.05,1.0,9.0,0.1,10,20.0,0.48248577730238223,0.7747225480990423,0.5432475328691361,1054.0,12,909
2b_digital_strong,46,random,0.0009,100,4,0.05,1.0,9.0,0.1,10,20.0,0.48248577730238223,0.7747225480990423,0.5125184259443573,967.0,6,906
2b_digital_strong,47,regular,0.1,100,4,0.05,1.0,9.0,0.1,10,20.0,0.5037663960682819,0.7565115816606139,0.5924452433244016,299.0,14,907
2b_digital_strong,47,superintelligent,0.9,100,4,0.05,1.0,9.0,0.1,10,20.0,0.5037663960682819,0.7565115816606139,0.5924452433244016,72.0,14,914
2b_digital_strong,47,oracle,1.0,100,4,0.05,1.0,9.0,0.1,10,20.0,0.5037663960682819,0.7565115816606139,0.5924452433244016,71.0,14,914
2b_digital_strong,47,naive,0.009,100,4,0.05,1.0,9.0,0.1,10,20.0,0.5037663960682819,0.7565115816606139,0.6020445990886631,826.0,15,908
2b_digital_strong,47,random,0.0009,100,4,0.05,1.0,9.0,0.1,10,20.0,0.5037663960682819,0.7565115816606139,0.5924452433244016,993.0,14,904
2b_digital_strong,48,regular,0.1,100,4,0.05,1.0,9.0,0.1,10,20.0,0.5198605167242986,0.7523273832189772,0.5774083190433955,88.0,8,888
2b_digital_strong,48,superintelligent,0.9,100,4,0.05,1.0,9.0,0.1,10,20.0,0.5198605167242986,0.7523273832189772,0.5774083190433955,8.0,8,910
2b_digital_strong,48,oracle,1.0,100,4,0.05,1.0,9.0,0.1,10,20.0,0.5198605167242986,0.7523273832189772,0.5774083190433955,8.0,8,910
2b_digital_strong,48,naive,0.009,100,4,0.05,1.0,9.0,0.1,10,20.0,0.5198605167242986,0.7523273832189772,0.5774083190433955,608.0,8,843
2b_digital_strong,48,random,0.0009,100,4,0.05,1.0,9.0,0.1,10,20.0,0.5198605167242986,0.7523273832189772,0.5774083190433955,880.0,8,886
2b_digital_strong,49,regular,0.1,100,4,0.05,1.0,9.0,0.1,10,20.0,0.46832439217493665,0.7516673238681466,0.5771904758028366,303.0,17,850
2b_digital_strong,49,superintelligent,0.9,100,4,0.05,1.0,9.0,0.1,10,20.0,0.46832439217493665,0.7516673238681466,0.5872730930516556,114.0,19,908
2b_digital_strong,49,oracle,1.0,100,4,0.05,1.0,9.0,0.1,10,20.0,0.46832439217493665,0.7516673238681466,0.5872730930516556,114.0,19,908
2b_digital_strong,49,naive,0.009,100,4,0.05,1.0,9.0,0.1,10,20.0,0.46832439217493665,0.7516673238681466,0.5870670217273795,1014.0,12,885
2b_digital_strong,49,random,0.0009,100,4,0.05,1.0,9.0,0.1,10,20.0,0.46832439217493665,0.7516673238681466,0.5214292499961269,1029.0,9,906
2b_digital_strong,50,regular,0.1,100,4,0.05,1.0,9.0,0.1,10,20.0,0.49233199702913444,0.7519511715517884,0.5692477172977466,204.0,13,779
2b_digital_strong,50,superintelligent,0.9,100,4,0.05,1.0,9.0,0.1,10,20.0,0.49233199702913444,0.7519511715517884,0.5692477172977466,54.0,13,909
2b_digital_strong,50,oracle,1.0,100,4,0.05,1.0,9.0,0.1,10,20.0,0.49233199702913444,0.7519511715517884,0.5692477172977466,51.0,13,909
2b_digital_strong,50,naive,0.009,100,4,0.05,1.0,9.0,0.1,10,20.0,0.49233199702913444,0.7519511715517884,0.565595991438531,822.0,10,905
2b_digital_strong,50,random,0.0009,100,4,0.05,1.0,9.0,0.1,10,20.0,0.49233199702913444,0.7519511715517884,0.5545363208278011,997.0,12,909
2b_digital_strong,51,regular,0.1,100,4,0.05,1.0,9.0,0.1,10,20.0,0.4609881973643803,0.7568829263543233,0.5150119500746972,88.0,8,771
2b_digital_strong,51,superintelligent,0.9,100,4,0.05,1.0,9.0,0.1,10,20.0,0.4609881973643803,0.7568829263543233,0.5150119500746972,47.0,8,909
2b_digital_strong,51,oracle,1.0,100,4,0.05,1.0,9.0,0.1,10,20.0,0.4609881973643803,0.7568829263543233,0.5150119500746972,46.0,8,909
2b_digital_strong,51,naive,0.009,100,4,0.05,1.0,9.0,0.1,10,20.0,0.4609881973643803,0.7568829263543233,0.5320581497790046,752.0,13,806
2b_digital_strong,51,random,0.0009,100,4,0.05,1.0,9.0,0.1,10,20.0,0.4609881973643803,0.7568829263543233,0.5165628152735424,995.0,11,901
2b_digital_strong,52,regular,0.1,100,4,0.05,1.0,9.0,0.1,10,20.0,0.49851342027466516,0.7498041925190679,0.5995952041574395,158.0,13,883
2b_digital_strong,52,superintelligent,0.9,100,4,0.05,1.0,9.0,0.1,10,20.0,0.49851342027466516,0.7498041925190679,0.5995952041574395,71.0,13,912
2b_digital_strong,52,oracle,1.0,100,4,0.05,1.0,9.0,0.1,10,20.0,0.49851342027466516,0.7498041925190679,0.5995952041574395,70.0,13,912
2b_digital_strong,52,naive,0.009,100,4,0.05,1.0,9.0,0.1,10,20.0,0.49851342027466516,0.7498041925190679,0.6043475033022341,956.0,13,791
2b_digital_strong,52,random,0.0009,100,4,0.05,1.0,9.0,0.1,10,20.0,0.49851342027466516,0.7498041925190679,0.576172520127174,1003.0,10,913
2b_digital_strong,53,regular,0.1,100,4,0.05,1.0,9.0,0.1,10,20.0,0.46072492057072245,0.7534393120217033,0.5530011872798548,164.0,13,779
2b_digital_strong,53,superintelligent,0.9,100,4,0.05,1.0,9.0,0.1,10,20.0,0.46072492057072245,0.7534393120217033,0.5530011872798548,71.0,13,908
2b_digital_strong,53,oracle,1.0,100,4,0.05,1.0,9.0,0.1,10,20.0,0.46072492057072245,0.7534393120217033,0.5530011872798548,70.0,13,908
2b_digital_strong,53,naive,0.009,100,4,0.05,1.0,9.0,0.1,10,20.0,0.46072492057072245,0.7534393120217033,0.5530011872798548,680.0,13,895
2b_digital_strong,53,random,0.0009,100,4,0.05,1.0,9.0,0.1,10,20.0,0.46072492057072245,0.7534393120217033,0.5580227341708965,902.0,11,854
2b_digital_strong,54,regular,0.1,100,4,0.05,1.0,9.0,0.1,10,20.0,0.4587352164702248,0.7805543738807517,0.5423868000155909,145.0,10,676
2b_digital_strong,54,superintelligent,0.9,100,4,0.05,1.0,9.0,0.1,10,20.0,0.4587352164702248,0.7805543738807517,0.5423868000155909,50.0,10,914
2b_digital_strong,54,oracle,1.0,100,4,0.05,1.0,9.0,0.1,10,20.0,0.4587352164702248,0.7805543738807517,0.5423868000155909,48.0,10,914
2b_digital_strong,54,naive,0.009,100,4,0.05,1.0,9.0,0.1,10,20.0,0.4587352164702248,0.7805543738807517,0.5430835581174532,979.0,16,897
2b_digital_strong,54,random,0.0009,100,4,0.05,1.0,9.0,0.1,10,20.0,0.4587352164702248,0.7805543738807517,0.5387194416144999,1019.0,11,894
2b_digital_strong,55,regular,0.1,100,4,0.05,1.0,9.0,0.1,10,20.0,0.46869232719113296,0.7656848994548915,0.5625610563835874,177.0,11,843
2b_digital_strong,55,superintelligent,0.9,100,4,0.05,1.0,9.0,0.1,10,20.0,0.46869232719113296,0.7656848994548915,0.5629929601581565,48.0,9,912
2b_digital_strong,55,oracle,1.0,100,4,0.05,1.0,9.0,0.1,10,20.0,0.46869232719113296,0.7656848994548915,0.5629929601581565,47.0,9,912
2b_digital_strong,55,naive,0.009,100,4,0.05,1.0,9.0,0.1,10,20.0,0.46869232719113296,0.7656848994548915,0.5611598343289956,693.0,9,827
2b_digital_strong,55,random,0.0009,100,4,0.05,1.0,9.0,0.1,10,20.0,0.46869232719113296,0.7656848994548915,0.5634781634834748,871.0,10,872
2b_digital_strong,56,regular,0.1,100,4,0.05,1.0,9.0,0.1,10,20.0,0.4498855281040553,0.7520466799329016,0.5701845153100098,176.0,15,899
2b_digital_strong,56,superintelligent,0.9,100,4,0.05,1.0,9.0,0.1,10,20.0,0.4498855281040553,0.7520466799329016,0.5701845153100098,94.0,15,909
2b_digital_strong,56,oracle,1.0,100,4,0.05,1.0,9.0,0.1,10,20.0,0.4498855281040553,0.7520466799329016,0.5701845153100098,91.0,15,909
2b_digital_strong,56,naive,0.009,100,4,0.05,1.0,9.0,0.1,10,20.0,0.4498855281040553,0.7520466799329016,0.5667377861595384,714.0,14,871
2b_digital_strong,56,random,0.0009,100,4,0.05,1.0,9.0,0.1,10,20.0,0.4498855281040553,0.7520466799329016,0.578422634569114,954.0,17,824
2b_digital_strong,57,regular,0.1,100,4,0.05,1.0,9.0,0.1,10,20.0,0.48422420519428383,0.7728741688633327,0.5624777677626809,149.0,10,810
2b_digital_strong,57,superintelligent,0.9,100,4,0.05,1.0,9.0,0.1,10,20.0,0.48422420519428383,0.7728741688633327,0.5663869642557227,69.0,11,915
2b_digital_strong,57,oracle,1.0,100,4,0.05,1.0,9.0,0.1,10,20.0,0.48422420519428383,0.7728741688633327,0.5663869642557227,68.0,11,915
2b_digital_strong,57,naive,0.009,100,4,0.05,1.0,9.0,0.1,10,20.0,0.48422420519428383,0.7728741688633327,0.5473037236825811,1010.0,13,906
2b_digital_strong,57,random,0.0009,100,4,0.05,1.0,9.0,0.1,10,20.0,0.48422420519428383,0.7728741688633327,0.5660660108074537,964.0,11,891
2b_digital_strong,58,regular,0.1,100,4,0.05,1.0,9.0,0.1,10,20.0,0.44903181915209084,0.7691536799138463,0.5058168276846287,103.0,8,900
2b_digital_strong,58,superintelligent,0.9,100,4,0.05,1.0,9.0,0.1,10,20.0,0.44903181915209084,0.7691536799138463,0.5058168276846287,28.0,8,914
2b_digital_strong,58,oracle,1.0,100,4,0.05,1.0,9.0,0.1,10,20.0,0.44903181915209084,0.7691536799138463,0.5058168276846287,27.0,8,914
2b_digital_strong,58,naive,0.009,100,4,0.05,1.0,9.0,0.1,10,20.0,0.44903181915209084,0.7691536799138463,0.5117665960106011,304.0,9,904
2b_digital_strong,58,random,0.0009,100,4,0.05,1.0,9.0,0.1,10,20.0,0.44903181915209084,0.7691536799138463,0.4984533654482397,994.0,7,898
2b_digital_strong,59,regular,0.1,100,4,0.05,1.0,9.0,0.1,10,20.0,0.4620146665426636,0.7541934472124503,0.5092805082517767,112.0,5,633
2b_digital_strong,59,superintelligent,0.9,100,4,0.05,1.0,9.0,0.1,10,20.0,0.4620146665426636,0.7541934472124503,0.5092805082517767,24.0,5,909
2b_digital_strong,59,oracle,1.0,100,4,0.05,1.0,9.0,0.1,10,20.0,0.4620146665426636,0.7541934472124503,0.5092805082517767,24.0,5,909
2b_digital_strong,59,naive,0.009,100,4,0.05,1.0,9.0,0.1,10,20.0,0.4620146665426636,0.7541934472124503,0.5092805082517767,302.0,5,822
2b_digital_strong,59,random,0.0009,100,4,0.05,1.0,9.0,0.1,10,20.0,0.4620146665426636,0.7541934472124503,0.5092805082517767,977.0,5,901
2b_digital_strong,60,regular,0.1,100,4,0.05,1.0,9.0,0.1,10,20.0,0.4916999198448951,0.7684382756634954,0.5773364405809887,159.0,14,778
2b_digital_strong,60,superintelligent,0.9,100,4,0.05,1.0,9.0,0.1,10,20.0,0.4916999198448951,0.7684382756634954,0.5992899252161064,113.0,16,914
2b_digital_strong,60,oracle,1.0,100,4,0.05,1.0,9.0,0.1,10,20.0,0.4916999198448951,0.7684382756634954,0.5992899252161064,111.0,16,914
2b_digital_strong,60,naive,0.009,100,4,0.05,1.0,9.0,0.1,10,20.0,0.4916999198448951,0.7684382756634954,0.598046719470369,902.0,15,911
2b_digital_strong,60,random,0.0009,100,4,0.05,1.0,9.0,0.1,10,20.0,0.4916999198448951,0.7684382756634954,0.5829417506644619,1039.0,13,912
2b_digital_strong,61,regular,0.1,100,4,0.05,1.0,9.0,0.1,10,20.0,0.48062291743779484,0.7483224145849846,0.5621058740726089,109.0,12,812
2b_digital_strong,61,superintelligent,0.9,100,4,0.05,1.0,9.0,0.1,10,20.0,0.48062291743779484,0.7483224145849846,0.5698319680966357,55.0,14,909
2b_digital_strong,61,oracle,1.0,100,4,0.05,1.0,9.0,0.1,10,20.0,0.48062291743779484,0.7483224145849846,0.5698319680966357,52.0,14,909
2b_digital_strong,61,naive,0.009,100,4,0.05,1.0,9.0,0.1,10,20.0,0.48062291743779484,0.7483224145849846,0.5966490102299798,838.0,21,868
2b_digital_strong,61,random,0.0009,100,4,0.05,1.0,9.0,0.1,10,20.0,0.48062291743779484,0.7483224145849846,0.5629594031398476,1028.0,14,900
2b_digital_strong,62,regular,0.1,100,4,0.05,1.0,9.0,0.1,10,20.0,0.5308545543553262,0.7417150765723954,0.5897419853395042,169.0,10,828
2b_digital_strong,62,superintelligent,0.9,100,4,0.05,1.0,9.0,0.1,10,20.0,0.5308545543553262,0.7417150765723954,0.5897419853395042,51.0,10,912
2b_digital_strong,62,oracle,1.0,100,4,0.05,1.0,9.0,0.1,10,20.0,0.5308545543553262,0.7417150765723954,0.5897419853395042,48.0,10,912
2b_digital_strong,62,naive,0.009,100,4,0.05,1.0,9.0,0.1,10,20.0,0.5308545543553262,0.7417150765723954,0.5833165112125204,804.0,9,905
2b_digital_strong,62,random,0.0009,100,4,0.05,1.0,9.0,0.1,10,20.0,0.5308545543553262,0.7417150765723954,0.5918341866747721,856.0,10,886
2b_digital_strong,63,regular,0.1,100,4,0.05,1.0,9.0,0.1,10,20.0,0.5137056631402723,0.7477714066047231,0.5820551619662084,276.0,11,672
2b_digital_strong,63,superintelligent,0.9,100,4,0.05,1.0,9.0,0.1,10,20.0,0.5137056631402723,0.7477714066047231,0.5820551619662084,88.0,11,915
2b_digital_strong,63,oracle,1.0,100,4,0.05,1.0,9.0,0.1,10,20.0,0.5137056631402723,0.7477714066047231,0.5820551619662084,87.0,11,915
2b_digital_strong,63,naive,0.009,100,4,0.05,1.0,9.0,0.1,10,20.0,0.5137056631402723,0.7477714066047231,0.5820551619662084,1003.0,11,883
2b_digital_strong,63,random,0.0009,100,4,0.05,1.0,9.0,0.1,10,20.0,0.5137056631402723,0.7477714066047231,0.5820551619662084,1036.0,11,912
2b_digital_strong,64,regular,0.1,100,4,0.05,1.0,9.0,0.1,10,20.0,0.5108543835063721,0.754304416544747,0.5988104979493286,159.0,12,886
2b_digital_strong,64,superintelligent,0.9,100,4,0.05,1.0,9.0,0.1,10,20.0,0.5108543835063721,0.754304416544747,0.5988104979493286,51.0,12,913
2b_digital_strong,64,oracle,1.0,100,4,0.05,1.0,9.0,0.1,10,20.0,0.5108543835063721,0.754304416544747,0.5988104979493286,50.0,12,913
2b_digital_strong,64,naive,0.009,100,4,0.05,1.0,9.0,0.1,10,20.0,0.5108543835063721,0.754304416544747,0.5987608851812977,709.0,12,806
2b_digital_strong,64,random,0.0009,100,4,0.05,1.0,9.0,0.1,10,20.0,0.5108543835063721,0.754304416544747,0.5714105451621796,1005.0,10,900
2b_digital_strong,65,regular,0.1,100,4,0.05,1.0,9.0,0.1,10,20.0,0.49296445534946076,0.7585507120715401,0.5609826933348688,185.0,12,703
2b_digital_strong,65,superintelligent,0.9,100,4,0.05,1.0,9.0,0.1,10,20.0,0.49296445534946076,0.7585507120715401,0.5609826933348688,50.0,12,909
2b_digital_strong,65,oracle,1.0,100,4,0.05,1.0,9.0,0.1,10,20.0,0.49296445534946076,0.7585507120715401,0.5609826933348688,50.0,12,909
2b_digital_strong,65,naive,0.009,100,4,0.05,1.0,9.0,0.1,10,20.0,0.49296445534946076,0.7585507120715401,0.5528039637901574,908.0,15,816
2b_digital_strong,65,random,0.0009,100,4,0.05,1.0,9.0,0.1,10,20.0,0.49296445534946076,0.7585507120715401,0.5378023750931693,926.0,9,909
2b_digital_strong,66,regular,0.1,100,4,0.05,1.0,9.0,0.1,10,20.0,0.47596675481953,0.7582777057328369,0.5478901592805325,173.0,11,773
2b_digital_strong,66,superintelligent,0.9,100,4,0.05,1.0,9.0,0.1,10,20.0,0.47596675481953,0.7582777057328369,0.5478901592805325,70.0,11,909
2b_digital_strong,66,oracle,1.0,100,4,0.05,1.0,9.0,0.1,10,20.0,0.47596675481953,0.7582777057328369,0.5478901592805325,68.0,11,909
2b_digital_strong,66,naive,0.009,100,4,0.05,1.0,9.0,0.1,10,20.0,0.47596675481953,0.7582777057328369,0.5473812938964514,1033.0,10,909
2b_digital_strong,66,random,0.0009,100,4,0.05,1.0,9.0,0.1,10,20.0,0.47596675481953,0.7582777057328369,0.5492429217372549,1034.0,11,909
2b_digital_strong,67,regular,0.1,100,4,0.05,1.0,9.0,0.1,10,20.0,0.47867003800501506,0.7443596020484796,0.5549434865092807,121.0,11,892
2b_digital_strong,67,superintelligent,0.9,100,4,0.05,1.0,9.0,0.1,10,20.0,0.47867003800501506,0.7443596020484796,0.5600274906266511,50.0,12,911
2b_digital_strong,67,oracle,1.0,100,4,0.05,1.0,9.0,0.1,10,20.0,0.47867003800501506,0.7443596020484796,0.5600274906266511,50.0,12,911
2b_digital_strong,67,naive,0.009,100,4,0.05,1.0,9.0,0.1,10,20.0,0.47867003800501506,0.7443596020484796,0.5449045034269528,970.0,10,891
2b_digital_strong,67,random,0.0009,100,4,0.05,1.0,9.0,0.1,10,20.0,0.47867003800501506,0.7443596020484796,0.5429117125008485,917.0,10,864
2b_digital_strong,68,regular,0.1,100,4,0.05,1.0,9.0,0.1,10,20.0,0.5146640288944283,0.7522309386459671,0.6181517563958704,259.0,17,886
2b_digital_strong,68,superintelligent,0.9,100,4,0.05,1.0,9.0,0.1,10,20.0,0.5146640288944283,0.7522309386459671,0.6181517563958704,97.0,17,913
2b_digital_strong,68,oracle,1.0,100,4,0.05,1.0,9.0,0.1,10,20.0,0.5146640288944283,0.7522309386459671,0.6181517563958704,93.0,17,913
2b_digital_strong,68,naive,0.009,100,4,0.05,1.0,9.0,0.1,10,20.0,0.5146640288944283,0.7522309386459671,0.5959823686045537,726.0,12,904
2b_digital_strong,68,random,0.0009,100,4,0.05,1.0,9.0,0.1,10,20.0,0.5146640288944283,0.7522309386459671,0.5864423395953628,886.0,10,894
2b_digital_strong,69,regular,0.1,100,4,0.05,1.0,9.0,0.1,10,20.0,0.46831775402052506,0.7576941102256056,0.55913495394091,144.0,11,888
2b_digital_strong,69,superintelligent,0.9,100,4,0.05,1.0,9.0,0.1,10,20.0,0.46831775402052506,0.7576941102256056,0.55913495394091,51.0,11,911
2b_digital_strong,69,oracle,1.0,100,4,0.05,1.0,9.0,0.1,10,20.0,0.46831775402052506,0.7576941102256056,0.55913495394091,49.0,11,911
2b_digital_strong,69,naive,0.009,100,4,0.05,1.0,9.0,0.1,10,20.0,0.46831775402052506,0.7576941102256056,0.5449946986312139,944.0,11,898
2b_digital_strong,69,random,0.0009,100,4,0.05,1.0,9.0,0.1,10,20.0,0.46831775402052506,0.7576941102256056,0.5533227403449624,518.0,10,830
2b_digital_strong,70,regular,0.1,100,4,0.05,1.0,9.0,0.1,10,20.0,0.4613037329574015,0.7436942103609883,0.563089983450351,273.0,17,893
2b_digital_strong,70,superintelligent,0.9,100,4,0.05,1.0,9.0,0.1,10,20.0,0.4613037329574015,0.7436942103609883,0.5711661181032726,78.0,18,913
2b_digital_strong,70,oracle,1.0,100,4,0.05,1.0,9.0,0.1,10,20.0,0.4613037329574015,0.7436942103609883,0.5711661181032726,75.0,18,913
2b_digital_strong,70,naive,0.009,100,4,0.05,1.0,9.0,0.1,10,20.0,0.4613037329574015,0.7436942103609883,0.5549503814643287,661.0,16,897
2b_digital_strong,70,random,0.0009,100,4,0.05,1.0,9.0,0.1,10,20.0,0.4613037329574015,0.7436942103609883,0.5428523903595134,986.0,13,897
2b_digital_strong,71,regular,0.1,100,4,0.05,1.0,9.0,0.1,10,20.0,0.4901408756935194,0.7626153943245004,0.5760843092775217,150.0,17,828
2b_digital_strong,71,superintelligent,0.9,100,4,0.05,1.0,9.0,0.1,10,20.0,0.4901408756935194,0.7626153943245004,0.5721138673258572,38.0,18,912
2b_digital_strong,71,oracle,1.0,100,4,0.05,1.0,9.0,0.1,10,20.0,0.4901408756935194,0.7626153943245004,0.5721138673258572,37.0,18,912
2b_digital_strong,71,naive,0.009,100,4,0.05,1.0,9.0,0.1,10,20.0,0.4901408756935194,0.7626153943245004,0.5450151311602497,877.0,13,912
2b_digital_strong,71,random,0.0009,100,4,0.05,1.0,9.0,0.1,10,20.0,0.4901408756935194,0.7626153943245004,0.5777483007284522,980.0,15,889
2b_digital_strong,72,regular,0.1,100,4,0.05,1.0,9.0,0.1,10,20.0,0.45919817127725787,0.7551047397152271,0.5567163808135634,148.0,14,907
2b_digital_strong,72,superintelligent,0.9,100,4,0.05,1.0,9.0,0.1,10,20.0,0.45919817127725787,0.7551047397152271,0.5567163808135634,53.0,14,915
2b_digital_strong,72,oracle,1.0,100,4,0.05,1.0,9.0,0.1,10,20.0,0.45919817127725787,0.7551047397152271,0.5567163808135634,52.0,14,915
2b_digital_strong,72,naive,0.009,100,4,0.05,1.0,9.0,0.1,10,20.0,0.45919817127725787,0.7551047397152271,0.5409857973444032,839.0,9,893
2b_digital_strong,72,random,0.0009,100,4,0.05,1.0,9.0,0.1,10,20.0,0.45919817127725787,0.7551047397152271,0.5507886772576396,1013.0,17,910
2b_digital_strong,73,regular,0.1,100,4,0.05,1.0,9.0,0.1,10,20.0,0.48643622907819767,0.7324944450563049,0.5494543288925743,70.0,10,838
2b_digital_strong,73,superintelligent,0.9,100,4,0.05,1.0,9.0,0.1,10,20.0,0.48643622907819767,0.7324944450563049,0.5494543288925743,11.0,10,910
2b_digital_strong,73,oracle,1.0,100,4,0.05,1.0,9.0,0.1,10,20.0,0.48643622907819767,0.7324944450563049,0.5494543288925743,10.0,10,910
2b_digital_strong,73,naive,0.009,100,4,0.05,1.0,9.0,0.1,10,20.0,0.48643622907819767,0.7324944450563049,0.5494376418800606,880.0,11,830
2b_digital_strong,73,random,0.0009,100,4,0.05,1.0,9.0,0.1,10,20.0,0.48643622907819767,0.7324944450563049,0.548193356567524,956.0,12,878
2b_digital_strong,74,regular,0.1,100,4,0.05,1.0,9.0,0.1,10,20.0,0.4377590468402825,0.749409624702051,0.5842667357922484,88.0,14,917
2b_digital_strong,74,superintelligent,0.9,100,4,0.05,1.0,9.0,0.1,10,20.0,0.4377590468402825,0.749409624702051,0.5906421749475657,58.0,17,914
2b_digital_strong,74,oracle,1.0,100,4,0.05,1.0,9.0,0.1,10,20.0,0.4377590468402825,0.749409624702051,0.5906421749475657,55.0,17,914
2b_digital_strong,74,naive,0.009,100,4,0.05,1.0,9.0,0.1,10,20.0,0.4377590468402825,0.749409624702051,0.5615565438406511,832.0,16,878
2b_digital_strong,74,random,0.0009,100,4,0.05,1.0,9.0,0.1,10,20.0,0.4377590468402825,0.749409624702051,0.5575359146962339,954.0,14,910
2b_digital_strong,75,regular,0.1,100,4,0.05,1.0,9.0,0.1,10,20.0,0.46272791485846665,0.7590942404217697,0.5772611060857143,100.0,15,866
2b_digital_strong,75,superintelligent,0.9,100,4,0.05,1.0,9.0,0.1,10,20.0,0.46272791485846665,0.7590942404217697,0.5772611060857143,56.0,15,914
2b_digital_strong,75,oracle,1.0,100,4,0.05,1.0,9.0,0.1,10,20.0,0.46272791485846665,0.7590942404217697,0.5772611060857143,53.0,15,914
2b_digital_strong,75,naive,0.009,100,4,0.05,1.0,9.0,0.1,10,20.0,0.46272791485846665,0.7590942404217697,0.5737892925715219,871.0,14,903
2b_digital_strong,75,random,0.0009,100,4,0.05,1.0,9.0,0.1,10,20.0,0.46272791485846665,0.7590942404217697,0.5615479098703909,958.0,18,912
2b_digital_strong,76,regular,0.1,100,4,0.05,1.0,9.0,0.1,10,20.0,0.5491703703675551,0.7591669920188561,0.5702294201749081,96.0,7,792
2b_digital_strong,76,superintelligent,0.9,100,4,0.05,1.0,9.0,0.1,10,20.0,0.5491703703675551,0.7591669920188561,0.5702294201749081,27.0,7,908
2b_digital_strong,76,oracle,1.0,100,4,0.05,1.0,9.0,0.1,10,20.0,0.5491703703675551,0.7591669920188561,0.5702294201749081,26.0,7,908
2b_digital_strong,76,naive,0.009,100,4,0.05,1.0,9.0,0.1,10,20.0,0.5491703703675551,0.7591669920188561,0.5685865018986633,626.0,6,865
2b_digital_strong,76,random,0.0009,100,4,0.05,1.0,9.0,0.1,10,20.0,0.5491703703675551,0.7591669920188561,0.5638465647776068,977.0,5,896
2b_digital_strong,77,regular,0.1,100,4,0.05,1.0,9.0,0.1,10,20.0,0.498810097835294,0.7426445022545051,0.5343414677598524,72.0,7,909
2b_digital_strong,77,superintelligent,0.9,100,4,0.05,1.0,9.0,0.1,10,20.0,0.498810097835294,0.7426445022545051,0.5343414677598524,28.0,7,912
2b_digital_strong,77,oracle,1.0,100,4,0.05,1.0,9.0,0.1,10,20.0,0.498810097835294,0.7426445022545051,0.5343414677598524,26.0,7,912
2b_digital_strong,77,naive,0.009,100,4,0.05,1.0,9.0,0.1,10,20.0,0.498810097835294,0.7426445022545051,0.5257495883624685,618.0,5,806
2b_digital_strong,77,random,0.0009,100,4,0.05,1.0,9.0,0.1,10,20.0,0.498810097835294,0.7426445022545051,0.5257495883624685,894.0,5,886
2b_digital_strong,78,regular,0.1,100,4,0.05,1.0,9.0,0.1,10,20.0,0.49747575751607115,0.7543935756546742,0.5542401665956578,138.0,10,863
2b_digital_strong,78,superintelligent,0.9,100,4,0.05,1.0,9.0,0.1,10,20.0,0.49747575751607115,0.7543935756546742,0.5542401665956578,51.0,10,911
2b_digital_strong,78,oracle,1.0,100,4,0.05,1.0,9.0,0.1,10,20.0,0.49747575751607115,0.7543935756546742,0.5542401665956578,48.0,10,911
2b_digital_strong,78,naive,0.009,100,4,0.05,1.0,9.0,0.1,10,20.0,0.49747575751607115,0.7543935756546742,0.5528341244841402,703.0,9,884
2b_digital_strong,78,random,0.0009,100,4,0.05,1.0,9.0,0.1,10,20.0,0.49747575751607115,0.7543935756546742,0.5626609023945928,989.0,12,903
2b_digital_strong,79,regular,0.1,100,4,0.05,1.0,9.0,0.1,10,20.0,0.5144363044885959,0.750835580864645,0.5559673647005462,105.0,9,896
2b_digital_strong,79,superintelligent,0.9,100,4,0.05,1.0,9.0,0.1,10,20.0,0.5144363044885959,0.750835580864645,0.5577809160460301,48.0,10,912
2b_digital_strong,79,oracle,1.0,100,4,0.05,1.0,9.0,0.1,10,20.0,0.5144363044885959,0.750835580864645,0.5577809160460301,48.0,10,912
2b_digital_strong,79,naive,0.009,100,4,0.05,1.0,9.0,0.1,10,20.0,0.5144363044885959,0.750835580864645,0.5577809160460301,646.0,10,902
2b_digital_strong,79,random,0.0009,100,4,0.05,1.0,9.0,0.1,10,20.0,0.5144363044885959,0.750835580864645,0.5465809765264101,928.0,7,864
2b_digital_strong,80,regular,0.1,100,4,0.05,1.0,9.0,0.1,10,20.0,0.5037175851755884,0.7449229859660438,0.5698389014492282,161.0,8,877
2b_digital_strong,80,superintelligent,0.9,100,4,0.05,1.0,9.0,0.1,10,20.0,0.5037175851755884,0.7449229859660438,0.5698389014492282,65.0,8,911
2b_digital_strong,80,oracle,1.0,100,4,0.05,1.0,9.0,0.1,10,20.0,0.5037175851755884,0.7449229859660438,0.5698389014492282,65.0,8,911
2b_digital_strong,80,naive,0.009,100,4,0.05,1.0,9.0,0.1,10,20.0,0.5037175851755884,0.7449229859660438,0.5698389014492282,363.0,8,765
2b_digital_strong,80,random,0.0009,100,4,0.05,1.0,9.0,0.1,10,20.0,0.5037175851755884,0.7449229859660438,0.5698389014492282,1023.0,8,906
2b_digital_strong,81,regular,0.1,100,4,0.05,1.0,9.0,0.1,10,20.0,0.5406954890348288,0.7658293014378953,0.5981739266254228,132.0,11,845
2b_digital_strong,81,superintelligent,0.9,100,4,0.05,1.0,9.0,0.1,10,20.0,0.5406954890348288,0.7658293014378953,0.5981739266254228,32.0,11,911
2b_digital_strong,81,oracle,1.0,100,4,0.05,1.0,9.0,0.1,10,20.0,0.5406954890348288,0.7658293014378953,0.5981739266254228,30.0,11,911
2b_digital_strong,81,naive,0.009,100,4,0.05,1.0,9.0,0.1,10,20.0,0.5406954890348288,0.7658293014378953,0.5981739266254228,758.0,11,864
2b_digital_strong,81,random,0.0009,100,4,0.05,1.0,9.0,0.1,10,20.0,0.5406954890348288,0.7658293014378953,0.5877907044552795,961.0,8,896
2b_digital_strong,82,regular,0.1,100,4,0.05,1.0,9.0,0.1,10,20.0,0.4919108853003795,0.753662699422382,0.5539655818145987,191.0,12,823
2b_digital_strong,82,superintelligent,0.9,100,4,0.05,1.0,9.0,0.1,10,20.0,0.4919108853003795,0.753662699422382,0.5539655818145987,69.0,12,911
2b_digital_strong,82,oracle,1.0,100,4,0.05,1.0,9.0,0.1,10,20.0,0.4919108853003795,0.753662699422382,0.5539655818145987,69.0,12,911
2b_digital_strong,82,naive,0.009,100,4,0.05,1.0,9.0,0.1,10,20.0,0.4919108853003795,0.753662699422382,0.5260103155546446,453.0,6,898
2b_digital_strong,82,random,0.0009,100,4,0.05,1.0,9.0,0.1,10,20.0,0.4919108853003795,0.753662699422382,0.5227402159114654,956.0,5,906
2b_digital_strong,83,regular,0.1,100,4,0.05,1.0,9.0,0.1,10,20.0,0.4958308875334721,0.7419776882318823,0.5693748407841361,179.0,15,905
2b_digital_strong,83,superintelligent,0.9,100,4,0.05,1.0,9.0,0.1,10,20.0,0.4958308875334721,0.7419776882318823,0.5693748407841361,74.0,15,915
2b_digital_strong,83,oracle,1.0,100,4,0.05,1.0,9.0,0.1,10,20.0,0.4958308875334721,0.7419776882318823,0.5693748407841361,72.0,15,915
2b_digital_strong,83,naive,0.009,100,4,0.05,1.0,9.0,0.1,10,20.0,0.4958308875334721,0.7419776882318823,0.5690648692858633,709.0,13,902
2b_digital_strong,83,random,0.0009,100,4,0.05,1.0,9.0,0.1,10,20.0,0.4958308875334721,0.7419776882318823,0.5471559549574248,942.0,11,890
2b_digital_strong,84,regular,0.1,100,4,0.05,1.0,9.0,0.1,10,20.0,0.4744470862409596,0.7567144986703503,0.5432448784286107,206.0,16,902
2b_digital_strong,84,superintelligent,0.9,100,4,0.05,1.0,9.0,0.1,10,20.0,0.4744470862409596,0.7567144986703503,0.5406188534522207,54.0,16,911
2b_digital_strong,84,oracle,1.0,100,4,0.05,1.0,9.0,0.1,10,20.0,0.4744470862409596,0.7567144986703503,0.5406188534522207,54.0,16,911
2b_digital_strong,84,naive,0.009,100,4,0.05,1.0,9.0,0.1,10,20.0,0.4744470862409596,0.7567144986703503,0.5441508291247807,982.0,15,891
2b_digital_strong,84,random,0.0009,100,4,0.05,1.0,9.0,0.1,10,20.0,0.4744470862409596,0.7567144986703503,0.5418758767929925,980.0,16,889
2b_digital_strong,85,regular,0.1,100,4,0.05,1.0,9.0,0.1,10,20.0,0.5258198955347887,0.7613654691538314,0.6023871691046966,183.0,11,894
2b_digital_strong,85,superintelligent,0.9,100,4,0.05,1.0,9.0,0.1,10,20.0,0.5258198955347887,0.7613654691538314,0.6023871691046966,49.0,11,913
2b_digital_strong,85,oracle,1.0,100,4,0.05,1.0,9.0,0.1,10,20.0,0.5258198955347887,0.7613654691538314,0.6023871691046966,49.0,11,913
2b_digital_strong,85,naive,0.009,100,4,0.05,1.0,9.0,0.1,10,20.0,0.5258198955347887,0.7613654691538314,0.6023871691046966,934.0,11,879
2b_digital_strong,85,random,0.0009,100,4,0.05,1.0,9.0,0.1,10,20.0,0.5258198955347887,0.7613654691538314,0.583923312872816,989.0,8,886
2b_digital_strong,86,regular,0.1,100,4,0.05,1.0,9.0,0.1,10,20.0,0.47623757701309777,0.7685122069699386,0.5293738934141837,95.0,6,767
2b_digital_strong,86,superintelligent,0.9,100,4,0.05,1.0,9.0,0.1,10,20.0,0.47623757701309777,0.7685122069699386,0.5293738934141837,25.0,6,913
2b_digital_strong,86,oracle,1.0,100,4,0.05,1.0,9.0,0.1,10,20.0,0.47623757701309777,0.7685122069699386,0.5293738934141837,25.0,6,913
2b_digital_strong,86,naive,0.009,100,4,0.05,1.0,9.0,0.1,10,20.0,0.47623757701309777,0.7685122069699386,0.5293738934141837,322.0,6,802
2b_digital_strong,86,random,0.0009,100,4,0.05,1.0,9.0,0.1,10,20.0,0.47623757701309777,0.7685122069699386,0.5296037631150998,867.0,8,883
2b_digital_strong,87,regular,0.1,100,4,0.05,1.0,9.0,0.1,10,20.0,0.5206626761287201,0.7889493198195467,0.5814057322846005,64.0,8,839
2b_digital_strong,87,superintelligent,0.9,100,4,0.05,1.0,9.0,0.1,10,20.0,0.5206626761287201,0.7889493198195467,0.5814057322846005,28.0,8,910
2b_digital_strong,87,oracle,1.0,100,4,0.05,1.0,9.0,0.1,10,20.0,0.5206626761287201,0.7889493198195467,0.5814057322846005,27.0,8,910
2b_digital_strong,87,naive,0.009,100,4,0.05,1.0,9.0,0.1,10,20.0,0.5206626761287201,0.7889493198195467,0.5814057322846005,610.0,8,804
2b_digital_strong,87,random,0.0009,100,4,0.05,1.0,9.0,0.1,10,20.0,0.5206626761287201,0.7889493198195467,0.5771658649969759,841.0,7,758
2b_digital_strong,88,regular,0.1,100,4,0.05,1.0,9.0,0.1,10,20.0,0.5048279515528464,0.7655243112048452,0.556985685544999,130.0,12,874
2b_digital_strong,88,superintelligent,0.9,100,4,0.05,1.0,9.0,0.1,10,20.0,0.5048279515528464,0.7655243112048452,0.5584501764146362,54.0,14,913
2b_digital_strong,88,oracle,1.0,100,4,0.05,1.0,9.0,0.1,10,20.0,0.5048279515528464,0.7655243112048452,0.5584501764146362,52.0,14,913
2b_digital_strong,88,naive,0.009,100,4,0.05,1.0,9.0,0.1,10,20.0,0.5048279515528464,0.7655243112048452,0.5494917557036502,823.0,10,907
2b_digital_strong,88,random,0.0009,100,4,0.05,1.0,9.0,0.1,10,20.0,0.5048279515528464,0.7655243112048452,0.5518314502025699,974.0,11,912
2b_digital_strong,89,regular,0.1,100,4,0.05,1.0,9.0,0.1,10,20.0,0.42500416120939555,0.753521351557854,0.5450481588352285,232.0,13,900
2b_digital_strong,89,superintelligent,0.9,100,4,0.05,1.0,9.0,0.1,10,20.0,0.42500416120939555,0.753521351557854,0.5450481588352285,33.0,13,911
2b_digital_strong,89,oracle,1.0,100,4,0.05,1.0,9.0,0.1,10,20.0,0.42500416120939555,0.753521351557854,0.5450481588352285,32.0,13,911
2b_digital_strong,89,naive,0.009,100,4,0.05,1.0,9.0,0.1,10,20.0,0.42500416120939555,0.753521351557854,0.567033281365173,900.0,14,874
2b_digital_strong,89,random,0.0009,100,4,0.05,1.0,9.0,0.1,10,20.0,0.42500416120939555,0.753521351557854,0.5590719476582907,1034.0,18,902
2b_digital_strong,90,regular,0.1,100,4,0.05,1.0,9.0,0.1,10,20.0,0.46408576623322717,0.7494149453019731,0.5682955444413784,190.0,13,912
2b_digital_strong,90,superintelligent,0.9,100,4,0.05,1.0,9.0,0.1,10,20.0,0.46408576623322717,0.7494149453019731,0.5603069591416121,52.0,14,911
2b_digital_strong,90,oracle,1.0,100,4,0.05,1.0,9.0,0.1,10,20.0,0.46408576623322717,0.7494149453019731,0.5603069591416121,52.0,14,911
2b_digital_strong,90,naive,0.009,100,4,0.05,1.0,9.0,0.1,10,20.0,0.46408576623322717,0.7494149453019731,0.5666814470546029,893.0,14,839
2b_digital_strong,90,random,0.0009,100,4,0.05,1.0,9.0,0.1,10,20.0,0.46408576623322717,0.7494149453019731,0.5611373425202489,967.0,13,897
2b_digital_strong,91,regular,0.1,100,4,0.05,1.0,9.0,0.1,10,20.0,0.4828467142241658,0.7598999072570563,0.58767566611541,150.0,12,898
2b_digital_strong,91,superintelligent,0.9,100,4,0.05,1.0,9.0,0.1,10,20.0,0.4828467142241658,0.7598999072570563,0.58767566611541,52.0,12,915
2b_digital_strong,91,oracle,1.0,100,4,0.05,1.0,9.0,0.1,10,20.0,0.4828467142241658,0.7598999072570563,0.58767566611541,50.0,12,915
2b_digital_strong,91,naive,0.009,100,4,0.05,1.0,9.0,0.1,10,20.0,0.4828467142241658,0.7598999072570563,0.5764238036138272,951.0,15,912
2b_digital_strong,91,random,0.0009,100,4,0.05,1.0,9.0,0.1,10,20.0,0.4828467142241658,0.7598999072570563,0.5981720455644757,1032.0,15,915
2b_digital_strong,92,regular,0.1,100,4,0.05,1.0,9.0,0.1,10,20.0,0.48766272167935915,0.7697463168759296,0.5963690391975665,220.0,17,840
2b_digital_strong,92,superintelligent,0.9,100,4,0.05,1.0,9.0,0.1,10,20.0,0.48766272167935915,0.7697463168759296,0.5963690391975665,74.0,17,909
2b_digital_strong,92,oracle,1.0,100,4,0.05,1.0,9.0,0.1,10,20.0,0.48766272167935915,0.7697463168759296,0.5963690391975665,74.0,17,909
2b_digital_strong,92,naive,0.009,100,4,0.05,1.0,9.0,0.1,10,20.0,0.48766272167935915,0.7697463168759296,0.5714984451230449,744.0,10,850
2b_digital_strong,92,random,0.0009,100,4,0.05,1.0,9.0,0.1,10,20.0,0.48766272167935915,0.7697463168759296,0.5714984451230449,1056.0,10,913
2b_digital_strong,93,regular,0.1,100,4,0.05,1.0,9.0,0.1,10,20.0,0.5481569292357136,0.7598027323078673,0.5832039327577867,95.0,9,862
2b_digital_strong,93,superintelligent,0.9,100,4,0.05,1.0,9.0,0.1,10,20.0,0.5481569292357136,0.7598027323078673,0.5832039327577867,29.0,9,916
2b_digital_strong,93,oracle,1.0,100,4,0.05,1.0,9.0,0.1,10,20.0,0.5481569292357136,0.7598027323078673,0.5832039327577867,28.0,9,916
2b_digital_strong,93,naive,0.009,100,4,0.05,1.0,9.0,0.1,10,20.0,0.5481569292357136,0.7598027323078673,0.575027309702797,591.0,8,875
2b_digital_strong,93,random,0.0009,100,4,0.05,1.0,9.0,0.1,10,20.0,0.5481569292357136,0.7598027323078673,0.5832039327577867,776.0,9,864
2b_digital_strong,94,regular,0.1,100,4,0.05,1.0,9.0,0.1,10,20.0,0.5448380577859931,0.7707369946140361,0.566051220667125,57.0,5,699
2b_digital_strong,94,superintelligent,0.9,100,4,0.05,1.0,9.0,0.1,10,20.0,0.5448380577859931,0.7707369946140361,0.566051220667125,24.0,5,916
2b_digital_strong,94,oracle,1.0,100,4,0.05,1.0,9.0,0.1,10,20.0,0.5448380577859931,0.7707369946140361,0.566051220667125,24.0,5,916
2b_digital_strong,94,naive,0.009,100,4,0.05,1.0,9.0,0.1,10,20.0,0.5448380577859931,0.7707369946140361,0.566051220667125,254.0,5,877
2b_digital_strong,94,random,0.0009,100,4,0.05,1.0,9.0,0.1,10,20.0,0.5448380577859931,0.7707369946140361,0.5642126442200097,930.0,6,896
2b_digital_strong,95,regular,0.1,100,4,0.05,1.0,9.0,0.1,10,20.0,0.49381804172770005,0.7535741952465769,0.5920634086737805,187.0,13,773
2b_digital_strong,95,superintelligent,0.9,100,4,0.05,1.0,9.0,0.1,10,20.0,0.49381804172770005,0.7535741952465769,0.5920634086737805,71.0,13,911
2b_digital_strong,95,oracle,1.0,100,4,0.05,1.0,9.0,0.1,10,20.0,0.49381804172770005,0.7535741952465769,0.5920634086737805,70.0,13,911
2b_digital_strong,95,naive,0.009,100,4,0.05,1.0,9.0,0.1,10,20.0,0.49381804172770005,0.7535741952465769,0.5957509738673703,612.0,13,872
2b_digital_strong,95,random,0.0009,100,4,0.05,1.0,9.0,0.1,10,20.0,0.49381804172770005,0.7535741952465769,0.6185398453638307,1002.0,16,910
2b_digital_strong,96,regular,0.1,100,4,0.05,1.0,9.0,0.1,10,20.0,0.5091612622983809,0.7499059757908715,0.5605765598187442,57.0,9,721
2b_digital_strong,96,superintelligent,0.9,100,4,0.05,1.0,9.0,0.1,10,20.0,0.5091612622983809,0.7499059757908715,0.5605765598187442,10.0,9,909
2b_digital_strong,96,oracle,1.0,100,4,0.05,1.0,9.0,0.1,10,20.0,0.5091612622983809,0.7499059757908715,0.5605765598187442,9.0,9,909
2b_digital_strong,96,naive,0.009,100,4,0.05,1.0,9.0,0.1,10,20.0,0.5091612622983809,0.7499059757908715,0.5605765598187442,612.0,9,742
2b_digital_strong,96,random,0.0009,100,4,0.05,1.0,9.0,0.1,10,20.0,0.5091612622983809,0.7499059757908715,0.5490702925936476,889.0,9,804
2b_digital_strong,97,regular,0.1,100,4,0.05,1.0,9.0,0.1,10,20.0,0.557544984920197,0.7765323220301977,0.5935421630858737,91.0,5,822
2b_digital_strong,97,superintelligent,0.9,100,4,0.05,1.0,9.0,0.1,10,20.0,0.557544984920197,0.7765323220301977,0.5935421630858737,25.0,5,911
2b_digital_strong,97,oracle,1.0,100,4,0.05,1.0,9.0,0.1,10,20.0,0.557544984920197,0.7765323220301977,0.5935421630858737,24.0,5,911
2b_digital_strong,97,naive,0.009,100,4,0.05,1.0,9.0,0.1,10,20.0,0.557544984920197,0.7765323220301977,0.5935421630858737,666.0,5,897
2b_digital_strong,97,random,0.0009,100,4,0.05,1.0,9.0,0.1,10,20.0,0.557544984920197,0.7765323220301977,0.5935421630858737,614.0,5,782
2b_digital_strong,98,regular,0.1,100,4,0.05,1.0,9.0,0.1,10,20.0,0.5237059002764967,0.7516551408604922,0.580001002951786,122.0,10,910
2b_digital_strong,98,superintelligent,0.9,100,4,0.05,1.0,9.0,0.1,10,20.0,0.5237059002764967,0.7516551408604922,0.5750933452867545,49.0,9,913
2b_digital_strong,98,oracle,1.0,100,4,0.05,1.0,9.0,0.1,10,20.0,0.5237059002764967,0.7516551408604922,0.5750933452867545,47.0,9,913
2b_digital_strong,98,naive,0.009,100,4,0.05,1.0,9.0,0.1,10,20.0,0.5237059002764967,0.7516551408604922,0.5750933452867545,538.0,9,851
2b_digital_strong,98,random,0.0009,100,4,0.05,1.0,9.0,0.1,10,20.0,0.5237059002764967,0.7516551408604922,0.5680595715882294,935.0,8,863
2b_digital_strong,99,regular,0.1,100,4,0.05,1.0,9.0,0.1,10,20.0,0.4833949905371631,0.7526837068543626,0.5810096236910218,268.0,15,877
2b_digital_strong,99,superintelligent,0.9,100,4,0.05,1.0,9.0,0.1,10,20.0,0.4833949905371631,0.7526837068543626,0.5810096236910218,73.0,15,910
2b_digital_strong,99,oracle,1.0,100,4,0.05,1.0,9.0,0.1,10,20.0,0.4833949905371631,0.7526837068543626,0.5810096236910218,72.0,15,910
2b_digital_strong,99,naive,0.009,100,4,0.05,1.0,9.0,0.1,10,20.0,0.4833949905371631,0.7526837068543626,0.5785839880871793,547.0,14,903
2b_digital_strong,99,random,0.0009,100,4,0.05,1.0,9.0,0.1,10,20.0,0.4833949905371631,0.7526837068543626,0.5785839880871793,1005.0,14,912
3a_physical_weak,0,regular,0.1,100,6,0.05,100.0,9.0,0.1,0,1.0,0.4823282945558237,0.747506927130444,0.5638870098506108,5100.0,8,911
3a_physical_weak,0,superintelligent,0.9,100,6,0.05,100.0,9.0,0.1,0,1.0,0.4823282945558237,0.747506927130444,0.5638870098506108,800.0,8,914
3a_physical_weak,0,oracle,1.0,100,6,0.05,100.0,9.0,0.1,0,1.0,0.4823282945558237,0.747506927130444,0.5638870098506108,800.0,8,914
3a_physical_weak,0,naive,0.009,100,6,0.05,100.0,9.0,0.1,0,1.0,0.4823282945558237,0.747506927130444,0.5864058249566575,66400.0,9,916
3a_physical_weak,0,random,0.0009,100,6,0.05,100.0,9.0,0.1,0,1.0,0.4823282945558237,0.747506927130444,0.5925973847724315,77600.0,9,884
3a_physical_weak,1,regular,0.1,100,6,0.05,100.0,9.0,0.1,0,1.0,0.5513588838898028,0.751537428346842,0.5639745412364606,2400.0,2,903
3a_physical_weak,1,superintelligent,0.9,100,6,0.05,100.0,9.0,0.1,0,1.0,0.5513588838898028,0.751537428346842,0.5639745412364606,200.0,2,913
3a_physical_weak,1,oracle,1.0,100,6,0.05,100.0,9.0,0.1,0,1.0,0.5513588838898028,0.751537428346842,0.5639745412364606,200.0,2,913
3a_physical_weak,1,naive,0.009,100,6,0.05,100.0,9.0,0.1,0,1.0,0.5513588838898028,0.751537428346842,0.5639745412364606,28700.0,2,799
3a_physical_weak,1,random,0.0009,100,6,0.05,100.0,9.0,0.1,0,1.0,0.5513588838898028,0.751537428346842,0.5639745412364606,86000.0,2,903
3a_physical_weak,2,regular,0.1,100,6,0.05,100.0,9.0,0.1,0,1.0,0.5141657927239867,0.7503313828819543,0.5755791479568056,6700.0,8,676
3a_physical_weak,2,superintelligent,0.9,100,6,0.05,100.0,9.0,0.1,0,1.0,0.5141657927239867,0.7503313828819543,0.5778079402170999,1200.0,10,911
3a_physical_weak,2,oracle,1.0,100,6,0.05,100.0,9.0,0.1,0,1.0,0.5141657927239867,0.7503313828819543,0.5778079402170999,1000.0,10,911
3a_physical_weak,2,naive,0.009,100,6,0.05,100.0,9.0,0.1,0,1.0,0.5141657927239867,0.7503313828819543,0.5738332317327459,40800.0,7,719
3a_physical_weak,2,random,0.0009,100,6,0.05,100.0,9.0,0.1,0,1.0,0.5141657927239867,0.7503313828819543,0.5649035011269888,71900.0,6,884
3a_physical_weak,3,regular,0.1,100,6,0.05,100.0,9.0,0.1,0,1.0,0.500833564748437,0.7516301280807105,0.5397234045228718,6200.0,6,858
3a_physical_weak,3,superintelligent,0.9,100,6,0.05,100.0,9.0,0.1,0,1.0,0.500833564748437,0.7516301280807105,0.5397234045228718,700.0,6,912
3a_physical_weak,3,oracle,1.0,100,6,0.05,100.0,9.0,0.1,0,1.0,0.500833564748437,0.7516301280807105,0.5397234045228718,600.0,6,912
3a_physical_weak,3,naive,0.009,100,6,0.05,100.0,9.0,0.1,0,1.0,0.500833564748437,0.7516301280807105,0.5397234045228718,33600.0,6,759
3a_physical_weak,3,random,0.0009,100,6,0.05,100.0,9.0,0.1,0,1.0,0.500833564748437,0.7516301280807105,0.529442007516043,90500.0,4,904
3a_physical_weak,4,regular,0.1,100,6,0.05,100.0,9.0,0.1,0,1.0,0.4705108977372163,0.7504447217302462,0.518160313920889,8800.0,6,861
3a_physical_weak,4,superintelligent,0.9,100,6,0.05,100.0,9.0,0.1,0,1.0,0.4705108977372163,0.7504447217302462,0.5598427585119026,2200.0,16,909
3a_physical_weak,4,oracle,1.0,100,6,0.05,100.0,9.0,0.1,0,1.0,0.4705108977372163,0.7504447217302462,0.5598427585119026,1600.0,16,909
3a_physical_weak,4,naive,0.009,100,6,0.05,100.0,9.0,0.1,0,1.0,0.4705108977372163,0.7504447217302462,0.6009931825608831,74200.0,16,852
3a_physical_weak,4,random,0.0009,100,6,0.05,100.0,9.0,0.1,0,1.0,0.4705108977372163,0.7504447217302462,0.5536681870291161,85500.0,17,879
3a_physical_weak,5,regular,0.1,100,6,0.05,100.0,9.0,0.1,0,1.0,0.44359034560618527,0.7511255702071511,0.5665800778261336,6600.0,10,841
3a_physical_weak,5,superintelligent,0.9,100,6,0.05,100.0,9.0,0.1,0,1.0,0.44359034560618527,0.7511255702071511,0.5665800778261336,1200.0,10,912
3a_physical_weak,5,oracle,1.0,100,6,0.05,100.0,9.0,0.1,0,1.0,0.44359034560618527,0.7511255702071511,0.5665800778261336,1000.0,10,912
3a_physical_weak,5,naive,0.009,100,6,0.05,100.0,9.0,0.1,0,1.0,0.44359034560618527,0.7511255702071511,0.5665800778261336,39800.0,10,885
3a_physical_weak,5,random,0.0009,100,6,0.05,100.0,9.0,0.1,0,1.0,0.44359034560618527,0.7511255702071511,0.5632392635042619,89500.0,9,893
3a_physical_weak,6,regular,0.1,100,6,0.05,100.0,9.0,0.1,0,1.0,0.5712459712239072,0.7529158736358095,0.6325706228350193,4500.0,7,914
3a_physical_weak,6,superintelligent,0.9,100,6,0.05,100.0,9.0,0.1,0,1.0,0.5712459712239072,0.7529158736358095,0.6325706228350193,1000.0,7,914
3a_physical_weak,6,oracle,1.0,100,6,0.05,100.0,9.0,0.1,0,1.0,0.5712459712239072,0.7529158736358095,0.6325706228350193,700.0,7,914
3a_physical_weak,6,naive,0.009,100,6,0.05,100.0,9.0,0.1,0,1.0,0.5712459712239072,0.7529158736358095,0.6325706228350193,71000.0,7,911
3a_physical_weak,6,random,0.0009,100,6,0.05,100.0,9.0,0.1,0,1.0,0.5712459712239072,0.7529158736358095,0.6064123911948952,75500.0,5,897
3a_physical_weak,7,regular,0.1,100,6,0.05,100.0,9.0,0.1,0,1.0,0.4937036552826735,0.7528779768135295,0.5951830694462212,6500.0,11,792
3a_physical_weak,7,superintelligent,0.9,100,6,0.05,100.0,9.0,0.1,0,1.0,0.4937036552826735,0.7528779768135295,0.5951830694462212,1300.0,11,914
3a_physical_weak,7,oracle,1.0,100,6,0.05,100.0,9.0,0.1,0,1.0,0.4937036552826735,0.7528779768135295,0.5951830694462212,1100.0,11,914
3a_physical_weak,7,naive,0.009,100,6,0.05,100.0,9.0,0.1,0,1.0,0.4937036552826735,0.7528779768135295,0.5951830694462212,61400.0,11,841
3a_physical_weak,7,random,0.0009,100,6,0.05,100.0,9.0,0.1,0,1.0,0.4937036552826735,0.7528779768135295,0.5951830694462212,92300.0,11,913
3a_physical_weak,8,regular,0.1,100,6,0.05,100.0,9.0,0.1,0,1.0,0.4388458767090117,0.7567399191114068,0.5858141426870734,11700.0,15,909
3a_physical_weak,8,superintelligent,0.9,100,6,0.05,100.0,9.0,0.1,0,1.0,0.4388458767090117,0.7567399191114068,0.5858141426870734,1500.0,15,917
3a_physical_weak,8,oracle,1.0,100,6,0.05,100.0,9.0,0.1,0,1.0,0.4388458767090117,0.7567399191114068,0.5858141426870734,1500.0,15,917
3a_physical_weak,8,naive,0.009,100,6,0.05,100.0,9.0,0.1,0,1.0,0.4388458767090117,0.7567399191114068,0.5852128849644962,67300.0,15,885
3a_physical_weak,8,random,0.0009,100,6,0.05,100.0,9.0,0.1,0,1.0,0.4388458767090117,0.7567399191114068,0.5720619708892134,91900.0,17,905
3a_physical_weak,9,regular,0.1,100,6,0.05,100.0,9.0,0.1,0,1.0,0.5250192427614856,0.745590420589932,0.6446408286118279,12300.0,17,863
3a_physical_weak,9,superintelligent,0.9,100,6,0.05,100.0,9.0,0.1,0,1.0,0.5250192427614856,0.745590420589932,0.6446408286118279,2000.0,17,912
3a_physical_weak,9,oracle,1.0,100,6,0.05,100.0,9.0,0.1,0,1.0,0.5250192427614856,0.745590420589932,0.6446408286118279,1700.0,17,912
3a_physical_weak,9,naive,0.009,100,6,0.05,100.0,9.0,0.1,0,1.0,0.5250192427614856,0.745590420589932,0.640056049980608,60200.0,14,769
3a_physical_weak,9,random,0.0009,100,6,0.05,100.0,9.0,0.1,0,1.0,0.5250192427614856,0.745590420589932,0.5967518568504582,80300.0,13,860
3a_physical_weak,10,regular,0.1,100,6,0.05,100.0,9.0,0.1,0,1.0,0.5144778988102463,0.7414710065704221,0.6273879780611922,18500.0,15,878
3a_physical_weak,10,superintelligent,0.9,100,6,0.05,100.0,9.0,0.1,0,1.0,0.5144778988102463,0.7414710065704221,0.6273879780611922,1500.0,15,912
3a_physical_weak,10,oracle,1.0,100,6,0.05,100.0,9.0,0.1,0,1.0,0.5144778988102463,0.7414710065704221,0.6273879780611922,1500.0,15,912
3a_physical_weak,10,naive,0.009,100,6,0.05,100.0,9.0,0.1,0,1.0,0.5144778988102463,0.7414710065704221,0.60676307990824,77200.0,11,798
3a_physical_weak,10,random,0.0009,100,6,0.05,100.0,9.0,0.1,0,1.0,0.5144778988102463,0.7414710065704221,0.5968302786620775,85200.0,11,888
3a_physical_weak,11,regular,0.1,100,6,0.05,100.0,9.0,0.1,0,1.0,0.4891570214290828,0.7598484896073464,0.5556941655406653,14100.0,11,868
3a_physical_weak,11,superintelligent,0.9,100,6,0.05,100.0,9.0,0.1,0,1.0,0.4891570214290828,0.7598484896073464,0.5556941655406653,1100.0,11,910
3a_physical_weak,11,oracle,1.0,100,6,0.05,100.0,9.0,0.1,0,1.0,0.4891570214290828,0.7598484896073464,0.5556941655406653,1100.0,11,910
3a_physical_weak,11,naive,0.009,100,6,0.05,100.0,9.0,0.1,0,1.0,0.4891570214290828,0.7598484896073464,0.5374275854473669,63500.0,9,854
3a_physical_weak,11,random,0.0009,100,6,0.05,100.0,9.0,0.1,0,1.0,0.4891570214290828,0.7598484896073464,0.5517329130352852,91700.0,12,905
3a_physical_weak,12,regular,0.1,100,6,0.05,100.0,9.0,0.1,0,1.0,0.5138696402725172,0.7815175895740545,0.5940671453917863,6600.0,8,905
3a_physical_weak,12,superintelligent,0.9,100,6,0.05,100.0,9.0,0.1,0,1.0,0.5138696402725172,0.7815175895740545,0.5939251470817698,900.0,8,916
3a_physical_weak,12,oracle,1.0,100,6,0.05,100.0,9.0,0.1,0,1.0,0.5138696402725172,0.7815175895740545,0.5939251470817698,800.0,8,916
3a_physical_weak,12,naive,0.009,100,6,0.05,100.0,9.0,0.1,0,1.0,0.5138696402725172,0.7815175895740545,0.5873661669988092,68600.0,8,859
3a_physical_weak,12,random,0.0009,100,6,0.05,100.0,9.0,0.1,0,1.0,0.5138696402725172,0.7815175895740545,0.5748797567788619,73800.0,8,898
3a_physical_weak,13,regular,0.1,100,6,0.05,100.0,9.0,0.1,0,1.0,0.46988648656112353,0.7571216249606485,0.5290665848490494,5400.0,8,895
3a_physical_weak,13,superintelligent,0.9,100,6,0.05,100.0,9.0,0.1,0,1.0,0.46988648656112353,0.7571216249606485,0.5290665848490494,1100.0,8,913
3a_physical_weak,13,oracle,1.0,100,6,0.05,100.0,9.0,0.1,0,1.0,0.46988648656112353,0.7571216249606485,0.5290665848490494,800.0,8,913
3a_physical_weak,13,naive,0.009,100,6,0.05,100.0,9.0,0.1,0,1.0,0.46988648656112353,0.7571216249606485,0.538773054166219,36400.0,7,879
3a_physical_weak,13,random,0.0009,100,6,0.05,100.0,9.0,0.1,0,1.0,0.46988648656112353,0.7571216249606485,0.5332277872496867,91900.0,9,910
3a_physical_weak,14,regular,0.1,100,6,0.05,100.0,9.0,0.1,0,1.0,0.4807403128884716,0.7436423285364802,0.5633445781144998,6200.0,8,837
3a_physical_weak,14,superintelligent,0.9,100,6,0.05,100.0,9.0,0.1,0,1.0,0.4807403128884716,0.7436423285364802,0.5633445781144998,1000.0,8,912
3a_physical_weak,14,oracle,1.0,100,6,0.05,100.0,9.0,0.1,0,1.0,0.4807403128884716,0.7436423285364802,0.5633445781144998,800.0,8,912
3a_physical_weak,14,naive,0.009,100,6,0.05,100.0,9.0,0.1,0,1.0,0.4807403128884716,0.7436423285364802,0.5485163773055078,75500.0,7,846
3a_physical_weak,14,random,0.0009,100,6,0.05,100.0,9.0,0.1,0,1.0,0.4807403128884716,0.7436423285364802,0.5604119650278969,67200.0,6,908
3a_physical_weak,15,regular,0.1,100,6,0.05,100.0,9.0,0.1,0,1.0,0.5430324578644732,0.7590454213541584,0.6251567408062746,5700.0,8,911
3a_physical_weak,15,superintelligent,0.9,100,6,0.05,100.0,9.0,0.1,0,1.0,0.5430324578644732,0.7590454213541584,0.6251567408062746,1000.0,8,918
3a_physical_weak,15,oracle,1.0,100,6,0.05,100.0,9.0,0.1,0,1.0,0.5430324578644732,0.7590454213541584,0.6251567408062746,800.0,8,918
3a_physical_weak,15,naive,0.009,100,6,0.05,100.0,9.0,0.1,0,1.0,0.5430324578644732,0.7590454213541584,0.6251567408062746,50300.0,8,869
3a_physical_weak,15,random,0.0009,100,6,0.05,100.0,9.0,0.1,0,1.0,0.5430324578644732,0.7590454213541584,0.6112092521647594,61100.0,8,853
3a_physical_weak,16,regular,0.1,100,6,0.05,100.0,9.0,0.1,0,1.0,0.4936875162192797,0.7588801367845203,0.5892203615789985,5400.0,6,881
3a_physical_weak,16,superintelligent,0.9,100,6,0.05,100.0,9.0,0.1,0,1.0,0.4936875162192797,0.7588801367845203,0.5892203615789985,600.0,6,913
3a_physical_weak,16,oracle,1.0,100,6,0.05,100.0,9.0,0.1,0,1.0,0.4936875162192797,0.7588801367845203,0.5892203615789985,600.0,6,913
3a_physical_weak,16,naive,0.009,100,6,0.05,100.0,9.0,0.1,0,1.0,0.4936875162192797,0.7588801367845203,0.5821736454336324,66700.0,7,906
3a_physical_weak,16,random,0.0009,100,6,0.05,100.0,9.0,0.1,0,1.0,0.4936875162192797,0.7588801367845203,0.5892203615789985,91400.0,6,908
3a_physical_weak,17,regular,0.1,100,6,0.05,100.0,9.0,0.1,0,1.0,0.5059530884986815,0.7442351092994267,0.5587083813394585,4900.0,6,709
3a_physical_weak,17,superintelligent,0.9,100,6,0.05,100.0,9.0,0.1,0,1.0,0.5059530884986815,0.7442351092994267,0.5587083813394585,600.0,6,909
3a_physical_weak,17,oracle,1.0,100,6,0.05,100.0,9.0,0.1,0,1.0,0.5059530884986815,0.7442351092994267,0.5587083813394585,600.0,6,909
3a_physical_weak,17,naive,0.009,100,6,0.05,100.0,9.0,0.1,0,1.0,0.5059530884986815,0.7442351092994267,0.5550867721479625,41100.0,8,839
3a_physical_weak,17,random,0.0009,100,6,0.05,100.0,9.0,0.1,0,1.0,0.5059530884986815,0.7442351092994267,0.555022586579925,83000.0,7,827
3a_physical_weak,18,regular,0.1,100,6,0.05,100.0,9.0,0.1,0,1.0,0.4841055398704944,0.7510194404133554,0.5412077357797815,5900.0,4,877
3a_physical_weak,18,superintelligent,0.9,100,6,0.05,100.0,9.0,0.1,0,1.0,0.4841055398704944,0.7510194404133554,0.5412077357797815,400.0,4,914
3a_physical_weak,18,oracle,1.0,100,6,0.05,100.0,9.0,0.1,0,1.0,0.4841055398704944,0.7510194404133554,0.5412077357797815,400.0,4,914
3a_physical_weak,18,naive,0.009,100,6,0.05,100.0,9.0,0.1,0,1.0,0.4841055398704944,0.7510194404133554,0.5412077357797815,13600.0,4,879
3a_physical_weak,18,random,0.0009,100,6,0.05,100.0,9.0,0.1,0,1.0,0.4841055398704944,0.7510194404133554,0.5413218036050399,80300.0,6,886
3a_physical_weak,19,regular,0.1,100,6,0.05,100.0,9.0,0.1,0,1.0,0.4486985058496613,0.7574798067062203,0.5655125380966168,13700.0,15,875
3a_physical_weak,19,superintelligent,0.9,100,6,0.05,100.0,9.0,0.1,0,1.0,0.4486985058496613,0.7574798067062203,0.5715543645564259,1900.0,19,908
3a_physical_weak,19,oracle,1.0,100,6,0.05,100.0,9.0,0.1,0,1.0,0.4486985058496613,0.7574798067062203,0.5715543645564259,1900.0,19,908
3a_physical_weak,19,naive,0.009,100,6,0.05,100.0,9.0,0.1,0,1.0,0.4486985058496613,0.7574798067062203,0.529903409825785,76400.0,10,863
3a_physical_weak,19,random,0.0009,100,6,0.05,100.0,9.0,0.1,0,1.0,0.4486985058496613,0.7574798067062203,0.5542377669009767,90000.0,17,901
3a_physical_weak,20,regular,0.1,100,6,0.05,100.0,9.0,0.1,0,1.0,0.48653374593943866,0.751840605264421,0.562012728508014,5300.0,12,910
3a_physical_weak,20,superintelligent,0.9,100,6,0.05,100.0,9.0,0.1,0,1.0,0.48653374593943866,0.751840605264421,0.562012728508014,1500.0,12,913
3a_physical_weak,20,oracle,1.0,100,6,0.05,100.0,9.0,0.1,0,1.0,0.48653374593943866,0.751840605264421,0.562012728508014,1200.0,12,913
3a_physical_weak,20,naive,0.009,100,6,0.05,100.0,9.0,0.1,0,1.0,0.48653374593943866,0.751840605264421,0.5463106325005938,78000.0,10,890
3a_physical_weak,20,random,0.0009,100,6,0.05,100.0,9.0,0.1,0,1.0,0.48653374593943866,0.751840605264421,0.5483513510264408,88900.0,10,899
3a_physical_weak,21,regular,0.1,100,6,0.05,100.0,9.0,0.1,0,1.0,0.4618797401045169,0.7556551295056503,0.5769962371740585,9600.0,13,880
3a_physical_weak,21,superintelligent,0.9,100,6,0.05,100.0,9.0,0.1,0,1.0,0.4618797401045169,0.7556551295056503,0.5769962371740585,1400.0,13,910
3a_physical_weak,21,oracle,1.0,100,6,0.05,100.0,9.0,0.1,0,1.0,0.4618797401045169,0.7556551295056503,0.5769962371740585,1300.0,13,910
3a_physical_weak,21,naive,0.009,100,6,0.05,100.0,9.0,0.1,0,1.0,0.4618797401045169,0.7556551295056503,0.5764651974720462,78900.0,12,855
3a_physical_weak,21,random,0.0009,100,6,0.05,100.0,9.0,0.1,0,1.0,0.4618797401045169,0.7556551295056503,0.5749417295486673,90500.0,16,901
3a_physical_weak,22,regular,0.1,100,6,0.05,100.0,9.0,0.1,0,1.0,0.5100377767526663,0.750689931161479,0.6122765790288642,7800.0,10,864
3a_physical_weak,22,superintelligent,0.9,100,6,0.05,100.0,9.0,0.1,0,1.0,0.5100377767526663,0.750689931161479,0.624521284092537,1200.0,11,915
3a_physical_weak,22,oracle,1.0,100,6,0.05,100.0,9.0,0.1,0,1.0,0.5100377767526663,0.750689931161479,0.624521284092537,1100.0,11,915
3a_physical_weak,22,naive,0.009,100,6,0.05,100.0,9.0,0.1,0,1.0,0.5100377767526663,0.750689931161479,0.6034278675378603,68000.0,10,702
3a_physical_weak,22,random,0.0009,100,6,0.05,100.0,9.0,0.1,0,1.0,0.5100377767526663,0.750689931161479,0.5998745656822811,57800.0,12,911
3a_physical_weak,23,regular,0.1,100,6,0.05,100.0,9.0,0.1,0,1.0,0.5193131515816717,0.7558986000961426,0.5945471400991088,10100.0,12,885
3a_physical_weak,23,superintelligent,0.9,100,6,0.05,100.0,9.0,0.1,0,1.0,0.5193131515816717,0.7558986000961426,0.6123203261874939,1800.0,16,912
3a_physical_weak,23,oracle,1.0,100,6,0.05,100.0,9.0,0.1,0,1.0,0.5193131515816717,0.7558986000961426,0.6123203261874939,1600.0,16,912
3a_physical_weak,23,naive,0.009,100,6,0.05,100.0,9.0,0.1,0,1.0,0.5193131515816717,0.7558986000961426,0.5895541921054851,50400.0,9,903
3a_physical_weak,23,random,0.0009,100,6,0.05,100.0,9.0,0.1,0,1.0,0.5193131515816717,0.7558986000961426,0.5784154278604656,59700.0,9,871
3a_physical_weak,24,regular,0.1,100,6,0.05,100.0,9.0,0.1,0,1.0,0.48045475757926853,0.7531921209539665,0.5755666053555527,8200.0,10,551
3a_physical_weak,24,superintelligent,0.9,100,6,0.05,100.0,9.0,0.1,0,1.0,0.48045475757926853,0.7531921209539665,0.5772915675788229,1300.0,12,910
3a_physical_weak,24,oracle,1.0,100,6,0.05,100.0,9.0,0.1,0,1.0,0.48045475757926853,0.7531921209539665,0.5772915675788229,1200.0,12,910
3a_physical_weak,24,naive,0.009,100,6,0.05,100.0,9.0,0.1,0,1.0,0.48045475757926853,0.7531921209539665,0.5755666053555527,67600.0,10,780
3a_physical_weak,24,random,0.0009,100,6,0.05,100.0,9.0,0.1,0,1.0,0.48045475757926853,0.7531921209539665,0.5707791826304471,90300.0,11,892
3a_physical_weak,25,regular,0.1,100,6,0.05,100.0,9.0,0.1,0,1.0,0.4901975500315514,0.7569397865750663,0.5718962613770416,5100.0,9,903
3a_physical_weak,25,superintelligent,0.9,100,6,0.05,100.0,9.0,0.1,0,1.0,0.4901975500315514,0.7569397865750663,0.5718962613770416,1000.0,9,911
3a_physical_weak,25,oracle,1.0,100,6,0.05,100.0,9.0,0.1,0,1.0,0.4901975500315514,0.7569397865750663,0.5718962613770416,900.0,9,911
3a_physical_weak,25,naive,0.009,100,6,0.05,100.0,9.0,0.1,0,1.0,0.4901975500315514,0.7569397865750663,0.564134962334379,54800.0,7,838
3a_physical_weak,25,random,0.0009,100,6,0.05,100.0,9.0,0.1,0,1.0,0.4901975500315514,0.7569397865750663,0.5702196797176589,92000.0,9,912
3a_physical_weak,26,regular,0.1,100,6,0.05,100.0,9.0,0.1,0,1.0,0.4754535085743683,0.7613026378300825,0.56097077036102,14100.0,12,794
3a_physical_weak,26,superintelligent,0.9,100,6,0.05,100.0,9.0,0.1,0,1.0,0.4754535085743683,0.7613026378300825,0.5700854028813808,1600.0,13,913
3a_physical_weak,26,oracle,1.0,100,6,0.05,100.0,9.0,0.1,0,1.0,0.4754535085743683,0.7613026378300825,0.5700854028813808,1300.0,13,913
3a_physical_weak,26,naive,0.009,100,6,0.05,100.0,9.0,0.1,0,1.0,0.4754535085743683,0.7613026378300825,0.5422335836318695,75000.0,9,894
3a_physical_weak,26,random,0.0009,100,6,0.05,100.0,9.0,0.1,0,1.0,0.4754535085743683,0.7613026378300825,0.5503767713693097,73900.0,10,868
3a_physical_weak,27,regular,0.1,100,6,0.05,100.0,9.0,0.1,0,1.0,0.5440205419326061,0.7625089823937469,0.5969526304555378,4900.0,6,875
3a_physical_weak,27,superintelligent,0.9,100,6,0.05,100.0,9.0,0.1,0,1.0,0.5440205419326061,0.7625089823937469,0.5969526304555378,900.0,6,912
3a_physical_weak,27,oracle,1.0,100,6,0.05,100.0,9.0,0.1,0,1.0,0.5440205419326061,0.7625089823937469,0.5969526304555378,600.0,6,912
3a_physical_weak,27,naive,0.009,100,6,0.05,100.0,9.0,0.1,0,1.0,0.5440205419326061,0.7625089823937469,0.5969526304555378,21000.0,6,862
3a_physical_weak,27,random,0.0009,100,6,0.05,100.0,9.0,0.1,0,1.0,0.5440205419326061,0.7625089823937469,0.5963032111791019,61600.0,5,791
3a_physical_weak,28,regular,0.1,100,6,0.05,100.0,9.0,0.1,0,1.0,0.4767039891274632,0.7638473935639419,0.5536759526811802,4700.0,6,855
3a_physical_weak,28,superintelligent,0.9,100,6,0.05,100.0,9.0,0.1,0,1.0,0.4767039891274632,0.7638473935639419,0.5536759526811802,600.0,6,912
3a_physical_weak,28,oracle,1.0,100,6,0.05,100.0,9.0,0.1,0,1.0,0.4767039891274632,0.7638473935639419,0.5536759526811802,600.0,6,912
3a_physical_weak,28,naive,0.009,100,6,0.05,100.0,9.0,0.1,0,1.0,0.4767039891274632,0.7638473935639419,0.5514627896691322,47600.0,7,875
3a_physical_weak,28,random,0.0009,100,6,0.05,100.0,9.0,0.1,0,1.0,0.4767039891274632,0.7638473935639419,0.5552230219974672,87500.0,8,872
3a_physical_weak,29,regular,0.1,100,6,0.05,100.0,9.0,0.1,0,1.0,0.5274847695180905,0.7624985033174475,0.6030994875924979,2400.0,7,840
3a_physical_weak,29,superintelligent,0.9,100,6,0.05,100.0,9.0,0.1,0,1.0,0.5274847695180905,0.7624985033174475,0.6030994875924979,700.0,7,913
3a_physical_weak,29,oracle,1.0,100,6,0.05,100.0,9.0,0.1,0,1.0,0.5274847695180905,0.7624985033174475,0.6030994875924979,700.0,7,913
3a_physical_weak,29,naive,0.009,100,6,0.05,100.0,9.0,0.1,0,1.0,0.5274847695180905,0.7624985033174475,0.6030994875924979,31900.0,7,753
3a_physical_weak,29,random,0.0009,100,6,0.05,100.0,9.0,0.1,0,1.0,0.5274847695180905,0.7624985033174475,0.5688742833539205,72800.0,4,753
3a_physical_weak,30,regular,0.1,100,6,0.05,100.0,9.0,0.1,0,1.0,0.5049532552281957,0.7550939153480383,0.6169312251997224,19100.0,15,758
3a_physical_weak,30,superintelligent,0.9,100,6,0.05,100.0,9.0,0.1,0,1.0,0.5049532552281957,0.7550939153480383,0.6169312251997224,1600.0,15,912
3a_physical_weak,30,oracle,1.0,100,6,0.05,100.0,9.0,0.1,0,1.0,0.5049532552281957,0.7550939153480383,0.6169312251997224,1500.0,15,912
3a_physical_weak,30,naive,0.009,100,6,0.05,100.0,9.0,0.1,0,1.0,0.5049532552281957,0.7550939153480383,0.5973089958049463,86600.0,15,883
3a_physical_weak,30,random,0.0009,100,6,0.05,100.0,9.0,0.1,0,1.0,0.5049532552281957,0.7550939153480383,0.5986998933083946,90600.0,15,904
3a_physical_weak,31,regular,0.1,100,6,0.05,100.0,9.0,0.1,0,1.0,0.4751535214354465,0.7502664666005351,0.5575473980015078,6500.0,9,903
3a_physical_weak,31,superintelligent,0.9,100,6,0.05,100.0,9.0,0.1,0,1.0,0.4751535214354465,0.7502664666005351,0.5607632823985275,900.0,7,911
3a_physical_weak,31,oracle,1.0,100,6,0.05,100.0,9.0,0.1,0,1.0,0.4751535214354465,0.7502664666005351,0.5607632823985275,700.0,7,911
3a_physical_weak,31,naive,0.009,100,6,0.05,100.0,9.0,0.1,0,1.0,0.4751535214354465,0.7502664666005351,0.566478366823735,56300.0,10,881
3a_physical_weak,31,random,0.0009,100,6,0.05,100.0,9.0,0.1,0,1.0,0.4751535214354465,0.7502664666005351,0.5534866083670392,91600.0,10,906
3a_physical_weak,32,regular,0.1,100,6,0.05,100.0,9.0,0.1,0,1.0,0.4812331121914565,0.7592298104858991,0.6027701266792288,10600.0,10,876
3a_physical_weak,32,superintelligent,0.9,100,6,0.05,100.0,9.0,0.1,0,1.0,0.4812331121914565,0.7592298104858991,0.6027701266792288,1000.0,10,916
3a_physical_weak,32,oracle,1.0,100,6,0.05,100.0,9.0,0.1,0,1.0,0.4812331121914565,0.7592298104858991,0.6027701266792288,1000.0,10,916
3a_physical_weak,32,naive,0.009,100,6,0.05,100.0,9.0,0.1,0,1.0,0.4812331121914565,0.7592298104858991,0.6027701266792288,69000.0,10,884
3a_physical_weak,32,random,0.0009,100,6,0.05,100.0,9.0,0.1,0,1.0,0.4812331121914565,0.7592298104858991,0.6055220609654434,90100.0,13,892
3a_physical_weak,33,regular,0.1,100,6,0.05,100.0,9.0,0.1,0,1.0,0.5210204838875149,0.7614080268243706,0.5828488608030323,8000.0,8,903
3a_physical_weak,33,superintelligent,0.9,100,6,0.05,100.0,9.0,0.1,0,1.0,0.5210204838875149,0.7614080268243706,0.5828488608030323,1100.0,8,910
3a_physical_weak,33,oracle,1.0,100,6,0.05,100.0,9.0,0.1,0,1.0,0.5210204838875149,0.7614080268243706,0.5828488608030323,800.0,8,910
3a_physical_weak,33,naive,0.009,100,6,0.05,100.0,9.0,0.1,0,1.0,0.5210204838875149,0.7614080268243706,0.5742451107137255,49800.0,6,867
3a_physical_weak,33,random,0.0009,100,6,0.05,100.0,9.0,0.1,0,1.0,0.5210204838875149,0.7614080268243706,0.5828488608030323,89100.0,8,910
3a_physical_weak,34,regular,0.1,100,6,0.05,100.0,9.0,0.1,0,1.0,0.505487315500801,0.7440133006691904,0.6074189640952639,13300.0,13,908
3a_physical_weak,34,superintelligent,0.9,100,6,0.05,100.0,9.0,0.1,0,1.0,0.505487315500801,0.7440133006691904,0.6074189640952639,1300.0,13,921
3a_physical_weak,34,oracle,1.0,100,6,0.05,100.0,9.0,0.1,0,1.0,0.505487315500801,0.7440133006691904,0.6074189640952639,1300.0,13,921
3a_physical_weak,34,naive,0.009,100,6,0.05,100.0,9.0,0.1,0,1.0,0.505487315500801,0.7440133006691904,0.5963944664792897,78600.0,13,906
3a_physical_weak,34,random,0.0009,100,6,0.05,100.0,9.0,0.1,0,1.0,0.505487315500801,0.7440133006691904,0.5790154355697394,82700.0,11,907
3a_physical_weak,35,regular,0.1,100,6,0.05,100.0,9.0,0.1,0,1.0,0.5276283845755213,0.7565227258828966,0.616017371688231,11500.0,14,902
3a_physical_weak,35,superintelligent,0.9,100,6,0.05,100.0,9.0,0.1,0,1.0,0.5276283845755213,0.7565227258828966,0.616017371688231,1400.0,14,913
3a_physical_weak,35,oracle,1.0,100,6,0.05,100.0,9.0,0.1,0,1.0,0.5276283845755213,0.7565227258828966,0.616017371688231,1400.0,14,913
3a_physical_weak,35,naive,0.009,100,6,0.05,100.0,9.0,0.1,0,1.0,0.5276283845755213,0.7565227258828966,0.5866690347561734,68500.0,10,856
3a_physical_weak,35,random,0.0009,100,6,0.05,100.0,9.0,0.1,0,1.0,0.5276283845755213,0.7565227258828966,0.6016405586860433,88500.0,14,891
3a_physical_weak,36,regular,0.1,100,6,0.05,100.0,9.0,0.1,0,1.0,0.4729128889131045,0.7473154742821297,0.5457137191990813,8000.0,11,903
3a_physical_weak,36,superintelligent,0.9,100,6,0.05,100.0,9.0,0.1,0,1.0,0.4729128889131045,0.7473154742821297,0.5457137191990813,1500.0,11,906
3a_physical_weak,36,oracle,1.0,100,6,0.05,100.0,9.0,0.1,0,1.0,0.4729128889131045,0.7473154742821297,0.5457137191990813,1100.0,11,906
3a_physical_weak,36,naive,0.009,100,6,0.05,100.0,9.0,0.1,0,1.0,0.4729128889131045,0.7473154742821297,0.5053043728447395,68000.0,5,878
3a_physical_weak,36,random,0.0009,100,6,0.05,100.0,9.0,0.1,0,1.0,0.4729128889131045,0.7473154742821297,0.540867336135416,87200.0,9,863
3a_physical_weak,37,regular,0.1,100,6,0.05,100.0,9.0,0.1,0,1.0,0.44942914303740605,0.7429230120742054,0.5124483966789231,5000.0,6,866
3a_physical_weak,37,superintelligent,0.9,100,6,0.05,100.0,9.0,0.1,0,1.0,0.44942914303740605,0.7429230120742054,0.5124483966789231,600.0,6,912
3a_physical_weak,37,oracle,1.0,100,6,0.05,100.0,9.0,0.1,0,1.0,0.44942914303740605,0.7429230120742054,0.5124483966789231,600.0,6,912
3a_physical_weak,37,naive,0.009,100,6,0.05,100.0,9.0,0.1,0,1.0,0.44942914303740605,0.7429230120742054,0.516688071619213,31900.0,7,854
3a_physical_weak,37,random,0.0009,100,6,0.05,100.0,9.0,0.1,0,1.0,0.44942914303740605,0.7429230120742054,0.5078899724617392,79400.0,7,848
3a_physical_weak,38,regular,0.1,100,6,0.05,100.0,9.0,0.1,0,1.0,0.4887664717988912,0.7538802925345901,0.5595850299988164,7900.0,11,898
3a_physical_weak,38,superintelligent,0.9,100,6,0.05,100.0,9.0,0.1,0,1.0,0.4887664717988912,0.7538802925345901,0.5608531036223818,1200.0,10,913
3a_physical_weak,38,oracle,1.0,100,6,0.05,100.0,9.0,0.1,0,1.0,0.4887664717988912,0.7538802925345901,0.5608531036223818,1000.0,10,913
3a_physical_weak,38,naive,0.009,100,6,0.05,100.0,9.0,0.1,0,1.0,0.4887664717988912,0.7538802925345901,0.5508058644838638,71400.0,11,911
3a_physical_weak,38,random,0.0009,100,6,0.05,100.0,9.0,0.1,0,1.0,0.4887664717988912,0.7538802925345901,0.5598540690134202,53000.0,10,909
3a_physical_weak,39,regular,0.1,100,6,0.05,100.0,9.0,0.1,0,1.0,0.5257491532874783,0.7618127152336831,0.634543006216979,21500.0,23,845
3a_physical_weak,39,superintelligent,0.9,100,6,0.05,100.0,9.0,0.1,0,1.0,0.5257491532874783,0.7618127152336831,0.5950922757816421,1100.0,10,914
3a_physical_weak,39,oracle,1.0,100,6,0.05,100.0,9.0,0.1,0,1.0,0.5257491532874783,0.7618127152336831,0.5950922757816421,1000.0,10,914
3a_physical_weak,39,naive,0.009,100,6,0.05,100.0,9.0,0.1,0,1.0,0.5257491532874783,0.7618127152336831,0.5950922757816421,65100.0,10,911
3a_physical_weak,39,random,0.0009,100,6,0.05,100.0,9.0,0.1,0,1.0,0.5257491532874783,0.7618127152336831,0.5967251496105755,75600.0,10,861
3a_physical_weak,40,regular,0.1,100,6,0.05,100.0,9.0,0.1,0,1.0,0.4868100308441741,0.7550169290221099,0.5845060379428101,6900.0,7,869
3a_physical_weak,40,superintelligent,0.9,100,6,0.05,100.0,9.0,0.1,0,1.0,0.4868100308441741,0.7550169290221099,0.5845060379428101,700.0,7,910
3a_physical_weak,40,oracle,1.0,100,6,0.05,100.0,9.0,0.1,0,1.0,0.4868100308441741,0.7550169290221099,0.5845060379428101,700.0,7,910
3a_physical_weak,40,naive,0.009,100,6,0.05,100.0,9.0,0.1,0,1.0,0.4868100308441741,0.7550169290221099,0.5845060379428101,87800.0,7,905
3a_physical_weak,40,random,0.0009,100,6,0.05,100.0,9.0,0.1,0,1.0,0.4868100308441741,0.7550169290221099,0.5845060379428101,82200.0,7,881
3a_physical_weak,41,regular,0.1,100,6,0.05,100.0,9.0,0.1,0,1.0,0.5234549143467322,0.7643197557134633,0.5928015144659478,13800.0,13,899
3a_physical_weak,41,superintelligent,0.9,100,6,0.05,100.0,9.0,0.1,0,1.0,0.5234549143467322,0.7643197557134633,0.5837689385474067,1200.0,10,914
3a_physical_weak,41,oracle,1.0,100,6,0.05,100.0,9.0,0.1,0,1.0,0.5234549143467322,0.7643197557134633,0.5837689385474067,1000.0,10,914
3a_physical_weak,41,naive,0.009,100,6,0.05,100.0,9.0,0.1,0,1.0,0.5234549143467322,0.7643197557134633,0.5803085147359043,58800.0,9,908
3a_physical_weak,41,random,0.0009,100,6,0.05,100.0,9.0,0.1,0,1.0,0.5234549143467322,0.7643197557134633,0.5761720986277907,86600.0,8,897
3a_physical_weak,42,regular,0.1,100,6,0.05,100.0,9.0,0.1,0,1.0,0.45869195228317916,0.7471186430563233,0.5969959481643123,12600.0,13,845
3a_physical_weak,42,superintelligent,0.9,100,6,0.05,100.0,9.0,0.1,0,1.0,0.45869195228317916,0.7471186430563233,0.5969959481643123,1500.0,13,913
3a_physical_weak,42,oracle,1.0,100,6,0.05,100.0,9.0,0.1,0,1.0,0.45869195228317916,0.7471186430563233,0.5969959481643123,1300.0,13,913
3a_physical_weak,42,naive,0.009,100,6,0.05,100.0,9.0,0.1,0,1.0,0.45869195228317916,0.7471186430563233,0.5907300338213269,70000.0,12,903
3a_physical_weak,42,random,0.0009,100,6,0.05,100.0,9.0,0.1,0,1.0,0.45869195228317916,0.7471186430563233,0.5776636810221489,80800.0,17,885
3a_physical_weak,43,regular,0.1,100,6,0.05,100.0,9.0,0.1,0,1.0,0.4899130708883981,0.7585795921770594,0.5971847259775417,8800.0,11,901
3a_physical_weak,43,superintelligent,0.9,100,6,0.05,100.0,9.0,0.1,0,1.0,0.4899130708883981,0.7585795921770594,0.5971847259775417,1200.0,11,911
3a_physical_weak,43,oracle,1.0,100,6,0.05,100.0,9.0,0.1,0,1.0,0.4899130708883981,0.7585795921770594,0.5971847259775417,1100.0,11,911
3a_physical_weak,43,naive,0.009,100,6,0.05,100.0,9.0,0.1,0,1.0,0.4899130708883981,0.7585795921770594,0.5971847259775417,75900.0,11,903
3a_physical_weak,43,random,0.0009,100,6,0.05,100.0,9.0,0.1,0,1.0,0.4899130708883981,0.7585795921770594,0.6094423059499123,90900.0,14,909
3a_physical_weak,44,regular,0.1,100,6,0.05,100.0,9.0,0.1,0,1.0,0.5160919378915143,0.7485573136998133,0.5370613940929438,1900.0,3,896
3a_physical_weak,44,superintelligent,0.9,100,6,0.05,100.0,9.0,0.1,0,1.0,0.5160919378915143,0.7485573136998133,0.5370613940929438,300.0,3,916
3a_physical_weak,44,oracle,1.0,100,6,0.05,100.0,9.0,0.1,0,1.0,0.5160919378915143,0.7485573136998133,0.5370613940929438,300.0,3,916
3a_physical_weak,44,naive,0.009,100,6,0.05,100.0,9.0,0.1,0,1.0,0.5160919378915143,0.7485573136998133,0.5370613940929438,29500.0,3,859
3a_physical_weak,44,random,0.0009,100,6,0.05,100.0,9.0,0.1,0,1.0,0.5160919378915143,0.7485573136998133,0.5370613940929438,78400.0,3,878
3a_physical_weak,45,regular,0.1,100,6,0.05,100.0,9.0,0.1,0,1.0,0.5072902128735145,0.7540297326795661,0.5778214639045589,9600.0,10,901
3a_physical_weak,45,superintelligent,0.9,100,6,0.05,100.0,9.0,0.1,0,1.0,0.5072902128735145,0.7540297326795661,0.5805160213298554,1000.0,9,912
3a_physical_weak,45,oracle,1.0,100,6,0.05,100.0,9.0,0.1,0,1.0,0.5072902128735145,0.7540297326795661,0.5805160213298554,900.0,9,912
3a_physical_weak,45,naive,0.009,100,6,0.05,100.0,9.0,0.1,0,1.0,0.5072902128735145,0.7540297326795661,0.5805160213298554,52200.0,9,823
3a_physical_weak,45,random,0.0009,100,6,0.05,100.0,9.0,0.1,0,1.0,0.5072902128735145,0.7540297326795661,0.5554009574155117,87500.0,9,897
3a_physical_weak,46,regular,0.1,100,6,0.05,100.0,9.0,0.1,0,1.0,0.48376439375792,0.7501330338514028,0.5595868633550781,13600.0,13,904
3a_physical_weak,46,superintelligent,0.9,100,6,0.05,100.0,9.0,0.1,0,1.0,0.48376439375792,0.7501330338514028,0.5685530837425167,1300.0,12,911
3a_physical_weak,46,oracle,1.0,100,6,0.05,100.0,9.0,0.1,0,1.0,0.48376439375792,0.7501330338514028,0.5685530837425167,1200.0,12,911
3a_physical_weak,46,naive,0.009,100,6,0.05,100.0,9.0,0.1,0,1.0,0.48376439375792,0.7501330338514028,0.5685530837425167,67900.0,12,872
3a_physical_weak,46,random,0.0009,100,6,0.05,100.0,9.0,0.1,0,1.0,0.48376439375792,0.7501330338514028,0.5467461968277597,85500.0,11,868
3a_physical_weak,47,regular,0.1,100,6,0.05,100.0,9.0,0.1,0,1.0,0.5010004289750559,0.7487991784935314,0.5554464468256864,8400.0,7,902
3a_physical_weak,47,superintelligent,0.9,100,6,0.05,100.0,9.0,0.1,0,1.0,0.5010004289750559,0.7487991784935314,0.5554464468256864,800.0,7,913
3a_physical_weak,47,oracle,1.0,100,6,0.05,100.0,9.0,0.1,0,1.0,0.5010004289750559,0.7487991784935314,0.5554464468256864,700.0,7,913
3a_physical_weak,47,naive,0.009,100,6,0.05,100.0,9.0,0.1,0,1.0,0.5010004289750559,0.7487991784935314,0.5484801671450672,26400.0,9,829
3a_physical_weak,47,random,0.0009,100,6,0.05,100.0,9.0,0.1,0,1.0,0.5010004289750559,0.7487991784935314,0.5612741101772651,67600.0,10,867
3a_physical_weak,48,regular,0.1,100,6,0.05,100.0,9.0,0.1,0,1.0,0.5171425498175868,0.7469394141646044,0.5853446052349,6300.0,11,898
3a_physical_weak,48,superintelligent,0.9,100,6,0.05,100.0,9.0,0.1,0,1.0,0.5171425498175868,0.7469394141646044,0.5853446052349,1200.0,11,917
3a_physical_weak,48,oracle,1.0,100,6,0.05,100.0,9.0,0.1,0,1.0,0.5171425498175868,0.7469394141646044,0.5853446052349,1100.0,11,917
3a_physical_weak,48,naive,0.009,100,6,0.05,100.0,9.0,0.1,0,1.0,0.5171425498175868,0.7469394141646044,0.583661069168686,37500.0,10,777
3a_physical_weak,48,random,0.0009,100,6,0.05,100.0,9.0,0.1,0,1.0,0.5171425498175868,0.7469394141646044,0.5661724969247137,83000.0,10,837
3a_physical_weak,49,regular,0.1,100,6,0.05,100.0,9.0,0.1,0,1.0,0.5090059516128314,0.776665344343522,0.6416226599869392,8200.0,10,902
3a_physical_weak,49,superintelligent,0.9,100,6,0.05,100.0,9.0,0.1,0,1.0,0.5090059516128314,0.776665344343522,0.6416226599869392,1000.0,10,910
3a_physical_weak,49,oracle,1.0,100,6,0.05,100.0,9.0,0.1,0,1.0,0.5090059516128314,0.776665344343522,0.6416226599869392,1000.0,10,910
3a_physical_weak,49,naive,0.009,100,6,0.05,100.0,9.0,0.1,0,1.0,0.5090059516128314,0.776665344343522,0.6341949333303565,48000.0,9,820
3a_physical_weak,49,random,0.0009,100,6,0.05,100.0,9.0,0.1,0,1.0,0.5090059516128314,0.776665344343522,0.6201558166000574,92100.0,11,911
3a_physical_weak,50,regular,0.1,100,6,0.05,100.0,9.0,0.1,0,1.0,0.4771306706904266,0.7659544855653034,0.5773437699939017,6100.0,11,909
3a_physical_weak,50,superintelligent,0.9,100,6,0.05,100.0,9.0,0.1,0,1.0,0.4771306706904266,0.7659544855653034,0.5773437699939017,1300.0,11,910
3a_physical_weak,50,oracle,1.0,100,6,0.05,100.0,9.0,0.1,0,1.0,0.4771306706904266,0.7659544855653034,0.5773437699939017,1100.0,11,910
3a_physical_weak,50,naive,0.009,100,6,0.05,100.0,9.0,0.1,0,1.0,0.4771306706904266,0.7659544855653034,0.5631415162351445,68300.0,9,766
3a_physical_weak,50,random,0.0009,100,6,0.05,100.0,9.0,0.1,0,1.0,0.4771306706904266,0.7659544855653034,0.574584649690757,92200.0,10,912
3a_physical_weak,51,regular,0.1,100,6,0.05,100.0,9.0,0.1,0,1.0,0.5225575887229484,0.7582302123119095,0.5794511017323684,5100.0,4,797
3a_physical_weak,51,superintelligent,0.9,100,6,0.05,100.0,9.0,0.1,0,1.0,0.5225575887229484,0.7582302123119095,0.5794511017323684,500.0,4,912
3a_physical_weak,51,oracle,1.0,100,6,0.05,100.0,9.0,0.1,0,1.0,0.5225575887229484,0.7582302123119095,0.5794511017323684,400.0,4,912
3a_physical_weak,51,naive,0.009,100,6,0.05,100.0,9.0,0.1,0,1.0,0.5225575887229484,0.7582302123119095,0.5794511017323684,7800.0,4,911
3a_physical_weak,51,random,0.0009,100,6,0.05,100.0,9.0,0.1,0,1.0,0.5225575887229484,0.7582302123119095,0.5822003356005296,33500.0,8,886
3a_physical_weak,52,regular,0.1,100,6,0.05,100.0,9.0,0.1,0,1.0,0.5479951103359307,0.7500955396155364,0.5757275502070415,5400.0,6,888
3a_physical_weak,52,superintelligent,0.9,100,6,0.05,100.0,9.0,0.1,0,1.0,0.5479951103359307,0.7500955396155364,0.6168087207425215,1500.0,12,914
3a_physical_weak,52,oracle,1.0,100,6,0.05,100.0,9.0,0.1,0,1.0,0.5479951103359307,0.7500955396155364,0.6168087207425215,1200.0,12,914
3a_physical_weak,52,naive,0.009,100,6,0.05,100.0,9.0,0.1,0,1.0,0.5479951103359307,0.7500955396155364,0.6008786478982566,74000.0,9,780
3a_physical_weak,52,random,0.0009,100,6,0.05,100.0,9.0,0.1,0,1.0,0.5479951103359307,0.7500955396155364,0.5843721559614313,71700.0,7,842
3a_physical_weak,53,regular,0.1,100,6,0.05,100.0,9.0,0.1,0,1.0,0.4996250346219549,0.7660995449448428,0.5495430462238746,7400.0,5,794
3a_physical_weak,53,superintelligent,0.9,100,6,0.05,100.0,9.0,0.1,0,1.0,0.4996250346219549,0.7660995449448428,0.5495430462238746,500.0,5,912
3a_physical_weak,53,oracle,1.0,100,6,0.05,100.0,9.0,0.1,0,1.0,0.4996250346219549,0.7660995449448428,0.5495430462238746,500.0,5,912
3a_physical_weak,53,naive,0.009,100,6,0.05,100.0,9.0,0.1,0,1.0,0.4996250346219549,0.7660995449448428,0.5493861309984545,46900.0,6,773
3a_physical_weak,53,random,0.0009,100,6,0.05,100.0,9.0,0.1,0,1.0,0.4996250346219549,0.7660995449448428,0.5444681627225739,83400.0,6,912
3a_physical_weak,54,regular,0.1,100,6,0.05,100.0,9.0,0.1,0,1.0,0.5231968079693295,0.7615112404370732,0.5898990611749735,9400.0,9,859
3a_physical_weak,54,superintelligent,0.9,100,6,0.05,100.0,9.0,0.1,0,1.0,0.5231968079693295,0.7615112404370732,0.5898990611749735,1200.0,9,915
3a_physical_weak,54,oracle,1.0,100,6,0.05,100.0,9.0,0.1,0,1.0,0.5231968079693295,0.7615112404370732,0.5898990611749735,900.0,9,915
3a_physical_weak,54,naive,0.009,100,6,0.05,100.0,9.0,0.1,0,1.0,0.5231968079693295,0.7615112404370732,0.5786772269518357,57800.0,8,834
3a_physical_weak,54,random,0.0009,100,6,0.05,100.0,9.0,0.1,0,1.0,0.5231968079693295,0.7615112404370732,0.5858277714058491,86200.0,9,898
3a_physical_weak,55,regular,0.1,100,6,0.05,100.0,9.0,0.1,0,1.0,0.46816369654123724,0.7500812863218959,0.6496469659785155,27100.0,20,902
3a_physical_weak,55,superintelligent,0.9,100,6,0.05,100.0,9.0,0.1,0,1.0,0.46816369654123724,0.7500812863218959,0.6502725995287861,2500.0,22,916
3a_physical_weak,55,oracle,1.0,100,6,0.05,100.0,9.0,0.1,0,1.0,0.46816369654123724,0.7500812863218959,0.6502725995287861,2200.0,22,916
3a_physical_weak,55,naive,0.009,100,6,0.05,100.0,9.0,0.1,0,1.0,0.46816369654123724,0.7500812863218959,0.6132469001555801,83300.0,16,877
3a_physical_weak,55,random,0.0009,100,6,0.05,100.0,9.0,0.1,0,1.0,0.46816369654123724,0.7500812863218959,0.5985512982820115,92500.0,17,910
3a_physical_weak,56,regular,0.1,100,6,0.05,100.0,9.0,0.1,0,1.0,0.5073371135062968,0.7501065612462194,0.6276680550858186,9000.0,12,910
3a_physical_weak,56,superintelligent,0.9,100,6,0.05,100.0,9.0,0.1,0,1.0,0.5073371135062968,0.7501065612462194,0.6276680550858186,1200.0,12,913
3a_physical_weak,56,oracle,1.0,100,6,0.05,100.0,9.0,0.1,0,1.0,0.5073371135062968,0.7501065612462194,0.6276680550858186,1200.0,12,913
3a_physical_weak,56,naive,0.009,100,6,0.05,100.0,9.0,0.1,0,1.0,0.5073371135062968,0.7501065612462194,0.6149798726887195,81900.0,10,809
3a_physical_weak,56,random,0.0009,100,6,0.05,100.0,9.0,0.1,0,1.0,0.5073371135062968,0.7501065612462194,0.6115224410276194,90000.0,12,906
3a_physical_weak,57,regular,0.1,100,6,0.05,100.0,9.0,0.1,0,1.0,0.49815372162371774,0.7438218397093098,0.5518849106788362,11500.0,7,604
3a_physical_weak,57,superintelligent,0.9,100,6,0.05,100.0,9.0,0.1,0,1.0,0.49815372162371774,0.7438218397093098,0.5518849106788362,800.0,7,909
3a_physical_weak,57,oracle,1.0,100,6,0.05,100.0,9.0,0.1,0,1.0,0.49815372162371774,0.7438218397093098,0.5518849106788362,700.0,7,909
3a_physical_weak,57,naive,0.009,100,6,0.05,100.0,9.0,0.1,0,1.0,0.49815372162371774,0.7438218397093098,0.5436805847144293,14800.0,6,874
3a_physical_weak,57,random,0.0009,100,6,0.05,100.0,9.0,0.1,0,1.0,0.49815372162371774,0.7438218397093098,0.5595554836558572,91000.0,11,905
3a_physical_weak,58,regular,0.1,100,6,0.05,100.0,9.0,0.1,0,1.0,0.4805902992802252,0.7511159069903147,0.5319857467048241,5900.0,7,834
3a_physical_weak,58,superintelligent,0.9,100,6,0.05,100.0,9.0,0.1,0,1.0,0.4805902992802252,0.7511159069903147,0.5319857467048241,700.0,7,910
3a_physical_weak,58,oracle,1.0,100,6,0.05,100.0,9.0,0.1,0,1.0,0.4805902992802252,0.7511159069903147,0.5319857467048241,700.0,7,910
3a_physical_weak,58,naive,0.009,100,6,0.05,100.0,9.0,0.1,0,1.0,0.4805902992802252,0.7511159069903147,0.5319857467048241,58400.0,7,907
3a_physical_weak,58,random,0.0009,100,6,0.05,100.0,9.0,0.1,0,1.0,0.4805902992802252,0.7511159069903147,0.5298401348380818,72100.0,6,792
3a_physical_weak,59,regular,0.1,100,6,0.05,100.0,9.0,0.1,0,1.0,0.5314649684110883,0.7745220055386114,0.6054029111819303,8500.0,9,889
3a_physical_weak,59,superintelligent,0.9,100,6,0.05,100.0,9.0,0.1,0,1.0,0.5314649684110883,0.7745220055386114,0.6054029111819303,900.0,9,917
3a_physical_weak,59,oracle,1.0,100,6,0.05,100.0,9.0,0.1,0,1.0,0.5314649684110883,0.7745220055386114,0.6054029111819303,900.0,9,917
3a_physical_weak,59,naive,0.009,100,6,0.05,100.0,9.0,0.1,0,1.0,0.5314649684110883,0.7745220055386114,0.6006946302402758,91100.0,11,908
3a_physical_weak,59,random,0.0009,100,6,0.05,100.0,9.0,0.1,0,1.0,0.5314649684110883,0.7745220055386114,0.6091649742311843,91500.0,9,911
3a_physical_weak,60,regular,0.1,100,6,0.05,100.0,9.0,0.1,0,1.0,0.49689245131003396,0.7532981450298216,0.5643773273979941,3700.0,7,868
3a_physical_weak,60,superintelligent,0.9,100,6,0.05,100.0,9.0,0.1,0,1.0,0.49689245131003396,0.7532981450298216,0.5643773273979941,700.0,7,910
3a_physical_weak,60,oracle,1.0,100,6,0.05,100.0,9.0,0.1,0,1.0,0.49689245131003396,0.7532981450298216,0.5643773273979941,700.0,7,910
3a_physical_weak,60,naive,0.009,100,6,0.05,100.0,9.0,0.1,0,1.0,0.49689245131003396,0.7532981450298216,0.5643773273979941,50100.0,7,893
3a_physical_weak,60,random,0.0009,100,6,0.05,100.0,9.0,0.1,0,1.0,0.49689245131003396,0.7532981450298216,0.5517297184133719,83200.0,6,854
3a_physical_weak,61,regular,0.1,100,6,0.05,100.0,9.0,0.1,0,1.0,0.5026003352268311,0.7544163930877895,0.5823940848940786,7800.0,8,876
3a_physical_weak,61,superintelligent,0.9,100,6,0.05,100.0,9.0,0.1,0,1.0,0.5026003352268311,0.7544163930877895,0.5823940848940786,1000.0,8,916
3a_physical_weak,61,oracle,1.0,100,6,0.05,100.0,9.0,0.1,0,1.0,0.5026003352268311,0.7544163930877895,0.5823940848940786,800.0,8,916
3a_physical_weak,61,naive,0.009,100,6,0.05,100.0,9.0,0.1,0,1.0,0.5026003352268311,0.7544163930877895,0.5715298359408819,54700.0,8,878
3a_physical_weak,61,random,0.0009,100,6,0.05,100.0,9.0,0.1,0,1.0,0.5026003352268311,0.7544163930877895,0.5631878210532729,90400.0,7,908
3a_physical_weak,62,regular,0.1,100,6,0.05,100.0,9.0,0.1,0,1.0,0.5439568548959772,0.7644033273218099,0.5882931219101803,5100.0,5,907
3a_physical_weak,62,superintelligent,0.9,100,6,0.05,100.0,9.0,0.1,0,1.0,0.5439568548959772,0.7644033273218099,0.5882931219101803,600.0,5,920
3a_physical_weak,62,oracle,1.0,100,6,0.05,100.0,9.0,0.1,0,1.0,0.5439568548959772,0.7644033273218099,0.5882931219101803,500.0,5,920
3a_physical_weak,62,naive,0.009,100,6,0.05,100.0,9.0,0.1,0,1.0,0.5439568548959772,0.7644033273218099,0.5886663290097561,41300.0,7,898
3a_physical_weak,62,random,0.0009,100,6,0.05,100.0,9.0,0.1,0,1.0,0.5439568548959772,0.7644033273218099,0.5854473310831002,68500.0,6,832
3a_physical_weak,63,regular,0.1,100,6,0.05,100.0,9.0,0.1,0,1.0,0.4867124561519916,0.7533821614860481,0.610064406718972,13500.0,15,833
3a_physical_weak,63,superintelligent,0.9,100,6,0.05,100.0,9.0,0.1,0,1.0,0.4867124561519916,0.7533821614860481,0.610064406718972,1700.0,15,914
3a_physical_weak,63,oracle,1.0,100,6,0.05,100.0,9.0,0.1,0,1.0,0.4867124561519916,0.7533821614860481,0.610064406718972,1500.0,15,914
3a_physical_weak,63,naive,0.009,100,6,0.05,100.0,9.0,0.1,0,1.0,0.4867124561519916,0.7533821614860481,0.5531136421853892,48900.0,9,812
3a_physical_weak,63,random,0.0009,100,6,0.05,100.0,9.0,0.1,0,1.0,0.4867124561519916,0.7533821614860481,0.5583690787949124,91900.0,14,913
3a_physical_weak,64,regular,0.1,100,6,0.05,100.0,9.0,0.1,0,1.0,0.47376800847118294,0.7542585023483342,0.599675935845647,12300.0,11,910
3a_physical_weak,64,superintelligent,0.9,100,6,0.05,100.0,9.0,0.1,0,1.0,0.47376800847118294,0.7542585023483342,0.59574028649522,1200.0,12,911
3a_physical_weak,64,oracle,1.0,100,6,0.05,100.0,9.0,0.1,0,1.0,0.47376800847118294,0.7542585023483342,0.59574028649522,1200.0,12,911
3a_physical_weak,64,naive,0.009,100,6,0.05,100.0,9.0,0.1,0,1.0,0.47376800847118294,0.7542585023483342,0.5888805742030765,92300.0,18,905
3a_physical_weak,64,random,0.0009,100,6,0.05,100.0,9.0,0.1,0,1.0,0.47376800847118294,0.7542585023483342,0.598863458533856,91300.0,14,899
3a_physical_weak,65,regular,0.1,100,6,0.05,100.0,9.0,0.1,0,1.0,0.5358349311017185,0.7562175447151898,0.5698864031831586,8700.0,7,912
3a_physical_weak,65,superintelligent,0.9,100,6,0.05,100.0,9.0,0.1,0,1.0,0.5358349311017185,0.7562175447151898,0.5698864031831586,700.0,7,920
3a_physical_weak,65,oracle,1.0,100,6,0.05,100.0,9.0,0.1,0,1.0,0.5358349311017185,0.7562175447151898,0.5698864031831586,700.0,7,920
3a_physical_weak,65,naive,0.009,100,6,0.05,100.0,9.0,0.1,0,1.0,0.5358349311017185,0.7562175447151898,0.5647997766223579,59600.0,6,911
3a_physical_weak,65,random,0.0009,100,6,0.05,100.0,9.0,0.1,0,1.0,0.5358349311017185,0.7562175447151898,0.5698864031831586,86600.0,7,888
3a_physical_weak,66,regular,0.1,100,6,0.05,100.0,9.0,0.1,0,1.0,0.5160137843295624,0.752112632343792,0.5719660330746948,4200.0,6,710
3a_physical_weak,66,superintelligent,0.9,100,6,0.05,100.0,9.0,0.1,0,1.0,0.5160137843295624,0.752112632343792,0.5719660330746948,700.0,6,911
3a_physical_weak,66,oracle,1.0,100,6,0.05,100.0,9.0,0.1,0,1.0,0.5160137843295624,0.752112632343792,0.5719660330746948,600.0,6,911
3a_physical_weak,66,naive,0.009,100,6,0.05,100.0,9.0,0.1,0,1.0,0.5160137843295624,0.752112632343792,0.5719660330746948,63100.0,6,744
3a_physical_weak,66,random,0.0009,100,6,0.05,100.0,9.0,0.1,0,1.0,0.5160137843295624,0.752112632343792,0.5719660330746948,82700.0,6,821
3a_physical_weak,67,regular,0.1,100,6,0.05,100.0,9.0,0.1,0,1.0,0.5224851171609602,0.7428855819553871,0.6169833262608477,13200.0,11,870
3a_physical_weak,67,superintelligent,0.9,100,6,0.05,100.0,9.0,0.1,0,1.0,0.5224851171609602,0.7428855819553871,0.6252384548347494,1300.0,12,911
3a_physical_weak,67,oracle,1.0,100,6,0.05,100.0,9.0,0.1,0,1.0,0.5224851171609602,0.7428855819553871,0.6252384548347494,1200.0,12,911
3a_physical_weak,67,naive,0.009,100,6,0.05,100.0,9.0,0.1,0,1.0,0.5224851171609602,0.7428855819553871,0.6133578166062492,86500.0,8,913
3a_physical_weak,67,random,0.0009,100,6,0.05,100.0,9.0,0.1,0,1.0,0.5224851171609602,0.7428855819553871,0.6113769466815119,89200.0,9,893
3a_physical_weak,68,regular,0.1,100,6,0.05,100.0,9.0,0.1,0,1.0,0.4705654673131619,0.7447142089470942,0.6299947494164058,11800.0,17,819
3a_physical_weak,68,superintelligent,0.9,100,6,0.05,100.0,9.0,0.1,0,1.0,0.4705654673131619,0.7447142089470942,0.6299947494164058,1700.0,17,918
3a_physical_weak,68,oracle,1.0,100,6,0.05,100.0,9.0,0.1,0,1.0,0.4705654673131619,0.7447142089470942,0.6299947494164058,1700.0,17,918
3a_physical_weak,68,naive,0.009,100,6,0.05,100.0,9.0,0.1,0,1.0,0.4705654673131619,0.7447142089470942,0.6193191681426109,78000.0,14,883
3a_physical_weak,68,random,0.0009,100,6,0.05,100.0,9.0,0.1,0,1.0,0.4705654673131619,0.7447142089470942,0.5945898560394937,77600.0,11,917
3a_physical_weak,69,regular,0.1,100,6,0.05,100.0,9.0,0.1,0,1.0,0.47794650091850316,0.7569182071757818,0.5590375320235315,7700.0,10,712
3a_physical_weak,69,superintelligent,0.9,100,6,0.05,100.0,9.0,0.1,0,1.0,0.47794650091850316,0.7569182071757818,0.5590375320235315,1000.0,10,910
3a_physical_weak,69,oracle,1.0,100,6,0.05,100.0,9.0,0.1,0,1.0,0.47794650091850316,0.7569182071757818,0.5590375320235315,1000.0,10,910
3a_physical_weak,69,naive,0.009,100,6,0.05,100.0,9.0,0.1,0,1.0,0.47794650091850316,0.7569182071757818,0.55605208985727,58900.0,9,679
3a_physical_weak,69,random,0.0009,100,6,0.05,100.0,9.0,0.1,0,1.0,0.47794650091850316,0.7569182071757818,0.5291186664058926,48900.0,7,897
3a_physical_weak,70,regular,0.1,100,6,0.05,100.0,9.0,0.1,0,1.0,0.5018067050311535,0.7563624624148224,0.5786335143950447,5800.0,8,795
3a_physical_weak,70,superintelligent,0.9,100,6,0.05,100.0,9.0,0.1,0,1.0,0.5018067050311535,0.7563624624148224,0.5786335143950447,900.0,8,915
3a_physical_weak,70,oracle,1.0,100,6,0.05,100.0,9.0,0.1,0,1.0,0.5018067050311535,0.7563624624148224,0.5786335143950447,800.0,8,915
3a_physical_weak,70,naive,0.009,100,6,0.05,100.0,9.0,0.1,0,1.0,0.5018067050311535,0.7563624624148224,0.5786335143950447,88200.0,8,874
3a_physical_weak,70,random,0.0009,100,6,0.05,100.0,9.0,0.1,0,1.0,0.5018067050311535,0.7563624624148224,0.562758926153637,83400.0,9,886
3a_physical_weak,71,regular,0.1,100,6,0.05,100.0,9.0,0.1,0,1.0,0.48863994102701236,0.7557921444469232,0.5474479630941782,10200.0,7,872
3a_physical_weak,71,superintelligent,0.9,100,6,0.05,100.0,9.0,0.1,0,1.0,0.48863994102701236,0.7557921444469232,0.5474479630941782,700.0,7,911
3a_physical_weak,71,oracle,1.0,100,6,0.05,100.0,9.0,0.1,0,1.0,0.48863994102701236,0.7557921444469232,0.5474479630941782,700.0,7,911
3a_physical_weak,71,naive,0.009,100,6,0.05,100.0,9.0,0.1,0,1.0,0.48863994102701236,0.7557921444469232,0.5645548924957609,87000.0,10,881
3a_physical_weak,71,random,0.0009,100,6,0.05,100.0,9.0,0.1,0,1.0,0.48863994102701236,0.7557921444469232,0.5456496019562695,69700.0,8,890
3a_physical_weak,72,regular,0.1,100,6,0.05,100.0,9.0,0.1,0,1.0,0.5156508659907247,0.756498872349061,0.5997035948613765,4700.0,9,847
3a_physical_weak,72,superintelligent,0.9,100,6,0.05,100.0,9.0,0.1,0,1.0,0.5156508659907247,0.756498872349061,0.5997035948613765,900.0,9,914
3a_physical_weak,72,oracle,1.0,100,6,0.05,100.0,9.0,0.1,0,1.0,0.5156508659907247,0.756498872349061,0.5997035948613765,900.0,9,914
3a_physical_weak,72,naive,0.009,100,6,0.05,100.0,9.0,0.1,0,1.0,0.5156508659907247,0.756498872349061,0.6054373788763229,44900.0,10,902
3a_physical_weak,72,random,0.0009,100,6,0.05,100.0,9.0,0.1,0,1.0,0.5156508659907247,0.756498872349061,0.6047479394116748,90100.0,12,894
3a_physical_weak,73,regular,0.1,100,6,0.05,100.0,9.0,0.1,0,1.0,0.5237664294973374,0.759435689261571,0.57306582451499,1900.0,4,785
3a_physical_weak,73,superintelligent,0.9,100,6,0.05,100.0,9.0,0.1,0,1.0,0.5237664294973374,0.759435689261571,0.57306582451499,400.0,4,909
3a_physical_weak,73,oracle,1.0,100,6,0.05,100.0,9.0,0.1,0,1.0,0.5237664294973374,0.759435689261571,0.57306582451499,400.0,4,909
3a_physical_weak,73,naive,0.009,100,6,0.05,100.0,9.0,0.1,0,1.0,0.5237664294973374,0.759435689261571,0.57306582451499,19000.0,4,710
3a_physical_weak,73,random,0.0009,100,6,0.05,100.0,9.0,0.1,0,1.0,0.5237664294973374,0.759435689261571,0.57306582451499,50900.0,4,806
3a_physical_weak,74,regular,0.1,100,6,0.05,100.0,9.0,0.1,0,1.0,0.5324253651502695,0.7430494459438384,0.5829562777880283,8700.0,8,913
3a_physical_weak,74,superintelligent,0.9,100,6,0.05,100.0,9.0,0.1,0,1.0,0.5324253651502695,0.7430494459438384,0.5829562777880283,1100.0,8,914
3a_physical_weak,74,oracle,1.0,100,6,0.05,100.0,9.0,0.1,0,1.0,0.5324253651502695,0.7430494459438384,0.5829562777880283,800.0,8,914
3a_physical_weak,74,naive,0.009,100,6,0.05,100.0,9.0,0.1,0,1.0,0.5324253651502695,0.7430494459438384,0.5829562777880283,28900.0,8,848
3a_physical_weak,74,random,0.0009,100,6,0.05,100.0,9.0,0.1,0,1.0,0.5324253651502695,0.7430494459438384,0.5792565303640335,88800.0,7,910
3a_physical_weak,75,regular,0.1,100,6,0.05,100.0,9.0,0.1,0,1.0,0.47767093336464767,0.7492233605755938,0.5936476174207747,18800.0,17,865
3a_physical_weak,75,superintelligent,0.9,100,6,0.05,100.0,9.0,0.1,0,1.0,0.47767093336464767,0.7492233605755938,0.5936476174207747,1900.0,17,916
3a_physical_weak,75,oracle,1.0,100,6,0.05,100.0,9.0,0.1,0,1.0,0.47767093336464767,0.7492233605755938,0.5936476174207747,1700.0,17,916
3a_physical_weak,75,naive,0.009,100,6,0.05,100.0,9.0,0.1,0,1.0,0.47767093336464767,0.7492233605755938,0.5810204795300641,86700.0,12,885
3a_physical_weak,75,random,0.0009,100,6,0.05,100.0,9.0,0.1,0,1.0,0.47767093336464767,0.7492233605755938,0.5618753948056796,90200.0,13,889
3a_physical_weak,76,regular,0.1,100,6,0.05,100.0,9.0,0.1,0,1.0,0.5262163737469429,0.7669392415060734,0.5598210612437344,5400.0,7,892
3a_physical_weak,76,superintelligent,0.9,100,6,0.05,100.0,9.0,0.1,0,1.0,0.5262163737469429,0.7669392415060734,0.5598210612437344,700.0,7,914
3a_physical_weak,76,oracle,1.0,100,6,0.05,100.0,9.0,0.1,0,1.0,0.5262163737469429,0.7669392415060734,0.5598210612437344,700.0,7,914
3a_physical_weak,76,naive,0.009,100,6,0.05,100.0,9.0,0.1,0,1.0,0.5262163737469429,0.7669392415060734,0.5598210612437344,42800.0,7,847
3a_physical_weak,76,random,0.0009,100,6,0.05,100.0,9.0,0.1,0,1.0,0.5262163737469429,0.7669392415060734,0.5523916631771497,92000.0,7,913
3a_physical_weak,77,regular,0.1,100,6,0.05,100.0,9.0,0.1,0,1.0,0.4848317741701979,0.7554918342952452,0.5362585834712875,3600.0,5,869
3a_physical_weak,77,superintelligent,0.9,100,6,0.05,100.0,9.0,0.1,0,1.0,0.4848317741701979,0.7554918342952452,0.5362585834712875,500.0,5,910
3a_physical_weak,77,oracle,1.0,100,6,0.05,100.0,9.0,0.1,0,1.0,0.4848317741701979,0.7554918342952452,0.5362585834712875,500.0,5,910
3a_physical_weak,77,naive,0.009,100,6,0.05,100.0,9.0,0.1,0,1.0,0.4848317741701979,0.7554918342952452,0.5654329479170758,57600.0,9,821
3a_physical_weak,77,random,0.0009,100,6,0.05,100.0,9.0,0.1,0,1.0,0.4848317741701979,0.7554918342952452,0.5561723900867509,80100.0,10,909
3a_physical_weak,78,regular,0.1,100,6,0.05,100.0,9.0,0.1,0,1.0,0.5221402018394264,0.7652204252498797,0.6218385655801141,7400.0,10,881
3a_physical_weak,78,superintelligent,0.9,100,6,0.05,100.0,9.0,0.1,0,1.0,0.5221402018394264,0.7652204252498797,0.6218385655801141,1100.0,10,918
3a_physical_weak,78,oracle,1.0,100,6,0.05,100.0,9.0,0.1,0,1.0,0.5221402018394264,0.7652204252498797,0.6218385655801141,1000.0,10,918
3a_physical_weak,78,naive,0.009,100,6,0.05,100.0,9.0,0.1,0,1.0,0.5221402018394264,0.7652204252498797,0.6218385655801141,55900.0,10,907
3a_physical_weak,78,random,0.0009,100,6,0.05,100.0,9.0,0.1,0,1.0,0.5221402018394264,0.7652204252498797,0.6084548296515299,79300.0,8,887
3a_physical_weak,79,regular,0.1,100,6,0.05,100.0,9.0,0.1,0,1.0,0.5113612030783761,0.7591178454025579,0.5630517141963205,3400.0,5,914
3a_physical_weak,79,superintelligent,0.9,100,6,0.05,100.0,9.0,0.1,0,1.0,0.5113612030783761,0.7591178454025579,0.6120931384587591,1200.0,12,914
3a_physical_weak,79,oracle,1.0,100,6,0.05,100.0,9.0,0.1,0,1.0,0.5113612030783761,0.7591178454025579,0.6120931384587591,1200.0,12,914
3a_physical_weak,79,naive,0.009,100,6,0.05,100.0,9.0,0.1,0,1.0,0.5113612030783761,0.7591178454025579,0.573745232803269,75200.0,9,888
3a_physical_weak,79,random,0.0009,100,6,0.05,100.0,9.0,0.1,0,1.0,0.5113612030783761,0.7591178454025579,0.5579120579156522,86200.0,7,893
3a_physical_weak,80,regular,0.1,100,6,0.05,100.0,9.0,0.1,0,1.0,0.4906227033114281,0.7422621219815422,0.5976968261717479,8700.0,12,866
3a_physical_weak,80,superintelligent,0.9,100,6,0.05,100.0,9.0,0.1,0,1.0,0.4906227033114281,0.7422621219815422,0.5981335113368974,1400.0,13,911
3a_physical_weak,80,oracle,1.0,100,6,0.05,100.0,9.0,0.1,0,1.0,0.4906227033114281,0.7422621219815422,0.5981335113368974,1300.0,13,911
3a_physical_weak,80,naive,0.009,100,6,0.05,100.0,9.0,0.1,0,1.0,0.4906227033114281,0.7422621219815422,0.592276004236785,59700.0,13,873
3a_physical_weak,80,random,0.0009,100,6,0.05,100.0,9.0,0.1,0,1.0,0.4906227033114281,0.7422621219815422,0.5721231259421453,90400.0,10,908
3a_physical_weak,81,regular,0.1,100,6,0.05,100.0,9.0,0.1,0,1.0,0.4969299795518278,0.7514407786019894,0.6044029975123588,11200.0,12,895
3a_physical_weak,81,superintelligent,0.9,100,6,0.05,100.0,9.0,0.1,0,1.0,0.4969299795518278,0.7514407786019894,0.6044029975123588,1500.0,12,913
3a_physical_weak,81,oracle,1.0,100,6,0.05,100.0,9.0,0.1,0,1.0,0.4969299795518278,0.7514407786019894,0.6044029975123588,1200.0,12,913
3a_physical_weak,81,naive,0.009,100,6,0.05,100.0,9.0,0.1,0,1.0,0.4969299795518278,0.7514407786019894,0.6045794293012889,68700.0,11,905
3a_physical_weak,81,random,0.0009,100,6,0.05,100.0,9.0,0.1,0,1.0,0.4969299795518278,0.7514407786019894,0.5501271880426032,74700.0,7,834
3a_physical_weak,82,regular,0.1,100,6,0.05,100.0,9.0,0.1,0,1.0,0.4751079350292961,0.7448313958262506,0.5836770887431375,17500.0,14,905
3a_physical_weak,82,superintelligent,0.9,100,6,0.05,100.0,9.0,0.1,0,1.0,0.4751079350292961,0.7448313958262506,0.5836770887431375,1500.0,14,911
3a_physical_weak,82,oracle,1.0,100,6,0.05,100.0,9.0,0.1,0,1.0,0.4751079350292961,0.7448313958262506,0.5836770887431375,1400.0,14,911
3a_physical_weak,82,naive,0.009,100,6,0.05,100.0,9.0,0.1,0,1.0,0.4751079350292961,0.7448313958262506,0.5681385365719526,72900.0,15,880
3a_physical_weak,82,random,0.0009,100,6,0.05,100.0,9.0,0.1,0,1.0,0.4751079350292961,0.7448313958262506,0.5708764991328241,88900.0,15,874
3a_physical_weak,83,regular,0.1,100,6,0.05,100.0,9.0,0.1,0,1.0,0.5190082389549601,0.7612757389233371,0.6101482327988795,6600.0,9,862
3a_physical_weak,83,superintelligent,0.9,100,6,0.05,100.0,9.0,0.1,0,1.0,0.5190082389549601,0.7612757389233371,0.6101482327988795,900.0,9,913
3a_physical_weak,83,oracle,1.0,100,6,0.05,100.0,9.0,0.1,0,1.0,0.5190082389549601,0.7612757389233371,0.6101482327988795,900.0,9,913
3a_physical_weak,83,naive,0.009,100,6,0.05,100.0,9.0,0.1,0,1.0,0.5190082389549601,0.7612757389233371,0.6006619489749344,46400.0,8,855
3a_physical_weak,83,random,0.0009,100,6,0.05,100.0,9.0,0.1,0,1.0,0.5190082389549601,0.7612757389233371,0.5932609188874239,81300.0,7,826
3a_physical_weak,84,regular,0.1,100,6,0.05,100.0,9.0,0.1,0,1.0,0.4956170978777044,0.7479878938276683,0.6444099724287331,12500.0,19,902
3a_physical_weak,84,superintelligent,0.9,100,6,0.05,100.0,9.0,0.1,0,1.0,0.4956170978777044,0.7479878938276683,0.6436956079192779,2100.0,18,919
3a_physical_weak,84,oracle,1.0,100,6,0.05,100.0,9.0,0.1,0,1.0,0.4956170978777044,0.7479878938276683,0.6436956079192779,1800.0,18,919
3a_physical_weak,84,naive,0.009,100,6,0.05,100.0,9.0,0.1,0,1.0,0.4956170978777044,0.7479878938276683,0.589773615923059,48700.0,10,894
3a_physical_weak,84,random,0.0009,100,6,0.05,100.0,9.0,0.1,0,1.0,0.4956170978777044,0.7479878938276683,0.5873405247881374,93200.0,15,917
3a_physical_weak,85,regular,0.1,100,6,0.05,100.0,9.0,0.1,0,1.0,0.5597391178966525,0.7753238587387931,0.6061761749140877,8500.0,8,848
3a_physical_weak,85,superintelligent,0.9,100,6,0.05,100.0,9.0,0.1,0,1.0,0.5597391178966525,0.7753238587387931,0.6061761749140877,1100.0,8,911
3a_physical_weak,85,oracle,1.0,100,6,0.05,100.0,9.0,0.1,0,1.0,0.5597391178966525,0.7753238587387931,0.6061761749140877,800.0,8,911
3a_physical_weak,85,naive,0.009,100,6,0.05,100.0,9.0,0.1,0,1.0,0.5597391178966525,0.7753238587387931,0.6021982005088243,31500.0,7,860
3a_physical_weak,85,random,0.0009,100,6,0.05,100.0,9.0,0.1,0,1.0,0.5597391178966525,0.7753238587387931,0.5992199478584637,77500.0,8,901
3a_physical_weak,86,regular,0.1,100,6,0.05,100.0,9.0,0.1,0,1.0,0.4789620743349117,0.7656815313749833,0.5590459315486713,9700.0,10,899
3a_physical_weak,86,superintelligent,0.9,100,6,0.05,100.0,9.0,0.1,0,1.0,0.4789620743349117,0.7656815313749833,0.5590459315486713,1200.0,10,913
3a_physical_weak,86,oracle,1.0,100,6,0.05,100.0,9.0,0.1,0,1.0,0.4789620743349117,0.7656815313749833,0.5590459315486713,1000.0,10,913
3a_physical_weak,86,naive,0.009,100,6,0.05,100.0,9.0,0.1,0,1.0,0.4789620743349117,0.7656815313749833,0.585865336188316,85700.0,16,893
3a_physical_weak,86,random,0.0009,100,6,0.05,100.0,9.0,0.1,0,1.0,0.4789620743349117,0.7656815313749833,0.5473366882412288,91400.0,8,911
3a_physical_weak,87,regular,0.1,100,6,0.05,100.0,9.0,0.1,0,1.0,0.49494929709288926,0.7570479130226314,0.6078723127955822,13300.0,16,913
3a_physical_weak,87,superintelligent,0.9,100,6,0.05,100.0,9.0,0.1,0,1.0,0.49494929709288926,0.7570479130226314,0.5652087695096162,1100.0,10,914
3a_physical_weak,87,oracle,1.0,100,6,0.05,100.0,9.0,0.1,0,1.0,0.49494929709288926,0.7570479130226314,0.5652087695096162,1000.0,10,914
3a_physical_weak,87,naive,0.009,100,6,0.05,100.0,9.0,0.1,0,1.0,0.49494929709288926,0.7570479130226314,0.5386837231726261,49400.0,7,872
3a_physical_weak,87,random,0.0009,100,6,0.05,100.0,9.0,0.1,0,1.0,0.49494929709288926,0.7570479130226314,0.6044942073293856,91800.0,18,904
3a_physical_weak,88,regular,0.1,100,6,0.05,100.0,9.0,0.1,0,1.0,0.49440158044316557,0.7672997846903036,0.5918144834681245,5400.0,10,758
3a_physical_weak,88,superintelligent,0.9,100,6,0.05,100.0,9.0,0.1,0,1.0,0.49440158044316557,0.7672997846903036,0.5918144834681245,1200.0,10,910
3a_physical_weak,88,oracle,1.0,100,6,0.05,100.0,9.0,0.1,0,1.0,0.49440158044316557,0.7672997846903036,0.5918144834681245,1000.0,10,910
3a_physical_weak,88,naive,0.009,100,6,0.05,100.0,9.0,0.1,0,1.0,0.49440158044316557,0.7672997846903036,0.5811283998517137,64600.0,9,876
3a_physical_weak,88,random,0.0009,100,6,0.05,100.0,9.0,0.1,0,1.0,0.49440158044316557,0.7672997846903036,0.556465191843913,80900.0,9,824
3a_physical_weak,89,regular,0.1,100,6,0.05,100.0,9.0,0.1,0,1.0,0.5048944338189966,0.7451823689782682,0.5487407798526373,2700.0,3,894
3a_physical_weak,89,superintelligent,0.9,100,6,0.05,100.0,9.0,0.1,0,1.0,0.5048944338189966,0.7451823689782682,0.5487407798526373,300.0,3,911
3a_physical_weak,89,oracle,1.0,100,6,0.05,100.0,9.0,0.1,0,1.0,0.5048944338189966,0.7451823689782682,0.5487407798526373,300.0,3,911
3a_physical_weak,89,naive,0.009,100,6,0.05,100.0,9.0,0.1,0,1.0,0.5048944338189966,0.7451823689782682,0.5487407798526373,35100.0,3,889
3a_physical_weak,89,random,0.0009,100,6,0.05,100.0,9.0,0.1,0,1.0,0.5048944338189966,0.7451823689782682,0.5487407798526373,74300.0,3,908
3a_physical_weak,90,regular,0.1,100,6,0.05,100.0,9.0,0.1,0,1.0,0.5007628248317687,0.7626659917923548,0.5516668021994814,6700.0,7,733
3a_physical_weak,90,superintelligent,0.9,100,6,0.05,100.0,9.0,0.1,0,1.0,0.5007628248317687,0.7626659917923548,0.5516668021994814,700.0,7,909
3a_physical_weak,90,oracle,1.0,100,6,0.05,100.0,9.0,0.1,0,1.0,0.5007628248317687,0.7626659917923548,0.5516668021994814,700.0,7,909
3a_physical_weak,90,naive,0.009,100,6,0.05,100.0,9.0,0.1,0,1.0,0.5007628248317687,0.7626659917923548,0.5516668021994814,50000.0,7,791
3a_physical_weak,90,random,0.0009,100,6,0.05,100.0,9.0,0.1,0,1.0,0.5007628248317687,0.7626659917923548,0.5395714192962778,64700.0,7,782
3a_physical_weak,91,regular,0.1,100,6,0.05,100.0,9.0,0.1,0,1.0,0.536092339832414,0.7686297762028009,0.599912819301451,9000.0,9,889
3a_physical_weak,91,superintelligent,0.9,100,6,0.05,100.0,9.0,0.1,0,1.0,0.536092339832414,0.7686297762028009,0.6081718944473774,1600.0,14,910
3a_physical_weak,91,oracle,1.0,100,6,0.05,100.0,9.0,0.1,0,1.0,0.536092339832414,0.7686297762028009,0.6081718944473774,1400.0,14,910
3a_physical_weak,91,naive,0.009,100,6,0.05,100.0,9.0,0.1,0,1.0,0.536092339832414,0.7686297762028009,0.6081718944473774,86700.0,14,853
3a_physical_weak,91,random,0.0009,100,6,0.05,100.0,9.0,0.1,0,1.0,0.536092339832414,0.7686297762028009,0.6008697572637378,84200.0,10,893
3a_physical_weak,92,regular,0.1,100,6,0.05,100.0,9.0,0.1,0,1.0,0.49882991280183114,0.7464768810434419,0.5779931916132451,12200.0,13,910
3a_physical_weak,92,superintelligent,0.9,100,6,0.05,100.0,9.0,0.1,0,1.0,0.49882991280183114,0.7464768810434419,0.5779931916132451,1400.0,13,914
3a_physical_weak,92,oracle,1.0,100,6,0.05,100.0,9.0,0.1,0,1.0,0.49882991280183114,0.7464768810434419,0.5779931916132451,1300.0,13,914
3a_physical_weak,92,naive,0.009,100,6,0.05,100.0,9.0,0.1,0,1.0,0.49882991280183114,0.7464768810434419,0.5647457245884714,46200.0,10,642
3a_physical_weak,92,random,0.0009,100,6,0.05,100.0,9.0,0.1,0,1.0,0.49882991280183114,0.7464768810434419,0.5725848222417222,91900.0,11,908
3a_physical_weak,93,regular,0.1,100,6,0.05,100.0,9.0,0.1,0,1.0,0.48247524570909817,0.7491396429794075,0.6039957964705936,12500.0,11,912
3a_physical_weak,93,superintelligent,0.9,100,6,0.05,100.0,9.0,0.1,0,1.0,0.48247524570909817,0.7491396429794075,0.6039957964705936,1100.0,11,913
3a_physical_weak,93,oracle,1.0,100,6,0.05,100.0,9.0,0.1,0,1.0,0.48247524570909817,0.7491396429794075,0.6039957964705936,1100.0,11,913
3a_physical_weak,93,naive,0.009,100,6,0.05,100.0,9.0,0.1,0,1.0,0.48247524570909817,0.7491396429794075,0.5817677225957377,63500.0,12,905
3a_physical_weak,93,random,0.0009,100,6,0.05,100.0,9.0,0.1,0,1.0,0.48247524570909817,0.7491396429794075,0.5725023434347587,86000.0,10,906
3a_physical_weak,94,regular,0.1,100,6,0.05,100.0,9.0,0.1,0,1.0,0.44329666283383523,0.7446014954158814,0.5453725475317461,9900.0,9,898
3a_physical_weak,94,superintelligent,0.9,100,6,0.05,100.0,9.0,0.1,0,1.0,0.44329666283383523,0.7446014954158814,0.5837127666123648,2100.0,20,909
3a_physical_weak,94,oracle,1.0,100,6,0.05,100.0,9.0,0.1,0,1.0,0.44329666283383523,0.7446014954158814,0.5837127666123648,2000.0,20,909
3a_physical_weak,94,naive,0.009,100,6,0.05,100.0,9.0,0.1,0,1.0,0.44329666283383523,0.7446014954158814,0.5668308615664637,91800.0,15,909
3a_physical_weak,94,random,0.0009,100,6,0.05,100.0,9.0,0.1,0,1.0,0.44329666283383523,0.7446014954158814,0.5453725475317461,91300.0,9,904
3a_physical_weak,95,regular,0.1,100,6,0.05,100.0,9.0,0.1,0,1.0,0.5089970142952707,0.7503912164163576,0.556932035411528,3200.0,7,843
3a_physical_weak,95,superintelligent,0.9,100,6,0.05,100.0,9.0,0.1,0,1.0,0.5089970142952707,0.7503912164163576,0.556932035411528,700.0,7,912
3a_physical_weak,95,oracle,1.0,100,6,0.05,100.0,9.0,0.1,0,1.0,0.5089970142952707,0.7503912164163576,0.556932035411528,700.0,7,912
3a_physical_weak,95,naive,0.009,100,6,0.05,100.0,9.0,0.1,0,1.0,0.5089970142952707,0.7503912164163576,0.556932035411528,61400.0,7,823
3a_physical_weak,95,random,0.0009,100,6,0.05,100.0,9.0,0.1,0,1.0,0.5089970142952707,0.7503912164163576,0.5449781303272657,84000.0,8,888
3a_physical_weak,96,regular,0.1,100,6,0.05,100.0,9.0,0.1,0,1.0,0.4937029196174325,0.7638312881791435,0.5703311231589289,3000.0,6,853
3a_physical_weak,96,superintelligent,0.9,100,6,0.05,100.0,9.0,0.1,0,1.0,0.4937029196174325,0.7638312881791435,0.5703311231589289,600.0,6,920
3a_physical_weak,96,oracle,1.0,100,6,0.05,100.0,9.0,0.1,0,1.0,0.4937029196174325,0.7638312881791435,0.5703311231589289,600.0,6,920
3a_physical_weak,96,naive,0.009,100,6,0.05,100.0,9.0,0.1,0,1.0,0.4937029196174325,0.7638312881791435,0.5757684846653891,51900.0,9,872
3a_physical_weak,96,random,0.0009,100,6,0.05,100.0,9.0,0.1,0,1.0,0.4937029196174325,0.7638312881791435,0.5704614257520335,79000.0,8,892
3a_physical_weak,97,regular,0.1,100,6,0.05,100.0,9.0,0.1,0,1.0,0.42688626323911827,0.7623055818543066,0.6153001693661583,11200.0,17,873
3a_physical_weak,97,superintelligent,0.9,100,6,0.05,100.0,9.0,0.1,0,1.0,0.42688626323911827,0.7623055818543066,0.6153001693661583,1800.0,17,918
3a_physical_weak,97,oracle,1.0,100,6,0.05,100.0,9.0,0.1,0,1.0,0.42688626323911827,0.7623055818543066,0.6153001693661583,1700.0,17,918
3a_physical_weak,97,naive,0.009,100,6,0.05,100.0,9.0,0.1,0,1.0,0.42688626323911827,0.7623055818543066,0.5835903934663865,57000.0,16,913
3a_physical_weak,97,random,0.0009,100,6,0.05,100.0,9.0,0.1,0,1.0,0.42688626323911827,0.7623055818543066,0.5815826631614089,91400.0,15,909
3a_physical_weak,98,regular,0.1,100,6,0.05,100.0,9.0,0.1,0,1.0,0.5276382442453308,0.7414585097811648,0.5986654498825568,10500.0,11,874
3a_physical_weak,98,superintelligent,0.9,100,6,0.05,100.0,9.0,0.1,0,1.0,0.5276382442453308,0.7414585097811648,0.5987776490968053,1300.0,12,912
3a_physical_weak,98,oracle,1.0,100,6,0.05,100.0,9.0,0.1,0,1.0,0.5276382442453308,0.7414585097811648,0.5987776490968053,1200.0,12,912
3a_physical_weak,98,naive,0.009,100,6,0.05,100.0,9.0,0.1,0,1.0,0.5276382442453308,0.7414585097811648,0.5980985209632718,42800.0,11,812
3a_physical_weak,98,random,0.0009,100,6,0.05,100.0,9.0,0.1,0,1.0,0.5276382442453308,0.7414585097811648,0.5863282113581639,81800.0,8,861
3a_physical_weak,99,regular,0.1,100,6,0.05,100.0,9.0,0.1,0,1.0,0.5842452260435994,0.7607561494378284,0.6028803079433142,1400.0,4,907
3a_physical_weak,99,superintelligent,0.9,100,6,0.05,100.0,9.0,0.1,0,1.0,0.5842452260435994,0.7607561494378284,0.6028803079433142,500.0,4,910
3a_physical_weak,99,oracle,1.0,100,6,0.05,100.0,9.0,0.1,0,1.0,0.5842452260435994,0.7607561494378284,0.6028803079433142,400.0,4,910
3a_physical_weak,99,naive,0.009,100,6,0.05,100.0,9.0,0.1,0,1.0,0.5842452260435994,0.7607561494378284,0.6028803079433142,18000.0,4,817
3a_physical_weak,99,random,0.0009,100,6,0.05,100.0,9.0,0.1,0,1.0,0.5842452260435994,0.7607561494378284,0.5924552931338191,39500.0,4,817
3b_physical_strong,0,regular,0.1,100,6,0.05,100.0,9.0,0.1,10,5.0,0.5640072976693857,0.7556460382033224,0.618955045378719,5300.0,8,891
3b_physical_strong,0,superintelligent,0.9,100,6,0.05,100.0,9.0,0.1,10,5.0,0.5640072976693857,0.7556460382033224,0.618955045378719,1600.0,8,916
3b_physical_strong,0,oracle,1.0,100,6,0.05,100.0,9.0,0.1,10,5.0,0.5640072976693857,0.7556460382033224,0.618955045378719,1600.0,8,916
3b_physical_strong,0,naive,0.009,100,6,0.05,100.0,9.0,0.1,10,5.0,0.5640072976693857,0.7556460382033224,0.6169857861359809,64500.0,8,801
3b_physical_strong,0,random,0.0009,100,6,0.05,100.0,9.0,0.1,10,5.0,0.5640072976693857,0.7556460382033224,0.5990592101936193,86700.0,4,843
3b_physical_strong,1,regular,0.1,100,6,0.05,100.0,9.0,0.1,10,5.0,0.482830329587417,0.7524498146268767,0.5742153475378255,18300.0,11,815
3b_physical_strong,1,superintelligent,0.9,100,6,0.05,100.0,9.0,0.1,10,5.0,0.482830329587417,0.7524498146268767,0.5978325799853607,2600.0,17,913
3b_physical_strong,1,oracle,1.0,100,6,0.05,100.0,9.0,0.1,10,5.0,0.482830329587417,0.7524498146268767,0.5978325799853607,2500.0,17,913
3b_physical_strong,1,naive,0.009,100,6,0.05,100.0,9.0,0.1,10,5.0,0.482830329587417,0.7524498146268767,0.604491291463232,62900.0,15,640
3b_physical_strong,1,random,0.0009,100,6,0.05,100.0,9.0,0.1,10,5.0,0.482830329587417,0.7524498146268767,0.5619859927923541,87400.0,12,875
3b_physical_strong,2,regular,0.1,100,6,0.05,100.0,9.0,0.1,10,5.0,0.48581387036275214,0.767194031578083,0.5891107896322604,10000.0,12,829
3b_physical_strong,2,superintelligent,0.9,100,6,0.05,100.0,9.0,0.1,10,5.0,0.48581387036275214,0.767194031578083,0.5891107896322604,2100.0,12,908
3b_physical_strong,2,oracle,1.0,100,6,0.05,100.0,9.0,0.1,10,5.0,0.48581387036275214,0.767194031578083,0.5891107896322604,2000.0,12,908
3b_physical_strong,2,naive,0.009,100,6,0.05,100.0,9.0,0.1,10,5.0,0.48581387036275214,0.767194031578083,0.5512233631421939,70500.0,8,904
3b_physical_strong,2,random,0.0009,100,6,0.05,100.0,9.0,0.1,10,5.0,0.48581387036275214,0.767194031578083,0.5600717724254697,66600.0,8,742
3b_physical_strong,3,regular,0.1,100,6,0.05,100.0,9.0,0.1,10,5.0,0.5504642063922245,0.7570059489395232,0.6119159626801778,9500.0,9,865
3b_physical_strong,3,superintelligent,0.9,100,6,0.05,100.0,9.0,0.1,10,5.0,0.5504642063922245,0.7570059489395232,0.6119159626801778,1300.0,9,909
3b_physical_strong,3,oracle,1.0,100,6,0.05,100.0,9.0,0.1,10,5.0,0.5504642063922245,0.7570059489395232,0.6119159626801778,1300.0,9,909
3b_physical_strong,3,naive,0.009,100,6,0.05,100.0,9.0,0.1,10,5.0,0.5504642063922245,0.7570059489395232,0.6124923191725713,56000.0,8,835
3b_physical_strong,3,random,0.0009,100,6,0.05,100.0,9.0,0.1,10,5.0,0.5504642063922245,0.7570059489395232,0.5952659670817664,65600.0,8,842
3b_physical_strong,4,regular,0.1,100,6,0.05,100.0,9.0,0.1,10,5.0,0.5157107882280141,0.7744652560166294,0.5677832089016317,7800.0,6,646
3b_physical_strong,4,superintelligent,0.9,100,6,0.05,100.0,9.0,0.1,10,5.0,0.5157107882280141,0.7744652560166294,0.5677832089016317,600.0,6,908
3b_physical_strong,4,oracle,1.0,100,6,0.05,100.0,9.0,0.1,10,5.0,0.5157107882280141,0.7744652560166294,0.5677832089016317,600.0,6,908
3b_physical_strong,4,naive,0.009,100,6,0.05,100.0,9.0,0.1,10,5.0,0.5157107882280141,0.7744652560166294,0.5889270642176033,76200.0,10,740
3b_physical_strong,4,random,0.0009,100,6,0.05,100.0,9.0,0.1,10,5.0,0.5157107882280141,0.7744652560166294,0.5677832089016317,84300.0,6,895
3b_physical_strong,5,regular,0.1,100,6,0.05,100.0,9.0,0.1,10,5.0,0.48289221133124355,0.7422832074810353,0.5600594560135901,7200.0,7,785
3b_physical_strong,5,superintelligent,0.9,100,6,0.05,100.0,9.0,0.1,10,5.0,0.48289221133124355,0.7422832074810353,0.5713949898749827,2200.0,10,910
3b_physical_strong,5,oracle,1.0,100,6,0.05,100.0,9.0,0.1,10,5.0,0.48289221133124355,0.7422832074810353,0.5713949898749827,2200.0,10,910
3b_physical_strong,5,naive,0.009,100,6,0.05,100.0,9.0,0.1,10,5.0,0.48289221133124355,0.7422832074810353,0.5522103810066414,45100.0,7,817
3b_physical_strong,5,random,0.0009,100,6,0.05,100.0,9.0,0.1,10,5.0,0.48289221133124355,0.7422832074810353,0.5615670479859081,68100.0,6,906
3b_physical_strong,6,regular,0.1,100,6,0.05,100.0,9.0,0.1,10,5.0,0.4741243203477076,0.7500448675865335,0.5440373418210632,7300.0,8,909
3b_physical_strong,6,superintelligent,0.9,100,6,0.05,100.0,9.0,0.1,10,5.0,0.4741243203477076,0.7500448675865335,0.5440373418210632,1300.0,8,915
3b_physical_strong,6,oracle,1.0,100,6,0.05,100.0,9.0,0.1,10,5.0,0.4741243203477076,0.7500448675865335,0.5440373418210632,1200.0,8,915
3b_physical_strong,6,naive,0.009,100,6,0.05,100.0,9.0,0.1,10,5.0,0.4741243203477076,0.7500448675865335,0.5485967915273782,83300.0,12,856
3b_physical_strong,6,random,0.0009,100,6,0.05,100.0,9.0,0.1,10,5.0,0.4741243203477076,0.7500448675865335,0.5632645309414701,90300.0,13,862
3b_physical_strong,7,regular,0.1,100,6,0.05,100.0,9.0,0.1,10,5.0,0.49931584268408274,0.7454376883115583,0.5943861155195234,18600.0,15,880
3b_physical_strong,7,superintelligent,0.9,100,6,0.05,100.0,9.0,0.1,10,5.0,0.49931584268408274,0.7454376883115583,0.5970303629224054,2700.0,14,913
3b_physical_strong,7,oracle,1.0,100,6,0.05,100.0,9.0,0.1,10,5.0,0.49931584268408274,0.7454376883115583,0.5970303629224054,2600.0,14,913
3b_physical_strong,7,naive,0.009,100,6,0.05,100.0,9.0,0.1,10,5.0,0.49931584268408274,0.7454376883115583,0.5922667017885256,89400.0,16,893
3b_physical_strong,7,random,0.0009,100,6,0.05,100.0,9.0,0.1,10,5.0,0.49931584268408274,0.7454376883115583,0.5934620626439415,93200.0,17,899
3b_physical_strong,8,regular,0.1,100,6,0.05,100.0,9.0,0.1,10,5.0,0.48858678597063543,0.7670672942911269,0.5777651660031171,9400.0,11,913
3b_physical_strong,8,superintelligent,0.9,100,6,0.05,100.0,9.0,0.1,10,5.0,0.48858678597063543,0.7670672942911269,0.5777651660031171,2100.0,11,915
3b_physical_strong,8,oracle,1.0,100,6,0.05,100.0,9.0,0.1,10,5.0,0.48858678597063543,0.7670672942911269,0.5777651660031171,1900.0,11,915
3b_physical_strong,8,naive,0.009,100,6,0.05,100.0,9.0,0.1,10,5.0,0.48858678597063543,0.7670672942911269,0.5747343546221713,76900.0,11,909
3b_physical_strong,8,random,0.0009,100,6,0.05,100.0,9.0,0.1,10,5.0,0.48858678597063543,0.7670672942911269,0.5648282695459119,76900.0,11,901
3b_physical_strong,9,regular,0.1,100,6,0.05,100.0,9.0,0.1,10,5.0,0.4982557487292993,0.7666206595085328,0.5887412284317732,18800.0,10,890
3b_physical_strong,9,superintelligent,0.9,100,6,0.05,100.0,9.0,0.1,10,5.0,0.4982557487292993,0.7666206595085328,0.5887412284317732,1900.0,10,914
3b_physical_strong,9,oracle,1.0,100,6,0.05,100.0,9.0,0.1,10,5.0,0.4982557487292993,0.7666206595085328,0.5887412284317732,1800.0,10,914
3b_physical_strong,9,naive,0.009,100,6,0.05,100.0,9.0,0.1,10,5.0,0.4982557487292993,0.7666206595085328,0.566570990153507,60000.0,12,832
3b_physical_strong,9,random,0.0009,100,6,0.05,100.0,9.0,0.1,10,5.0,0.4982557487292993,0.7666206595085328,0.5801235981034522,60400.0,11,771
3b_physical_strong,10,regular,0.1,100,6,0.05,100.0,9.0,0.1,10,5.0,0.4485593923954098,0.7607076523180046,0.5974869431133937,9600.0,14,879
3b_physical_strong,10,superintelligent,0.9,100,6,0.05,100.0,9.0,0.1,10,5.0,0.4485593923954098,0.7607076523180046,0.5974869431133937,2500.0,14,917
3b_physical_strong,10,oracle,1.0,100,6,0.05,100.0,9.0,0.1,10,5.0,0.4485593923954098,0.7607076523180046,0.5974869431133937,2200.0,14,917
3b_physical_strong,10,naive,0.009,100,6,0.05,100.0,9.0,0.1,10,5.0,0.4485593923954098,0.7607076523180046,0.6032588613407048,45200.0,14,913
3b_physical_strong,10,random,0.0009,100,6,0.05,100.0,9.0,0.1,10,5.0,0.4485593923954098,0.7607076523180046,0.5865977001016689,94400.0,16,916
3b_physical_strong,11,regular,0.1,100,6,0.05,100.0,9.0,0.1,10,5.0,0.5138006397517342,0.7517043806647737,0.596081576824399,10400.0,9,861
3b_physical_strong,11,superintelligent,0.9,100,6,0.05,100.0,9.0,0.1,10,5.0,0.5138006397517342,0.7517043806647737,0.5964781489132241,1800.0,10,910
3b_physical_strong,11,oracle,1.0,100,6,0.05,100.0,9.0,0.1,10,5.0,0.5138006397517342,0.7517043806647737,0.5964781489132241,1800.0,10,910
3b_physical_strong,11,naive,0.009,100,6,0.05,100.0,9.0,0.1,10,5.0,0.5138006397517342,0.7517043806647737,0.5964781489132241,34000.0,10,888
3b_physical_strong,11,random,0.0009,100,6,0.05,100.0,9.0,0.1,10,5.0,0.5138006397517342,0.7517043806647737,0.5791674983189334,89300.0,9,864
3b_physical_strong,12,regular,0.1,100,6,0.05,100.0,9.0,0.1,10,5.0,0.4873027036410908,0.749478255773771,0.5878281178606366,10800.0,14,892
3b_physical_strong,12,superintelligent,0.9,100,6,0.05,100.0,9.0,0.1,10,5.0,0.4873027036410908,0.749478255773771,0.5878281178606366,2700.0,14,911
3b_physical_strong,12,oracle,1.0,100,6,0.05,100.0,9.0,0.1,10,5.0,0.4873027036410908,0.749478255773771,0.5878281178606366,2600.0,14,911
3b_physical_strong,12,naive,0.009,100,6,0.05,100.0,9.0,0.1,10,5.0,0.4873027036410908,0.749478255773771,0.5869672201729942,61200.0,11,886
3b_physical_strong,12,random,0.0009,100,6,0.05,100.0,9.0,0.1,10,5.0,0.4873027036410908,0.749478255773771,0.5573111966434998,91100.0,13,874
3b_physical_strong,13,regular,0.1,100,6,0.05,100.0,9.0,0.1,10,5.0,0.5125253777973764,0.7399075968266272,0.539407901147292,2000.0,3,832
3b_physical_strong,13,superintelligent,0.9,100,6,0.05,100.0,9.0,0.1,10,5.0,0.5125253777973764,0.7399075968266272,0.539407901147292,300.0,3,915
3b_physical_strong,13,oracle,1.0,100,6,0.05,100.0,9.0,0.1,10,5.0,0.5125253777973764,0.7399075968266272,0.539407901147292,300.0,3,915
3b_physical_strong,13,naive,0.009,100,6,0.05,100.0,9.0,0.1,10,5.0,0.5125253777973764,0.7399075968266272,0.539407901147292,33000.0,3,910
3b_physical_strong,13,random,0.0009,100,6,0.05,100.0,9.0,0.1,10,5.0,0.5125253777973764,0.7399075968266272,0.5445197670922866,93500.0,5,909
3b_physical_strong,14,regular,0.1,100,6,0.05,100.0,9.0,0.1,10,5.0,0.5266514127332954,0.7413663542081979,0.6255456920709495,23600.0,11,829
3b_physical_strong,14,superintelligent,0.9,100,6,0.05,100.0,9.0,0.1,10,5.0,0.5266514127332954,0.7413663542081979,0.6255456920709495,1900.0,11,915
3b_physical_strong,14,oracle,1.0,100,6,0.05,100.0,9.0,0.1,10,5.0,0.5266514127332954,0.7413663542081979,0.6255456920709495,1500.0,11,915
3b_physical_strong,14,naive,0.009,100,6,0.05,100.0,9.0,0.1,10,5.0,0.5266514127332954,0.7413663542081979,0.61959284155869,82000.0,13,918
3b_physical_strong,14,random,0.0009,100,6,0.05,100.0,9.0,0.1,10,5.0,0.5266514127332954,0.7413663542081979,0.6194219054079974,92400.0,11,901
3b_physical_strong,15,regular,0.1,100,6,0.05,100.0,9.0,0.1,10,5.0,0.5464262512313546,0.7611415161210825,0.6020520481546257,9600.0,8,834
3b_physical_strong,15,superintelligent,0.9,100,6,0.05,100.0,9.0,0.1,10,5.0,0.5464262512313546,0.7611415161210825,0.6020520481546257,2100.0,8,914
3b_physical_strong,15,oracle,1.0,100,6,0.05,100.0,9.0,0.1,10,5.0,0.5464262512313546,0.7611415161210825,0.6020520481546257,2000.0,8,914
3b_physical_strong,15,naive,0.009,100,6,0.05,100.0,9.0,0.1,10,5.0,0.5464262512313546,0.7611415161210825,0.6020520481546257,42600.0,8,908
3b_physical_strong,15,random,0.0009,100,6,0.05,100.0,9.0,0.1,10,5.0,0.5464262512313546,0.7611415161210825,0.6000188302756275,86600.0,7,906
3b_physical_strong,16,regular,0.1,100,6,0.05,100.0,9.0,0.1,10,5.0,0.5306909025938864,0.7657927270343541,0.5719802631883241,3600.0,6,837
3b_physical_strong,16,superintelligent,0.9,100,6,0.05,100.0,9.0,0.1,10,5.0,0.5306909025938864,0.7657927270343541,0.5803312306113176,1800.0,9,912
3b_physical_strong,16,oracle,1.0,100,6,0.05,100.0,9.0,0.1,10,5.0,0.5306909025938864,0.7657927270343541,0.5803312306113176,1700.0,9,912
3b_physical_strong,16,naive,0.009,100,6,0.05,100.0,9.0,0.1,10,5.0,0.5306909025938864,0.7657927270343541,0.5732963419321649,77700.0,6,803
3b_physical_strong,16,random,0.0009,100,6,0.05,100.0,9.0,0.1,10,5.0,0.5306909025938864,0.7657927270343541,0.5833250625381391,86000.0,9,888
3b_physical_strong,17,regular,0.1,100,6,0.05,100.0,9.0,0.1,10,5.0,0.5126640920985114,0.7549377610428243,0.6085303481011254,11600.0,13,886
3b_physical_strong,17,superintelligent,0.9,100,6,0.05,100.0,9.0,0.1,10,5.0,0.5126640920985114,0.7549377610428243,0.6201751677077825,2600.0,14,920
3b_physical_strong,17,oracle,1.0,100,6,0.05,100.0,9.0,0.1,10,5.0,0.5126640920985114,0.7549377610428243,0.6201751677077825,2200.0,14,920
3b_physical_strong,17,naive,0.009,100,6,0.05,100.0,9.0,0.1,10,5.0,0.5126640920985114,0.7549377610428243,0.6152039196715583,73700.0,14,910
3b_physical_strong,17,random,0.0009,100,6,0.05,100.0,9.0,0.1,10,5.0,0.5126640920985114,0.7549377610428243,0.5916961601759343,94500.0,12,917
3b_physical_strong,18,regular,0.1,100,6,0.05,100.0,9.0,0.1,10,5.0,0.473159835818066,0.7525094211508944,0.5448207237398052,19400.0,15,864
3b_physical_strong,18,superintelligent,0.9,100,6,0.05,100.0,9.0,0.1,10,5.0,0.473159835818066,0.7525094211508944,0.5418905692896218,2200.0,14,907
3b_physical_strong,18,oracle,1.0,100,6,0.05,100.0,9.0,0.1,10,5.0,0.473159835818066,0.7525094211508944,0.5418905692896218,2200.0,14,907
3b_physical_strong,18,naive,0.009,100,6,0.05,100.0,9.0,0.1,10,5.0,0.473159835818066,0.7525094211508944,0.5265227035601973,75600.0,10,805
3b_physical_strong,18,random,0.0009,100,6,0.05,100.0,9.0,0.1,10,5.0,0.473159835818066,0.7525094211508944,0.5165340379806893,90800.0,9,898
3b_physical_strong,19,regular,0.1,100,6,0.05,100.0,9.0,0.1,10,5.0,0.4704832846233938,0.753975824392147,0.5644423886173141,9700.0,10,887
3b_physical_strong,19,superintelligent,0.9,100,6,0.05,100.0,9.0,0.1,10,5.0,0.4704832846233938,0.753975824392147,0.5644423886173141,1500.0,10,910
3b_physical_strong,19,oracle,1.0,100,6,0.05,100.0,9.0,0.1,10,5.0,0.4704832846233938,0.753975824392147,0.5644423886173141,1400.0,10,910
3b_physical_strong,19,naive,0.009,100,6,0.05,100.0,9.0,0.1,10,5.0,0.4704832846233938,0.753975824392147,0.559143776369373,72200.0,10,875
3b_physical_strong,19,random,0.0009,100,6,0.05,100.0,9.0,0.1,10,5.0,0.4704832846233938,0.753975824392147,0.5578709824003952,87700.0,8,849
3b_physical_strong,20,regular,0.1,100,6,0.05,100.0,9.0,0.1,10,5.0,0.5291598674451101,0.7530744992647913,0.5810504010456953,5600.0,6,877
3b_physical_strong,20,superintelligent,0.9,100,6,0.05,100.0,9.0,0.1,10,5.0,0.5291598674451101,0.7530744992647913,0.5810504010456953,800.0,6,917
3b_physical_strong,20,oracle,1.0,100,6,0.05,100.0,9.0,0.1,10,5.0,0.5291598674451101,0.7530744992647913,0.5810504010456953,600.0,6,917
3b_physical_strong,20,naive,0.009,100,6,0.05,100.0,9.0,0.1,10,5.0,0.5291598674451101,0.7530744992647913,0.5810504010456953,52900.0,6,868
3b_physical_strong,20,random,0.0009,100,6,0.05,100.0,9.0,0.1,10,5.0,0.5291598674451101,0.7530744992647913,0.5812379084785284,93100.0,8,912
3b_physical_strong,21,regular,0.1,100,6,0.05,100.0,9.0,0.1,10,5.0,0.4900390169217551,0.7582169606141,0.5559048241731938,9800.0,8,850
3b_physical_strong,21,superintelligent,0.9,100,6,0.05,100.0,9.0,0.1,10,5.0,0.4900390169217551,0.7582169606141,0.5559048241731938,1300.0,8,912
3b_physical_strong,21,oracle,1.0,100,6,0.05,100.0,9.0,0.1,10,5.0,0.4900390169217551,0.7582169606141,0.5559048241731938,1200.0,8,912
3b_physical_strong,21,naive,0.009,100,6,0.05,100.0,9.0,0.1,10,5.0,0.4900390169217551,0.7582169606141,0.5637261640691693,68400.0,11,885
3b_physical_strong,21,random,0.0009,100,6,0.05,100.0,9.0,0.1,10,5.0,0.4900390169217551,0.7582169606141,0.5697711949276788,66900.0,8,825
3b_physical_strong,22,regular,0.1,100,6,0.05,100.0,9.0,0.1,10,5.0,0.48523385923334655,0.7642423923288125,0.6023917169405825,17100.0,15,771
3b_physical_strong,22,superintelligent,0.9,100,6,0.05,100.0,9.0,0.1,10,5.0,0.48523385923334655,0.7642423923288125,0.6023917169405825,2400.0,15,911
3b_physical_strong,22,oracle,1.0,100,6,0.05,100.0,9.0,0.1,10,5.0,0.48523385923334655,0.7642423923288125,0.6023917169405825,2300.0,15,911
3b_physical_strong,22,naive,0.009,100,6,0.05,100.0,9.0,0.1,10,5.0,0.48523385923334655,0.7642423923288125,0.6081117181169788,68600.0,14,904
3b_physical_strong,22,random,0.0009,100,6,0.05,100.0,9.0,0.1,10,5.0,0.48523385923334655,0.7642423923288125,0.5911410975226787,85500.0,16,911
3b_physical_strong,23,regular,0.1,100,6,0.05,100.0,9.0,0.1,10,5.0,0.48780922660660425,0.7485760386827622,0.6220636866257518,14300.0,14,911
3b_physical_strong,23,superintelligent,0.9,100,6,0.05,100.0,9.0,0.1,10,5.0,0.48780922660660425,0.7485760386827622,0.6220636866257518,3400.0,14,911
3b_physical_strong,23,oracle,1.0,100,6,0.05,100.0,9.0,0.1,10,5.0,0.48780922660660425,0.7485760386827622,0.6220636866257518,3000.0,14,911
3b_physical_strong,23,naive,0.009,100,6,0.05,100.0,9.0,0.1,10,5.0,0.48780922660660425,0.7485760386827622,0.6058415113859086,66600.0,10,771
3b_physical_strong,23,random,0.0009,100,6,0.05,100.0,9.0,0.1,10,5.0,0.48780922660660425,0.7485760386827622,0.5938264985159181,92600.0,9,897
3b_physical_strong,24,regular,0.1,100,6,0.05,100.0,9.0,0.1,10,5.0,0.504468293260371,0.7481363850769884,0.6191575669850278,12100.0,12,899
3b_physical_strong,24,superintelligent,0.9,100,6,0.05,100.0,9.0,0.1,10,5.0,0.504468293260371,0.7481363850769884,0.6078824780638565,1600.0,12,908
3b_physical_strong,24,oracle,1.0,100,6,0.05,100.0,9.0,0.1,10,5.0,0.504468293260371,0.7481363850769884,0.6078824780638565,1600.0,12,908
3b_physical_strong,24,naive,0.009,100,6,0.05,100.0,9.0,0.1,10,5.0,0.504468293260371,0.7481363850769884,0.5968708672924634,21300.0,7,743
3b_physical_strong,24,random,0.0009,100,6,0.05,100.0,9.0,0.1,10,5.0,0.504468293260371,0.7481363850769884,0.5782032329221015,87900.0,9,858
3b_physical_strong,25,regular,0.1,100,6,0.05,100.0,9.0,0.1,10,5.0,0.46589700251945154,0.7456074377425644,0.5927160191434735,11000.0,12,817
3b_physical_strong,25,superintelligent,0.9,100,6,0.05,100.0,9.0,0.1,10,5.0,0.46589700251945154,0.7456074377425644,0.5927160191434735,1300.0,12,907
3b_physical_strong,25,oracle,1.0,100,6,0.05,100.0,9.0,0.1,10,5.0,0.46589700251945154,0.7456074377425644,0.5927160191434735,1200.0,12,907
3b_physical_strong,25,naive,0.009,100,6,0.05,100.0,9.0,0.1,10,5.0,0.46589700251945154,0.7456074377425644,0.5850910954802725,81100.0,12,898
3b_physical_strong,25,random,0.0009,100,6,0.05,100.0,9.0,0.1,10,5.0,0.46589700251945154,0.7456074377425644,0.5878227115381712,91300.0,12,907
3b_physical_strong,26,regular,0.1,100,6,0.05,100.0,9.0,0.1,10,5.0,0.483405466531761,0.7597225899449883,0.6309302602659149,11900.0,12,861
3b_physical_strong,26,superintelligent,0.9,100,6,0.05,100.0,9.0,0.1,10,5.0,0.483405466531761,0.7597225899449883,0.6309302602659149,2800.0,12,918
3b_physical_strong,26,oracle,1.0,100,6,0.05,100.0,9.0,0.1,10,5.0,0.483405466531761,0.7597225899449883,0.6309302602659149,2400.0,12,918
3b_physical_strong,26,naive,0.009,100,6,0.05,100.0,9.0,0.1,10,5.0,0.483405466531761,0.7597225899449883,0.6215695892325815,90500.0,12,861
3b_physical_strong,26,random,0.0009,100,6,0.05,100.0,9.0,0.1,10,5.0,0.483405466531761,0.7597225899449883,0.6215695892325815,96300.0,12,919
3b_physical_strong,27,regular,0.1,100,6,0.05,100.0,9.0,0.1,10,5.0,0.5234578781323095,0.7720423229469677,0.5647828521963855,5400.0,6,877
3b_physical_strong,27,superintelligent,0.9,100,6,0.05,100.0,9.0,0.1,10,5.0,0.5234578781323095,0.7720423229469677,0.5647828521963855,800.0,6,910
3b_physical_strong,27,oracle,1.0,100,6,0.05,100.0,9.0,0.1,10,5.0,0.5234578781323095,0.7720423229469677,0.5647828521963855,600.0,6,910
3b_physical_strong,27,naive,0.009,100,6,0.05,100.0,9.0,0.1,10,5.0,0.5234578781323095,0.7720423229469677,0.5647828521963855,41800.0,6,877
3b_physical_strong,27,random,0.0009,100,6,0.05,100.0,9.0,0.1,10,5.0,0.5234578781323095,0.7720423229469677,0.5615038928077454,93100.0,8,911
3b_physical_strong,28,regular,0.1,100,6,0.05,100.0,9.0,0.1,10,5.0,0.5006278754138384,0.7451553770174876,0.5851989656823688,10200.0,10,911
3b_physical_strong,28,superintelligent,0.9,100,6,0.05,100.0,9.0,0.1,10,5.0,0.5006278754138384,0.7451553770174876,0.5863371210015166,1400.0,9,916
3b_physical_strong,28,oracle,1.0,100,6,0.05,100.0,9.0,0.1,10,5.0,0.5006278754138384,0.7451553770174876,0.5863371210015166,1300.0,9,916
3b_physical_strong,28,naive,0.009,100,6,0.05,100.0,9.0,0.1,10,5.0,0.5006278754138384,0.7451553770174876,0.5837093452213253,57100.0,8,892
3b_physical_strong,28,random,0.0009,100,6,0.05,100.0,9.0,0.1,10,5.0,0.5006278754138384,0.7451553770174876,0.570807950695432,28300.0,6,868
3b_physical_strong,29,regular,0.1,100,6,0.05,100.0,9.0,0.1,10,5.0,0.48864407594038795,0.7570054811489472,0.5783056215285842,17000.0,12,909
3b_physical_strong,29,superintelligent,0.9,100,6,0.05,100.0,9.0,0.1,10,5.0,0.48864407594038795,0.7570054811489472,0.5782626830738473,2300.0,10,916
3b_physical_strong,29,oracle,1.0,100,6,0.05,100.0,9.0,0.1,10,5.0,0.48864407594038795,0.7570054811489472,0.5782626830738473,2200.0,10,916
3b_physical_strong,29,naive,0.009,100,6,0.05,100.0,9.0,0.1,10,5.0,0.48864407594038795,0.7570054811489472,0.5784550802818011,68300.0,13,903
3b_physical_strong,29,random,0.0009,100,6,0.05,100.0,9.0,0.1,10,5.0,0.48864407594038795,0.7570054811489472,0.5695759656923227,79300.0,8,915
3b_physical_strong,30,regular,0.1,100,6,0.05,100.0,9.0,0.1,10,5.0,0.4502323460682429,0.7648666314423073,0.5667969543771049,17200.0,12,879
3b_physical_strong,30,superintelligent,0.9,100,6,0.05,100.0,9.0,0.1,10,5.0,0.4502323460682429,0.7648666314423073,0.5804982903454189,2500.0,14,913
3b_physical_strong,30,oracle,1.0,100,6,0.05,100.0,9.0,0.1,10,5.0,0.4502323460682429,0.7648666314423073,0.5804982903454189,2200.0,14,913
3b_physical_strong,30,naive,0.009,100,6,0.05,100.0,9.0,0.1,10,5.0,0.4502323460682429,0.7648666314423073,0.5713539816090092,67300.0,17,877
3b_physical_strong,30,random,0.0009,100,6,0.05,100.0,9.0,0.1,10,5.0,0.4502323460682429,0.7648666314423073,0.5677259792543561,95200.0,18,910
3b_physical_strong,31,regular,0.1,100,6,0.05,100.0,9.0,0.1,10,5.0,0.45926128489495094,0.7589098730480875,0.5260977713206745,2900.0,4,799
3b_physical_strong,31,superintelligent,0.9,100,6,0.05,100.0,9.0,0.1,10,5.0,0.45926128489495094,0.7589098730480875,0.5260977713206745,600.0,4,913
3b_physical_strong,31,oracle,1.0,100,6,0.05,100.0,9.0,0.1,10,5.0,0.45926128489495094,0.7589098730480875,0.5260977713206745,400.0,4,913
3b_physical_strong,31,naive,0.009,100,6,0.05,100.0,9.0,0.1,10,5.0,0.45926128489495094,0.7589098730480875,0.5260977713206745,65200.0,4,900
3b_physical_strong,31,random,0.0009,100,6,0.05,100.0,9.0,0.1,10,5.0,0.45926128489495094,0.7589098730480875,0.5260977713206745,47600.0,4,888
3b_physical_strong,32,regular,0.1,100,6,0.05,100.0,9.0,0.1,10,5.0,0.4846125343817505,0.7561358383552834,0.5659820249004569,10700.0,13,907
3b_physical_strong,32,superintelligent,0.9,100,6,0.05,100.0,9.0,0.1,10,5.0,0.4846125343817505,0.7561358383552834,0.5659820249004569,3100.0,13,911
3b_physical_strong,32,oracle,1.0,100,6,0.05,100.0,9.0,0.1,10,5.0,0.4846125343817505,0.7561358383552834,0.5659820249004569,2900.0,13,911
3b_physical_strong,32,naive,0.009,100,6,0.05,100.0,9.0,0.1,10,5.0,0.4846125343817505,0.7561358383552834,0.5878059614053831,69300.0,10,868
3b_physical_strong,32,random,0.0009,100,6,0.05,100.0,9.0,0.1,10,5.0,0.4846125343817505,0.7561358383552834,0.5485602071934443,83100.0,9,877
3b_physical_strong,33,regular,0.1,100,6,0.05,100.0,9.0,0.1,10,5.0,0.5223537814867395,0.755882747308061,0.5971191165189523,11400.0,10,902
3b_physical_strong,33,superintelligent,0.9,100,6,0.05,100.0,9.0,0.1,10,5.0,0.5223537814867395,0.755882747308061,0.6173212181464018,1300.0,13,909
3b_physical_strong,33,oracle,1.0,100,6,0.05,100.0,9.0,0.1,10,5.0,0.5223537814867395,0.755882747308061,0.6173212181464018,1300.0,13,909
3b_physical_strong,33,naive,0.009,100,6,0.05,100.0,9.0,0.1,10,5.0,0.5223537814867395,0.755882747308061,0.5921343796264708,38700.0,9,854
3b_physical_strong,33,random,0.0009,100,6,0.05,100.0,9.0,0.1,10,5.0,0.5223537814867395,0.755882747308061,0.5858586855652173,75100.0,9,884
3b_physical_strong,34,regular,0.1,100,6,0.05,100.0,9.0,0.1,10,5.0,0.5317533073495211,0.7581294132333309,0.6350206913221383,10700.0,13,779
3b_physical_strong,34,superintelligent,0.9,100,6,0.05,100.0,9.0,0.1,10,5.0,0.5317533073495211,0.7581294132333309,0.6350206913221383,2600.0,13,914
3b_physical_strong,34,oracle,1.0,100,6,0.05,100.0,9.0,0.1,10,5.0,0.5317533073495211,0.7581294132333309,0.6350206913221383,2500.0,13,914
3b_physical_strong,34,naive,0.009,100,6,0.05,100.0,9.0,0.1,10,5.0,0.5317533073495211,0.7581294132333309,0.6228070119696882,81100.0,12,896
3b_physical_strong,34,random,0.0009,100,6,0.05,100.0,9.0,0.1,10,5.0,0.5317533073495211,0.7581294132333309,0.6249573573072387,93100.0,15,898
3b_physical_strong,35,regular,0.1,100,6,0.05,100.0,9.0,0.1,10,5.0,0.49463851763192485,0.7604324925073395,0.5845556079782291,12700.0,7,886
3b_physical_strong,35,superintelligent,0.9,100,6,0.05,100.0,9.0,0.1,10,5.0,0.49463851763192485,0.7604324925073395,0.5845556079782291,2200.0,7,908
3b_physical_strong,35,oracle,1.0,100,6,0.05,100.0,9.0,0.1,10,5.0,0.49463851763192485,0.7604324925073395,0.5845556079782291,1900.0,7,908
3b_physical_strong,35,naive,0.009,100,6,0.05,100.0,9.0,0.1,10,5.0,0.49463851763192485,0.7604324925073395,0.5676093006118371,49200.0,6,827
3b_physical_strong,35,random,0.0009,100,6,0.05,100.0,9.0,0.1,10,5.0,0.49463851763192485,0.7604324925073395,0.5651176224146554,84500.0,5,889
3b_physical_strong,36,regular,0.1,100,6,0.05,100.0,9.0,0.1,10,5.0,0.49846472932642594,0.752076722218817,0.5539346669229843,5600.0,9,739
3b_physical_strong,36,superintelligent,0.9,100,6,0.05,100.0,9.0,0.1,10,5.0,0.49846472932642594,0.752076722218817,0.5539346669229843,1300.0,9,908
3b_physical_strong,36,oracle,1.0,100,6,0.05,100.0,9.0,0.1,10,5.0,0.49846472932642594,0.752076722218817,0.5539346669229843,1300.0,9,908
3b_physical_strong,36,naive,0.009,100,6,0.05,100.0,9.0,0.1,10,5.0,0.49846472932642594,0.752076722218817,0.5539346669229843,48300.0,9,897
3b_physical_strong,36,random,0.0009,100,6,0.05,100.0,9.0,0.1,10,5.0,0.49846472932642594,0.752076722218817,0.5239801772137925,41700.0,4,876
3b_physical_strong,37,regular,0.1,100,6,0.05,100.0,9.0,0.1,10,5.0,0.46653136675498125,0.7536300344336586,0.5841485091184545,8100.0,10,787
3b_physical_strong,37,superintelligent,0.9,100,6,0.05,100.0,9.0,0.1,10,5.0,0.46653136675498125,0.7536300344336586,0.5651627578018296,1300.0,11,909
3b_physical_strong,37,oracle,1.0,100,6,0.05,100.0,9.0,0.1,10,5.0,0.46653136675498125,0.7536300344336586,0.5651627578018296,1100.0,11,909
3b_physical_strong,37,naive,0.009,100,6,0.05,100.0,9.0,0.1,10,5.0,0.46653136675498125,0.7536300344336586,0.5851881311152394,73300.0,13,869
3b_physical_strong,37,random,0.0009,100,6,0.05,100.0,9.0,0.1,10,5.0,0.46653136675498125,0.7536300344336586,0.566473360740311,90600.0,8,904
3b_physical_strong,38,regular,0.1,100,6,0.05,100.0,9.0,0.1,10,5.0,0.47493071353228744,0.7470479068028418,0.5788880774116045,10900.0,10,890
3b_physical_strong,38,superintelligent,0.9,100,6,0.05,100.0,9.0,0.1,10,5.0,0.47493071353228744,0.7470479068028418,0.5788880774116045,2000.0,10,910
3b_physical_strong,38,oracle,1.0,100,6,0.05,100.0,9.0,0.1,10,5.0,0.47493071353228744,0.7470479068028418,0.5788880774116045,1800.0,10,910
3b_physical_strong,38,naive,0.009,100,6,0.05,100.0,9.0,0.1,10,5.0,0.47493071353228744,0.7470479068028418,0.5788880774116045,46700.0,10,854
3b_physical_strong,38,random,0.0009,100,6,0.05,100.0,9.0,0.1,10,5.0,0.47493071353228744,0.7470479068028418,0.563781454579498,91500.0,12,905
3b_physical_strong,39,regular,0.1,100,6,0.05,100.0,9.0,0.1,10,5.0,0.5181576744029727,0.7517645290174885,0.5976585510713512,6500.0,10,906
3b_physical_strong,39,superintelligent,0.9,100,6,0.05,100.0,9.0,0.1,10,5.0,0.5181576744029727,0.7517645290174885,0.5961379587870079,2100.0,11,916
3b_physical_strong,39,oracle,1.0,100,6,0.05,100.0,9.0,0.1,10,5.0,0.5181576744029727,0.7517645290174885,0.5961379587870079,1900.0,11,916
3b_physical_strong,39,naive,0.009,100,6,0.05,100.0,9.0,0.1,10,5.0,0.5181576744029727,0.7517645290174885,0.594071306879495,34200.0,9,915
3b_physical_strong,39,random,0.0009,100,6,0.05,100.0,9.0,0.1,10,5.0,0.5181576744029727,0.7517645290174885,0.5733961318032279,94600.0,11,915
3b_physical_strong,40,regular,0.1,100,6,0.05,100.0,9.0,0.1,10,5.0,0.5227983617173728,0.7379400937831828,0.6022123077246713,14400.0,9,870
3b_physical_strong,40,superintelligent,0.9,100,6,0.05,100.0,9.0,0.1,10,5.0,0.5227983617173728,0.7379400937831828,0.6022123077246713,1500.0,9,911
3b_physical_strong,40,oracle,1.0,100,6,0.05,100.0,9.0,0.1,10,5.0,0.5227983617173728,0.7379400937831828,0.6022123077246713,1300.0,9,911
3b_physical_strong,40,naive,0.009,100,6,0.05,100.0,9.0,0.1,10,5.0,0.5227983617173728,0.7379400937831828,0.5995531824070813,64300.0,11,608
3b_physical_strong,40,random,0.0009,100,6,0.05,100.0,9.0,0.1,10,5.0,0.5227983617173728,0.7379400937831828,0.5898818851076449,85800.0,10,875
3b_physical_strong,41,regular,0.1,100,6,0.05,100.0,9.0,0.1,10,5.0,0.48908154673614535,0.7608570449730965,0.5499244984800518,3800.0,6,817
3b_physical_strong,41,superintelligent,0.9,100,6,0.05,100.0,9.0,0.1,10,5.0,0.48908154673614535,0.7608570449730965,0.5499244984800518,700.0,6,909
3b_physical_strong,41,oracle,1.0,100,6,0.05,100.0,9.0,0.1,10,5.0,0.48908154673614535,0.7608570449730965,0.5499244984800518,600.0,6,909
3b_physical_strong,41,naive,0.009,100,6,0.05,100.0,9.0,0.1,10,5.0,0.48908154673614535,0.7608570449730965,0.5499244984800518,20300.0,6,849
3b_physical_strong,41,random,0.0009,100,6,0.05,100.0,9.0,0.1,10,5.0,0.48908154673614535,0.7608570449730965,0.5311770038391433,82200.0,5,909
3b_physical_strong,42,regular,0.1,100,6,0.05,100.0,9.0,0.1,10,5.0,0.5134661281756246,0.746466925114354,0.5797939181366527,3900.0,7,905
3b_physical_strong,42,superintelligent,0.9,100,6,0.05,100.0,9.0,0.1,10,5.0,0.5134661281756246,0.746466925114354,0.5861620525806697,1000.0,8,913
3b_physical_strong,42,oracle,1.0,100,6,0.05,100.0,9.0,0.1,10,5.0,0.5134661281756246,0.746466925114354,0.5861620525806697,800.0,8,913
3b_physical_strong,42,naive,0.009,100,6,0.05,100.0,9.0,0.1,10,5.0,0.5134661281756246,0.746466925114354,0.5769616454437706,27100.0,7,820
3b_physical_strong,42,random,0.0009,100,6,0.05,100.0,9.0,0.1,10,5.0,0.5134661281756246,0.746466925114354,0.5702933802122339,70500.0,7,808
3b_physical_strong,43,regular,0.1,100,6,0.05,100.0,9.0,0.1,10,5.0,0.5039589593152298,0.750806062605092,0.5888015963115719,9200.0,10,870
3b_physical_strong,43,superintelligent,0.9,100,6,0.05,100.0,9.0,0.1,10,5.0,0.5039589593152298,0.750806062605092,0.5888015963115719,1600.0,10,911
3b_physical_strong,43,oracle,1.0,100,6,0.05,100.0,9.0,0.1,10,5.0,0.5039589593152298,0.750806062605092,0.5888015963115719,1400.0,10,911
3b_physical_strong,43,naive,0.009,100,6,0.05,100.0,9.0,0.1,10,5.0,0.5039589593152298,0.750806062605092,0.5797029596506118,51400.0,10,910
3b_physical_strong,43,random,0.0009,100,6,0.05,100.0,9.0,0.1,10,5.0,0.5039589593152298,0.750806062605092,0.5654270485251209,52700.0,12,887
3b_physical_strong,44,regular,0.1,100,6,0.05,100.0,9.0,0.1,10,5.0,0.43391486574876836,0.7499721226961917,0.6141515706573816,14500.0,14,843
3b_physical_strong,44,superintelligent,0.9,100,6,0.05,100.0,9.0,0.1,10,5.0,0.43391486574876836,0.7499721226961917,0.6141515706573816,2700.0,14,911
3b_physical_strong,44,oracle,1.0,100,6,0.05,100.0,9.0,0.1,10,5.0,0.43391486574876836,0.7499721226961917,0.6141515706573816,2600.0,14,911
3b_physical_strong,44,naive,0.009,100,6,0.05,100.0,9.0,0.1,10,5.0,0.43391486574876836,0.7499721226961917,0.5887454560670083,81100.0,17,910
3b_physical_strong,44,random,0.0009,100,6,0.05,100.0,9.0,0.1,10,5.0,0.43391486574876836,0.7499721226961917,0.5771597127996629,93400.0,15,915
3b_physical_strong,45,regular,0.1,100,6,0.05,100.0,9.0,0.1,10,5.0,0.5135987034044268,0.7617451373255664,0.5569685363765757,5700.0,5,879
3b_physical_strong,45,superintelligent,0.9,100,6,0.05,100.0,9.0,0.1,10,5.0,0.5135987034044268,0.7617451373255664,0.5569685363765757,600.0,5,909
3b_physical_strong,45,oracle,1.0,100,6,0.05,100.0,9.0,0.1,10,5.0,0.5135987034044268,0.7617451373255664,0.5569685363765757,500.0,5,909
3b_physical_strong,45,naive,0.009,100,6,0.05,100.0,9.0,0.1,10,5.0,0.5135987034044268,0.7617451373255664,0.5581841871383726,59300.0,6,899
3b_physical_strong,45,random,0.0009,100,6,0.05,100.0,9.0,0.1,10,5.0,0.5135987034044268,0.7617451373255664,0.5491551014469894,87000.0,5,911
3b_physical_strong,46,regular,0.1,100,6,0.05,100.0,9.0,0.1,10,5.0,0.5485990678056717,0.757635780777437,0.5825311534337463,3200.0,5,892
3b_physical_strong,46,superintelligent,0.9,100,6,0.05,100.0,9.0,0.1,10,5.0,0.5485990678056717,0.757635780777437,0.5825311534337463,1400.0,5,920
3b_physical_strong,46,oracle,1.0,100,6,0.05,100.0,9.0,0.1,10,5.0,0.5485990678056717,0.757635780777437,0.5825311534337463,1300.0,5,920
3b_physical_strong,46,naive,0.009,100,6,0.05,100.0,9.0,0.1,10,5.0,0.5485990678056717,0.757635780777437,0.5825311534337463,52400.0,5,905
3b_physical_strong,46,random,0.0009,100,6,0.05,100.0,9.0,0.1,10,5.0,0.5485990678056717,0.757635780777437,0.5794598791640353,85300.0,5,872
3b_physical_strong,47,regular,0.1,100,6,0.05,100.0,9.0,0.1,10,5.0,0.4784165422967007,0.7387094036490944,0.6230832630395691,5500.0,9,908
3b_physical_strong,47,superintelligent,0.9,100,6,0.05,100.0,9.0,0.1,10,5.0,0.4784165422967007,0.7387094036490944,0.6230832630395691,1500.0,9,910
3b_physical_strong,47,oracle,1.0,100,6,0.05,100.0,9.0,0.1,10,5.0,0.4784165422967007,0.7387094036490944,0.6230832630395691,1300.0,9,910
3b_physical_strong,47,naive,0.009,100,6,0.05,100.0,9.0,0.1,10,5.0,0.4784165422967007,0.7387094036490944,0.6111568437922799,86600.0,12,850
3b_physical_strong,47,random,0.0009,100,6,0.05,100.0,9.0,0.1,10,5.0,0.4784165422967007,0.7387094036490944,0.6302825540623226,78500.0,10,832
3b_physical_strong,48,regular,0.1,100,6,0.05,100.0,9.0,0.1,10,5.0,0.5305753105161678,0.7592097914820026,0.582971717617546,12100.0,6,905
3b_physical_strong,48,superintelligent,0.9,100,6,0.05,100.0,9.0,0.1,10,5.0,0.5305753105161678,0.7592097914820026,0.582971717617546,1900.0,6,916
3b_physical_strong,48,oracle,1.0,100,6,0.05,100.0,9.0,0.1,10,5.0,0.5305753105161678,0.7592097914820026,0.582971717617546,1800.0,6,916
3b_physical_strong,48,naive,0.009,100,6,0.05,100.0,9.0,0.1,10,5.0,0.5305753105161678,0.7592097914820026,0.5939973162328527,76200.0,8,856
3b_physical_strong,48,random,0.0009,100,6,0.05,100.0,9.0,0.1,10,5.0,0.5305753105161678,0.7592097914820026,0.5755867413305691,93100.0,4,903
3b_physical_strong,49,regular,0.1,100,6,0.05,100.0,9.0,0.1,10,5.0,0.47705942141599295,0.7567379314075909,0.6102841549947364,14600.0,13,896
3b_physical_strong,49,superintelligent,0.9,100,6,0.05,100.0,9.0,0.1,10,5.0,0.47705942141599295,0.7567379314075909,0.6297394536483122,3200.0,12,915
3b_physical_strong,49,oracle,1.0,100,6,0.05,100.0,9.0,0.1,10,5.0,0.47705942141599295,0.7567379314075909,0.6297394536483122,3200.0,12,915
3b_physical_strong,49,naive,0.009,100,6,0.05,100.0,9.0,0.1,10,5.0,0.47705942141599295,0.7567379314075909,0.618325025252616,63000.0,11,879
3b_physical_strong,49,random,0.0009,100,6,0.05,100.0,9.0,0.1,10,5.0,0.47705942141599295,0.7567379314075909,0.608077613371941,94500.0,12,915
3b_physical_strong,50,regular,0.1,100,6,0.05,100.0,9.0,0.1,10,5.0,0.49878956593591733,0.7661320715158004,0.5401264905931876,8300.0,6,894
3b_physical_strong,50,superintelligent,0.9,100,6,0.05,100.0,9.0,0.1,10,5.0,0.49878956593591733,0.7661320715158004,0.5401264905931876,600.0,6,909
3b_physical_strong,50,oracle,1.0,100,6,0.05,100.0,9.0,0.1,10,5.0,0.49878956593591733,0.7661320715158004,0.5401264905931876,600.0,6,909
3b_physical_strong,50,naive,0.009,100,6,0.05,100.0,9.0,0.1,10,5.0,0.49878956593591733,0.7661320715158004,0.5255775839888736,46300.0,4,872
3b_physical_strong,50,random,0.0009,100,6,0.05,100.0,9.0,0.1,10,5.0,0.49878956593591733,0.7661320715158004,0.5250411770219183,72200.0,4,783
3b_physical_strong,51,regular,0.1,100,6,0.05,100.0,9.0,0.1,10,5.0,0.46156638248576315,0.7562283400665825,0.5553408033330844,7800.0,10,866
3b_physical_strong,51,superintelligent,0.9,100,6,0.05,100.0,9.0,0.1,10,5.0,0.46156638248576315,0.7562283400665825,0.5553408033330844,1800.0,10,909
3b_physical_strong,51,oracle,1.0,100,6,0.05,100.0,9.0,0.1,10,5.0,0.46156638248576315,0.7562283400665825,0.5553408033330844,1800.0,10,909
3b_physical_strong,51,naive,0.009,100,6,0.05,100.0,9.0,0.1,10,5.0,0.46156638248576315,0.7562283400665825,0.5364087952557286,82400.0,10,857
3b_physical_strong,51,random,0.0009,100,6,0.05,100.0,9.0,0.1,10,5.0,0.46156638248576315,0.7562283400665825,0.5439906983704922,90600.0,9,891
3b_physical_strong,52,regular,0.1,100,6,0.05,100.0,9.0,0.1,10,5.0,0.5286741044618444,0.7564523743919807,0.5705013319090565,3000.0,5,896
3b_physical_strong,52,superintelligent,0.9,100,6,0.05,100.0,9.0,0.1,10,5.0,0.5286741044618444,0.7564523743919807,0.5809578144213738,1500.0,7,913
3b_physical_strong,52,oracle,1.0,100,6,0.05,100.0,9.0,0.1,10,5.0,0.5286741044618444,0.7564523743919807,0.5809578144213738,1500.0,7,913
3b_physical_strong,52,naive,0.009,100,6,0.05,100.0,9.0,0.1,10,5.0,0.5286741044618444,0.7564523743919807,0.5708455924495166,40300.0,5,859
3b_physical_strong,52,random,0.0009,100,6,0.05,100.0,9.0,0.1,10,5.0,0.5286741044618444,0.7564523743919807,0.5809578144213738,93200.0,7,905
3b_physical_strong,53,regular,0.1,100,6,0.05,100.0,9.0,0.1,10,5.0,0.4879364129913499,0.7514381180728333,0.6059070337883756,21400.0,15,853
3b_physical_strong,53,superintelligent,0.9,100,6,0.05,100.0,9.0,0.1,10,5.0,0.4879364129913499,0.7514381180728333,0.6059070337883756,2800.0,15,911
3b_physical_strong,53,oracle,1.0,100,6,0.05,100.0,9.0,0.1,10,5.0,0.4879364129913499,0.7514381180728333,0.6059070337883756,2700.0,15,911
3b_physical_strong,53,naive,0.009,100,6,0.05,100.0,9.0,0.1,10,5.0,0.4879364129913499,0.7514381180728333,0.5705399500076256,68300.0,13,724
3b_physical_strong,53,random,0.0009,100,6,0.05,100.0,9.0,0.1,10,5.0,0.4879364129913499,0.7514381180728333,0.6095322373451035,94400.0,13,912
3b_physical_strong,54,regular,0.1,100,6,0.05,100.0,9.0,0.1,10,5.0,0.5523825652159073,0.746605197995936,0.5795105311455829,10200.0,7,885
3b_physical_strong,54,superintelligent,0.9,100,6,0.05,100.0,9.0,0.1,10,5.0,0.5523825652159073,0.746605197995936,0.5795105311455829,2000.0,7,909
3b_physical_strong,54,oracle,1.0,100,6,0.05,100.0,9.0,0.1,10,5.0,0.5523825652159073,0.746605197995936,0.5795105311455829,1900.0,7,909
3b_physical_strong,54,naive,0.009,100,6,0.05,100.0,9.0,0.1,10,5.0,0.5523825652159073,0.746605197995936,0.5770215509671263,71500.0,6,830
3b_physical_strong,54,random,0.0009,100,6,0.05,100.0,9.0,0.1,10,5.0,0.5523825652159073,0.746605197995936,0.5770215509671263,63200.0,6,860
3b_physical_strong,55,regular,0.1,100,6,0.05,100.0,9.0,0.1,10,5.0,0.47976141170902353,0.7533933857018599,0.6257957825233347,19000.0,14,873
3b_physical_strong,55,superintelligent,0.9,100,6,0.05,100.0,9.0,0.1,10,5.0,0.47976141170902353,0.7533933857018599,0.6257957825233347,2300.0,14,911
3b_physical_strong,55,oracle,1.0,100,6,0.05,100.0,9.0,0.1,10,5.0,0.47976141170902353,0.7533933857018599,0.6257957825233347,2200.0,14,911
3b_physical_strong,55,naive,0.009,100,6,0.05,100.0,9.0,0.1,10,5.0,0.47976141170902353,0.7533933857018599,0.5953163322172599,54400.0,9,870
3b_physical_strong,55,random,0.0009,100,6,0.05,100.0,9.0,0.1,10,5.0,0.47976141170902353,0.7533933857018599,0.6172348335938724,93900.0,13,911
3b_physical_strong,56,regular,0.1,100,6,0.05,100.0,9.0,0.1,10,5.0,0.4970710372171632,0.7544584564052409,0.5521676363169532,8300.0,6,911
3b_physical_strong,56,superintelligent,0.9,100,6,0.05,100.0,9.0,0.1,10,5.0,0.4970710372171632,0.7544584564052409,0.5521676363169532,1200.0,6,916
3b_physical_strong,56,oracle,1.0,100,6,0.05,100.0,9.0,0.1,10,5.0,0.4970710372171632,0.7544584564052409,0.5521676363169532,1000.0,6,916
3b_physical_strong,56,naive,0.009,100,6,0.05,100.0,9.0,0.1,10,5.0,0.4970710372171632,0.7544584564052409,0.5508641395339189,70100.0,7,907
3b_physical_strong,56,random,0.0009,100,6,0.05,100.0,9.0,0.1,10,5.0,0.4970710372171632,0.7544584564052409,0.5449750526296239,84200.0,6,904
3b_physical_strong,57,regular,0.1,100,6,0.05,100.0,9.0,0.1,10,5.0,0.4744783095545477,0.7445348350990819,0.6011430790707791,11500.0,14,794
3b_physical_strong,57,superintelligent,0.9,100,6,0.05,100.0,9.0,0.1,10,5.0,0.4744783095545477,0.7445348350990819,0.5950118054705537,1900.0,14,914
3b_physical_strong,57,oracle,1.0,100,6,0.05,100.0,9.0,0.1,10,5.0,0.4744783095545477,0.7445348350990819,0.5950118054705537,1800.0,14,914
3b_physical_strong,57,naive,0.009,100,6,0.05,100.0,9.0,0.1,10,5.0,0.4744783095545477,0.7445348350990819,0.5991271367837596,65300.0,13,826
3b_physical_strong,57,random,0.0009,100,6,0.05,100.0,9.0,0.1,10,5.0,0.4744783095545477,0.7445348350990819,0.5769548693235265,72200.0,10,839
3b_physical_strong,58,regular,0.1,100,6,0.05,100.0,9.0,0.1,10,5.0,0.49184813608491057,0.7704577062071802,0.5683025296260173,18900.0,15,671
3b_physical_strong,58,superintelligent,0.9,100,6,0.05,100.0,9.0,0.1,10,5.0,0.49184813608491057,0.7704577062071802,0.5825441365445285,3000.0,16,910
3b_physical_strong,58,oracle,1.0,100,6,0.05,100.0,9.0,0.1,10,5.0,0.49184813608491057,0.7704577062071802,0.5825441365445285,2800.0,16,910
3b_physical_strong,58,naive,0.009,100,6,0.05,100.0,9.0,0.1,10,5.0,0.49184813608491057,0.7704577062071802,0.5711328315444516,38900.0,10,835
3b_physical_strong,58,random,0.0009,100,6,0.05,100.0,9.0,0.1,10,5.0,0.49184813608491057,0.7704577062071802,0.5682173415052754,93200.0,12,900
3b_physical_strong,59,regular,0.1,100,6,0.05,100.0,9.0,0.1,10,5.0,0.5247653356693611,0.7666998340837038,0.5711188758395946,6200.0,5,900
3b_physical_strong,59,superintelligent,0.9,100,6,0.05,100.0,9.0,0.1,10,5.0,0.5247653356693611,0.7666998340837038,0.5711188758395946,700.0,5,909
3b_physical_strong,59,oracle,1.0,100,6,0.05,100.0,9.0,0.1,10,5.0,0.5247653356693611,0.7666998340837038,0.5711188758395946,500.0,5,909
3b_physical_strong,59,naive,0.009,100,6,0.05,100.0,9.0,0.1,10,5.0,0.5247653356693611,0.7666998340837038,0.5796583195742759,54100.0,8,880
3b_physical_strong,59,random,0.0009,100,6,0.05,100.0,9.0,0.1,10,5.0,0.5247653356693611,0.7666998340837038,0.5735277583439194,65100.0,9,899
3b_physical_strong,60,regular,0.1,100,6,0.05,100.0,9.0,0.1,10,5.0,0.5068050197276814,0.7564270635088205,0.6118405052446056,12400.0,12,804
3b_physical_strong,60,superintelligent,0.9,100,6,0.05,100.0,9.0,0.1,10,5.0,0.5068050197276814,0.7564270635088205,0.6118405052446056,2500.0,12,909
3b_physical_strong,60,oracle,1.0,100,6,0.05,100.0,9.0,0.1,10,5.0,0.5068050197276814,0.7564270635088205,0.6118405052446056,2400.0,12,909
3b_physical_strong,60,naive,0.009,100,6,0.05,100.0,9.0,0.1,10,5.0,0.5068050197276814,0.7564270635088205,0.584848693403319,78000.0,10,868
3b_physical_strong,60,random,0.0009,100,6,0.05,100.0,9.0,0.1,10,5.0,0.5068050197276814,0.7564270635088205,0.5741112100459809,94100.0,11,906
3b_physical_strong,61,regular,0.1,100,6,0.05,100.0,9.0,0.1,10,5.0,0.4423519104526147,0.7918430276222908,0.5774728130380641,20100.0,17,804
3b_physical_strong,61,superintelligent,0.9,100,6,0.05,100.0,9.0,0.1,10,5.0,0.4423519104526147,0.7918430276222908,0.5774728130380641,3600.0,17,913
3b_physical_strong,61,oracle,1.0,100,6,0.05,100.0,9.0,0.1,10,5.0,0.4423519104526147,0.7918430276222908,0.5774728130380641,3300.0,17,913
3b_physical_strong,61,naive,0.009,100,6,0.05,100.0,9.0,0.1,10,5.0,0.4423519104526147,0.7918430276222908,0.5519969030248543,78400.0,12,893
3b_physical_strong,61,random,0.0009,100,6,0.05,100.0,9.0,0.1,10,5.0,0.4423519104526147,0.7918430276222908,0.5397269533517849,84900.0,11,887
3b_physical_strong,62,regular,0.1,100,6,0.05,100.0,9.0,0.1,10,5.0,0.45560470906588185,0.756970469828668,0.6161937263093814,12400.0,15,869
3b_physical_strong,62,superintelligent,0.9,100,6,0.05,100.0,9.0,0.1,10,5.0,0.45560470906588185,0.756970469828668,0.6198990108163136,2600.0,15,918
3b_physical_strong,62,oracle,1.0,100,6,0.05,100.0,9.0,0.1,10,5.0,0.45560470906588185,0.756970469828668,0.6198990108163136,2300.0,15,918
3b_physical_strong,62,naive,0.009,100,6,0.05,100.0,9.0,0.1,10,5.0,0.45560470906588185,0.756970469828668,0.6160333152583528,58700.0,15,805
3b_physical_strong,62,random,0.0009,100,6,0.05,100.0,9.0,0.1,10,5.0,0.45560470906588185,0.756970469828668,0.5983079132129859,94200.0,17,911
3b_physical_strong,63,regular,0.1,100,6,0.05,100.0,9.0,0.1,10,5.0,0.4869148724716332,0.7487160502259206,0.5756895201318233,3600.0,7,798
3b_physical_strong,63,superintelligent,0.9,100,6,0.05,100.0,9.0,0.1,10,5.0,0.4869148724716332,0.7487160502259206,0.5756895201318233,1100.0,7,911
3b_physical_strong,63,oracle,1.0,100,6,0.05,100.0,9.0,0.1,10,5.0,0.4869148724716332,0.7487160502259206,0.5756895201318233,1100.0,7,911
3b_physical_strong,63,naive,0.009,100,6,0.05,100.0,9.0,0.1,10,5.0,0.4869148724716332,0.7487160502259206,0.5756895201318233,48500.0,7,899
3b_physical_strong,63,random,0.0009,100,6,0.05,100.0,9.0,0.1,10,5.0,0.4869148724716332,0.7487160502259206,0.5658599793041301,91600.0,7,904
3b_physical_strong,64,regular,0.1,100,6,0.05,100.0,9.0,0.1,10,5.0,0.4460964330175177,0.7567063094227534,0.5317414886258396,10600.0,12,781
3b_physical_strong,64,superintelligent,0.9,100,6,0.05,100.0,9.0,0.1,10,5.0,0.4460964330175177,0.7567063094227534,0.5317414886258396,2200.0,12,907
3b_physical_strong,64,oracle,1.0,100,6,0.05,100.0,9.0,0.1,10,5.0,0.4460964330175177,0.7567063094227534,0.5317414886258396,2000.0,12,907
3b_physical_strong,64,naive,0.009,100,6,0.05,100.0,9.0,0.1,10,5.0,0.4460964330175177,0.7567063094227534,0.5317311806360521,74400.0,8,894
3b_physical_strong,64,random,0.0009,100,6,0.05,100.0,9.0,0.1,10,5.0,0.4460964330175177,0.7567063094227534,0.5350044327250165,93500.0,12,912
3b_physical_strong,65,regular,0.1,100,6,0.05,100.0,9.0,0.1,10,5.0,0.45980515186561877,0.761794033634825,0.5475075347010177,7900.0,10,749
3b_physical_strong,65,superintelligent,0.9,100,6,0.05,100.0,9.0,0.1,10,5.0,0.45980515186561877,0.761794033634825,0.5475075347010177,1900.0,10,904
3b_physical_strong,65,oracle,1.0,100,6,0.05,100.0,9.0,0.1,10,5.0,0.45980515186561877,0.761794033634825,0.5475075347010177,1800.0,10,904
3b_physical_strong,65,naive,0.009,100,6,0.05,100.0,9.0,0.1,10,5.0,0.45980515186561877,0.761794033634825,0.5467593207323836,77900.0,9,782
3b_physical_strong,65,random,0.0009,100,6,0.05,100.0,9.0,0.1,10,5.0,0.45980515186561877,0.761794033634825,0.5475075347010177,92500.0,10,895
3b_physical_strong,66,regular,0.1,100,6,0.05,100.0,9.0,0.1,10,5.0,0.49081868917495186,0.7622495704119802,0.6073893724102735,9300.0,13,857
3b_physical_strong,66,superintelligent,0.9,100,6,0.05,100.0,9.0,0.1,10,5.0,0.49081868917495186,0.7622495704119802,0.6073893724102735,2900.0,13,914
3b_physical_strong,66,oracle,1.0,100,6,0.05,100.0,9.0,0.1,10,5.0,0.49081868917495186,0.7622495704119802,0.6073893724102735,2500.0,13,914
3b_physical_strong,66,naive,0.009,100,6,0.05,100.0,9.0,0.1,10,5.0,0.49081868917495186,0.7622495704119802,0.6057331319852884,67900.0,14,729
3b_physical_strong,66,random,0.0009,100,6,0.05,100.0,9.0,0.1,10,5.0,0.49081868917495186,0.7622495704119802,0.6053736336057886,88600.0,10,860
3b_physical_strong,67,regular,0.1,100,6,0.05,100.0,9.0,0.1,10,5.0,0.4520245270239638,0.7513324618291992,0.5982676539677136,23400.0,17,853
3b_physical_strong,67,superintelligent,0.9,100,6,0.05,100.0,9.0,0.1,10,5.0,0.4520245270239638,0.7513324618291992,0.5982676539677136,2900.0,17,912
3b_physical_strong,67,oracle,1.0,100,6,0.05,100.0,9.0,0.1,10,5.0,0.4520245270239638,0.7513324618291992,0.5982676539677136,2900.0,17,912
3b_physical_strong,67,naive,0.009,100,6,0.05,100.0,9.0,0.1,10,5.0,0.4520245270239638,0.7513324618291992,0.5597097099831769,83900.0,12,884
3b_physical_strong,67,random,0.0009,100,6,0.05,100.0,9.0,0.1,10,5.0,0.4520245270239638,0.7513324618291992,0.5550112757603938,86100.0,11,878
3b_physical_strong,68,regular,0.1,100,6,0.05,100.0,9.0,0.1,10,5.0,0.48141350143335293,0.762551829925528,0.5297418686559711,13100.0,12,836
3b_physical_strong,68,superintelligent,0.9,100,6,0.05,100.0,9.0,0.1,10,5.0,0.48141350143335293,0.762551829925528,0.5297418686559711,2500.0,12,912
3b_physical_strong,68,oracle,1.0,100,6,0.05,100.0,9.0,0.1,10,5.0,0.48141350143335293,0.762551829925528,0.5297418686559711,2400.0,12,912
3b_physical_strong,68,naive,0.009,100,6,0.05,100.0,9.0,0.1,10,5.0,0.48141350143335293,0.762551829925528,0.526401699855505,62300.0,10,803
3b_physical_strong,68,random,0.0009,100,6,0.05,100.0,9.0,0.1,10,5.0,0.48141350143335293,0.762551829925528,0.5567073940644013,92000.0,12,876
3b_physical_strong,69,regular,0.1,100,6,0.05,100.0,9.0,0.1,10,5.0,0.4620619155072964,0.7527094271306498,0.5829968491197447,8300.0,8,839
3b_physical_strong,69,superintelligent,0.9,100,6,0.05,100.0,9.0,0.1,10,5.0,0.4620619155072964,0.7527094271306498,0.5829968491197447,1900.0,8,908
3b_physical_strong,69,oracle,1.0,100,6,0.05,100.0,9.0,0.1,10,5.0,0.4620619155072964,0.7527094271306498,0.5829968491197447,1600.0,8,908
3b_physical_strong,69,naive,0.009,100,6,0.05,100.0,9.0,0.1,10,5.0,0.4620619155072964,0.7527094271306498,0.6123752079045911,81600.0,14,902
3b_physical_strong,69,random,0.0009,100,6,0.05,100.0,9.0,0.1,10,5.0,0.4620619155072964,0.7527094271306498,0.5779020608451318,80000.0,9,901
3b_physical_strong,70,regular,0.1,100,6,0.05,100.0,9.0,0.1,10,5.0,0.5193251088516956,0.7410332874450538,0.5595207309821224,5000.0,8,885
3b_physical_strong,70,superintelligent,0.9,100,6,0.05,100.0,9.0,0.1,10,5.0,0.5193251088516956,0.7410332874450538,0.5595207309821224,2100.0,8,914
3b_physical_strong,70,oracle,1.0,100,6,0.05,100.0,9.0,0.1,10,5.0,0.5193251088516956,0.7410332874450538,0.5595207309821224,2000.0,8,914
3b_physical_strong,70,naive,0.009,100,6,0.05,100.0,9.0,0.1,10,5.0,0.5193251088516956,0.7410332874450538,0.5656603124339517,86800.0,5,901
3b_physical_strong,70,random,0.0009,100,6,0.05,100.0,9.0,0.1,10,5.0,0.5193251088516956,0.7410332874450538,0.5644546113190956,93900.0,8,911
3b_physical_strong,71,regular,0.1,100,6,0.05,100.0,9.0,0.1,10,5.0,0.5419670933582755,0.7556359370384456,0.5774887002742526,7000.0,9,895
3b_physical_strong,71,superintelligent,0.9,100,6,0.05,100.0,9.0,0.1,10,5.0,0.5419670933582755,0.7556359370384456,0.5774887002742526,900.0,9,906
3b_physical_strong,71,oracle,1.0,100,6,0.05,100.0,9.0,0.1,10,5.0,0.5419670933582755,0.7556359370384456,0.5774887002742526,900.0,9,906
3b_physical_strong,71,naive,0.009,100,6,0.05,100.0,9.0,0.1,10,5.0,0.5419670933582755,0.7556359370384456,0.5774887002742526,91800.0,9,893
3b_physical_strong,71,random,0.0009,100,6,0.05,100.0,9.0,0.1,10,5.0,0.5419670933582755,0.7556359370384456,0.5641751939351705,68500.0,6,781
3b_physical_strong,72,regular,0.1,100,6,0.05,100.0,9.0,0.1,10,5.0,0.5195203577968187,0.7618586384607722,0.5551717464595609,8800.0,7,832
3b_physical_strong,72,superintelligent,0.9,100,6,0.05,100.0,9.0,0.1,10,5.0,0.5195203577968187,0.7618586384607722,0.5870051500725738,2100.0,14,910
3b_physical_strong,72,oracle,1.0,100,6,0.05,100.0,9.0,0.1,10,5.0,0.5195203577968187,0.7618586384607722,0.5870051500725738,1800.0,14,910
3b_physical_strong,72,naive,0.009,100,6,0.05,100.0,9.0,0.1,10,5.0,0.5195203577968187,0.7618586384607722,0.5758249011352033,67200.0,12,876
3b_physical_strong,72,random,0.0009,100,6,0.05,100.0,9.0,0.1,10,5.0,0.5195203577968187,0.7618586384607722,0.5550512455238499,87800.0,8,893
3b_physical_strong,73,regular,0.1,100,6,0.05,100.0,9.0,0.1,10,5.0,0.5078142573030157,0.7815555501453108,0.5786769561078116,8800.0,12,878
3b_physical_strong,73,superintelligent,0.9,100,6,0.05,100.0,9.0,0.1,10,5.0,0.5078142573030157,0.7815555501453108,0.5786769561078116,2100.0,12,913
3b_physical_strong,73,oracle,1.0,100,6,0.05,100.0,9.0,0.1,10,5.0,0.5078142573030157,0.7815555501453108,0.5786769561078116,2000.0,12,913
3b_physical_strong,73,naive,0.009,100,6,0.05,100.0,9.0,0.1,10,5.0,0.5078142573030157,0.7815555501453108,0.576025729068518,57100.0,9,745
3b_physical_strong,73,random,0.0009,100,6,0.05,100.0,9.0,0.1,10,5.0,0.5078142573030157,0.7815555501453108,0.5676983313829556,86100.0,7,918
3b_physical_strong,74,regular,0.1,100,6,0.05,100.0,9.0,0.1,10,5.0,0.47377177280673055,0.7637113042162367,0.5487500769736101,8800.0,9,894
3b_physical_strong,74,superintelligent,0.9,100,6,0.05,100.0,9.0,0.1,10,5.0,0.47377177280673055,0.7637113042162367,0.5487500769736101,1800.0,9,917
3b_physical_strong,74,oracle,1.0,100,6,0.05,100.0,9.0,0.1,10,5.0,0.47377177280673055,0.7637113042162367,0.5487500769736101,1700.0,9,917
3b_physical_strong,74,naive,0.009,100,6,0.05,100.0,9.0,0.1,10,5.0,0.47377177280673055,0.7637113042162367,0.557779014340997,82300.0,12,905
3b_physical_strong,74,random,0.0009,100,6,0.05,100.0,9.0,0.1,10,5.0,0.47377177280673055,0.7637113042162367,0.5523167544812106,91600.0,10,890
3b_physical_strong,75,regular,0.1,100,6,0.05,100.0,9.0,0.1,10,5.0,0.4803472526036526,0.7536472764578035,0.5403648416882441,8400.0,7,903
3b_physical_strong,75,superintelligent,0.9,100,6,0.05,100.0,9.0,0.1,10,5.0,0.4803472526036526,0.7536472764578035,0.5403648416882441,1500.0,7,910
3b_physical_strong,75,oracle,1.0,100,6,0.05,100.0,9.0,0.1,10,5.0,0.4803472526036526,0.7536472764578035,0.5403648416882441,1500.0,7,910
3b_physical_strong,75,naive,0.009,100,6,0.05,100.0,9.0,0.1,10,5.0,0.4803472526036526,0.7536472764578035,0.5615684067993992,93300.0,11,904
3b_physical_strong,75,random,0.0009,100,6,0.05,100.0,9.0,0.1,10,5.0,0.4803472526036526,0.7536472764578035,0.5655087128161247,89300.0,10,867
3b_physical_strong,76,regular,0.1,100,6,0.05,100.0,9.0,0.1,10,5.0,0.5237710950959341,0.7444208130145906,0.6154425383213179,6700.0,9,881
3b_physical_strong,76,superintelligent,0.9,100,6,0.05,100.0,9.0,0.1,10,5.0,0.5237710950959341,0.7444208130145906,0.6154425383213179,900.0,9,912
3b_physical_strong,76,oracle,1.0,100,6,0.05,100.0,9.0,0.1,10,5.0,0.5237710950959341,0.7444208130145906,0.6154425383213179,900.0,9,912
3b_physical_strong,76,naive,0.009,100,6,0.05,100.0,9.0,0.1,10,5.0,0.5237710950959341,0.7444208130145906,0.6064710839405592,60500.0,10,889
3b_physical_strong,76,random,0.0009,100,6,0.05,100.0,9.0,0.1,10,5.0,0.5237710950959341,0.7444208130145906,0.6128485870294552,75600.0,10,813
3b_physical_strong,77,regular,0.1,100,6,0.05,100.0,9.0,0.1,10,5.0,0.47204090719272046,0.7411256155391533,0.5160699529533993,4900.0,5,890
3b_physical_strong,77,superintelligent,0.9,100,6,0.05,100.0,9.0,0.1,10,5.0,0.47204090719272046,0.7411256155391533,0.5160699529533993,1000.0,5,913
3b_physical_strong,77,oracle,1.0,100,6,0.05,100.0,9.0,0.1,10,5.0,0.47204090719272046,0.7411256155391533,0.5160699529533993,900.0,5,913
3b_physical_strong,77,naive,0.009,100,6,0.05,100.0,9.0,0.1,10,5.0,0.47204090719272046,0.7411256155391533,0.5160699529533993,37000.0,5,840
3b_physical_strong,77,random,0.0009,100,6,0.05,100.0,9.0,0.1,10,5.0,0.47204090719272046,0.7411256155391533,0.507854472146327,86100.0,6,843
3b_physical_strong,78,regular,0.1,100,6,0.05,100.0,9.0,0.1,10,5.0,0.5069705366435366,0.7602814631266535,0.6152160552105649,23500.0,15,908
3b_physical_strong,78,superintelligent,0.9,100,6,0.05,100.0,9.0,0.1,10,5.0,0.5069705366435366,0.7602814631266535,0.6152160552105649,3600.0,15,910
3b_physical_strong,78,oracle,1.0,100,6,0.05,100.0,9.0,0.1,10,5.0,0.5069705366435366,0.7602814631266535,0.6152160552105649,3500.0,15,910
3b_physical_strong,78,naive,0.009,100,6,0.05,100.0,9.0,0.1,10,5.0,0.5069705366435366,0.7602814631266535,0.5647286272917651,64400.0,8,810
3b_physical_strong,78,random,0.0009,100,6,0.05,100.0,9.0,0.1,10,5.0,0.5069705366435366,0.7602814631266535,0.5758534432139782,87400.0,9,845
3b_physical_strong,79,regular,0.1,100,6,0.05,100.0,9.0,0.1,10,5.0,0.46210064034530696,0.7793373313611952,0.5560515817240617,10300.0,9,760
3b_physical_strong,79,superintelligent,0.9,100,6,0.05,100.0,9.0,0.1,10,5.0,0.46210064034530696,0.7793373313611952,0.5926747238657574,3100.0,17,906
3b_physical_strong,79,oracle,1.0,100,6,0.05,100.0,9.0,0.1,10,5.0,0.46210064034530696,0.7793373313611952,0.5926747238657574,2900.0,17,906
3b_physical_strong,79,naive,0.009,100,6,0.05,100.0,9.0,0.1,10,5.0,0.46210064034530696,0.7793373313611952,0.545206433130705,67700.0,10,847
3b_physical_strong,79,random,0.0009,100,6,0.05,100.0,9.0,0.1,10,5.0,0.46210064034530696,0.7793373313611952,0.5502237423088004,68400.0,9,884
3b_physical_strong,80,regular,0.1,100,6,0.05,100.0,9.0,0.1,10,5.0,0.5031721124173195,0.7488580656043382,0.5641465998588069,7300.0,6,859
3b_physical_strong,80,superintelligent,0.9,100,6,0.05,100.0,9.0,0.1,10,5.0,0.5031721124173195,0.7488580656043382,0.5806671504541974,1900.0,10,911
3b_physical_strong,80,oracle,1.0,100,6,0.05,100.0,9.0,0.1,10,5.0,0.5031721124173195,0.7488580656043382,0.5806671504541974,1800.0,10,911
3b_physical_strong,80,naive,0.009,100,6,0.05,100.0,9.0,0.1,10,5.0,0.5031721124173195,0.7488580656043382,0.5807536219793217,26600.0,7,640
3b_physical_strong,80,random,0.0009,100,6,0.05,100.0,9.0,0.1,10,5.0,0.5031721124173195,0.7488580656043382,0.5483423549494476,80500.0,8,911
3b_physical_strong,81,regular,0.1,100,6,0.05,100.0,9.0,0.1,10,5.0,0.46643429249364293,0.7485372096291523,0.5660792470494003,5600.0,10,910
3b_physical_strong,81,superintelligent,0.9,100,6,0.05,100.0,9.0,0.1,10,5.0,0.46643429249364293,0.7485372096291523,0.5660792470494003,1200.0,10,914
3b_physical_strong,81,oracle,1.0,100,6,0.05,100.0,9.0,0.1,10,5.0,0.46643429249364293,0.7485372096291523,0.5660792470494003,1000.0,10,914
3b_physical_strong,81,naive,0.009,100,6,0.05,100.0,9.0,0.1,10,5.0,0.46643429249364293,0.7485372096291523,0.5660792470494003,35300.0,10,899
3b_physical_strong,81,random,0.0009,100,6,0.05,100.0,9.0,0.1,10,5.0,0.46643429249364293,0.7485372096291523,0.5528339377103569,93100.0,11,909
3b_physical_strong,82,regular,0.1,100,6,0.05,100.0,9.0,0.1,10,5.0,0.4790597317984624,0.7484003954283682,0.5325121418039982,2900.0,6,890
3b_physical_strong,82,superintelligent,0.9,100,6,0.05,100.0,9.0,0.1,10,5.0,0.4790597317984624,0.7484003954283682,0.5325121418039982,800.0,6,913
3b_physical_strong,82,oracle,1.0,100,6,0.05,100.0,9.0,0.1,10,5.0,0.4790597317984624,0.7484003954283682,0.5325121418039982,600.0,6,913
3b_physical_strong,82,naive,0.009,100,6,0.05,100.0,9.0,0.1,10,5.0,0.4790597317984624,0.7484003954283682,0.5325121418039982,42400.0,6,832
3b_physical_strong,82,random,0.0009,100,6,0.05,100.0,9.0,0.1,10,5.0,0.4790597317984624,0.7484003954283682,0.5348262769997616,74400.0,7,856
3b_physical_strong,83,regular,0.1,100,6,0.05,100.0,9.0,0.1,10,5.0,0.4989160578454366,0.7597731881962998,0.5842676196244129,7500.0,11,907
3b_physical_strong,83,superintelligent,0.9,100,6,0.05,100.0,9.0,0.1,10,5.0,0.4989160578454366,0.7597731881962998,0.5842676196244129,2800.0,11,909
3b_physical_strong,83,oracle,1.0,100,6,0.05,100.0,9.0,0.1,10,5.0,0.4989160578454366,0.7597731881962998,0.5842676196244129,2700.0,11,909
3b_physical_strong,83,naive,0.009,100,6,0.05,100.0,9.0,0.1,10,5.0,0.4989160578454366,0.7597731881962998,0.5842676196244129,33500.0,11,833
3b_physical_strong,83,random,0.0009,100,6,0.05,100.0,9.0,0.1,10,5.0,0.4989160578454366,0.7597731881962998,0.5788359844331643,90800.0,9,909
3b_physical_strong,84,regular,0.1,100,6,0.05,100.0,9.0,0.1,10,5.0,0.4781593453149432,0.7661413922774053,0.5821688381483117,10100.0,12,886
3b_physical_strong,84,superintelligent,0.9,100,6,0.05,100.0,9.0,0.1,10,5.0,0.4781593453149432,0.7661413922774053,0.5821688381483117,2400.0,12,912
3b_physical_strong,84,oracle,1.0,100,6,0.05,100.0,9.0,0.1,10,5.0,0.4781593453149432,0.7661413922774053,0.5821688381483117,2400.0,12,912
3b_physical_strong,84,naive,0.009,100,6,0.05,100.0,9.0,0.1,10,5.0,0.4781593453149432,0.7661413922774053,0.564998325522805,65000.0,9,900
3b_physical_strong,84,random,0.0009,100,6,0.05,100.0,9.0,0.1,10,5.0,0.4781593453149432,0.7661413922774053,0.5666126207119683,94800.0,9,915
3b_physical_strong,85,regular,0.1,100,6,0.05,100.0,9.0,0.1,10,5.0,0.47825161159401447,0.7485884906294991,0.6124328594576991,17300.0,13,904
3b_physical_strong,85,superintelligent,0.9,100,6,0.05,100.0,9.0,0.1,10,5.0,0.47825161159401447,0.7485884906294991,0.6142594261732263,3900.0,14,915
3b_physical_strong,85,oracle,1.0,100,6,0.05,100.0,9.0,0.1,10,5.0,0.47825161159401447,0.7485884906294991,0.6142594261732263,3400.0,14,915
3b_physical_strong,85,naive,0.009,100,6,0.05,100.0,9.0,0.1,10,5.0,0.47825161159401447,0.7485884906294991,0.6142594261732263,78100.0,14,901
3b_physical_strong,85,random,0.0009,100,6,0.05,100.0,9.0,0.1,10,5.0,0.47825161159401447,0.7485884906294991,0.5830477817070111,94600.0,12,910
3b_physical_strong,86,regular,0.1,100,6,0.05,100.0,9.0,0.1,10,5.0,0.4875583756126285,0.7487960853116565,0.518004443481789,5700.0,4,886
3b_physical_strong,86,superintelligent,0.9,100,6,0.05,100.0,9.0,0.1,10,5.0,0.4875583756126285,0.7487960853116565,0.518004443481789,800.0,4,908
3b_physical_strong,86,oracle,1.0,100,6,0.05,100.0,9.0,0.1,10,5.0,0.4875583756126285,0.7487960853116565,0.518004443481789,800.0,4,908
3b_physical_strong,86,naive,0.009,100,6,0.05,100.0,9.0,0.1,10,5.0,0.4875583756126285,0.7487960853116565,0.518004443481789,14500.0,4,682
3b_physical_strong,86,random,0.0009,100,6,0.05,100.0,9.0,0.1,10,5.0,0.4875583756126285,0.7487960853116565,0.5173882504854446,83400.0,3,819
3b_physical_strong,87,regular,0.1,100,6,0.05,100.0,9.0,0.1,10,5.0,0.5344529194846548,0.756122881782497,0.5901506177943144,6800.0,8,913
3b_physical_strong,87,superintelligent,0.9,100,6,0.05,100.0,9.0,0.1,10,5.0,0.5344529194846548,0.756122881782497,0.5890588272274804,1900.0,11,911
3b_physical_strong,87,oracle,1.0,100,6,0.05,100.0,9.0,0.1,10,5.0,0.5344529194846548,0.756122881782497,0.5890588272274804,1900.0,11,911
3b_physical_strong,87,naive,0.009,100,6,0.05,100.0,9.0,0.1,10,5.0,0.5344529194846548,0.756122881782497,0.5856441887419453,30100.0,9,902
3b_physical_strong,87,random,0.0009,100,6,0.05,100.0,9.0,0.1,10,5.0,0.5344529194846548,0.756122881782497,0.5871844773412191,58700.0,7,866
3b_physical_strong,88,regular,0.1,100,6,0.05,100.0,9.0,0.1,10,5.0,0.5523441497729508,0.7582680157025189,0.6395778913924508,10300.0,11,913
3b_physical_strong,88,superintelligent,0.9,100,6,0.05,100.0,9.0,0.1,10,5.0,0.5523441497729508,0.7582680157025189,0.6395778913924508,2600.0,11,913
3b_physical_strong,88,oracle,1.0,100,6,0.05,100.0,9.0,0.1,10,5.0,0.5523441497729508,0.7582680157025189,0.6395778913924508,2300.0,11,913
3b_physical_strong,88,naive,0.009,100,6,0.05,100.0,9.0,0.1,10,5.0,0.5523441497729508,0.7582680157025189,0.6148598726830358,47600.0,8,910
3b_physical_strong,88,random,0.0009,100,6,0.05,100.0,9.0,0.1,10,5.0,0.5523441497729508,0.7582680157025189,0.6148598726830358,82600.0,8,872
3b_physical_strong,89,regular,0.1,100,6,0.05,100.0,9.0,0.1,10,5.0,0.44644870522505165,0.7519678335756864,0.5469036564970916,9000.0,12,884
3b_physical_strong,89,superintelligent,0.9,100,6,0.05,100.0,9.0,0.1,10,5.0,0.44644870522505165,0.7519678335756864,0.5464238231123235,1500.0,10,913
3b_physical_strong,89,oracle,1.0,100,6,0.05,100.0,9.0,0.1,10,5.0,0.44644870522505165,0.7519678335756864,0.5464238231123235,1400.0,10,913
3b_physical_strong,89,naive,0.009,100,6,0.05,100.0,9.0,0.1,10,5.0,0.44644870522505165,0.7519678335756864,0.5408870762512055,88900.0,13,904
3b_physical_strong,89,random,0.0009,100,6,0.05,100.0,9.0,0.1,10,5.0,0.44644870522505165,0.7519678335756864,0.5458877719358002,71000.0,12,808
3b_physical_strong,90,regular,0.1,100,6,0.05,100.0,9.0,0.1,10,5.0,0.4881919586448913,0.7528134862875921,0.5748177322186117,7500.0,9,726
3b_physical_strong,90,superintelligent,0.9,100,6,0.05,100.0,9.0,0.1,10,5.0,0.4881919586448913,0.7528134862875921,0.5728284009903168,1500.0,9,913
3b_physical_strong,90,oracle,1.0,100,6,0.05,100.0,9.0,0.1,10,5.0,0.4881919586448913,0.7528134862875921,0.5728284009903168,1300.0,9,913
3b_physical_strong,90,naive,0.009,100,6,0.05,100.0,9.0,0.1,10,5.0,0.4881919586448913,0.7528134862875921,0.5653459241081179,65500.0,9,894
3b_physical_strong,90,random,0.0009,100,6,0.05,100.0,9.0,0.1,10,5.0,0.4881919586448913,0.7528134862875921,0.5729573602149624,93100.0,11,908
3b_physical_strong,91,regular,0.1,100,6,0.05,100.0,9.0,0.1,10,5.0,0.4864801738431915,0.7523214331381854,0.5781639710982597,10100.0,10,804
3b_physical_strong,91,superintelligent,0.9,100,6,0.05,100.0,9.0,0.1,10,5.0,0.4864801738431915,0.7523214331381854,0.5781639710982597,1800.0,10,910
3b_physical_strong,91,oracle,1.0,100,6,0.05,100.0,9.0,0.1,10,5.0,0.4864801738431915,0.7523214331381854,0.5781639710982597,1800.0,10,910
3b_physical_strong,91,naive,0.009,100,6,0.05,100.0,9.0,0.1,10,5.0,0.4864801738431915,0.7523214331381854,0.5515616896417955,86900.0,8,893
3b_physical_strong,91,random,0.0009,100,6,0.05,100.0,9.0,0.1,10,5.0,0.4864801738431915,0.7523214331381854,0.553477575251167,91500.0,10,891
3b_physical_strong,92,regular,0.1,100,6,0.05,100.0,9.0,0.1,10,5.0,0.48012023714923346,0.7658044387780862,0.5986035435336737,14400.0,13,799
3b_physical_strong,92,superintelligent,0.9,100,6,0.05,100.0,9.0,0.1,10,5.0,0.48012023714923346,0.7658044387780862,0.5986035435336737,1800.0,13,916
3b_physical_strong,92,oracle,1.0,100,6,0.05,100.0,9.0,0.1,10,5.0,0.48012023714923346,0.7658044387780862,0.5986035435336737,1700.0,13,916
3b_physical_strong,92,naive,0.009,100,6,0.05,100.0,9.0,0.1,10,5.0,0.48012023714923346,0.7658044387780862,0.6018512688468012,80400.0,13,884
3b_physical_strong,92,random,0.0009,100,6,0.05,100.0,9.0,0.1,10,5.0,0.48012023714923346,0.7658044387780862,0.6193664557217388,93200.0,18,899
3b_physical_strong,93,regular,0.1,100,6,0.05,100.0,9.0,0.1,10,5.0,0.4830705519703969,0.7445747294801777,0.5735614247804299,9400.0,7,901
3b_physical_strong,93,superintelligent,0.9,100,6,0.05,100.0,9.0,0.1,10,5.0,0.4830705519703969,0.7445747294801777,0.5735614247804299,1100.0,7,913
3b_physical_strong,93,oracle,1.0,100,6,0.05,100.0,9.0,0.1,10,5.0,0.4830705519703969,0.7445747294801777,0.5735614247804299,1100.0,7,913
3b_physical_strong,93,naive,0.009,100,6,0.05,100.0,9.0,0.1,10,5.0,0.4830705519703969,0.7445747294801777,0.5785500423880668,75500.0,9,910
3b_physical_strong,93,random,0.0009,100,6,0.05,100.0,9.0,0.1,10,5.0,0.4830705519703969,0.7445747294801777,0.577423792067309,87900.0,11,878
3b_physical_strong,94,regular,0.1,100,6,0.05,100.0,9.0,0.1,10,5.0,0.4907079495975422,0.7429595263099457,0.6296636412925072,15500.0,18,861
3b_physical_strong,94,superintelligent,0.9,100,6,0.05,100.0,9.0,0.1,10,5.0,0.4907079495975422,0.7429595263099457,0.6296636412925072,3000.0,18,911
3b_physical_strong,94,oracle,1.0,100,6,0.05,100.0,9.0,0.1,10,5.0,0.4907079495975422,0.7429595263099457,0.6296636412925072,3000.0,18,911
3b_physical_strong,94,naive,0.009,100,6,0.05,100.0,9.0,0.1,10,5.0,0.4907079495975422,0.7429595263099457,0.593213648008454,94500.0,11,912
3b_physical_strong,94,random,0.0009,100,6,0.05,100.0,9.0,0.1,10,5.0,0.4907079495975422,0.7429595263099457,0.6074951104625167,95100.0,13,915
3b_physical_strong,95,regular,0.1,100,6,0.05,100.0,9.0,0.1,10,5.0,0.5046270282590387,0.7584593316084369,0.594369354913,12900.0,9,669
3b_physical_strong,95,superintelligent,0.9,100,6,0.05,100.0,9.0,0.1,10,5.0,0.5046270282590387,0.7584593316084369,0.594369354913,1700.0,9,909
3b_physical_strong,95,oracle,1.0,100,6,0.05,100.0,9.0,0.1,10,5.0,0.5046270282590387,0.7584593316084369,0.594369354913,1700.0,9,909
3b_physical_strong,95,naive,0.009,100,6,0.05,100.0,9.0,0.1,10,5.0,0.5046270282590387,0.7584593316084369,0.594369354913,54700.0,9,885
3b_physical_strong,95,random,0.0009,100,6,0.05,100.0,9.0,0.1,10,5.0,0.5046270282590387,0.7584593316084369,0.5994555611247789,93400.0,13,909
3b_physical_strong,96,regular,0.1,100,6,0.05,100.0,9.0,0.1,10,5.0,0.4604897420745505,0.7659416318699549,0.5355554641993286,12300.0,10,809
3b_physical_strong,96,superintelligent,0.9,100,6,0.05,100.0,9.0,0.1,10,5.0,0.4604897420745505,0.7659416318699549,0.5330569303276051,800.0,8,912
3b_physical_strong,96,oracle,1.0,100,6,0.05,100.0,9.0,0.1,10,5.0,0.4604897420745505,0.7659416318699549,0.5330569303276051,800.0,8,912
3b_physical_strong,96,naive,0.009,100,6,0.05,100.0,9.0,0.1,10,5.0,0.4604897420745505,0.7659416318699549,0.5210016683315899,49600.0,6,818
3b_physical_strong,96,random,0.0009,100,6,0.05,100.0,9.0,0.1,10,5.0,0.4604897420745505,0.7659416318699549,0.5179924272666239,92800.0,6,910
3b_physical_strong,97,regular,0.1,100,6,0.05,100.0,9.0,0.1,10,5.0,0.506340048859914,0.7560251563114716,0.6076739166719021,13800.0,11,911
3b_physical_strong,97,superintelligent,0.9,100,6,0.05,100.0,9.0,0.1,10,5.0,0.506340048859914,0.7560251563114716,0.6331018768614587,3900.0,17,918
3b_physical_strong,97,oracle,1.0,100,6,0.05,100.0,9.0,0.1,10,5.0,0.506340048859914,0.7560251563114716,0.6331018768614587,3700.0,17,918
3b_physical_strong,97,naive,0.009,100,6,0.05,100.0,9.0,0.1,10,5.0,0.506340048859914,0.7560251563114716,0.6096810090966599,88800.0,9,917
3b_physical_strong,97,random,0.0009,100,6,0.05,100.0,9.0,0.1,10,5.0,0.506340048859914,0.7560251563114716,0.5866396394847423,92800.0,13,910
3b_physical_strong,98,regular,0.1,100,6,0.05,100.0,9.0,0.1,10,5.0,0.48959980574815176,0.7555775650132563,0.5693844690789848,12900.0,10,894
3b_physical_strong,98,superintelligent,0.9,100,6,0.05,100.0,9.0,0.1,10,5.0,0.48959980574815176,0.7555775650132563,0.5693844690789848,1600.0,10,913
3b_physical_strong,98,oracle,1.0,100,6,0.05,100.0,9.0,0.1,10,5.0,0.48959980574815176,0.7555775650132563,0.5693844690789848,1400.0,10,913
3b_physical_strong,98,naive,0.009,100,6,0.05,100.0,9.0,0.1,10,5.0,0.48959980574815176,0.7555775650132563,0.5693844690789848,76700.0,10,900
3b_physical_strong,98,random,0.0009,100,6,0.05,100.0,9.0,0.1,10,5.0,0.48959980574815176,0.7555775650132563,0.5302418328314588,77000.0,5,892
3b_physical_strong,99,regular,0.1,100,6,0.05,100.0,9.0,0.1,10,5.0,0.48189953760147636,0.764875767194314,0.5823591592017301,9500.0,9,885
3b_physical_strong,99,superintelligent,0.9,100,6,0.05,100.0,9.0,0.1,10,5.0,0.48189953760147636,0.764875767194314,0.5823591592017301,1700.0,9,908
3b_physical_strong,99,oracle,1.0,100,6,0.05,100.0,9.0,0.1,10,5.0,0.48189953760147636,0.764875767194314,0.5823591592017301,1700.0,9,908
3b_physical_strong,99,naive,0.009,100,6,0.05,100.0,9.0,0.1,10,5.0,0.48189953760147636,0.764875767194314,0.5787777459712937,62800.0,8,864
3b_physical_strong,99,random,0.0009,100,6,0.05,100.0,9.0,0.1,10,5.0,0.48189953760147636,0.764875767194314,0.5739862840903878,74000.0,8,899
