scenario,replication,beta_label,beta,N,K_NK,dag_density,tau_test,noise_ratio,kappa_0,n_choke,tau_auth,initial_fitness,landscape_max,final_fitness,time_to_final_fitness,total_confirmed,total_refuted
0_trivial,0,regular,0.1,100,2,0.01,1.0,0.0,0.7,0,1.0,0.5011656239631035,0.7421926627376011,0.5506045334937807,22.0,10,12
0_trivial,0,superintelligent,0.9,100,2,0.01,1.0,0.0,0.7,0,1.0,0.5011656239631035,0.7421926627376011,0.5506045334937807,10.0,10,12
0_trivial,0,oracle,1.0,100,2,0.01,1.0,0.0,0.7,0,1.0,0.5011656239631035,0.7421926627376011,0.5506045334937807,10.0,10,12
0_trivial,0,naive,0.009,100,2,0.01,1.0,0.0,0.7,0,1.0,0.5011656239631035,0.7421926627376011,0.5506045334937807,22.0,10,12
0_trivial,0,random,0.0009,100,2,0.01,1.0,0.0,0.7,0,1.0,0.5011656239631035,0.7421926627376011,0.551607231614209,21.0,12,11
0_trivial,1,regular,0.1,100,2,0.01,1.0,0.0,0.7,0,1.0,0.4694297112493191,0.746971209758656,0.5414633867014728,20.0,15,9
0_trivial,1,superintelligent,0.9,100,2,0.01,1.0,0.0,0.7,0,1.0,0.4694297112493191,0.746971209758656,0.5414633867014728,16.0,15,9
0_trivial,1,oracle,1.0,100,2,0.01,1.0,0.0,0.7,0,1.0,0.4694297112493191,0.746971209758656,0.5414633867014728,15.0,15,9
0_trivial,1,naive,0.009,100,2,0.01,1.0,0.0,0.7,0,1.0,0.4694297112493191,0.746971209758656,0.5414633867014728,23.0,15,9
0_trivial,1,random,0.0009,100,2,0.01,1.0,0.0,0.7,0,1.0,0.4694297112493191,0.746971209758656,0.5483864480584232,25.0,17,8
0_trivial,2,regular,0.1,100,2,0.01,1.0,0.0,0.7,0,1.0,0.5438908698723008,0.7774530239689224,0.5908254246156761,15.0,8,15
0_trivial,2,superintelligent,0.9,100,2,0.01,1.0,0.0,0.7,0,1.0,0.5438908698723008,0.7774530239689224,0.5925843510986946,9.0,8,15
0_trivial,2,oracle,1.0,100,2,0.01,1.0,0.0,0.7,0,1.0,0.5438908698723008,0.7774530239689224,0.5925843510986946,8.0,8,15
0_trivial,2,naive,0.009,100,2,0.01,1.0,0.0,0.7,0,1.0,0.5438908698723008,0.7774530239689224,0.5908254246156761,20.0,8,15
0_trivial,2,random,0.0009,100,2,0.01,1.0,0.0,0.7,0,1.0,0.5438908698723008,0.7774530239689224,0.5908254246156761,20.0,8,15
0_trivial,3,regular,0.1,100,2,0.01,1.0,0.0,0.7,0,1.0,0.5441102899569102,0.7405693945218411,0.5754373290230722,23.0,8,15
0_trivial,3,superintelligent,0.9,100,2,0.01,1.0,0.0,0.7,0,1.0,0.5441102899569102,0.7405693945218411,0.5853618556083048,7.0,7,17
0_trivial,3,oracle,1.0,100,2,0.01,1.0,0.0,0.7,0,1.0,0.5441102899569102,0.7405693945218411,0.5853618556083048,7.0,7,17
0_trivial,3,naive,0.009,100,2,0.01,1.0,0.0,0.7,0,1.0,0.5441102899569102,0.7405693945218411,0.5754373290230722,22.0,8,15
0_trivial,3,random,0.0009,100,2,0.01,1.0,0.0,0.7,0,1.0,0.5441102899569102,0.7405693945218411,0.5781005900805558,21.0,8,15
0_trivial,4,regular,0.1,100,2,0.01,1.0,0.0,0.7,0,1.0,0.5243477429541318,0.7532606941434975,0.6060214230807734,27.0,12,16
0_trivial,4,superintelligent,0.9,100,2,0.01,1.0,0.0,0.7,0,1.0,0.5243477429541318,0.7532606941434975,0.6099397276916373,13.0,13,15
0_trivial,4,oracle,1.0,100,2,0.01,1.0,0.0,0.7,0,1.0,0.5243477429541318,0.7532606941434975,0.6099397276916373,13.0,13,15
0_trivial,4,naive,0.009,100,2,0.01,1.0,0.0,0.7,0,1.0,0.5243477429541318,0.7532606941434975,0.5896211082229911,24.0,13,12
0_trivial,4,random,0.0009,100,2,0.01,1.0,0.0,0.7,0,1.0,0.5243477429541318,0.7532606941434975,0.6082713168124878,26.0,13,15
0_trivial,5,regular,0.1,100,2,0.01,1.0,0.0,0.7,0,1.0,0.4784700469295148,0.7489410923444817,0.5640837616918033,27.0,16,14
0_trivial,5,superintelligent,0.9,100,2,0.01,1.0,0.0,0.7,0,1.0,0.4784700469295148,0.7489410923444817,0.5644973004885003,18.0,17,13
0_trivial,5,oracle,1.0,100,2,0.01,1.0,0.0,0.7,0,1.0,0.4784700469295148,0.7489410923444817,0.5644973004885003,17.0,17,13
0_trivial,5,naive,0.009,100,2,0.01,1.0,0.0,0.7,0,1.0,0.4784700469295148,0.7489410923444817,0.5644973004885003,28.0,17,13
0_trivial,5,random,0.0009,100,2,0.01,1.0,0.0,0.7,0,1.0,0.4784700469295148,0.7489410923444817,0.5640837616918033,29.0,16,14
0_trivial,6,regular,0.1,100,2,0.01,1.0,0.0,0.7,0,1.0,0.5423466884600556,0.7661471998034473,0.5751046040175061,19.0,7,17
0_trivial,6,superintelligent,0.9,100,2,0.01,1.0,0.0,0.7,0,1.0,0.5423466884600556,0.7661471998034473,0.5878699351850891,12.0,10,15
0_trivial,6,oracle,1.0,100,2,0.01,1.0,0.0,0.7,0,1.0,0.5423466884600556,0.7661471998034473,0.5878699351850891,10.0,10,15
0_trivial,6,naive,0.009,100,2,0.01,1.0,0.0,0.7,0,1.0,0.5423466884600556,0.7661471998034473,0.5710735151935747,22.0,6,18
0_trivial,6,random,0.0009,100,2,0.01,1.0,0.0,0.7,0,1.0,0.5423466884600556,0.7661471998034473,0.5751046040175061,23.0,7,17
0_trivial,7,regular,0.1,100,2,0.01,1.0,0.0,0.7,0,1.0,0.5348948091978663,0.7340062198342724,0.6004384588415527,23.0,14,13
0_trivial,7,superintelligent,0.9,100,2,0.01,1.0,0.0,0.7,0,1.0,0.5348948091978663,0.7340062198342724,0.6032436850387065,16.0,14,13
0_trivial,7,oracle,1.0,100,2,0.01,1.0,0.0,0.7,0,1.0,0.5348948091978663,0.7340062198342724,0.6032436850387065,14.0,14,13
0_trivial,7,naive,0.009,100,2,0.01,1.0,0.0,0.7,0,1.0,0.5348948091978663,0.7340062198342724,0.6004384588415527,24.0,14,13
0_trivial,7,random,0.0009,100,2,0.01,1.0,0.0,0.7,0,1.0,0.5348948091978663,0.7340062198342724,0.6004384588415527,27.0,14,13
0_trivial,8,regular,0.1,100,2,0.01,1.0,0.0,0.7,0,1.0,0.4723349534139592,0.7420105133734654,0.5627417117892144,22.0,12,10
0_trivial,8,superintelligent,0.9,100,2,0.01,1.0,0.0,0.7,0,1.0,0.4723349534139592,0.7420105133734654,0.5651864021098928,12.0,11,11
0_trivial,8,oracle,1.0,100,2,0.01,1.0,0.0,0.7,0,1.0,0.4723349534139592,0.7420105133734654,0.5651864021098928,11.0,11,11
0_trivial,8,naive,0.009,100,2,0.01,1.0,0.0,0.7,0,1.0,0.4723349534139592,0.7420105133734654,0.5627417117892144,22.0,12,10
0_trivial,8,random,0.0009,100,2,0.01,1.0,0.0,0.7,0,1.0,0.4723349534139592,0.7420105133734654,0.5651864021098928,19.0,11,11
0_trivial,9,regular,0.1,100,2,0.01,1.0,0.0,0.7,0,1.0,0.5292545889929028,0.7322066044765103,0.5972192658148431,18.0,9,10
0_trivial,9,superintelligent,0.9,100,2,0.01,1.0,0.0,0.7,0,1.0,0.5292545889929028,0.7322066044765103,0.5972192658148431,10.0,9,10
0_trivial,9,oracle,1.0,100,2,0.01,1.0,0.0,0.7,0,1.0,0.5292545889929028,0.7322066044765103,0.5972192658148431,9.0,9,10
0_trivial,9,naive,0.009,100,2,0.01,1.0,0.0,0.7,0,1.0,0.5292545889929028,0.7322066044765103,0.594147517028501,19.0,9,10
0_trivial,9,random,0.0009,100,2,0.01,1.0,0.0,0.7,0,1.0,0.5292545889929028,0.7322066044765103,0.5972192658148431,19.0,9,10
0_trivial,10,regular,0.1,100,2,0.01,1.0,0.0,0.7,0,1.0,0.5012861164896235,0.7354373286299095,0.560534823662827,20.0,12,15
0_trivial,10,superintelligent,0.9,100,2,0.01,1.0,0.0,0.7,0,1.0,0.5012861164896235,0.7354373286299095,0.5637102332380252,13.0,13,14
0_trivial,10,oracle,1.0,100,2,0.01,1.0,0.0,0.7,0,1.0,0.5012861164896235,0.7354373286299095,0.5637102332380252,13.0,13,14
0_trivial,10,naive,0.009,100,2,0.01,1.0,0.0,0.7,0,1.0,0.5012861164896235,0.7354373286299095,0.5604420471096411,27.0,14,13
0_trivial,10,random,0.0009,100,2,0.01,1.0,0.0,0.7,0,1.0,0.5012861164896235,0.7354373286299095,0.5595824722370323,26.0,13,14
0_trivial,11,regular,0.1,100,2,0.01,1.0,0.0,0.7,0,1.0,0.5453691074671848,0.7283698175771581,0.5885770427653881,19.0,8,15
0_trivial,11,superintelligent,0.9,100,2,0.01,1.0,0.0,0.7,0,1.0,0.5453691074671848,0.7283698175771581,0.5909571298798931,9.0,9,14
0_trivial,11,oracle,1.0,100,2,0.01,1.0,0.0,0.7,0,1.0,0.5453691074671848,0.7283698175771581,0.5909571298798931,9.0,9,14
0_trivial,11,naive,0.009,100,2,0.01,1.0,0.0,0.7,0,1.0,0.5453691074671848,0.7283698175771581,0.5870448287752321,22.0,7,16
0_trivial,11,random,0.0009,100,2,0.01,1.0,0.0,0.7,0,1.0,0.5453691074671848,0.7283698175771581,0.5909571298798931,21.0,9,14
0_trivial,12,regular,0.1,100,2,0.01,1.0,0.0,0.7,0,1.0,0.5172216483992156,0.7531257090202426,0.5978338436819076,25.0,14,11
0_trivial,12,superintelligent,0.9,100,2,0.01,1.0,0.0,0.7,0,1.0,0.5172216483992156,0.7531257090202426,0.5978338436819076,14.0,14,11
0_trivial,12,oracle,1.0,100,2,0.01,1.0,0.0,0.7,0,1.0,0.5172216483992156,0.7531257090202426,0.5978338436819076,14.0,14,11
0_trivial,12,naive,0.009,100,2,0.01,1.0,0.0,0.7,0,1.0,0.5172216483992156,0.7531257090202426,0.5955722150754064,27.0,14,13
0_trivial,12,random,0.0009,100,2,0.01,1.0,0.0,0.7,0,1.0,0.5172216483992156,0.7531257090202426,0.5978338436819076,25.0,14,11
0_trivial,13,regular,0.1,100,2,0.01,1.0,0.0,0.7,0,1.0,0.5020600082740404,0.7579875870519712,0.5537484297288209,21.0,10,13
0_trivial,13,superintelligent,0.9,100,2,0.01,1.0,0.0,0.7,0,1.0,0.5020600082740404,0.7579875870519712,0.5537484297288209,10.0,10,13
0_trivial,13,oracle,1.0,100,2,0.01,1.0,0.0,0.7,0,1.0,0.5020600082740404,0.7579875870519712,0.5537484297288209,10.0,10,13
0_trivial,13,naive,0.009,100,2,0.01,1.0,0.0,0.7,0,1.0,0.5020600082740404,0.7579875870519712,0.5523897241449128,20.0,10,13
0_trivial,13,random,0.0009,100,2,0.01,1.0,0.0,0.7,0,1.0,0.5020600082740404,0.7579875870519712,0.5523897241449128,22.0,10,13
0_trivial,14,regular,0.1,100,2,0.01,1.0,0.0,0.7,0,1.0,0.4709409190581308,0.7234547204522681,0.5335640659802818,23.0,11,17
0_trivial,14,superintelligent,0.9,100,2,0.01,1.0,0.0,0.7,0,1.0,0.4709409190581308,0.7234547204522681,0.5387735434612944,14.0,13,15
0_trivial,14,oracle,1.0,100,2,0.01,1.0,0.0,0.7,0,1.0,0.4709409190581308,0.7234547204522681,0.5438459294819505,15.0,15,13
0_trivial,14,naive,0.009,100,2,0.01,1.0,0.0,0.7,0,1.0,0.4709409190581308,0.7234547204522681,0.5335640659802818,27.0,11,17
0_trivial,14,random,0.0009,100,2,0.01,1.0,0.0,0.7,0,1.0,0.4709409190581308,0.7234547204522681,0.5360327422125297,27.0,12,16
0_trivial,15,regular,0.1,100,2,0.01,1.0,0.0,0.7,0,1.0,0.4649470545866199,0.7295496026911428,0.5671078946611772,27.0,15,12
0_trivial,15,superintelligent,0.9,100,2,0.01,1.0,0.0,0.7,0,1.0,0.4649470545866199,0.7295496026911428,0.5697311549979386,18.0,16,11
0_trivial,15,oracle,1.0,100,2,0.01,1.0,0.0,0.7,0,1.0,0.4649470545866199,0.7295496026911428,0.5697311549979386,16.0,16,11
0_trivial,15,naive,0.009,100,2,0.01,1.0,0.0,0.7,0,1.0,0.4649470545866199,0.7295496026911428,0.5617499621579555,27.0,15,13
0_trivial,15,random,0.0009,100,2,0.01,1.0,0.0,0.7,0,1.0,0.4649470545866199,0.7295496026911428,0.5671078946611772,27.0,15,12
0_trivial,16,regular,0.1,100,2,0.01,1.0,0.0,0.7,0,1.0,0.5353418701664894,0.7371884914944123,0.5704957585865144,19.0,7,16
0_trivial,16,superintelligent,0.9,100,2,0.01,1.0,0.0,0.7,0,1.0,0.5353418701664894,0.7371884914944123,0.5790454692235457,10.0,10,14
0_trivial,16,oracle,1.0,100,2,0.01,1.0,0.0,0.7,0,1.0,0.5353418701664894,0.7371884914944123,0.5790454692235457,10.0,10,14
0_trivial,16,naive,0.009,100,2,0.01,1.0,0.0,0.7,0,1.0,0.5353418701664894,0.7371884914944123,0.5751624395786691,19.0,8,16
0_trivial,16,random,0.0009,100,2,0.01,1.0,0.0,0.7,0,1.0,0.5353418701664894,0.7371884914944123,0.5790454692235457,22.0,10,14
0_trivial,17,regular,0.1,100,2,0.01,1.0,0.0,0.7,0,1.0,0.5929437514839896,0.7361457749976463,0.6323906197867829,21.0,7,16
0_trivial,17,superintelligent,0.9,100,2,0.01,1.0,0.0,0.7,0,1.0,0.5929437514839896,0.7361457749976463,0.6323906197867829,7.0,7,16
0_trivial,17,oracle,1.0,100,2,0.01,1.0,0.0,0.7,0,1.0,0.5929437514839896,0.7361457749976463,0.6323906197867829,7.0,7,16
0_trivial,17,naive,0.009,100,2,0.01,1.0,0.0,0.7,0,1.0,0.5929437514839896,0.7361457749976463,0.6214140897362942,23.0,8,16
0_trivial,17,random,0.0009,100,2,0.01,1.0,0.0,0.7,0,1.0,0.5929437514839896,0.7361457749976463,0.6323906197867829,22.0,7,16
0_trivial,18,regular,0.1,100,2,0.01,1.0,0.0,0.7,0,1.0,0.4543992899324931,0.7593731778504956,0.5489502090726149,22.0,18,5
0_trivial,18,superintelligent,0.9,100,2,0.01,1.0,0.0,0.7,0,1.0,0.4543992899324931,0.7593731778504956,0.5591099035428878,16.0,16,7
0_trivial,18,oracle,1.0,100,2,0.01,1.0,0.0,0.7,0,1.0,0.4543992899324931,0.7593731778504956,0.5591099035428878,16.0,16,7
0_trivial,18,naive,0.009,100,2,0.01,1.0,0.0,0.7,0,1.0,0.4543992899324931,0.7593731778504956,0.513614199200872,20.0,14,8
0_trivial,18,random,0.0009,100,2,0.01,1.0,0.0,0.7,0,1.0,0.4543992899324931,0.7593731778504956,0.5155405591007977,22.0,15,7
0_trivial,19,regular,0.1,100,2,0.01,1.0,0.0,0.7,0,1.0,0.46831148633553554,0.7214937127939718,0.520118127939208,22.0,11,12
0_trivial,19,superintelligent,0.9,100,2,0.01,1.0,0.0,0.7,0,1.0,0.46831148633553554,0.7214937127939718,0.5263653637408391,14.0,14,10
0_trivial,19,oracle,1.0,100,2,0.01,1.0,0.0,0.7,0,1.0,0.46831148633553554,0.7214937127939718,0.5320486668427333,13.0,13,11
0_trivial,19,naive,0.009,100,2,0.01,1.0,0.0,0.7,0,1.0,0.46831148633553554,0.7214937127939718,0.520118127939208,20.0,11,12
0_trivial,19,random,0.0009,100,2,0.01,1.0,0.0,0.7,0,1.0,0.46831148633553554,0.7214937127939718,0.5232571537300363,23.0,14,10
0_trivial,20,regular,0.1,100,2,0.01,1.0,0.0,0.7,0,1.0,0.5139971371500123,0.7526354846424529,0.56129178507356,18.0,9,12
0_trivial,20,superintelligent,0.9,100,2,0.01,1.0,0.0,0.7,0,1.0,0.5139971371500123,0.7526354846424529,0.5652214286486428,9.0,8,13
0_trivial,20,oracle,1.0,100,2,0.01,1.0,0.0,0.7,0,1.0,0.5139971371500123,0.7526354846424529,0.5652214286486428,8.0,8,13
0_trivial,20,naive,0.009,100,2,0.01,1.0,0.0,0.7,0,1.0,0.5139971371500123,0.7526354846424529,0.56129178507356,14.0,9,12
0_trivial,20,random,0.0009,100,2,0.01,1.0,0.0,0.7,0,1.0,0.5139971371500123,0.7526354846424529,0.5617074907824154,18.0,9,12
0_trivial,21,regular,0.1,100,2,0.01,1.0,0.0,0.7,0,1.0,0.45619288765556687,0.7382434687517034,0.5507896370615079,29.0,17,12
0_trivial,21,superintelligent,0.9,100,2,0.01,1.0,0.0,0.7,0,1.0,0.45619288765556687,0.7382434687517034,0.5573710101490743,19.0,19,10
0_trivial,21,oracle,1.0,100,2,0.01,1.0,0.0,0.7,0,1.0,0.45619288765556687,0.7382434687517034,0.5573710101490743,19.0,19,10
0_trivial,21,naive,0.009,100,2,0.01,1.0,0.0,0.7,0,1.0,0.45619288765556687,0.7382434687517034,0.5507896370615079,28.0,17,12
0_trivial,21,random,0.0009,100,2,0.01,1.0,0.0,0.7,0,1.0,0.45619288765556687,0.7382434687517034,0.5573710101490743,29.0,19,10
0_trivial,22,regular,0.1,100,2,0.01,1.0,0.0,0.7,0,1.0,0.46658033490364603,0.7508588302119852,0.5406612467061,21.0,13,10
0_trivial,22,superintelligent,0.9,100,2,0.01,1.0,0.0,0.7,0,1.0,0.46658033490364603,0.7508588302119852,0.547153765807049,11.0,11,11
0_trivial,22,oracle,1.0,100,2,0.01,1.0,0.0,0.7,0,1.0,0.46658033490364603,0.7508588302119852,0.547153765807049,11.0,11,11
0_trivial,22,naive,0.009,100,2,0.01,1.0,0.0,0.7,0,1.0,0.46658033490364603,0.7508588302119852,0.547153765807049,20.0,11,11
0_trivial,22,random,0.0009,100,2,0.01,1.0,0.0,0.7,0,1.0,0.46658033490364603,0.7508588302119852,0.5406612467061,23.0,13,10
0_trivial,23,regular,0.1,100,2,0.01,1.0,0.0,0.7,0,1.0,0.4896733975701475,0.7195773475871364,0.5828296571891864,24.0,15,10
0_trivial,23,superintelligent,0.9,100,2,0.01,1.0,0.0,0.7,0,1.0,0.4896733975701475,0.7195773475871364,0.5559556928325703,9.0,9,13
0_trivial,23,oracle,1.0,100,2,0.01,1.0,0.0,0.7,0,1.0,0.4896733975701475,0.7195773475871364,0.5559556928325703,9.0,9,13
0_trivial,23,naive,0.009,100,2,0.01,1.0,0.0,0.7,0,1.0,0.4896733975701475,0.7195773475871364,0.5907408422975378,24.0,16,9
0_trivial,23,random,0.0009,100,2,0.01,1.0,0.0,0.7,0,1.0,0.4896733975701475,0.7195773475871364,0.5641934307940093,19.0,12,11
0_trivial,24,regular,0.1,100,2,0.01,1.0,0.0,0.7,0,1.0,0.4976593207307628,0.7260618687246837,0.5658130540376127,20.0,12,15
0_trivial,24,superintelligent,0.9,100,2,0.01,1.0,0.0,0.7,0,1.0,0.4976593207307628,0.7260618687246837,0.575954264706446,15.0,15,12
0_trivial,24,oracle,1.0,100,2,0.01,1.0,0.0,0.7,0,1.0,0.4976593207307628,0.7260618687246837,0.575954264706446,15.0,15,12
0_trivial,24,naive,0.009,100,2,0.01,1.0,0.0,0.7,0,1.0,0.4976593207307628,0.7260618687246837,0.5681072559438362,27.0,13,14
0_trivial,24,random,0.0009,100,2,0.01,1.0,0.0,0.7,0,1.0,0.4976593207307628,0.7260618687246837,0.5634600303465179,26.0,14,13
0_trivial,25,regular,0.1,100,2,0.01,1.0,0.0,0.7,0,1.0,0.494423711166311,0.727365028136688,0.571367543875481,23.0,12,14
0_trivial,25,superintelligent,0.9,100,2,0.01,1.0,0.0,0.7,0,1.0,0.494423711166311,0.727365028136688,0.5751581595461793,11.0,11,13
0_trivial,25,oracle,1.0,100,2,0.01,1.0,0.0,0.7,0,1.0,0.494423711166311,0.727365028136688,0.5751581595461793,11.0,11,13
0_trivial,25,naive,0.009,100,2,0.01,1.0,0.0,0.7,0,1.0,0.494423711166311,0.727365028136688,0.5749424508508553,22.0,12,12
0_trivial,25,random,0.0009,100,2,0.01,1.0,0.0,0.7,0,1.0,0.494423711166311,0.727365028136688,0.5749424508508553,23.0,12,12
0_trivial,26,regular,0.1,100,2,0.01,1.0,0.0,0.7,0,1.0,0.47150551406826297,0.7313767715754405,0.5351898406270291,22.0,11,12
0_trivial,26,superintelligent,0.9,100,2,0.01,1.0,0.0,0.7,0,1.0,0.47150551406826297,0.7313767715754405,0.540707177016807,10.0,10,13
0_trivial,26,oracle,1.0,100,2,0.01,1.0,0.0,0.7,0,1.0,0.47150551406826297,0.7313767715754405,0.540707177016807,10.0,10,13
0_trivial,26,naive,0.009,100,2,0.01,1.0,0.0,0.7,0,1.0,0.47150551406826297,0.7313767715754405,0.5351898406270291,23.0,11,12
0_trivial,26,random,0.0009,100,2,0.01,1.0,0.0,0.7,0,1.0,0.47150551406826297,0.7313767715754405,0.5086685536875494,18.0,7,13
0_trivial,27,regular,0.1,100,2,0.01,1.0,0.0,0.7,0,1.0,0.549351813017848,0.737748969163665,0.6040092476601359,26.0,13,14
0_trivial,27,superintelligent,0.9,100,2,0.01,1.0,0.0,0.7,0,1.0,0.549351813017848,0.737748969163665,0.6073984182904488,11.0,11,15
0_trivial,27,oracle,1.0,100,2,0.01,1.0,0.0,0.7,0,1.0,0.549351813017848,0.737748969163665,0.6073984182904488,11.0,11,15
0_trivial,27,naive,0.009,100,2,0.01,1.0,0.0,0.7,0,1.0,0.549351813017848,0.737748969163665,0.6040092476601359,27.0,13,14
0_trivial,27,random,0.0009,100,2,0.01,1.0,0.0,0.7,0,1.0,0.549351813017848,0.737748969163665,0.5992361475709987,26.0,12,14
0_trivial,28,regular,0.1,100,2,0.01,1.0,0.0,0.7,0,1.0,0.49755503126494866,0.7300624867421359,0.5746924275440002,23.0,11,13
0_trivial,28,superintelligent,0.9,100,2,0.01,1.0,0.0,0.7,0,1.0,0.49755503126494866,0.7300624867421359,0.5746924275440002,13.0,11,13
0_trivial,28,oracle,1.0,100,2,0.01,1.0,0.0,0.7,0,1.0,0.49755503126494866,0.7300624867421359,0.5746924275440002,11.0,11,13
0_trivial,28,naive,0.009,100,2,0.01,1.0,0.0,0.7,0,1.0,0.49755503126494866,0.7300624867421359,0.5718413378272271,23.0,10,14
0_trivial,28,random,0.0009,100,2,0.01,1.0,0.0,0.7,0,1.0,0.49755503126494866,0.7300624867421359,0.573877703456215,24.0,12,12
0_trivial,29,regular,0.1,100,2,0.01,1.0,0.0,0.7,0,1.0,0.5429376255328975,0.7357937048291378,0.604961132748481,25.0,13,12
0_trivial,29,superintelligent,0.9,100,2,0.01,1.0,0.0,0.7,0,1.0,0.5429376255328975,0.7357937048291378,0.6074277774675623,14.0,13,12
0_trivial,29,oracle,1.0,100,2,0.01,1.0,0.0,0.7,0,1.0,0.5429376255328975,0.7357937048291378,0.6074277774675623,13.0,13,12
0_trivial,29,naive,0.009,100,2,0.01,1.0,0.0,0.7,0,1.0,0.5429376255328975,0.7357937048291378,0.6054010321632984,25.0,13,12
0_trivial,29,random,0.0009,100,2,0.01,1.0,0.0,0.7,0,1.0,0.5429376255328975,0.7357937048291378,0.6074277774675623,24.0,13,12
0_trivial,30,regular,0.1,100,2,0.01,1.0,0.0,0.7,0,1.0,0.5180856859120827,0.7206171702481999,0.5853363089545343,21.0,15,7
0_trivial,30,superintelligent,0.9,100,2,0.01,1.0,0.0,0.7,0,1.0,0.5180856859120827,0.7206171702481999,0.5959690853908658,15.0,15,7
0_trivial,30,oracle,1.0,100,2,0.01,1.0,0.0,0.7,0,1.0,0.5180856859120827,0.7206171702481999,0.5959690853908658,15.0,15,7
0_trivial,30,naive,0.009,100,2,0.01,1.0,0.0,0.7,0,1.0,0.5180856859120827,0.7206171702481999,0.5848722210532726,21.0,14,8
0_trivial,30,random,0.0009,100,2,0.01,1.0,0.0,0.7,0,1.0,0.5180856859120827,0.7206171702481999,0.5848722210532726,22.0,14,8
0_trivial,31,regular,0.1,100,2,0.01,1.0,0.0,0.7,0,1.0,0.5037500322666404,0.7287979369920253,0.5588082155032663,25.0,12,15
0_trivial,31,superintelligent,0.9,100,2,0.01,1.0,0.0,0.7,0,1.0,0.5037500322666404,0.7287979369920253,0.5588082155032663,12.0,12,15
0_trivial,31,oracle,1.0,100,2,0.01,1.0,0.0,0.7,0,1.0,0.5037500322666404,0.7287979369920253,0.5588082155032663,12.0,12,15
0_trivial,31,naive,0.009,100,2,0.01,1.0,0.0,0.7,0,1.0,0.5037500322666404,0.7287979369920253,0.5588082155032663,26.0,12,15
0_trivial,31,random,0.0009,100,2,0.01,1.0,0.0,0.7,0,1.0,0.5037500322666404,0.7287979369920253,0.5571439460810091,24.0,12,14
0_trivial,32,regular,0.1,100,2,0.01,1.0,0.0,0.7,0,1.0,0.5239810656301873,0.7298191718534003,0.6163215575666449,26.0,15,13
0_trivial,32,superintelligent,0.9,100,2,0.01,1.0,0.0,0.7,0,1.0,0.5239810656301873,0.7298191718534003,0.6172514253726515,17.0,16,12
0_trivial,32,oracle,1.0,100,2,0.01,1.0,0.0,0.7,0,1.0,0.5239810656301873,0.7298191718534003,0.6178684208357739,15.0,15,12
0_trivial,32,naive,0.009,100,2,0.01,1.0,0.0,0.7,0,1.0,0.5239810656301873,0.7298191718534003,0.6141512201735031,23.0,13,10
0_trivial,32,random,0.0009,100,2,0.01,1.0,0.0,0.7,0,1.0,0.5239810656301873,0.7298191718534003,0.6163215575666449,28.0,15,13
0_trivial,33,regular,0.1,100,2,0.01,1.0,0.0,0.7,0,1.0,0.5435862828078206,0.7204190154276503,0.5796698856937571,30.0,10,20
0_trivial,33,superintelligent,0.9,100,2,0.01,1.0,0.0,0.7,0,1.0,0.5435862828078206,0.7204190154276503,0.5834214290119146,14.0,11,19
0_trivial,33,oracle,1.0,100,2,0.01,1.0,0.0,0.7,0,1.0,0.5435862828078206,0.7204190154276503,0.5834214290119146,11.0,11,19
0_trivial,33,naive,0.009,100,2,0.01,1.0,0.0,0.7,0,1.0,0.5435862828078206,0.7204190154276503,0.5747155124934098,29.0,8,22
0_trivial,33,random,0.0009,100,2,0.01,1.0,0.0,0.7,0,1.0,0.5435862828078206,0.7204190154276503,0.5796698856937571,21.0,10,20
0_trivial,34,regular,0.1,100,2,0.01,1.0,0.0,0.7,0,1.0,0.5301144626743315,0.7616138527357839,0.6043897327973246,25.0,14,13
0_trivial,34,superintelligent,0.9,100,2,0.01,1.0,0.0,0.7,0,1.0,0.5301144626743315,0.7616138527357839,0.6002262263558965,15.0,13,14
0_trivial,34,oracle,1.0,100,2,0.01,1.0,0.0,0.7,0,1.0,0.5301144626743315,0.7616138527357839,0.6002262263558965,13.0,13,14
0_trivial,34,naive,0.009,100,2,0.01,1.0,0.0,0.7,0,1.0,0.5301144626743315,0.7616138527357839,0.6014504662524254,26.0,13,15
0_trivial,34,random,0.0009,100,2,0.01,1.0,0.0,0.7,0,1.0,0.5301144626743315,0.7616138527357839,0.6096756188544237,27.0,17,11
0_trivial,35,regular,0.1,100,2,0.01,1.0,0.0,0.7,0,1.0,0.4708586473535911,0.7365976465993367,0.5191903695371702,22.0,10,14
0_trivial,35,superintelligent,0.9,100,2,0.01,1.0,0.0,0.7,0,1.0,0.4708586473535911,0.7365976465993367,0.5191903695371702,11.0,10,14
0_trivial,35,oracle,1.0,100,2,0.01,1.0,0.0,0.7,0,1.0,0.4708586473535911,0.7365976465993367,0.5191903695371702,10.0,10,14
0_trivial,35,naive,0.009,100,2,0.01,1.0,0.0,0.7,0,1.0,0.4708586473535911,0.7365976465993367,0.5191903695371702,22.0,10,14
0_trivial,35,random,0.0009,100,2,0.01,1.0,0.0,0.7,0,1.0,0.4708586473535911,0.7365976465993367,0.5191903695371702,24.0,10,14
0_trivial,36,regular,0.1,100,2,0.01,1.0,0.0,0.7,0,1.0,0.5259893292420272,0.7263720697660511,0.5901495021973556,24.0,15,9
0_trivial,36,superintelligent,0.9,100,2,0.01,1.0,0.0,0.7,0,1.0,0.5259893292420272,0.7263720697660511,0.5928998139722663,13.0,13,12
0_trivial,36,oracle,1.0,100,2,0.01,1.0,0.0,0.7,0,1.0,0.5259893292420272,0.7263720697660511,0.5928998139722663,13.0,13,12
0_trivial,36,naive,0.009,100,2,0.01,1.0,0.0,0.7,0,1.0,0.5259893292420272,0.7263720697660511,0.5901300926737273,24.0,14,11
0_trivial,36,random,0.0009,100,2,0.01,1.0,0.0,0.7,0,1.0,0.5259893292420272,0.7263720697660511,0.5915707704424462,21.0,13,12
0_trivial,37,regular,0.1,100,2,0.01,1.0,0.0,0.7,0,1.0,0.4945248201345889,0.7478679928769634,0.5400409858812061,22.0,11,12
0_trivial,37,superintelligent,0.9,100,2,0.01,1.0,0.0,0.7,0,1.0,0.4945248201345889,0.7478679928769634,0.5400409858812061,12.0,11,12
0_trivial,37,oracle,1.0,100,2,0.01,1.0,0.0,0.7,0,1.0,0.4945248201345889,0.7478679928769634,0.5400409858812061,11.0,11,12
0_trivial,37,naive,0.009,100,2,0.01,1.0,0.0,0.7,0,1.0,0.4945248201345889,0.7478679928769634,0.5400409858812061,23.0,11,12
0_trivial,37,random,0.0009,100,2,0.01,1.0,0.0,0.7,0,1.0,0.4945248201345889,0.7478679928769634,0.5400409858812061,22.0,11,12
0_trivial,38,regular,0.1,100,2,0.01,1.0,0.0,0.7,0,1.0,0.5113421100054185,0.7380942821492994,0.5569579056402232,24.0,11,15
0_trivial,38,superintelligent,0.9,100,2,0.01,1.0,0.0,0.7,0,1.0,0.5113421100054185,0.7380942821492994,0.542717061291338,8.0,8,17
0_trivial,38,oracle,1.0,100,2,0.01,1.0,0.0,0.7,0,1.0,0.5113421100054185,0.7380942821492994,0.542717061291338,8.0,8,17
0_trivial,38,naive,0.009,100,2,0.01,1.0,0.0,0.7,0,1.0,0.5113421100054185,0.7380942821492994,0.5480967132848942,25.0,9,17
0_trivial,38,random,0.0009,100,2,0.01,1.0,0.0,0.7,0,1.0,0.5113421100054185,0.7380942821492994,0.543064673371497,19.0,9,17
0_trivial,39,regular,0.1,100,2,0.01,1.0,0.0,0.7,0,1.0,0.5348590849286393,0.7217245659660191,0.568498655767209,19.0,8,13
0_trivial,39,superintelligent,0.9,100,2,0.01,1.0,0.0,0.7,0,1.0,0.5348590849286393,0.7217245659660191,0.568498655767209,8.0,8,13
0_trivial,39,oracle,1.0,100,2,0.01,1.0,0.0,0.7,0,1.0,0.5348590849286393,0.7217245659660191,0.568498655767209,8.0,8,13
0_trivial,39,naive,0.009,100,2,0.01,1.0,0.0,0.7,0,1.0,0.5348590849286393,0.7217245659660191,0.568498655767209,21.0,8,13
0_trivial,39,random,0.0009,100,2,0.01,1.0,0.0,0.7,0,1.0,0.5348590849286393,0.7217245659660191,0.568498655767209,20.0,8,13
0_trivial,40,regular,0.1,100,2,0.01,1.0,0.0,0.7,0,1.0,0.47940214019480193,0.7427261292841201,0.5745108862038368,25.0,17,9
0_trivial,40,superintelligent,0.9,100,2,0.01,1.0,0.0,0.7,0,1.0,0.47940214019480193,0.7427261292841201,0.5771896011564652,20.0,19,9
0_trivial,40,oracle,1.0,100,2,0.01,1.0,0.0,0.7,0,1.0,0.47940214019480193,0.7427261292841201,0.5771896011564652,19.0,19,9
0_trivial,40,naive,0.009,100,2,0.01,1.0,0.0,0.7,0,1.0,0.47940214019480193,0.7427261292841201,0.5697229654170414,29.0,20,9
0_trivial,40,random,0.0009,100,2,0.01,1.0,0.0,0.7,0,1.0,0.47940214019480193,0.7427261292841201,0.5771896011564652,28.0,19,9
0_trivial,41,regular,0.1,100,2,0.01,1.0,0.0,0.7,0,1.0,0.4860320137804375,0.7364087068058348,0.5170924395000249,19.0,6,14
0_trivial,41,superintelligent,0.9,100,2,0.01,1.0,0.0,0.7,0,1.0,0.4860320137804375,0.7364087068058348,0.5170924395000249,7.0,6,14
0_trivial,41,oracle,1.0,100,2,0.01,1.0,0.0,0.7,0,1.0,0.4860320137804375,0.7364087068058348,0.5170924395000249,6.0,6,14
0_trivial,41,naive,0.009,100,2,0.01,1.0,0.0,0.7,0,1.0,0.4860320137804375,0.7364087068058348,0.5100753131441058,20.0,7,13
0_trivial,41,random,0.0009,100,2,0.01,1.0,0.0,0.7,0,1.0,0.4860320137804375,0.7364087068058348,0.5170924395000249,17.0,6,14
0_trivial,42,regular,0.1,100,2,0.01,1.0,0.0,0.7,0,1.0,0.4798703623018365,0.7451428122421093,0.5382964216030711,26.0,10,16
0_trivial,42,superintelligent,0.9,100,2,0.01,1.0,0.0,0.7,0,1.0,0.4798703623018365,0.7451428122421093,0.5473091891608435,11.0,11,15
0_trivial,42,oracle,1.0,100,2,0.01,1.0,0.0,0.7,0,1.0,0.4798703623018365,0.7451428122421093,0.5473091891608435,11.0,11,15
0_trivial,42,naive,0.009,100,2,0.01,1.0,0.0,0.7,0,1.0,0.4798703623018365,0.7451428122421093,0.5324650256426323,19.0,10,15
0_trivial,42,random,0.0009,100,2,0.01,1.0,0.0,0.7,0,1.0,0.4798703623018365,0.7451428122421093,0.5382964216030711,26.0,10,16
0_trivial,43,regular,0.1,100,2,0.01,1.0,0.0,0.7,0,1.0,0.5139312270933096,0.7447806562318926,0.5581931711878956,25.0,11,15
0_trivial,43,superintelligent,0.9,100,2,0.01,1.0,0.0,0.7,0,1.0,0.5139312270933096,0.7447806562318926,0.5593605812646378,10.0,10,16
0_trivial,43,oracle,1.0,100,2,0.01,1.0,0.0,0.7,0,1.0,0.5139312270933096,0.7447806562318926,0.5593605812646378,10.0,10,16
0_trivial,43,naive,0.009,100,2,0.01,1.0,0.0,0.7,0,1.0,0.5139312270933096,0.7447806562318926,0.5456446049645272,25.0,10,16
0_trivial,43,random,0.0009,100,2,0.01,1.0,0.0,0.7,0,1.0,0.5139312270933096,0.7447806562318926,0.5581931711878956,25.0,11,15
0_trivial,44,regular,0.1,100,2,0.01,1.0,0.0,0.7,0,1.0,0.4940513101231989,0.7474652558813676,0.5823554363141498,27.0,14,13
0_trivial,44,superintelligent,0.9,100,2,0.01,1.0,0.0,0.7,0,1.0,0.4940513101231989,0.7474652558813676,0.5897458462713658,15.0,15,12
0_trivial,44,oracle,1.0,100,2,0.01,1.0,0.0,0.7,0,1.0,0.4940513101231989,0.7474652558813676,0.5897458462713658,15.0,15,12
0_trivial,44,naive,0.009,100,2,0.01,1.0,0.0,0.7,0,1.0,0.4940513101231989,0.7474652558813676,0.5687390296076454,24.0,14,13
0_trivial,44,random,0.0009,100,2,0.01,1.0,0.0,0.7,0,1.0,0.4940513101231989,0.7474652558813676,0.5847512656002545,25.0,14,13
0_trivial,45,regular,0.1,100,2,0.01,1.0,0.0,0.7,0,1.0,0.4803764046658315,0.7387659693205872,0.5684048546685324,27.0,18,10
0_trivial,45,superintelligent,0.9,100,2,0.01,1.0,0.0,0.7,0,1.0,0.4803764046658315,0.7387659693205872,0.5684048546685324,18.0,18,10
0_trivial,45,oracle,1.0,100,2,0.01,1.0,0.0,0.7,0,1.0,0.4803764046658315,0.7387659693205872,0.5684048546685324,18.0,18,10
0_trivial,45,naive,0.009,100,2,0.01,1.0,0.0,0.7,0,1.0,0.4803764046658315,0.7387659693205872,0.5549955647217609,26.0,16,10
0_trivial,45,random,0.0009,100,2,0.01,1.0,0.0,0.7,0,1.0,0.4803764046658315,0.7387659693205872,0.5606840887507057,27.0,18,10
0_trivial,46,regular,0.1,100,2,0.01,1.0,0.0,0.7,0,1.0,0.48375951709132126,0.7287503101423812,0.558722570544738,21.0,11,15
0_trivial,46,superintelligent,0.9,100,2,0.01,1.0,0.0,0.7,0,1.0,0.48375951709132126,0.7287503101423812,0.5670038133032379,15.0,13,14
0_trivial,46,oracle,1.0,100,2,0.01,1.0,0.0,0.7,0,1.0,0.48375951709132126,0.7287503101423812,0.5670038133032379,13.0,13,14
0_trivial,46,naive,0.009,100,2,0.01,1.0,0.0,0.7,0,1.0,0.48375951709132126,0.7287503101423812,0.5670038133032379,27.0,13,14
0_trivial,46,random,0.0009,100,2,0.01,1.0,0.0,0.7,0,1.0,0.48375951709132126,0.7287503101423812,0.5434793170788106,22.0,11,14
0_trivial,47,regular,0.1,100,2,0.01,1.0,0.0,0.7,0,1.0,0.48842044631088405,0.743098364113784,0.6080467429623285,28.0,19,9
0_trivial,47,superintelligent,0.9,100,2,0.01,1.0,0.0,0.7,0,1.0,0.48842044631088405,0.743098364113784,0.6194314954096263,20.0,20,9
0_trivial,47,oracle,1.0,100,2,0.01,1.0,0.0,0.7,0,1.0,0.48842044631088405,0.743098364113784,0.6194314954096263,20.0,20,9
0_trivial,47,naive,0.009,100,2,0.01,1.0,0.0,0.7,0,1.0,0.48842044631088405,0.743098364113784,0.6106619471612184,27.0,20,8
0_trivial,47,random,0.0009,100,2,0.01,1.0,0.0,0.7,0,1.0,0.48842044631088405,0.743098364113784,0.6113905322131444,28.0,20,9
0_trivial,48,regular,0.1,100,2,0.01,1.0,0.0,0.7,0,1.0,0.45385241223295,0.751386449254027,0.5129603160365533,21.0,13,11
0_trivial,48,superintelligent,0.9,100,2,0.01,1.0,0.0,0.7,0,1.0,0.45385241223295,0.751386449254027,0.5144546523734502,13.0,13,13
0_trivial,48,oracle,1.0,100,2,0.01,1.0,0.0,0.7,0,1.0,0.45385241223295,0.751386449254027,0.5144546523734502,13.0,13,13
0_trivial,48,naive,0.009,100,2,0.01,1.0,0.0,0.7,0,1.0,0.45385241223295,0.751386449254027,0.5127524941337017,25.0,13,12
0_trivial,48,random,0.0009,100,2,0.01,1.0,0.0,0.7,0,1.0,0.45385241223295,0.751386449254027,0.5127524941337017,24.0,13,12
0_trivial,49,regular,0.1,100,2,0.01,1.0,0.0,0.7,0,1.0,0.49387280250322957,0.7671736922546197,0.5600249905747375,25.0,13,13
0_trivial,49,superintelligent,0.9,100,2,0.01,1.0,0.0,0.7,0,1.0,0.49387280250322957,0.7671736922546197,0.5600249905747375,13.0,13,13
0_trivial,49,oracle,1.0,100,2,0.01,1.0,0.0,0.7,0,1.0,0.49387280250322957,0.7671736922546197,0.5600249905747375,13.0,13,13
0_trivial,49,naive,0.009,100,2,0.01,1.0,0.0,0.7,0,1.0,0.49387280250322957,0.7671736922546197,0.5584712629702717,26.0,14,12
0_trivial,49,random,0.0009,100,2,0.01,1.0,0.0,0.7,0,1.0,0.49387280250322957,0.7671736922546197,0.5600249905747375,26.0,13,13
0_trivial,50,regular,0.1,100,2,0.01,1.0,0.0,0.7,0,1.0,0.5038100466842479,0.7339294852884053,0.5684857292442688,21.0,12,14
0_trivial,50,superintelligent,0.9,100,2,0.01,1.0,0.0,0.7,0,1.0,0.5038100466842479,0.7339294852884053,0.5649237814478915,15.0,13,14
0_trivial,50,oracle,1.0,100,2,0.01,1.0,0.0,0.7,0,1.0,0.5038100466842479,0.7339294852884053,0.5649237814478915,13.0,13,14
0_trivial,50,naive,0.009,100,2,0.01,1.0,0.0,0.7,0,1.0,0.5038100466842479,0.7339294852884053,0.5761005010630289,23.0,10,16
0_trivial,50,random,0.0009,100,2,0.01,1.0,0.0,0.7,0,1.0,0.5038100466842479,0.7339294852884053,0.565998827365843,25.0,12,15
0_trivial,51,regular,0.1,100,2,0.01,1.0,0.0,0.7,0,1.0,0.5705410584594766,0.7376529242071032,0.6164763561032194,22.0,13,11
0_trivial,51,superintelligent,0.9,100,2,0.01,1.0,0.0,0.7,0,1.0,0.5705410584594766,0.7376529242071032,0.6183703154858161,15.0,14,10
0_trivial,51,oracle,1.0,100,2,0.01,1.0,0.0,0.7,0,1.0,0.5705410584594766,0.7376529242071032,0.6183703154858161,14.0,14,10
0_trivial,51,naive,0.009,100,2,0.01,1.0,0.0,0.7,0,1.0,0.5705410584594766,0.7376529242071032,0.6164763561032194,24.0,13,11
0_trivial,51,random,0.0009,100,2,0.01,1.0,0.0,0.7,0,1.0,0.5705410584594766,0.7376529242071032,0.6164763561032194,24.0,13,11
0_trivial,52,regular,0.1,100,2,0.01,1.0,0.0,0.7,0,1.0,0.5239301581582512,0.7579929758360606,0.6066295118508082,22.0,14,12
0_trivial,52,superintelligent,0.9,100,2,0.01,1.0,0.0,0.7,0,1.0,0.5239301581582512,0.7579929758360606,0.6066295118508082,16.0,14,12
0_trivial,52,oracle,1.0,100,2,0.01,1.0,0.0,0.7,0,1.0,0.5239301581582512,0.7579929758360606,0.6066295118508082,14.0,14,12
0_trivial,52,naive,0.009,100,2,0.01,1.0,0.0,0.7,0,1.0,0.5239301581582512,0.7579929758360606,0.6066295118508082,23.0,14,12
0_trivial,52,random,0.0009,100,2,0.01,1.0,0.0,0.7,0,1.0,0.5239301581582512,0.7579929758360606,0.5903302574896391,26.0,16,12
0_trivial,53,regular,0.1,100,2,0.01,1.0,0.0,0.7,0,1.0,0.5187351407341003,0.7754338946983322,0.5761828838446712,23.0,10,13
0_trivial,53,superintelligent,0.9,100,2,0.01,1.0,0.0,0.7,0,1.0,0.5187351407341003,0.7754338946983322,0.5856077027609452,13.0,13,11
0_trivial,53,oracle,1.0,100,2,0.01,1.0,0.0,0.7,0,1.0,0.5187351407341003,0.7754338946983322,0.5856077027609452,13.0,13,11
0_trivial,53,naive,0.009,100,2,0.01,1.0,0.0,0.7,0,1.0,0.5187351407341003,0.7754338946983322,0.5664600661211899,20.0,9,13
0_trivial,53,random,0.0009,100,2,0.01,1.0,0.0,0.7,0,1.0,0.5187351407341003,0.7754338946983322,0.5750310030907172,20.0,11,12
0_trivial,54,regular,0.1,100,2,0.01,1.0,0.0,0.7,0,1.0,0.48568566830867693,0.725511734714787,0.5678070592857662,26.0,17,11
0_trivial,54,superintelligent,0.9,100,2,0.01,1.0,0.0,0.7,0,1.0,0.48568566830867693,0.725511734714787,0.57296615736934,18.0,18,10
0_trivial,54,oracle,1.0,100,2,0.01,1.0,0.0,0.7,0,1.0,0.48568566830867693,0.725511734714787,0.57296615736934,18.0,18,10
0_trivial,54,naive,0.009,100,2,0.01,1.0,0.0,0.7,0,1.0,0.48568566830867693,0.725511734714787,0.5670910294625925,27.0,16,12
0_trivial,54,random,0.0009,100,2,0.01,1.0,0.0,0.7,0,1.0,0.48568566830867693,0.725511734714787,0.5710331793461655,28.0,18,10
0_trivial,55,regular,0.1,100,2,0.01,1.0,0.0,0.7,0,1.0,0.537141449143855,0.7403711593488865,0.5975826272175437,20.0,10,14
0_trivial,55,superintelligent,0.9,100,2,0.01,1.0,0.0,0.7,0,1.0,0.537141449143855,0.7403711593488865,0.6025513761621861,10.0,9,14
0_trivial,55,oracle,1.0,100,2,0.01,1.0,0.0,0.7,0,1.0,0.537141449143855,0.7403711593488865,0.6025513761621861,9.0,9,14
0_trivial,55,naive,0.009,100,2,0.01,1.0,0.0,0.7,0,1.0,0.537141449143855,0.7403711593488865,0.5975826272175437,23.0,10,14
0_trivial,55,random,0.0009,100,2,0.01,1.0,0.0,0.7,0,1.0,0.537141449143855,0.7403711593488865,0.6025513761621861,20.0,9,14
0_trivial,56,regular,0.1,100,2,0.01,1.0,0.0,0.7,0,1.0,0.4950679211100048,0.7584913724774843,0.5460789508690712,20.0,9,11
0_trivial,56,superintelligent,0.9,100,2,0.01,1.0,0.0,0.7,0,1.0,0.4950679211100048,0.7584913724774843,0.5460789508690712,9.0,9,11
0_trivial,56,oracle,1.0,100,2,0.01,1.0,0.0,0.7,0,1.0,0.4950679211100048,0.7584913724774843,0.5460789508690712,9.0,9,11
0_trivial,56,naive,0.009,100,2,0.01,1.0,0.0,0.7,0,1.0,0.4950679211100048,0.7584913724774843,0.5390945604559071,20.0,8,12
0_trivial,56,random,0.0009,100,2,0.01,1.0,0.0,0.7,0,1.0,0.4950679211100048,0.7584913724774843,0.5430359752136692,19.0,9,11
0_trivial,57,regular,0.1,100,2,0.01,1.0,0.0,0.7,0,1.0,0.5565281678378755,0.7366152845274265,0.5909458199999387,23.0,7,16
0_trivial,57,superintelligent,0.9,100,2,0.01,1.0,0.0,0.7,0,1.0,0.5565281678378755,0.7366152845274265,0.5902087594250378,10.0,8,15
0_trivial,57,oracle,1.0,100,2,0.01,1.0,0.0,0.7,0,1.0,0.5565281678378755,0.7366152845274265,0.5902087594250378,8.0,8,15
0_trivial,57,naive,0.009,100,2,0.01,1.0,0.0,0.7,0,1.0,0.5565281678378755,0.7366152845274265,0.5872790653001941,20.0,6,17
0_trivial,57,random,0.0009,100,2,0.01,1.0,0.0,0.7,0,1.0,0.5565281678378755,0.7366152845274265,0.5865420047252933,23.0,7,16
0_trivial,58,regular,0.1,100,2,0.01,1.0,0.0,0.7,0,1.0,0.4984270915311151,0.7346685118568889,0.5801086503298278,26.0,12,15
0_trivial,58,superintelligent,0.9,100,2,0.01,1.0,0.0,0.7,0,1.0,0.4984270915311151,0.7346685118568889,0.5801997195005675,17.0,13,14
0_trivial,58,oracle,1.0,100,2,0.01,1.0,0.0,0.7,0,1.0,0.4984270915311151,0.7346685118568889,0.5801997195005675,13.0,13,14
0_trivial,58,naive,0.009,100,2,0.01,1.0,0.0,0.7,0,1.0,0.4984270915311151,0.7346685118568889,0.5695017833788811,24.0,14,13
0_trivial,58,random,0.0009,100,2,0.01,1.0,0.0,0.7,0,1.0,0.4984270915311151,0.7346685118568889,0.5801086503298278,24.0,12,15
0_trivial,59,regular,0.1,100,2,0.01,1.0,0.0,0.7,0,1.0,0.5061962070053326,0.7360124282785188,0.5448098064143904,18.0,8,14
0_trivial,59,superintelligent,0.9,100,2,0.01,1.0,0.0,0.7,0,1.0,0.5061962070053326,0.7360124282785188,0.545802633045741,9.0,9,13
0_trivial,59,oracle,1.0,100,2,0.01,1.0,0.0,0.7,0,1.0,0.5061962070053326,0.7360124282785188,0.545802633045741,9.0,9,13
0_trivial,59,naive,0.009,100,2,0.01,1.0,0.0,0.7,0,1.0,0.5061962070053326,0.7360124282785188,0.5510539103044971,25.0,11,14
0_trivial,59,random,0.0009,100,2,0.01,1.0,0.0,0.7,0,1.0,0.5061962070053326,0.7360124282785188,0.5510539103044971,23.0,11,14
0_trivial,60,regular,0.1,100,2,0.01,1.0,0.0,0.7,0,1.0,0.5202700188639242,0.7678921358844625,0.5840340563995349,27.0,14,15
0_trivial,60,superintelligent,0.9,100,2,0.01,1.0,0.0,0.7,0,1.0,0.5202700188639242,0.7678921358844625,0.5840340563995349,15.0,14,15
0_trivial,60,oracle,1.0,100,2,0.01,1.0,0.0,0.7,0,1.0,0.5202700188639242,0.7678921358844625,0.5840340563995349,14.0,14,15
0_trivial,60,naive,0.009,100,2,0.01,1.0,0.0,0.7,0,1.0,0.5202700188639242,0.7678921358844625,0.5763567329914481,28.0,14,15
0_trivial,60,random,0.0009,100,2,0.01,1.0,0.0,0.7,0,1.0,0.5202700188639242,0.7678921358844625,0.577321634004395,28.0,13,16
0_trivial,61,regular,0.1,100,2,0.01,1.0,0.0,0.7,0,1.0,0.5299011382249579,0.7289937339138503,0.5614248333298782,20.0,5,16
0_trivial,61,superintelligent,0.9,100,2,0.01,1.0,0.0,0.7,0,1.0,0.5299011382249579,0.7289937339138503,0.5635804004519602,6.0,6,15
0_trivial,61,oracle,1.0,100,2,0.01,1.0,0.0,0.7,0,1.0,0.5299011382249579,0.7289937339138503,0.5635804004519602,6.0,6,15
0_trivial,61,naive,0.009,100,2,0.01,1.0,0.0,0.7,0,1.0,0.5299011382249579,0.7289937339138503,0.5599506850621045,19.0,4,17
0_trivial,61,random,0.0009,100,2,0.01,1.0,0.0,0.7,0,1.0,0.5299011382249579,0.7289937339138503,0.5599506850621045,16.0,4,17
0_trivial,62,regular,0.1,100,2,0.01,1.0,0.0,0.7,0,1.0,0.45457658967987746,0.747980220998987,0.5353058335604163,21.0,12,12
0_trivial,62,superintelligent,0.9,100,2,0.01,1.0,0.0,0.7,0,1.0,0.45457658967987746,0.747980220998987,0.541257810884093,14.0,13,12
0_trivial,62,oracle,1.0,100,2,0.01,1.0,0.0,0.7,0,1.0,0.45457658967987746,0.747980220998987,0.541257810884093,13.0,13,12
0_trivial,62,naive,0.009,100,2,0.01,1.0,0.0,0.7,0,1.0,0.45457658967987746,0.747980220998987,0.5147638427521235,24.0,13,11
0_trivial,62,random,0.0009,100,2,0.01,1.0,0.0,0.7,0,1.0,0.45457658967987746,0.747980220998987,0.5145739181715173,24.0,13,12
0_trivial,63,regular,0.1,100,2,0.01,1.0,0.0,0.7,0,1.0,0.5119448638344384,0.7298004085911483,0.5515467656546054,24.0,11,15
0_trivial,63,superintelligent,0.9,100,2,0.01,1.0,0.0,0.7,0,1.0,0.5119448638344384,0.7298004085911483,0.5494791897703216,10.0,10,14
0_trivial,63,oracle,1.0,100,2,0.01,1.0,0.0,0.7,0,1.0,0.5119448638344384,0.7298004085911483,0.5494791897703216,10.0,10,14
0_trivial,63,naive,0.009,100,2,0.01,1.0,0.0,0.7,0,1.0,0.5119448638344384,0.7298004085911483,0.5478098564663053,26.0,11,16
0_trivial,63,random,0.0009,100,2,0.01,1.0,0.0,0.7,0,1.0,0.5119448638344384,0.7298004085911483,0.5576356530944271,24.0,12,14
0_trivial,64,regular,0.1,100,2,0.01,1.0,0.0,0.7,0,1.0,0.4895378351222434,0.7235821629733108,0.570987105520063,25.0,14,12
0_trivial,64,superintelligent,0.9,100,2,0.01,1.0,0.0,0.7,0,1.0,0.4895378351222434,0.7235821629733108,0.5769651570292718,16.0,14,12
0_trivial,64,oracle,1.0,100,2,0.01,1.0,0.0,0.7,0,1.0,0.4895378351222434,0.7235821629733108,0.5769651570292718,14.0,14,12
0_trivial,64,naive,0.009,100,2,0.01,1.0,0.0,0.7,0,1.0,0.4895378351222434,0.7235821629733108,0.5701455049760512,25.0,13,13
0_trivial,64,random,0.0009,100,2,0.01,1.0,0.0,0.7,0,1.0,0.4895378351222434,0.7235821629733108,0.5667305943576598,27.0,15,12
0_trivial,65,regular,0.1,100,2,0.01,1.0,0.0,0.7,0,1.0,0.5124585854801013,0.7370942633142141,0.5740971894703667,26.0,10,16
0_trivial,65,superintelligent,0.9,100,2,0.01,1.0,0.0,0.7,0,1.0,0.5124585854801013,0.7370942633142141,0.5740971894703667,10.0,10,16
0_trivial,65,oracle,1.0,100,2,0.01,1.0,0.0,0.7,0,1.0,0.5124585854801013,0.7370942633142141,0.5740971894703667,10.0,10,16
0_trivial,65,naive,0.009,100,2,0.01,1.0,0.0,0.7,0,1.0,0.5124585854801013,0.7370942633142141,0.5783384520804984,23.0,14,13
0_trivial,65,random,0.0009,100,2,0.01,1.0,0.0,0.7,0,1.0,0.5124585854801013,0.7370942633142141,0.5740971894703667,25.0,10,16
0_trivial,66,regular,0.1,100,2,0.01,1.0,0.0,0.7,0,1.0,0.5302767996263456,0.7530674829376157,0.5883214772860061,25.0,11,14
0_trivial,66,superintelligent,0.9,100,2,0.01,1.0,0.0,0.7,0,1.0,0.5302767996263456,0.7530674829376157,0.5883214772860061,11.0,11,14
0_trivial,66,oracle,1.0,100,2,0.01,1.0,0.0,0.7,0,1.0,0.5302767996263456,0.7530674829376157,0.5883214772860061,11.0,11,14
0_trivial,66,naive,0.009,100,2,0.01,1.0,0.0,0.7,0,1.0,0.5302767996263456,0.7530674829376157,0.5846125295517322,24.0,11,13
0_trivial,66,random,0.0009,100,2,0.01,1.0,0.0,0.7,0,1.0,0.5302767996263456,0.7530674829376157,0.5846125295517322,24.0,11,13
0_trivial,67,regular,0.1,100,2,0.01,1.0,0.0,0.7,0,1.0,0.5450458204990303,0.7393466376691732,0.5936207796579047,24.0,10,14
0_trivial,67,superintelligent,0.9,100,2,0.01,1.0,0.0,0.7,0,1.0,0.5450458204990303,0.7393466376691732,0.5936207796579047,11.0,10,14
0_trivial,67,oracle,1.0,100,2,0.01,1.0,0.0,0.7,0,1.0,0.5450458204990303,0.7393466376691732,0.5936207796579047,10.0,10,14
0_trivial,67,naive,0.009,100,2,0.01,1.0,0.0,0.7,0,1.0,0.5450458204990303,0.7393466376691732,0.5923494189463973,21.0,11,13
0_trivial,67,random,0.0009,100,2,0.01,1.0,0.0,0.7,0,1.0,0.5450458204990303,0.7393466376691732,0.5936207796579047,23.0,10,14
0_trivial,68,regular,0.1,100,2,0.01,1.0,0.0,0.7,0,1.0,0.4894510501937521,0.7694149388237229,0.5811205299296497,21.0,13,14
0_trivial,68,superintelligent,0.9,100,2,0.01,1.0,0.0,0.7,0,1.0,0.4894510501937521,0.7694149388237229,0.5851734780552799,15.0,14,13
0_trivial,68,oracle,1.0,100,2,0.01,1.0,0.0,0.7,0,1.0,0.4894510501937521,0.7694149388237229,0.5851734780552799,14.0,14,13
0_trivial,68,naive,0.009,100,2,0.01,1.0,0.0,0.7,0,1.0,0.4894510501937521,0.7694149388237229,0.5850558078565853,24.0,14,13
0_trivial,68,random,0.0009,100,2,0.01,1.0,0.0,0.7,0,1.0,0.4894510501937521,0.7694149388237229,0.5811205299296497,26.0,13,14
0_trivial,69,regular,0.1,100,2,0.01,1.0,0.0,0.7,0,1.0,0.5029924230397337,0.7471780770950553,0.5609655487180603,26.0,12,14
0_trivial,69,superintelligent,0.9,100,2,0.01,1.0,0.0,0.7,0,1.0,0.5029924230397337,0.7471780770950553,0.5609655487180603,14.0,12,14
0_trivial,69,oracle,1.0,100,2,0.01,1.0,0.0,0.7,0,1.0,0.5029924230397337,0.7471780770950553,0.5609655487180603,12.0,12,14
0_trivial,69,naive,0.009,100,2,0.01,1.0,0.0,0.7,0,1.0,0.5029924230397337,0.7471780770950553,0.5599547882179872,23.0,11,15
0_trivial,69,random,0.0009,100,2,0.01,1.0,0.0,0.7,0,1.0,0.5029924230397337,0.7471780770950553,0.5599547882179872,24.0,11,15
0_trivial,70,regular,0.1,100,2,0.01,1.0,0.0,0.7,0,1.0,0.4909186243983883,0.7187389069022857,0.520713056241803,19.0,6,19
0_trivial,70,superintelligent,0.9,100,2,0.01,1.0,0.0,0.7,0,1.0,0.4909186243983883,0.7187389069022857,0.5243136693760672,10.0,7,18
0_trivial,70,oracle,1.0,100,2,0.01,1.0,0.0,0.7,0,1.0,0.4909186243983883,0.7187389069022857,0.5243136693760672,7.0,7,18
0_trivial,70,naive,0.009,100,2,0.01,1.0,0.0,0.7,0,1.0,0.4909186243983883,0.7187389069022857,0.5183541363364478,25.0,5,20
0_trivial,70,random,0.0009,100,2,0.01,1.0,0.0,0.7,0,1.0,0.4909186243983883,0.7187389069022857,0.5243136693760672,21.0,7,18
0_trivial,71,regular,0.1,100,2,0.01,1.0,0.0,0.7,0,1.0,0.4721527052541554,0.7488369545923934,0.5200531465543435,21.0,7,16
0_trivial,71,superintelligent,0.9,100,2,0.01,1.0,0.0,0.7,0,1.0,0.4721527052541554,0.7488369545923934,0.5416834704025055,12.0,12,15
0_trivial,71,oracle,1.0,100,2,0.01,1.0,0.0,0.7,0,1.0,0.4721527052541554,0.7488369545923934,0.5416834704025055,12.0,12,15
0_trivial,71,naive,0.009,100,2,0.01,1.0,0.0,0.7,0,1.0,0.4721527052541554,0.7488369545923934,0.5299371018781663,22.0,12,15
0_trivial,71,random,0.0009,100,2,0.01,1.0,0.0,0.7,0,1.0,0.4721527052541554,0.7488369545923934,0.5299371018781663,26.0,12,15
0_trivial,72,regular,0.1,100,2,0.01,1.0,0.0,0.7,0,1.0,0.48507044539011795,0.7238268826848018,0.5533859738361528,24.0,12,13
0_trivial,72,superintelligent,0.9,100,2,0.01,1.0,0.0,0.7,0,1.0,0.48507044539011795,0.7238268826848018,0.5536034333976999,12.0,12,13
0_trivial,72,oracle,1.0,100,2,0.01,1.0,0.0,0.7,0,1.0,0.48507044539011795,0.7238268826848018,0.5536034333976999,12.0,12,13
0_trivial,72,naive,0.009,100,2,0.01,1.0,0.0,0.7,0,1.0,0.48507044539011795,0.7238268826848018,0.5533859738361528,25.0,12,13
0_trivial,72,random,0.0009,100,2,0.01,1.0,0.0,0.7,0,1.0,0.48507044539011795,0.7238268826848018,0.5533859738361528,25.0,12,13
0_trivial,73,regular,0.1,100,2,0.01,1.0,0.0,0.7,0,1.0,0.47033670652754034,0.7732309589284032,0.555649623384197,25.0,13,13
0_trivial,73,superintelligent,0.9,100,2,0.01,1.0,0.0,0.7,0,1.0,0.47033670652754034,0.7732309589284032,0.5577784757927615,16.0,14,13
0_trivial,73,oracle,1.0,100,2,0.01,1.0,0.0,0.7,0,1.0,0.47033670652754034,0.7732309589284032,0.5577784757927615,14.0,14,13
0_trivial,73,naive,0.009,100,2,0.01,1.0,0.0,0.7,0,1.0,0.47033670652754034,0.7732309589284032,0.555649623384197,26.0,13,13
0_trivial,73,random,0.0009,100,2,0.01,1.0,0.0,0.7,0,1.0,0.47033670652754034,0.7732309589284032,0.557678275527692,25.0,13,14
0_trivial,74,regular,0.1,100,2,0.01,1.0,0.0,0.7,0,1.0,0.5209239640292371,0.7466916042228043,0.5669762214453816,18.0,9,11
0_trivial,74,superintelligent,0.9,100,2,0.01,1.0,0.0,0.7,0,1.0,0.5209239640292371,0.7466916042228043,0.5669762214453816,9.0,9,11
0_trivial,74,oracle,1.0,100,2,0.01,1.0,0.0,0.7,0,1.0,0.5209239640292371,0.7466916042228043,0.5669762214453816,9.0,9,11
0_trivial,74,naive,0.009,100,2,0.01,1.0,0.0,0.7,0,1.0,0.5209239640292371,0.7466916042228043,0.5633320431322785,20.0,10,10
0_trivial,74,random,0.0009,100,2,0.01,1.0,0.0,0.7,0,1.0,0.5209239640292371,0.7466916042228043,0.5633320431322785,18.0,10,10
0_trivial,75,regular,0.1,100,2,0.01,1.0,0.0,0.7,0,1.0,0.5180996260703378,0.7425666632898172,0.5915182278280527,22.0,16,8
0_trivial,75,superintelligent,0.9,100,2,0.01,1.0,0.0,0.7,0,1.0,0.5180996260703378,0.7425666632898172,0.5915182278280527,17.0,16,8
0_trivial,75,oracle,1.0,100,2,0.01,1.0,0.0,0.7,0,1.0,0.5180996260703378,0.7425666632898172,0.5915182278280527,16.0,16,8
0_trivial,75,naive,0.009,100,2,0.01,1.0,0.0,0.7,0,1.0,0.5180996260703378,0.7425666632898172,0.5823354141105461,24.0,14,10
0_trivial,75,random,0.0009,100,2,0.01,1.0,0.0,0.7,0,1.0,0.5180996260703378,0.7425666632898172,0.5874980912884671,23.0,15,9
0_trivial,76,regular,0.1,100,2,0.01,1.0,0.0,0.7,0,1.0,0.5292690540264726,0.7572044226351234,0.6007158130505027,25.0,15,12
0_trivial,76,superintelligent,0.9,100,2,0.01,1.0,0.0,0.7,0,1.0,0.5292690540264726,0.7572044226351234,0.6062140399185967,15.0,14,11
0_trivial,76,oracle,1.0,100,2,0.01,1.0,0.0,0.7,0,1.0,0.5292690540264726,0.7572044226351234,0.6062140399185967,14.0,14,11
0_trivial,76,naive,0.009,100,2,0.01,1.0,0.0,0.7,0,1.0,0.5292690540264726,0.7572044226351234,0.6049045910836233,24.0,15,10
0_trivial,76,random,0.0009,100,2,0.01,1.0,0.0,0.7,0,1.0,0.5292690540264726,0.7572044226351234,0.5938541306228222,26.0,16,11
0_trivial,77,regular,0.1,100,2,0.01,1.0,0.0,0.7,0,1.0,0.5619948376843449,0.757468431334837,0.6138123814277433,19.0,8,12
0_trivial,77,superintelligent,0.9,100,2,0.01,1.0,0.0,0.7,0,1.0,0.5619948376843449,0.757468431334837,0.6185987176562724,9.0,9,13
0_trivial,77,oracle,1.0,100,2,0.01,1.0,0.0,0.7,0,1.0,0.5619948376843449,0.757468431334837,0.6185987176562724,9.0,9,13
0_trivial,77,naive,0.009,100,2,0.01,1.0,0.0,0.7,0,1.0,0.5619948376843449,0.757468431334837,0.6060828499831535,17.0,7,14
0_trivial,77,random,0.0009,100,2,0.01,1.0,0.0,0.7,0,1.0,0.5619948376843449,0.757468431334837,0.6185987176562724,18.0,9,13
0_trivial,78,regular,0.1,100,2,0.01,1.0,0.0,0.7,0,1.0,0.4787501991264304,0.7200557641388028,0.53803651429746,22.0,8,17
0_trivial,78,superintelligent,0.9,100,2,0.01,1.0,0.0,0.7,0,1.0,0.4787501991264304,0.7200557641388028,0.5386023182557502,11.0,9,17
0_trivial,78,oracle,1.0,100,2,0.01,1.0,0.0,0.7,0,1.0,0.4787501991264304,0.7200557641388028,0.5386023182557502,9.0,9,17
0_trivial,78,naive,0.009,100,2,0.01,1.0,0.0,0.7,0,1.0,0.4787501991264304,0.7200557641388028,0.53803651429746,22.0,8,17
0_trivial,78,random,0.0009,100,2,0.01,1.0,0.0,0.7,0,1.0,0.4787501991264304,0.7200557641388028,0.53803651429746,24.0,8,17
0_trivial,79,regular,0.1,100,2,0.01,1.0,0.0,0.7,0,1.0,0.5060247214302543,0.726964205153868,0.5249119570193576,7.0,3,18
0_trivial,79,superintelligent,0.9,100,2,0.01,1.0,0.0,0.7,0,1.0,0.5060247214302543,0.726964205153868,0.5249119570193576,3.0,3,18
0_trivial,79,oracle,1.0,100,2,0.01,1.0,0.0,0.7,0,1.0,0.5060247214302543,0.726964205153868,0.5249119570193576,3.0,3,18
0_trivial,79,naive,0.009,100,2,0.01,1.0,0.0,0.7,0,1.0,0.5060247214302543,0.726964205153868,0.5240567475346758,20.0,4,19
0_trivial,79,random,0.0009,100,2,0.01,1.0,0.0,0.7,0,1.0,0.5060247214302543,0.726964205153868,0.5202783550473519,14.0,2,18
0_trivial,80,regular,0.1,100,2,0.01,1.0,0.0,0.7,0,1.0,0.4716888431860419,0.7137421766425077,0.5245211016948583,24.0,9,16
0_trivial,80,superintelligent,0.9,100,2,0.01,1.0,0.0,0.7,0,1.0,0.4716888431860419,0.7137421766425077,0.5279551252385771,12.0,10,15
0_trivial,80,oracle,1.0,100,2,0.01,1.0,0.0,0.7,0,1.0,0.4716888431860419,0.7137421766425077,0.5279551252385771,10.0,10,15
0_trivial,80,naive,0.009,100,2,0.01,1.0,0.0,0.7,0,1.0,0.4716888431860419,0.7137421766425077,0.5279551252385771,21.0,10,15
0_trivial,80,random,0.0009,100,2,0.01,1.0,0.0,0.7,0,1.0,0.4716888431860419,0.7137421766425077,0.5281391542346012,23.0,12,13
0_trivial,81,regular,0.1,100,2,0.01,1.0,0.0,0.7,0,1.0,0.48851646066655086,0.7170370433924252,0.5381049671956154,22.0,11,11
0_trivial,81,superintelligent,0.9,100,2,0.01,1.0,0.0,0.7,0,1.0,0.48851646066655086,0.7170370433924252,0.5406659755912843,11.0,11,12
0_trivial,81,oracle,1.0,100,2,0.01,1.0,0.0,0.7,0,1.0,0.48851646066655086,0.7170370433924252,0.5406659755912843,11.0,11,12
0_trivial,81,naive,0.009,100,2,0.01,1.0,0.0,0.7,0,1.0,0.48851646066655086,0.7170370433924252,0.5396338974174978,22.0,12,11
0_trivial,81,random,0.0009,100,2,0.01,1.0,0.0,0.7,0,1.0,0.48851646066655086,0.7170370433924252,0.5396269552034603,20.0,11,12
0_trivial,82,regular,0.1,100,2,0.01,1.0,0.0,0.7,0,1.0,0.527438792337098,0.7395080912390319,0.5800447835979515,17.0,8,17
0_trivial,82,superintelligent,0.9,100,2,0.01,1.0,0.0,0.7,0,1.0,0.527438792337098,0.7395080912390319,0.5800447835979515,8.0,8,17
0_trivial,82,oracle,1.0,100,2,0.01,1.0,0.0,0.7,0,1.0,0.527438792337098,0.7395080912390319,0.5800447835979515,8.0,8,17
0_trivial,82,naive,0.009,100,2,0.01,1.0,0.0,0.7,0,1.0,0.527438792337098,0.7395080912390319,0.5822839537792768,22.0,10,15
0_trivial,82,random,0.0009,100,2,0.01,1.0,0.0,0.7,0,1.0,0.527438792337098,0.7395080912390319,0.5822839537792768,25.0,10,15
0_trivial,83,regular,0.1,100,2,0.01,1.0,0.0,0.7,0,1.0,0.47170092243120715,0.7438598575195369,0.5360283382143516,24.0,12,14
0_trivial,83,superintelligent,0.9,100,2,0.01,1.0,0.0,0.7,0,1.0,0.47170092243120715,0.7438598575195369,0.5432754361176869,13.0,11,15
0_trivial,83,oracle,1.0,100,2,0.01,1.0,0.0,0.7,0,1.0,0.47170092243120715,0.7438598575195369,0.5432754361176869,11.0,11,15
0_trivial,83,naive,0.009,100,2,0.01,1.0,0.0,0.7,0,1.0,0.47170092243120715,0.7438598575195369,0.5360283382143516,24.0,12,14
0_trivial,83,random,0.0009,100,2,0.01,1.0,0.0,0.7,0,1.0,0.47170092243120715,0.7438598575195369,0.5360283382143516,26.0,12,14
0_trivial,84,regular,0.1,100,2,0.01,1.0,0.0,0.7,0,1.0,0.48716187719229226,0.7455371866386311,0.5606308035917527,27.0,15,12
0_trivial,84,superintelligent,0.9,100,2,0.01,1.0,0.0,0.7,0,1.0,0.48716187719229226,0.7455371866386311,0.5606308035917527,15.0,15,12
0_trivial,84,oracle,1.0,100,2,0.01,1.0,0.0,0.7,0,1.0,0.48716187719229226,0.7455371866386311,0.5606308035917527,15.0,15,12
0_trivial,84,naive,0.009,100,2,0.01,1.0,0.0,0.7,0,1.0,0.48716187719229226,0.7455371866386311,0.5403065590435288,23.0,13,13
0_trivial,84,random,0.0009,100,2,0.01,1.0,0.0,0.7,0,1.0,0.48716187719229226,0.7455371866386311,0.5606308035917527,26.0,15,12
0_trivial,85,regular,0.1,100,2,0.01,1.0,0.0,0.7,0,1.0,0.5005732095487242,0.7484641285455134,0.5752374887571677,26.0,12,15
0_trivial,85,superintelligent,0.9,100,2,0.01,1.0,0.0,0.7,0,1.0,0.5005732095487242,0.7484641285455134,0.5896984960159842,17.0,17,10
0_trivial,85,oracle,1.0,100,2,0.01,1.0,0.0,0.7,0,1.0,0.5005732095487242,0.7484641285455134,0.5896984960159842,17.0,17,10
0_trivial,85,naive,0.009,100,2,0.01,1.0,0.0,0.7,0,1.0,0.5005732095487242,0.7484641285455134,0.5753926305332256,26.0,14,13
0_trivial,85,random,0.0009,100,2,0.01,1.0,0.0,0.7,0,1.0,0.5005732095487242,0.7484641285455134,0.5762645377928683,27.0,13,14
0_trivial,86,regular,0.1,100,2,0.01,1.0,0.0,0.7,0,1.0,0.5362046629928776,0.7420170729697741,0.5863139984816395,21.0,11,16
0_trivial,86,superintelligent,0.9,100,2,0.01,1.0,0.0,0.7,0,1.0,0.5362046629928776,0.7420170729697741,0.5863139984816395,12.0,11,16
0_trivial,86,oracle,1.0,100,2,0.01,1.0,0.0,0.7,0,1.0,0.5362046629928776,0.7420170729697741,0.5852152548046794,12.0,12,15
0_trivial,86,naive,0.009,100,2,0.01,1.0,0.0,0.7,0,1.0,0.5362046629928776,0.7420170729697741,0.5775364700369982,28.0,12,17
0_trivial,86,random,0.0009,100,2,0.01,1.0,0.0,0.7,0,1.0,0.5362046629928776,0.7420170729697741,0.5851102423295624,27.0,13,14
0_trivial,87,regular,0.1,100,2,0.01,1.0,0.0,0.7,0,1.0,0.4753350178539838,0.7132173529404524,0.5422936923838465,23.0,14,10
0_trivial,87,superintelligent,0.9,100,2,0.01,1.0,0.0,0.7,0,1.0,0.4753350178539838,0.7132173529404524,0.5442046055299258,12.0,12,10
0_trivial,87,oracle,1.0,100,2,0.01,1.0,0.0,0.7,0,1.0,0.4753350178539838,0.7132173529404524,0.5442046055299258,12.0,12,10
0_trivial,87,naive,0.009,100,2,0.01,1.0,0.0,0.7,0,1.0,0.4753350178539838,0.7132173529404524,0.5485234710456386,24.0,16,9
0_trivial,87,random,0.0009,100,2,0.01,1.0,0.0,0.7,0,1.0,0.4753350178539838,0.7132173529404524,0.5442046055299258,21.0,12,10
0_trivial,88,regular,0.1,100,2,0.01,1.0,0.0,0.7,0,1.0,0.4498743908670682,0.753990793659322,0.5429031501499967,27.0,19,8
0_trivial,88,superintelligent,0.9,100,2,0.01,1.0,0.0,0.7,0,1.0,0.4498743908670682,0.753990793659322,0.5451786499917735,18.0,17,8
0_trivial,88,oracle,1.0,100,2,0.01,1.0,0.0,0.7,0,1.0,0.4498743908670682,0.753990793659322,0.5451786499917735,17.0,17,8
0_trivial,88,naive,0.009,100,2,0.01,1.0,0.0,0.7,0,1.0,0.4498743908670682,0.753990793659322,0.5447406853771178,26.0,18,8
0_trivial,88,random,0.0009,100,2,0.01,1.0,0.0,0.7,0,1.0,0.4498743908670682,0.753990793659322,0.5407769012766463,25.0,18,7
0_trivial,89,regular,0.1,100,2,0.01,1.0,0.0,0.7,0,1.0,0.5152097684739507,0.7451290641030688,0.5620262068187384,18.0,13,8
0_trivial,89,superintelligent,0.9,100,2,0.01,1.0,0.0,0.7,0,1.0,0.5152097684739507,0.7451290641030688,0.5654006588753834,12.0,11,10
0_trivial,89,oracle,1.0,100,2,0.01,1.0,0.0,0.7,0,1.0,0.5152097684739507,0.7451290641030688,0.5654006588753834,11.0,11,10
0_trivial,89,naive,0.009,100,2,0.01,1.0,0.0,0.7,0,1.0,0.5152097684739507,0.7451290641030688,0.5620262068187384,19.0,13,8
0_trivial,89,random,0.0009,100,2,0.01,1.0,0.0,0.7,0,1.0,0.5152097684739507,0.7451290641030688,0.5620262068187384,20.0,13,8
0_trivial,90,regular,0.1,100,2,0.01,1.0,0.0,0.7,0,1.0,0.4844583635927319,0.7549154125642269,0.5631981968880926,21.0,15,6
0_trivial,90,superintelligent,0.9,100,2,0.01,1.0,0.0,0.7,0,1.0,0.4844583635927319,0.7549154125642269,0.5631981968880926,16.0,15,6
0_trivial,90,oracle,1.0,100,2,0.01,1.0,0.0,0.7,0,1.0,0.4844583635927319,0.7549154125642269,0.5663472618737342,14.0,14,7
0_trivial,90,naive,0.009,100,2,0.01,1.0,0.0,0.7,0,1.0,0.4844583635927319,0.7549154125642269,0.5631981968880926,20.0,15,6
0_trivial,90,random,0.0009,100,2,0.01,1.0,0.0,0.7,0,1.0,0.4844583635927319,0.7549154125642269,0.5607090905463008,23.0,17,7
0_trivial,91,regular,0.1,100,2,0.01,1.0,0.0,0.7,0,1.0,0.4936342708487034,0.7378108938780573,0.5573680209046687,26.0,14,13
0_trivial,91,superintelligent,0.9,100,2,0.01,1.0,0.0,0.7,0,1.0,0.4936342708487034,0.7378108938780573,0.5573680209046687,15.0,14,13
0_trivial,91,oracle,1.0,100,2,0.01,1.0,0.0,0.7,0,1.0,0.4936342708487034,0.7378108938780573,0.5573680209046687,14.0,14,13
0_trivial,91,naive,0.009,100,2,0.01,1.0,0.0,0.7,0,1.0,0.4936342708487034,0.7378108938780573,0.5522564398843297,25.0,15,12
0_trivial,91,random,0.0009,100,2,0.01,1.0,0.0,0.7,0,1.0,0.4936342708487034,0.7378108938780573,0.5563472870305471,27.0,15,12
0_trivial,92,regular,0.1,100,2,0.01,1.0,0.0,0.7,0,1.0,0.5008590647105006,0.7420376600037354,0.5626551069836562,21.0,12,11
0_trivial,92,superintelligent,0.9,100,2,0.01,1.0,0.0,0.7,0,1.0,0.5008590647105006,0.7420376600037354,0.564699054824428,12.0,11,12
0_trivial,92,oracle,1.0,100,2,0.01,1.0,0.0,0.7,0,1.0,0.5008590647105006,0.7420376600037354,0.564699054824428,11.0,11,12
0_trivial,92,naive,0.009,100,2,0.01,1.0,0.0,0.7,0,1.0,0.5008590647105006,0.7420376600037354,0.5615560733221922,23.0,12,11
0_trivial,92,random,0.0009,100,2,0.01,1.0,0.0,0.7,0,1.0,0.5008590647105006,0.7420376600037354,0.564699054824428,18.0,11,12
0_trivial,93,regular,0.1,100,2,0.01,1.0,0.0,0.7,0,1.0,0.5524147544375682,0.7499740359195242,0.579892750844428,20.0,8,15
0_trivial,93,superintelligent,0.9,100,2,0.01,1.0,0.0,0.7,0,1.0,0.5524147544375682,0.7499740359195242,0.579892750844428,8.0,8,15
0_trivial,93,oracle,1.0,100,2,0.01,1.0,0.0,0.7,0,1.0,0.5524147544375682,0.7499740359195242,0.579892750844428,8.0,8,15
0_trivial,93,naive,0.009,100,2,0.01,1.0,0.0,0.7,0,1.0,0.5524147544375682,0.7499740359195242,0.579892750844428,17.0,8,15
0_trivial,93,random,0.0009,100,2,0.01,1.0,0.0,0.7,0,1.0,0.5524147544375682,0.7499740359195242,0.579892750844428,19.0,8,15
0_trivial,94,regular,0.1,100,2,0.01,1.0,0.0,0.7,0,1.0,0.5219833737000593,0.7535418145446224,0.5441923913103348,20.0,9,11
0_trivial,94,superintelligent,0.9,100,2,0.01,1.0,0.0,0.7,0,1.0,0.5219833737000593,0.7535418145446224,0.5441923913103348,9.0,9,11
0_trivial,94,oracle,1.0,100,2,0.01,1.0,0.0,0.7,0,1.0,0.5219833737000593,0.7535418145446224,0.5441923913103348,9.0,9,11
0_trivial,94,naive,0.009,100,2,0.01,1.0,0.0,0.7,0,1.0,0.5219833737000593,0.7535418145446224,0.5440920501524875,18.0,8,12
0_trivial,94,random,0.0009,100,2,0.01,1.0,0.0,0.7,0,1.0,0.5219833737000593,0.7535418145446224,0.5441923913103348,18.0,9,11
0_trivial,95,regular,0.1,100,2,0.01,1.0,0.0,0.7,0,1.0,0.5018019151476522,0.7187801396770661,0.549005941202752,22.0,13,11
0_trivial,95,superintelligent,0.9,100,2,0.01,1.0,0.0,0.7,0,1.0,0.5018019151476522,0.7187801396770661,0.5535556855104166,13.0,12,12
0_trivial,95,oracle,1.0,100,2,0.01,1.0,0.0,0.7,0,1.0,0.5018019151476522,0.7187801396770661,0.5535556855104166,12.0,12,12
0_trivial,95,naive,0.009,100,2,0.01,1.0,0.0,0.7,0,1.0,0.5018019151476522,0.7187801396770661,0.549005941202752,22.0,13,11
0_trivial,95,random,0.0009,100,2,0.01,1.0,0.0,0.7,0,1.0,0.5018019151476522,0.7187801396770661,0.5528093656180283,24.0,13,11
0_trivial,96,regular,0.1,100,2,0.01,1.0,0.0,0.7,0,1.0,0.4729937294783071,0.7306198497678578,0.5220432382450595,20.0,11,10
0_trivial,96,superintelligent,0.9,100,2,0.01,1.0,0.0,0.7,0,1.0,0.4729937294783071,0.7306198497678578,0.5239074821352366,12.0,12,9
0_trivial,96,oracle,1.0,100,2,0.01,1.0,0.0,0.7,0,1.0,0.4729937294783071,0.7306198497678578,0.5239074821352366,12.0,12,9
0_trivial,96,naive,0.009,100,2,0.01,1.0,0.0,0.7,0,1.0,0.4729937294783071,0.7306198497678578,0.5294410798136795,21.0,14,9
0_trivial,96,random,0.0009,100,2,0.01,1.0,0.0,0.7,0,1.0,0.4729937294783071,0.7306198497678578,0.5239074821352366,20.0,12,9
0_trivial,97,regular,0.1,100,2,0.01,1.0,0.0,0.7,0,1.0,0.5122030539185984,0.7471150775237423,0.5808151457481909,24.0,14,11
0_trivial,97,superintelligent,0.9,100,2,0.01,1.0,0.0,0.7,0,1.0,0.5122030539185984,0.7471150775237423,0.5883311946338954,15.0,14,11
0_trivial,97,oracle,1.0,100,2,0.01,1.0,0.0,0.7,0,1.0,0.5122030539185984,0.7471150775237423,0.5883311946338954,14.0,14,11
0_trivial,97,naive,0.009,100,2,0.01,1.0,0.0,0.7,0,1.0,0.5122030539185984,0.7471150775237423,0.5883311946338954,25.0,14,11
0_trivial,97,random,0.0009,100,2,0.01,1.0,0.0,0.7,0,1.0,0.5122030539185984,0.7471150775237423,0.5861167700480325,24.0,15,10
0_trivial,98,regular,0.1,100,2,0.01,1.0,0.0,0.7,0,1.0,0.47064368688622316,0.7275021023119219,0.5282953335651531,24.0,14,14
0_trivial,98,superintelligent,0.9,100,2,0.01,1.0,0.0,0.7,0,1.0,0.47064368688622316,0.7275021023119219,0.5409202566464825,18.0,16,13
0_trivial,98,oracle,1.0,100,2,0.01,1.0,0.0,0.7,0,1.0,0.47064368688622316,0.7275021023119219,0.5409202566464825,16.0,16,13
0_trivial,98,naive,0.009,100,2,0.01,1.0,0.0,0.7,0,1.0,0.47064368688622316,0.7275021023119219,0.5282953335651531,27.0,14,14
0_trivial,98,random,0.0009,100,2,0.01,1.0,0.0,0.7,0,1.0,0.47064368688622316,0.7275021023119219,0.5341157749101929,25.0,14,14
0_trivial,99,regular,0.1,100,2,0.01,1.0,0.0,0.7,0,1.0,0.5055059281851252,0.7380755700005064,0.5583171150886261,23.0,10,15
0_trivial,99,superintelligent,0.9,100,2,0.01,1.0,0.0,0.7,0,1.0,0.5055059281851252,0.7380755700005064,0.5583171150886261,11.0,10,15
0_trivial,99,oracle,1.0,100,2,0.01,1.0,0.0,0.7,0,1.0,0.5055059281851252,0.7380755700005064,0.5583171150886261,10.0,10,15
0_trivial,99,naive,0.009,100,2,0.01,1.0,0.0,0.7,0,1.0,0.5055059281851252,0.7380755700005064,0.5583171150886261,25.0,10,15
0_trivial,99,random,0.0009,100,2,0.01,1.0,0.0,0.7,0,1.0,0.5055059281851252,0.7380755700005064,0.5563994049234193,18.0,9,17
1_disaster,0,regular,0.1,100,2,0.01,1.0,3.0,0.7,0,1.0,0.47902491648245027,0.6934697525977471,0.5079472962903553,72.0,10,304
1_disaster,0,superintelligent,0.9,100,2,0.01,1.0,3.0,0.7,0,1.0,0.47902491648245027,0.6934697525977471,0.5082724906619164,11.0,11,314
1_disaster,0,oracle,1.0,100,2,0.01,1.0,3.0,0.7,0,1.0,0.47902491648245027,0.6934697525977471,0.5082724906619164,11.0,11,314
1_disaster,0,naive,0.009,100,2,0.01,1.0,3.0,0.7,0,1.0,0.47902491648245027,0.6934697525977471,0.5082724906619164,297.0,11,314
1_disaster,0,random,0.0009,100,2,0.01,1.0,3.0,0.7,0,1.0,0.47902491648245027,0.6934697525977471,0.502883354490604,265.0,9,304
1_disaster,1,regular,0.1,100,2,0.01,1.0,3.0,0.7,0,1.0,0.48752521610833505,0.7521208098148231,0.5610170025028155,125.0,14,306
1_disaster,1,superintelligent,0.9,100,2,0.01,1.0,3.0,0.7,0,1.0,0.48752521610833505,0.7521208098148231,0.5610170025028155,17.0,14,313
1_disaster,1,oracle,1.0,100,2,0.01,1.0,3.0,0.7,0,1.0,0.48752521610833505,0.7521208098148231,0.5610170025028155,14.0,14,313
1_disaster,1,naive,0.009,100,2,0.01,1.0,3.0,0.7,0,1.0,0.48752521610833505,0.7521208098148231,0.5601597244276044,266.0,15,291
1_disaster,1,random,0.0009,100,2,0.01,1.0,3.0,0.7,0,1.0,0.48752521610833505,0.7521208098148231,0.5574923936441991,322.0,14,311
1_disaster,2,regular,0.1,100,2,0.01,1.0,3.0,0.7,0,1.0,0.4772904931401236,0.7447133674153246,0.5304856527961106,122.0,12,312
1_disaster,2,superintelligent,0.9,100,2,0.01,1.0,3.0,0.7,0,1.0,0.4772904931401236,0.7447133674153246,0.5461713082711259,17.0,14,310
1_disaster,2,oracle,1.0,100,2,0.01,1.0,3.0,0.7,0,1.0,0.4772904931401236,0.7447133674153246,0.5461713082711259,14.0,14,310
1_disaster,2,naive,0.009,100,2,0.01,1.0,3.0,0.7,0,1.0,0.4772904931401236,0.7447133674153246,0.5371441276859734,300.0,13,299
1_disaster,2,random,0.0009,100,2,0.01,1.0,3.0,0.7,0,1.0,0.4772904931401236,0.7447133674153246,0.5370092253230537,329.0,13,316
1_disaster,3,regular,0.1,100,2,0.01,1.0,3.0,0.7,0,1.0,0.5282113680586089,0.7409603108409631,0.5719928134528183,38.0,7,308
1_disaster,3,superintelligent,0.9,100,2,0.01,1.0,3.0,0.7,0,1.0,0.5282113680586089,0.7409603108409631,0.5719928134528183,7.0,7,314
1_disaster,3,oracle,1.0,100,2,0.01,1.0,3.0,0.7,0,1.0,0.5282113680586089,0.7409603108409631,0.5719928134528183,7.0,7,314
1_disaster,3,naive,0.009,100,2,0.01,1.0,3.0,0.7,0,1.0,0.5282113680586089,0.7409603108409631,0.567213306571509,263.0,9,293
1_disaster,3,random,0.0009,100,2,0.01,1.0,3.0,0.7,0,1.0,0.5282113680586089,0.7409603108409631,0.567213306571509,275.0,9,308
1_disaster,4,regular,0.1,100,2,0.01,1.0,3.0,0.7,0,1.0,0.5219727763731578,0.759868910949611,0.5640147121599779,55.0,8,286
1_disaster,4,superintelligent,0.9,100,2,0.01,1.0,3.0,0.7,0,1.0,0.5219727763731578,0.759868910949611,0.5640147121599779,10.0,8,313
1_disaster,4,oracle,1.0,100,2,0.01,1.0,3.0,0.7,0,1.0,0.5219727763731578,0.759868910949611,0.5640147121599779,8.0,8,313
1_disaster,4,naive,0.009,100,2,0.01,1.0,3.0,0.7,0,1.0,0.5219727763731578,0.759868910949611,0.561133271059509,277.0,9,310
1_disaster,4,random,0.0009,100,2,0.01,1.0,3.0,0.7,0,1.0,0.5219727763731578,0.759868910949611,0.5640147121599779,291.0,8,305
1_disaster,5,regular,0.1,100,2,0.01,1.0,3.0,0.7,0,1.0,0.5058394883176035,0.7404314083602497,0.5868070540215826,212.0,17,293
1_disaster,5,superintelligent,0.9,100,2,0.01,1.0,3.0,0.7,0,1.0,0.5058394883176035,0.7404314083602497,0.5994358126942482,15.0,15,313
1_disaster,5,oracle,1.0,100,2,0.01,1.0,3.0,0.7,0,1.0,0.5058394883176035,0.7404314083602497,0.5994358126942482,15.0,15,313
1_disaster,5,naive,0.009,100,2,0.01,1.0,3.0,0.7,0,1.0,0.5058394883176035,0.7404314083602497,0.5819777678711495,291.0,15,296
1_disaster,5,random,0.0009,100,2,0.01,1.0,3.0,0.7,0,1.0,0.5058394883176035,0.7404314083602497,0.5901051796791262,280.0,17,302
1_disaster,6,regular,0.1,100,2,0.01,1.0,3.0,0.7,0,1.0,0.4810495912195729,0.7384219697873298,0.5317983438858995,44.0,8,288
1_disaster,6,superintelligent,0.9,100,2,0.01,1.0,3.0,0.7,0,1.0,0.4810495912195729,0.7384219697873298,0.5317983438858995,12.0,8,313
1_disaster,6,oracle,1.0,100,2,0.01,1.0,3.0,0.7,0,1.0,0.4810495912195729,0.7384219697873298,0.5317983438858995,8.0,8,313
1_disaster,6,naive,0.009,100,2,0.01,1.0,3.0,0.7,0,1.0,0.4810495912195729,0.7384219697873298,0.5227912383803177,290.0,9,297
1_disaster,6,random,0.0009,100,2,0.01,1.0,3.0,0.7,0,1.0,0.4810495912195729,0.7384219697873298,0.5317983438858995,272.0,8,264
1_disaster,7,regular,0.1,100,2,0.01,1.0,3.0,0.7,0,1.0,0.5320619610615073,0.7135926494237497,0.5887287128594839,109.0,8,317
1_disaster,7,superintelligent,0.9,100,2,0.01,1.0,3.0,0.7,0,1.0,0.5320619610615073,0.7135926494237497,0.5887287128594839,9.0,8,318
1_disaster,7,oracle,1.0,100,2,0.01,1.0,3.0,0.7,0,1.0,0.5320619610615073,0.7135926494237497,0.5887287128594839,8.0,8,318
1_disaster,7,naive,0.009,100,2,0.01,1.0,3.0,0.7,0,1.0,0.5320619610615073,0.7135926494237497,0.5849785216571948,317.0,7,318
1_disaster,7,random,0.0009,100,2,0.01,1.0,3.0,0.7,0,1.0,0.5320619610615073,0.7135926494237497,0.5858393698805434,276.0,9,298
1_disaster,8,regular,0.1,100,2,0.01,1.0,3.0,0.7,0,1.0,0.549873380248416,0.751294806977678,0.6034451668131393,106.0,7,309
1_disaster,8,superintelligent,0.9,100,2,0.01,1.0,3.0,0.7,0,1.0,0.549873380248416,0.751294806977678,0.6034451668131393,7.0,7,319
1_disaster,8,oracle,1.0,100,2,0.01,1.0,3.0,0.7,0,1.0,0.549873380248416,0.751294806977678,0.6034451668131393,7.0,7,319
1_disaster,8,naive,0.009,100,2,0.01,1.0,3.0,0.7,0,1.0,0.549873380248416,0.751294806977678,0.5891616063986588,124.0,8,305
1_disaster,8,random,0.0009,100,2,0.01,1.0,3.0,0.7,0,1.0,0.549873380248416,0.751294806977678,0.5990101626925574,229.0,7,303
1_disaster,9,regular,0.1,100,2,0.01,1.0,3.0,0.7,0,1.0,0.5052671614407881,0.7432247316176981,0.5547500403545463,112.0,11,301
1_disaster,9,superintelligent,0.9,100,2,0.01,1.0,3.0,0.7,0,1.0,0.5052671614407881,0.7432247316176981,0.5570333093072256,12.0,10,313
1_disaster,9,oracle,1.0,100,2,0.01,1.0,3.0,0.7,0,1.0,0.5052671614407881,0.7432247316176981,0.5570333093072256,10.0,10,313
1_disaster,9,naive,0.009,100,2,0.01,1.0,3.0,0.7,0,1.0,0.5052671614407881,0.7432247316176981,0.5570333093072256,244.0,10,288
1_disaster,9,random,0.0009,100,2,0.01,1.0,3.0,0.7,0,1.0,0.5052671614407881,0.7432247316176981,0.5570333093072256,277.0,10,267
1_disaster,10,regular,0.1,100,2,0.01,1.0,3.0,0.7,0,1.0,0.564137851105175,0.7500502322935341,0.6185203669473974,75.0,10,315
1_disaster,10,superintelligent,0.9,100,2,0.01,1.0,3.0,0.7,0,1.0,0.564137851105175,0.7500502322935341,0.6185203669473974,11.0,10,316
1_disaster,10,oracle,1.0,100,2,0.01,1.0,3.0,0.7,0,1.0,0.564137851105175,0.7500502322935341,0.6185203669473974,10.0,10,316
1_disaster,10,naive,0.009,100,2,0.01,1.0,3.0,0.7,0,1.0,0.564137851105175,0.7500502322935341,0.6179359440811123,249.0,9,312
1_disaster,10,random,0.0009,100,2,0.01,1.0,3.0,0.7,0,1.0,0.564137851105175,0.7500502322935341,0.6179359440811123,274.0,9,302
1_disaster,11,regular,0.1,100,2,0.01,1.0,3.0,0.7,0,1.0,0.5209246329117424,0.7595054837740111,0.5949718547215143,134.0,13,286
1_disaster,11,superintelligent,0.9,100,2,0.01,1.0,3.0,0.7,0,1.0,0.5209246329117424,0.7595054837740111,0.5949718547215143,13.0,13,311
1_disaster,11,oracle,1.0,100,2,0.01,1.0,3.0,0.7,0,1.0,0.5209246329117424,0.7595054837740111,0.5949718547215143,13.0,13,311
1_disaster,11,naive,0.009,100,2,0.01,1.0,3.0,0.7,0,1.0,0.5209246329117424,0.7595054837740111,0.5943621056353368,276.0,12,299
1_disaster,11,random,0.0009,100,2,0.01,1.0,3.0,0.7,0,1.0,0.5209246329117424,0.7595054837740111,0.5840538141291927,312.0,16,296
1_disaster,12,regular,0.1,100,2,0.01,1.0,3.0,0.7,0,1.0,0.5254893828181229,0.7044709813266511,0.5990403312436723,96.0,11,237
1_disaster,12,superintelligent,0.9,100,2,0.01,1.0,3.0,0.7,0,1.0,0.5254893828181229,0.7044709813266511,0.5990403312436723,11.0,11,313
1_disaster,12,oracle,1.0,100,2,0.01,1.0,3.0,0.7,0,1.0,0.5254893828181229,0.7044709813266511,0.5990403312436723,11.0,11,313
1_disaster,12,naive,0.009,100,2,0.01,1.0,3.0,0.7,0,1.0,0.5254893828181229,0.7044709813266511,0.5990403312436723,312.0,11,304
1_disaster,12,random,0.0009,100,2,0.01,1.0,3.0,0.7,0,1.0,0.5254893828181229,0.7044709813266511,0.5990403312436723,280.0,11,313
1_disaster,13,regular,0.1,100,2,0.01,1.0,3.0,0.7,0,1.0,0.5169339533729953,0.7379943333077318,0.5721476116197285,117.0,14,307
1_disaster,13,superintelligent,0.9,100,2,0.01,1.0,3.0,0.7,0,1.0,0.5169339533729953,0.7379943333077318,0.5740060091240387,14.0,13,314
1_disaster,13,oracle,1.0,100,2,0.01,1.0,3.0,0.7,0,1.0,0.5169339533729953,0.7379943333077318,0.5740060091240387,13.0,13,314
1_disaster,13,naive,0.009,100,2,0.01,1.0,3.0,0.7,0,1.0,0.5169339533729953,0.7379943333077318,0.5783046373470172,327.0,13,315
1_disaster,13,random,0.0009,100,2,0.01,1.0,3.0,0.7,0,1.0,0.5169339533729953,0.7379943333077318,0.5695721316862301,325.0,15,310
1_disaster,14,regular,0.1,100,2,0.01,1.0,3.0,0.7,0,1.0,0.49701189212054153,0.7427892122405381,0.5358395125622903,80.0,6,319
1_disaster,14,superintelligent,0.9,100,2,0.01,1.0,3.0,0.7,0,1.0,0.49701189212054153,0.7427892122405381,0.5358395125622903,6.0,6,320
1_disaster,14,oracle,1.0,100,2,0.01,1.0,3.0,0.7,0,1.0,0.49701189212054153,0.7427892122405381,0.5358395125622903,6.0,6,320
1_disaster,14,naive,0.009,100,2,0.01,1.0,3.0,0.7,0,1.0,0.49701189212054153,0.7427892122405381,0.5358395125622903,72.0,6,317
1_disaster,14,random,0.0009,100,2,0.01,1.0,3.0,0.7,0,1.0,0.49701189212054153,0.7427892122405381,0.5378962647047353,219.0,7,289
1_disaster,15,regular,0.1,100,2,0.01,1.0,3.0,0.7,0,1.0,0.510895570889009,0.7311030453409162,0.5790722910257614,141.0,15,279
1_disaster,15,superintelligent,0.9,100,2,0.01,1.0,3.0,0.7,0,1.0,0.510895570889009,0.7311030453409162,0.5790722910257614,15.0,15,313
1_disaster,15,oracle,1.0,100,2,0.01,1.0,3.0,0.7,0,1.0,0.510895570889009,0.7311030453409162,0.5790722910257614,15.0,15,313
1_disaster,15,naive,0.009,100,2,0.01,1.0,3.0,0.7,0,1.0,0.510895570889009,0.7311030453409162,0.568998320131957,283.0,14,311
1_disaster,15,random,0.0009,100,2,0.01,1.0,3.0,0.7,0,1.0,0.510895570889009,0.7311030453409162,0.5702272266362016,325.0,16,309
1_disaster,16,regular,0.1,100,2,0.01,1.0,3.0,0.7,0,1.0,0.5073560769219686,0.7249032986959087,0.555535012377321,50.0,9,311
1_disaster,16,superintelligent,0.9,100,2,0.01,1.0,3.0,0.7,0,1.0,0.5073560769219686,0.7249032986959087,0.555535012377321,9.0,9,314
1_disaster,16,oracle,1.0,100,2,0.01,1.0,3.0,0.7,0,1.0,0.5073560769219686,0.7249032986959087,0.555535012377321,9.0,9,314
1_disaster,16,naive,0.009,100,2,0.01,1.0,3.0,0.7,0,1.0,0.5073560769219686,0.7249032986959087,0.5368941505590197,161.0,9,302
1_disaster,16,random,0.0009,100,2,0.01,1.0,3.0,0.7,0,1.0,0.5073560769219686,0.7249032986959087,0.5506385491597547,319.0,10,309
1_disaster,17,regular,0.1,100,2,0.01,1.0,3.0,0.7,0,1.0,0.5238300392650216,0.7576377490713865,0.5685191065702632,67.0,8,302
1_disaster,17,superintelligent,0.9,100,2,0.01,1.0,3.0,0.7,0,1.0,0.5238300392650216,0.7576377490713865,0.5685191065702632,8.0,8,316
1_disaster,17,oracle,1.0,100,2,0.01,1.0,3.0,0.7,0,1.0,0.5238300392650216,0.7576377490713865,0.5685191065702632,8.0,8,316
1_disaster,17,naive,0.009,100,2,0.01,1.0,3.0,0.7,0,1.0,0.5238300392650216,0.7576377490713865,0.5623274997332902,211.0,10,263
1_disaster,17,random,0.0009,100,2,0.01,1.0,3.0,0.7,0,1.0,0.5238300392650216,0.7576377490713865,0.5595101509493581,321.0,8,313
1_disaster,18,regular,0.1,100,2,0.01,1.0,3.0,0.7,0,1.0,0.4517487417610543,0.728273488073571,0.5309287703969205,110.0,13,273
1_disaster,18,superintelligent,0.9,100,2,0.01,1.0,3.0,0.7,0,1.0,0.4517487417610543,0.728273488073571,0.5326105207527305,14.0,14,310
1_disaster,18,oracle,1.0,100,2,0.01,1.0,3.0,0.7,0,1.0,0.4517487417610543,0.728273488073571,0.5326105207527305,14.0,14,310
1_disaster,18,naive,0.009,100,2,0.01,1.0,3.0,0.7,0,1.0,0.4517487417610543,0.728273488073571,0.5392661060569212,280.0,14,296
1_disaster,18,random,0.0009,100,2,0.01,1.0,3.0,0.7,0,1.0,0.4517487417610543,0.728273488073571,0.5326105207527305,322.0,14,308
1_disaster,19,regular,0.1,100,2,0.01,1.0,3.0,0.7,0,1.0,0.5202711611143493,0.7455132190743531,0.5774647087280117,115.0,12,309
1_disaster,19,superintelligent,0.9,100,2,0.01,1.0,3.0,0.7,0,1.0,0.5202711611143493,0.7455132190743531,0.581250952072804,13.0,11,311
1_disaster,19,oracle,1.0,100,2,0.01,1.0,3.0,0.7,0,1.0,0.5202711611143493,0.7455132190743531,0.581250952072804,11.0,11,311
1_disaster,19,naive,0.009,100,2,0.01,1.0,3.0,0.7,0,1.0,0.5202711611143493,0.7455132190743531,0.5622064541004252,310.0,8,302
1_disaster,19,random,0.0009,100,2,0.01,1.0,3.0,0.7,0,1.0,0.5202711611143493,0.7455132190743531,0.5622064541004252,290.0,8,310
1_disaster,20,regular,0.1,100,2,0.01,1.0,3.0,0.7,0,1.0,0.4300415210773752,0.7171962993501999,0.5218543986980049,93.0,15,304
1_disaster,20,superintelligent,0.9,100,2,0.01,1.0,3.0,0.7,0,1.0,0.4300415210773752,0.7171962993501999,0.5218543986980049,21.0,15,312
1_disaster,20,oracle,1.0,100,2,0.01,1.0,3.0,0.7,0,1.0,0.4300415210773752,0.7171962993501999,0.5218543986980049,15.0,15,312
1_disaster,20,naive,0.009,100,2,0.01,1.0,3.0,0.7,0,1.0,0.4300415210773752,0.7171962993501999,0.5132405057976227,303.0,15,296
1_disaster,20,random,0.0009,100,2,0.01,1.0,3.0,0.7,0,1.0,0.4300415210773752,0.7171962993501999,0.5218543986980049,325.0,15,310
1_disaster,21,regular,0.1,100,2,0.01,1.0,3.0,0.7,0,1.0,0.4398082675709067,0.7411321149174644,0.5148414745116324,131.0,16,299
1_disaster,21,superintelligent,0.9,100,2,0.01,1.0,3.0,0.7,0,1.0,0.4398082675709067,0.7411321149174644,0.5151128852035154,18.0,17,310
1_disaster,21,oracle,1.0,100,2,0.01,1.0,3.0,0.7,0,1.0,0.4398082675709067,0.7411321149174644,0.5151128852035154,17.0,17,310
1_disaster,21,naive,0.009,100,2,0.01,1.0,3.0,0.7,0,1.0,0.4398082675709067,0.7411321149174644,0.5106686165759398,292.0,13,309
1_disaster,21,random,0.0009,100,2,0.01,1.0,3.0,0.7,0,1.0,0.4398082675709067,0.7411321149174644,0.5077960956145651,318.0,12,307
1_disaster,22,regular,0.1,100,2,0.01,1.0,3.0,0.7,0,1.0,0.5430384637404105,0.7327462497534296,0.5683794246112557,65.0,6,316
1_disaster,22,superintelligent,0.9,100,2,0.01,1.0,3.0,0.7,0,1.0,0.5430384637404105,0.7327462497534296,0.5683794246112557,6.0,6,317
1_disaster,22,oracle,1.0,100,2,0.01,1.0,3.0,0.7,0,1.0,0.5430384637404105,0.7327462497534296,0.5683794246112557,6.0,6,317
1_disaster,22,naive,0.009,100,2,0.01,1.0,3.0,0.7,0,1.0,0.5430384637404105,0.7327462497534296,0.5651733891881836,248.0,6,315
1_disaster,22,random,0.0009,100,2,0.01,1.0,3.0,0.7,0,1.0,0.5430384637404105,0.7327462497534296,0.5651733891881836,272.0,6,298
1_disaster,23,regular,0.1,100,2,0.01,1.0,3.0,0.7,0,1.0,0.46671284355877335,0.7210846409383805,0.544275232420147,87.0,10,283
1_disaster,23,superintelligent,0.9,100,2,0.01,1.0,3.0,0.7,0,1.0,0.46671284355877335,0.7210846409383805,0.5493665744186206,11.0,10,319
1_disaster,23,oracle,1.0,100,2,0.01,1.0,3.0,0.7,0,1.0,0.46671284355877335,0.7210846409383805,0.5493665744186206,10.0,10,319
1_disaster,23,naive,0.009,100,2,0.01,1.0,3.0,0.7,0,1.0,0.46671284355877335,0.7210846409383805,0.5388225436625423,329.0,12,317
1_disaster,23,random,0.0009,100,2,0.01,1.0,3.0,0.7,0,1.0,0.46671284355877335,0.7210846409383805,0.5493665744186206,258.0,10,300
1_disaster,24,regular,0.1,100,2,0.01,1.0,3.0,0.7,0,1.0,0.47140343093056636,0.7079442171229247,0.5373394630293769,52.0,11,314
1_disaster,24,superintelligent,0.9,100,2,0.01,1.0,3.0,0.7,0,1.0,0.47140343093056636,0.7079442171229247,0.5410266364640299,13.0,10,316
1_disaster,24,oracle,1.0,100,2,0.01,1.0,3.0,0.7,0,1.0,0.47140343093056636,0.7079442171229247,0.5410266364640299,10.0,10,316
1_disaster,24,naive,0.009,100,2,0.01,1.0,3.0,0.7,0,1.0,0.47140343093056636,0.7079442171229247,0.5333926757944013,302.0,13,289
1_disaster,24,random,0.0009,100,2,0.01,1.0,3.0,0.7,0,1.0,0.47140343093056636,0.7079442171229247,0.5327548218449045,294.0,13,302
1_disaster,25,regular,0.1,100,2,0.01,1.0,3.0,0.7,0,1.0,0.4623232793451343,0.7243702340751245,0.5142954452956017,65.0,7,288
1_disaster,25,superintelligent,0.9,100,2,0.01,1.0,3.0,0.7,0,1.0,0.4623232793451343,0.7243702340751245,0.5142954452956017,8.0,7,316
1_disaster,25,oracle,1.0,100,2,0.01,1.0,3.0,0.7,0,1.0,0.4623232793451343,0.7243702340751245,0.5142954452956017,7.0,7,316
1_disaster,25,naive,0.009,100,2,0.01,1.0,3.0,0.7,0,1.0,0.4623232793451343,0.7243702340751245,0.5210924963996022,263.0,10,313
1_disaster,25,random,0.0009,100,2,0.01,1.0,3.0,0.7,0,1.0,0.4623232793451343,0.7243702340751245,0.509798952773346,311.0,8,303
1_disaster,26,regular,0.1,100,2,0.01,1.0,3.0,0.7,0,1.0,0.48544457834891136,0.7500933159388907,0.5599014544352923,79.0,17,289
1_disaster,26,superintelligent,0.9,100,2,0.01,1.0,3.0,0.7,0,1.0,0.48544457834891136,0.7500933159388907,0.5622906562171174,18.0,17,310
1_disaster,26,oracle,1.0,100,2,0.01,1.0,3.0,0.7,0,1.0,0.48544457834891136,0.7500933159388907,0.5622906562171174,17.0,17,310
1_disaster,26,naive,0.009,100,2,0.01,1.0,3.0,0.7,0,1.0,0.48544457834891136,0.7500933159388907,0.5661592723189848,294.0,16,299
1_disaster,26,random,0.0009,100,2,0.01,1.0,3.0,0.7,0,1.0,0.48544457834891136,0.7500933159388907,0.5653024802022083,325.0,15,310
1_disaster,27,regular,0.1,100,2,0.01,1.0,3.0,0.7,0,1.0,0.4531426923581593,0.7420949249763515,0.5203319228090179,48.0,13,303
1_disaster,27,superintelligent,0.9,100,2,0.01,1.0,3.0,0.7,0,1.0,0.4531426923581593,0.7420949249763515,0.5203319228090179,13.0,13,314
1_disaster,27,oracle,1.0,100,2,0.01,1.0,3.0,0.7,0,1.0,0.4531426923581593,0.7420949249763515,0.5203319228090179,13.0,13,314
1_disaster,27,naive,0.009,100,2,0.01,1.0,3.0,0.7,0,1.0,0.4531426923581593,0.7420949249763515,0.5224269520313993,279.0,19,307
1_disaster,27,random,0.0009,100,2,0.01,1.0,3.0,0.7,0,1.0,0.4531426923581593,0.7420949249763515,0.5182068955982683,316.0,17,299
1_disaster,28,regular,0.1,100,2,0.01,1.0,3.0,0.7,0,1.0,0.5041333783088591,0.7449630521685976,0.5664949944554039,158.0,15,293
1_disaster,28,superintelligent,0.9,100,2,0.01,1.0,3.0,0.7,0,1.0,0.5041333783088591,0.7449630521685976,0.5682433841452211,16.0,16,312
1_disaster,28,oracle,1.0,100,2,0.01,1.0,3.0,0.7,0,1.0,0.5041333783088591,0.7449630521685976,0.5682433841452211,16.0,16,312
1_disaster,28,naive,0.009,100,2,0.01,1.0,3.0,0.7,0,1.0,0.5041333783088591,0.7449630521685976,0.5625499016465525,312.0,16,301
1_disaster,28,random,0.0009,100,2,0.01,1.0,3.0,0.7,0,1.0,0.5041333783088591,0.7449630521685976,0.5659157862743468,274.0,14,308
1_disaster,29,regular,0.1,100,2,0.01,1.0,3.0,0.7,0,1.0,0.4661309122696047,0.7283180726328343,0.5269442867932268,94.0,11,308
1_disaster,29,superintelligent,0.9,100,2,0.01,1.0,3.0,0.7,0,1.0,0.4661309122696047,0.7283180726328343,0.5269442867932268,11.0,11,312
1_disaster,29,oracle,1.0,100,2,0.01,1.0,3.0,0.7,0,1.0,0.4661309122696047,0.7283180726328343,0.5269442867932268,11.0,11,312
1_disaster,29,naive,0.009,100,2,0.01,1.0,3.0,0.7,0,1.0,0.4661309122696047,0.7283180726328343,0.516450234621368,238.0,9,307
1_disaster,29,random,0.0009,100,2,0.01,1.0,3.0,0.7,0,1.0,0.4661309122696047,0.7283180726328343,0.516450234621368,303.0,9,309
1_disaster,30,regular,0.1,100,2,0.01,1.0,3.0,0.7,0,1.0,0.4813778670720842,0.7537973778261059,0.5433571107486379,57.0,7,309
1_disaster,30,superintelligent,0.9,100,2,0.01,1.0,3.0,0.7,0,1.0,0.4813778670720842,0.7537973778261059,0.5433571107486379,8.0,7,317
1_disaster,30,oracle,1.0,100,2,0.01,1.0,3.0,0.7,0,1.0,0.4813778670720842,0.7537973778261059,0.5433571107486379,7.0,7,317
1_disaster,30,naive,0.009,100,2,0.01,1.0,3.0,0.7,0,1.0,0.4813778670720842,0.7537973778261059,0.538032332947331,175.0,7,295
1_disaster,30,random,0.0009,100,2,0.01,1.0,3.0,0.7,0,1.0,0.4813778670720842,0.7537973778261059,0.537672257401463,251.0,8,318
1_disaster,31,regular,0.1,100,2,0.01,1.0,3.0,0.7,0,1.0,0.5008709117449324,0.7324330185969012,0.5814541036884591,176.0,17,303
1_disaster,31,superintelligent,0.9,100,2,0.01,1.0,3.0,0.7,0,1.0,0.5008709117449324,0.7324330185969012,0.5814541036884591,22.0,17,312
1_disaster,31,oracle,1.0,100,2,0.01,1.0,3.0,0.7,0,1.0,0.5008709117449324,0.7324330185969012,0.5814541036884591,17.0,17,312
1_disaster,31,naive,0.009,100,2,0.01,1.0,3.0,0.7,0,1.0,0.5008709117449324,0.7324330185969012,0.5723036087808362,310.0,15,314
1_disaster,31,random,0.0009,100,2,0.01,1.0,3.0,0.7,0,1.0,0.5008709117449324,0.7324330185969012,0.5764314534926794,324.0,15,309
1_disaster,32,regular,0.1,100,2,0.01,1.0,3.0,0.7,0,1.0,0.4743742384613167,0.7160285636335176,0.5530014787993083,171.0,16,261
1_disaster,32,superintelligent,0.9,100,2,0.01,1.0,3.0,0.7,0,1.0,0.4743742384613167,0.7160285636335176,0.5568273484097002,18.0,17,312
1_disaster,32,oracle,1.0,100,2,0.01,1.0,3.0,0.7,0,1.0,0.4743742384613167,0.7160285636335176,0.5568273484097002,17.0,17,312
1_disaster,32,naive,0.009,100,2,0.01,1.0,3.0,0.7,0,1.0,0.4743742384613167,0.7160285636335176,0.5480501389539394,314.0,18,299
1_disaster,32,random,0.0009,100,2,0.01,1.0,3.0,0.7,0,1.0,0.4743742384613167,0.7160285636335176,0.5526066338934712,324.0,19,305
1_disaster,33,regular,0.1,100,2,0.01,1.0,3.0,0.7,0,1.0,0.48607811136954804,0.6980127691887692,0.5475739862508194,57.0,12,303
1_disaster,33,superintelligent,0.9,100,2,0.01,1.0,3.0,0.7,0,1.0,0.48607811136954804,0.6980127691887692,0.5475739862508194,15.0,12,309
1_disaster,33,oracle,1.0,100,2,0.01,1.0,3.0,0.7,0,1.0,0.48607811136954804,0.6980127691887692,0.5475739862508194,12.0,12,309
1_disaster,33,naive,0.009,100,2,0.01,1.0,3.0,0.7,0,1.0,0.48607811136954804,0.6980127691887692,0.5475739862508194,291.0,12,279
1_disaster,33,random,0.0009,100,2,0.01,1.0,3.0,0.7,0,1.0,0.48607811136954804,0.6980127691887692,0.5475739862508194,320.0,12,308
1_disaster,34,regular,0.1,100,2,0.01,1.0,3.0,0.7,0,1.0,0.5375516787378445,0.760279429802023,0.6212774229788152,158.0,15,255
1_disaster,34,superintelligent,0.9,100,2,0.01,1.0,3.0,0.7,0,1.0,0.5375516787378445,0.760279429802023,0.6212774229788152,16.0,15,312
1_disaster,34,oracle,1.0,100,2,0.01,1.0,3.0,0.7,0,1.0,0.5375516787378445,0.760279429802023,0.6212774229788152,15.0,15,312
1_disaster,34,naive,0.009,100,2,0.01,1.0,3.0,0.7,0,1.0,0.5375516787378445,0.760279429802023,0.6212774229788152,221.0,15,291
1_disaster,34,random,0.0009,100,2,0.01,1.0,3.0,0.7,0,1.0,0.5375516787378445,0.760279429802023,0.6212774229788152,318.0,15,311
1_disaster,35,regular,0.1,100,2,0.01,1.0,3.0,0.7,0,1.0,0.48043789904634415,0.722107564364462,0.5443557026519555,184.0,14,313
1_disaster,35,superintelligent,0.9,100,2,0.01,1.0,3.0,0.7,0,1.0,0.48043789904634415,0.722107564364462,0.5443557026519555,15.0,14,313
1_disaster,35,oracle,1.0,100,2,0.01,1.0,3.0,0.7,0,1.0,0.48043789904634415,0.722107564364462,0.5443557026519555,14.0,14,313
1_disaster,35,naive,0.009,100,2,0.01,1.0,3.0,0.7,0,1.0,0.48043789904634415,0.722107564364462,0.5451333593869733,220.0,13,291
1_disaster,35,random,0.0009,100,2,0.01,1.0,3.0,0.7,0,1.0,0.48043789904634415,0.722107564364462,0.5435651991074599,305.0,13,309
1_disaster,36,regular,0.1,100,2,0.01,1.0,3.0,0.7,0,1.0,0.5135664054026794,0.7490109373434103,0.5810864626266695,70.0,12,314
1_disaster,36,superintelligent,0.9,100,2,0.01,1.0,3.0,0.7,0,1.0,0.5135664054026794,0.7490109373434103,0.5810864626266695,14.0,12,314
1_disaster,36,oracle,1.0,100,2,0.01,1.0,3.0,0.7,0,1.0,0.5135664054026794,0.7490109373434103,0.5810864626266695,12.0,12,314
1_disaster,36,naive,0.009,100,2,0.01,1.0,3.0,0.7,0,1.0,0.5135664054026794,0.7490109373434103,0.580827835845739,270.0,13,267
1_disaster,36,random,0.0009,100,2,0.01,1.0,3.0,0.7,0,1.0,0.5135664054026794,0.7490109373434103,0.5768543269479359,196.0,14,283
1_disaster,37,regular,0.1,100,2,0.01,1.0,3.0,0.7,0,1.0,0.5053668517631545,0.764851102063691,0.5832189738776521,97.0,14,300
1_disaster,37,superintelligent,0.9,100,2,0.01,1.0,3.0,0.7,0,1.0,0.5053668517631545,0.764851102063691,0.5832189738776521,16.0,14,313
1_disaster,37,oracle,1.0,100,2,0.01,1.0,3.0,0.7,0,1.0,0.5053668517631545,0.764851102063691,0.5832189738776521,14.0,14,313
1_disaster,37,naive,0.009,100,2,0.01,1.0,3.0,0.7,0,1.0,0.5053668517631545,0.764851102063691,0.5809134095691464,307.0,15,311
1_disaster,37,random,0.0009,100,2,0.01,1.0,3.0,0.7,0,1.0,0.5053668517631545,0.764851102063691,0.5804491636652375,317.0,16,301
1_disaster,38,regular,0.1,100,2,0.01,1.0,3.0,0.7,0,1.0,0.5323780683538115,0.7482853113130902,0.5872318995002164,75.0,13,255
1_disaster,38,superintelligent,0.9,100,2,0.01,1.0,3.0,0.7,0,1.0,0.5323780683538115,0.7482853113130902,0.5872318995002164,16.0,13,310
1_disaster,38,oracle,1.0,100,2,0.01,1.0,3.0,0.7,0,1.0,0.5323780683538115,0.7482853113130902,0.5872318995002164,13.0,13,310
1_disaster,38,naive,0.009,100,2,0.01,1.0,3.0,0.7,0,1.0,0.5323780683538115,0.7482853113130902,0.5785819457770252,244.0,11,258
1_disaster,38,random,0.0009,100,2,0.01,1.0,3.0,0.7,0,1.0,0.5323780683538115,0.7482853113130902,0.5719492366677028,289.0,10,311
1_disaster,39,regular,0.1,100,2,0.01,1.0,3.0,0.7,0,1.0,0.5059069529033515,0.7356860520853669,0.5496880765240633,66.0,9,301
1_disaster,39,superintelligent,0.9,100,2,0.01,1.0,3.0,0.7,0,1.0,0.5059069529033515,0.7356860520853669,0.5522618868270683,12.0,12,312
1_disaster,39,oracle,1.0,100,2,0.01,1.0,3.0,0.7,0,1.0,0.5059069529033515,0.7356860520853669,0.5522618868270683,12.0,12,312
1_disaster,39,naive,0.009,100,2,0.01,1.0,3.0,0.7,0,1.0,0.5059069529033515,0.7356860520853669,0.553893328770344,322.0,13,309
1_disaster,39,random,0.0009,100,2,0.01,1.0,3.0,0.7,0,1.0,0.5059069529033515,0.7356860520853669,0.5564878496956416,314.0,12,309
1_disaster,40,regular,0.1,100,2,0.01,1.0,3.0,0.7,0,1.0,0.4595541961302792,0.728318490589833,0.5439904543022032,136.0,13,289
1_disaster,40,superintelligent,0.9,100,2,0.01,1.0,3.0,0.7,0,1.0,0.4595541961302792,0.728318490589833,0.5487802110790397,16.0,14,309
1_disaster,40,oracle,1.0,100,2,0.01,1.0,3.0,0.7,0,1.0,0.4595541961302792,0.728318490589833,0.5487802110790397,14.0,14,309
1_disaster,40,naive,0.009,100,2,0.01,1.0,3.0,0.7,0,1.0,0.4595541961302792,0.728318490589833,0.5439904543022032,243.0,13,299
1_disaster,40,random,0.0009,100,2,0.01,1.0,3.0,0.7,0,1.0,0.4595541961302792,0.728318490589833,0.5439904543022032,323.0,13,310
1_disaster,41,regular,0.1,100,2,0.01,1.0,3.0,0.7,0,1.0,0.5355041413417948,0.7445305174424615,0.6102916823803064,85.0,10,315
1_disaster,41,superintelligent,0.9,100,2,0.01,1.0,3.0,0.7,0,1.0,0.5355041413417948,0.7445305174424615,0.6102916823803064,12.0,10,316
1_disaster,41,oracle,1.0,100,2,0.01,1.0,3.0,0.7,0,1.0,0.5355041413417948,0.7445305174424615,0.6102916823803064,10.0,10,316
1_disaster,41,naive,0.009,100,2,0.01,1.0,3.0,0.7,0,1.0,0.5355041413417948,0.7445305174424615,0.6058843439437104,310.0,9,317
1_disaster,41,random,0.0009,100,2,0.01,1.0,3.0,0.7,0,1.0,0.5355041413417948,0.7445305174424615,0.6102916823803064,298.0,10,314
1_disaster,42,regular,0.1,100,2,0.01,1.0,3.0,0.7,0,1.0,0.4836214832552516,0.730475042637198,0.5568313563037587,85.0,11,299
1_disaster,42,superintelligent,0.9,100,2,0.01,1.0,3.0,0.7,0,1.0,0.4836214832552516,0.730475042637198,0.5568313563037587,13.0,11,311
1_disaster,42,oracle,1.0,100,2,0.01,1.0,3.0,0.7,0,1.0,0.4836214832552516,0.730475042637198,0.5568313563037587,11.0,11,311
1_disaster,42,naive,0.009,100,2,0.01,1.0,3.0,0.7,0,1.0,0.4836214832552516,0.730475042637198,0.5472187457529369,304.0,10,300
1_disaster,42,random,0.0009,100,2,0.01,1.0,3.0,0.7,0,1.0,0.4836214832552516,0.730475042637198,0.5595006428142512,269.0,10,289
1_disaster,43,regular,0.1,100,2,0.01,1.0,3.0,0.7,0,1.0,0.502815789234675,0.7425254829569691,0.5834566623784693,42.0,10,313
1_disaster,43,superintelligent,0.9,100,2,0.01,1.0,3.0,0.7,0,1.0,0.502815789234675,0.7425254829569691,0.5834566623784693,10.0,10,315
1_disaster,43,oracle,1.0,100,2,0.01,1.0,3.0,0.7,0,1.0,0.502815789234675,0.7425254829569691,0.5834566623784693,10.0,10,315
1_disaster,43,naive,0.009,100,2,0.01,1.0,3.0,0.7,0,1.0,0.502815789234675,0.7425254829569691,0.5844919881447226,323.0,12,313
1_disaster,43,random,0.0009,100,2,0.01,1.0,3.0,0.7,0,1.0,0.502815789234675,0.7425254829569691,0.5834566623784693,278.0,10,308
1_disaster,44,regular,0.1,100,2,0.01,1.0,3.0,0.7,0,1.0,0.4735213129938691,0.7472722895280626,0.5293645081439607,87.0,10,288
1_disaster,44,superintelligent,0.9,100,2,0.01,1.0,3.0,0.7,0,1.0,0.4735213129938691,0.7472722895280626,0.5293645081439607,11.0,10,311
1_disaster,44,oracle,1.0,100,2,0.01,1.0,3.0,0.7,0,1.0,0.4735213129938691,0.7472722895280626,0.5293645081439607,10.0,10,311
1_disaster,44,naive,0.009,100,2,0.01,1.0,3.0,0.7,0,1.0,0.4735213129938691,0.7472722895280626,0.5302784922520253,314.0,12,302
1_disaster,44,random,0.0009,100,2,0.01,1.0,3.0,0.7,0,1.0,0.4735213129938691,0.7472722895280626,0.5302784922520253,320.0,12,308
1_disaster,45,regular,0.1,100,2,0.01,1.0,3.0,0.7,0,1.0,0.4799747824955853,0.7280428663353823,0.5285779843287268,115.0,8,304
1_disaster,45,superintelligent,0.9,100,2,0.01,1.0,3.0,0.7,0,1.0,0.4799747824955853,0.7280428663353823,0.5285779843287268,8.0,8,313
1_disaster,45,oracle,1.0,100,2,0.01,1.0,3.0,0.7,0,1.0,0.4799747824955853,0.7280428663353823,0.5285779843287268,8.0,8,313
1_disaster,45,naive,0.009,100,2,0.01,1.0,3.0,0.7,0,1.0,0.4799747824955853,0.7280428663353823,0.5285779843287268,234.0,8,262
1_disaster,45,random,0.0009,100,2,0.01,1.0,3.0,0.7,0,1.0,0.4799747824955853,0.7280428663353823,0.5285779843287268,319.0,8,311
1_disaster,46,regular,0.1,100,2,0.01,1.0,3.0,0.7,0,1.0,0.4998188046609738,0.7300365649640291,0.5651921739046347,81.0,11,282
1_disaster,46,superintelligent,0.9,100,2,0.01,1.0,3.0,0.7,0,1.0,0.4998188046609738,0.7300365649640291,0.5704176006763891,14.0,13,314
1_disaster,46,oracle,1.0,100,2,0.01,1.0,3.0,0.7,0,1.0,0.4998188046609738,0.7300365649640291,0.5704176006763891,13.0,13,314
1_disaster,46,naive,0.009,100,2,0.01,1.0,3.0,0.7,0,1.0,0.4998188046609738,0.7300365649640291,0.5704176006763891,302.0,13,292
1_disaster,46,random,0.0009,100,2,0.01,1.0,3.0,0.7,0,1.0,0.4998188046609738,0.7300365649640291,0.5704176006763891,305.0,13,297
1_disaster,47,regular,0.1,100,2,0.01,1.0,3.0,0.7,0,1.0,0.511547377423079,0.7477094786265337,0.5731566127784427,107.0,11,312
1_disaster,47,superintelligent,0.9,100,2,0.01,1.0,3.0,0.7,0,1.0,0.511547377423079,0.7477094786265337,0.5731566127784427,11.0,11,315
1_disaster,47,oracle,1.0,100,2,0.01,1.0,3.0,0.7,0,1.0,0.511547377423079,0.7477094786265337,0.5731566127784427,11.0,11,315
1_disaster,47,naive,0.009,100,2,0.01,1.0,3.0,0.7,0,1.0,0.511547377423079,0.7477094786265337,0.5651417756664139,295.0,10,305
1_disaster,47,random,0.0009,100,2,0.01,1.0,3.0,0.7,0,1.0,0.511547377423079,0.7477094786265337,0.571909277576539,321.0,10,316
1_disaster,48,regular,0.1,100,2,0.01,1.0,3.0,0.7,0,1.0,0.5238932721248822,0.7427127554778324,0.5913287281001722,158.0,14,310
1_disaster,48,superintelligent,0.9,100,2,0.01,1.0,3.0,0.7,0,1.0,0.5238932721248822,0.7427127554778324,0.5955672130445887,15.0,15,311
1_disaster,48,oracle,1.0,100,2,0.01,1.0,3.0,0.7,0,1.0,0.5238932721248822,0.7427127554778324,0.5955672130445887,15.0,15,311
1_disaster,48,naive,0.009,100,2,0.01,1.0,3.0,0.7,0,1.0,0.5238932721248822,0.7427127554778324,0.5955672130445887,277.0,15,275
1_disaster,48,random,0.0009,100,2,0.01,1.0,3.0,0.7,0,1.0,0.5238932721248822,0.7427127554778324,0.5913287281001722,323.0,14,309
1_disaster,49,regular,0.1,100,2,0.01,1.0,3.0,0.7,0,1.0,0.5058672912181847,0.7355890592740888,0.5575176397670009,103.0,13,265
1_disaster,49,superintelligent,0.9,100,2,0.01,1.0,3.0,0.7,0,1.0,0.5058672912181847,0.7355890592740888,0.5634049002569997,16.0,15,312
1_disaster,49,oracle,1.0,100,2,0.01,1.0,3.0,0.7,0,1.0,0.5058672912181847,0.7355890592740888,0.5634049002569997,15.0,15,312
1_disaster,49,naive,0.009,100,2,0.01,1.0,3.0,0.7,0,1.0,0.5058672912181847,0.7355890592740888,0.5575176397670009,291.0,13,308
1_disaster,49,random,0.0009,100,2,0.01,1.0,3.0,0.7,0,1.0,0.5058672912181847,0.7355890592740888,0.5575176397670009,314.0,13,312
1_disaster,50,regular,0.1,100,2,0.01,1.0,3.0,0.7,0,1.0,0.531642540789175,0.7329153631831529,0.6324008346917394,113.0,11,308
1_disaster,50,superintelligent,0.9,100,2,0.01,1.0,3.0,0.7,0,1.0,0.531642540789175,0.7329153631831529,0.6357787772060093,13.0,12,313
1_disaster,50,oracle,1.0,100,2,0.01,1.0,3.0,0.7,0,1.0,0.531642540789175,0.7329153631831529,0.6357787772060093,12.0,12,313
1_disaster,50,naive,0.009,100,2,0.01,1.0,3.0,0.7,0,1.0,0.531642540789175,0.7329153631831529,0.629993977414705,291.0,13,295
1_disaster,50,random,0.0009,100,2,0.01,1.0,3.0,0.7,0,1.0,0.531642540789175,0.7329153631831529,0.629993977414705,309.0,13,296
1_disaster,51,regular,0.1,100,2,0.01,1.0,3.0,0.7,0,1.0,0.5517312142044246,0.7512048961038205,0.6211948463574388,78.0,12,282
1_disaster,51,superintelligent,0.9,100,2,0.01,1.0,3.0,0.7,0,1.0,0.5517312142044246,0.7512048961038205,0.6211948463574388,12.0,12,316
1_disaster,51,oracle,1.0,100,2,0.01,1.0,3.0,0.7,0,1.0,0.5517312142044246,0.7512048961038205,0.6211948463574388,12.0,12,316
1_disaster,51,naive,0.009,100,2,0.01,1.0,3.0,0.7,0,1.0,0.5517312142044246,0.7512048961038205,0.6211948463574388,311.0,12,307
1_disaster,51,random,0.0009,100,2,0.01,1.0,3.0,0.7,0,1.0,0.5517312142044246,0.7512048961038205,0.6202383368882655,311.0,13,305
1_disaster,52,regular,0.1,100,2,0.01,1.0,3.0,0.7,0,1.0,0.4885622190763074,0.7374999734926619,0.5538960474133017,61.0,10,299
1_disaster,52,superintelligent,0.9,100,2,0.01,1.0,3.0,0.7,0,1.0,0.4885622190763074,0.7374999734926619,0.5538960474133017,12.0,10,313
1_disaster,52,oracle,1.0,100,2,0.01,1.0,3.0,0.7,0,1.0,0.4885622190763074,0.7374999734926619,0.5538960474133017,10.0,10,313
1_disaster,52,naive,0.009,100,2,0.01,1.0,3.0,0.7,0,1.0,0.4885622190763074,0.7374999734926619,0.5474102433160575,269.0,9,260
1_disaster,52,random,0.0009,100,2,0.01,1.0,3.0,0.7,0,1.0,0.4885622190763074,0.7374999734926619,0.549802117673103,291.0,11,307
1_disaster,53,regular,0.1,100,2,0.01,1.0,3.0,0.7,0,1.0,0.5287547376643329,0.7527508295460138,0.5946489366463859,92.0,12,292
1_disaster,53,superintelligent,0.9,100,2,0.01,1.0,3.0,0.7,0,1.0,0.5287547376643329,0.7527508295460138,0.5946489366463859,12.0,12,316
1_disaster,53,oracle,1.0,100,2,0.01,1.0,3.0,0.7,0,1.0,0.5287547376643329,0.7527508295460138,0.5946489366463859,12.0,12,316
1_disaster,53,naive,0.009,100,2,0.01,1.0,3.0,0.7,0,1.0,0.5287547376643329,0.7527508295460138,0.5869755938357075,283.0,13,314
1_disaster,53,random,0.0009,100,2,0.01,1.0,3.0,0.7,0,1.0,0.5287547376643329,0.7527508295460138,0.5946489366463859,261.0,12,264
1_disaster,54,regular,0.1,100,2,0.01,1.0,3.0,0.7,0,1.0,0.499177510690233,0.7255934591715445,0.5512569172478555,107.0,11,272
1_disaster,54,superintelligent,0.9,100,2,0.01,1.0,3.0,0.7,0,1.0,0.499177510690233,0.7255934591715445,0.5512569172478555,14.0,11,314
1_disaster,54,oracle,1.0,100,2,0.01,1.0,3.0,0.7,0,1.0,0.499177510690233,0.7255934591715445,0.5512569172478555,11.0,11,314
1_disaster,54,naive,0.009,100,2,0.01,1.0,3.0,0.7,0,1.0,0.499177510690233,0.7255934591715445,0.5492192262911162,303.0,14,289
1_disaster,54,random,0.0009,100,2,0.01,1.0,3.0,0.7,0,1.0,0.499177510690233,0.7255934591715445,0.55214024905563,269.0,13,293
1_disaster,55,regular,0.1,100,2,0.01,1.0,3.0,0.7,0,1.0,0.5387880933245716,0.7462952333696818,0.6036140568929886,59.0,9,306
1_disaster,55,superintelligent,0.9,100,2,0.01,1.0,3.0,0.7,0,1.0,0.5387880933245716,0.7462952333696818,0.6036140568929886,10.0,9,314
1_disaster,55,oracle,1.0,100,2,0.01,1.0,3.0,0.7,0,1.0,0.5387880933245716,0.7462952333696818,0.6036140568929886,9.0,9,314
1_disaster,55,naive,0.009,100,2,0.01,1.0,3.0,0.7,0,1.0,0.5387880933245716,0.7462952333696818,0.6036140568929886,243.0,9,299
1_disaster,55,random,0.0009,100,2,0.01,1.0,3.0,0.7,0,1.0,0.5387880933245716,0.7462952333696818,0.6032759066687254,301.0,9,292
1_disaster,56,regular,0.1,100,2,0.01,1.0,3.0,0.7,0,1.0,0.5147208218954591,0.7636558222498195,0.5604070358607952,35.0,7,313
1_disaster,56,superintelligent,0.9,100,2,0.01,1.0,3.0,0.7,0,1.0,0.5147208218954591,0.7636558222498195,0.5604070358607952,7.0,7,315
1_disaster,56,oracle,1.0,100,2,0.01,1.0,3.0,0.7,0,1.0,0.5147208218954591,0.7636558222498195,0.5604070358607952,7.0,7,315
1_disaster,56,naive,0.009,100,2,0.01,1.0,3.0,0.7,0,1.0,0.5147208218954591,0.7636558222498195,0.5604070358607952,219.0,7,302
1_disaster,56,random,0.0009,100,2,0.01,1.0,3.0,0.7,0,1.0,0.5147208218954591,0.7636558222498195,0.5604070358607952,310.0,7,303
1_disaster,57,regular,0.1,100,2,0.01,1.0,3.0,0.7,0,1.0,0.5120077815750651,0.7302126449200081,0.6000003702462017,126.0,14,271
1_disaster,57,superintelligent,0.9,100,2,0.01,1.0,3.0,0.7,0,1.0,0.5120077815750651,0.7302126449200081,0.6114211766961869,15.0,14,314
1_disaster,57,oracle,1.0,100,2,0.01,1.0,3.0,0.7,0,1.0,0.5120077815750651,0.7302126449200081,0.6114211766961869,14.0,14,314
1_disaster,57,naive,0.009,100,2,0.01,1.0,3.0,0.7,0,1.0,0.5120077815750651,0.7302126449200081,0.5905735777078298,314.0,14,311
1_disaster,57,random,0.0009,100,2,0.01,1.0,3.0,0.7,0,1.0,0.5120077815750651,0.7302126449200081,0.6046721795504009,292.0,15,299
1_disaster,58,regular,0.1,100,2,0.01,1.0,3.0,0.7,0,1.0,0.5075796094705199,0.7405122333890135,0.6055195231503417,122.0,15,298
1_disaster,58,superintelligent,0.9,100,2,0.01,1.0,3.0,0.7,0,1.0,0.5075796094705199,0.7405122333890135,0.6055195231503417,15.0,15,309
1_disaster,58,oracle,1.0,100,2,0.01,1.0,3.0,0.7,0,1.0,0.5075796094705199,0.7405122333890135,0.6055195231503417,15.0,15,309
1_disaster,58,naive,0.009,100,2,0.01,1.0,3.0,0.7,0,1.0,0.5075796094705199,0.7405122333890135,0.5998457580979258,320.0,14,306
1_disaster,58,random,0.0009,100,2,0.01,1.0,3.0,0.7,0,1.0,0.5075796094705199,0.7405122333890135,0.595638977398821,318.0,13,305
1_disaster,59,regular,0.1,100,2,0.01,1.0,3.0,0.7,0,1.0,0.48341290392547775,0.7411400898925783,0.5499395945966628,161.0,11,299
1_disaster,59,superintelligent,0.9,100,2,0.01,1.0,3.0,0.7,0,1.0,0.48341290392547775,0.7411400898925783,0.5481323614094994,11.0,10,313
1_disaster,59,oracle,1.0,100,2,0.01,1.0,3.0,0.7,0,1.0,0.48341290392547775,0.7411400898925783,0.5481323614094994,10.0,10,313
1_disaster,59,naive,0.009,100,2,0.01,1.0,3.0,0.7,0,1.0,0.48341290392547775,0.7411400898925783,0.5460275345900766,323.0,13,310
1_disaster,59,random,0.0009,100,2,0.01,1.0,3.0,0.7,0,1.0,0.48341290392547775,0.7411400898925783,0.5426469086557161,286.0,12,302
1_disaster,60,regular,0.1,100,2,0.01,1.0,3.0,0.7,0,1.0,0.5123203235901116,0.7468894233059862,0.5804025041201676,89.0,11,309
1_disaster,60,superintelligent,0.9,100,2,0.01,1.0,3.0,0.7,0,1.0,0.5123203235901116,0.7468894233059862,0.5889950836256137,15.0,13,315
1_disaster,60,oracle,1.0,100,2,0.01,1.0,3.0,0.7,0,1.0,0.5123203235901116,0.7468894233059862,0.5889950836256137,13.0,13,315
1_disaster,60,naive,0.009,100,2,0.01,1.0,3.0,0.7,0,1.0,0.5123203235901116,0.7468894233059862,0.592529219879824,300.0,13,311
1_disaster,60,random,0.0009,100,2,0.01,1.0,3.0,0.7,0,1.0,0.5123203235901116,0.7468894233059862,0.5929983221907554,318.0,15,308
1_disaster,61,regular,0.1,100,2,0.01,1.0,3.0,0.7,0,1.0,0.4312810957243078,0.7427271723288759,0.5353127520146528,82.0,14,237
1_disaster,61,superintelligent,0.9,100,2,0.01,1.0,3.0,0.7,0,1.0,0.4312810957243078,0.7427271723288759,0.5377991998399102,16.0,14,311
1_disaster,61,oracle,1.0,100,2,0.01,1.0,3.0,0.7,0,1.0,0.4312810957243078,0.7427271723288759,0.5377991998399102,14.0,14,311
1_disaster,61,naive,0.009,100,2,0.01,1.0,3.0,0.7,0,1.0,0.4312810957243078,0.7427271723288759,0.5234753312660652,323.0,16,307
1_disaster,61,random,0.0009,100,2,0.01,1.0,3.0,0.7,0,1.0,0.4312810957243078,0.7427271723288759,0.5391773288921954,323.0,17,306
1_disaster,62,regular,0.1,100,2,0.01,1.0,3.0,0.7,0,1.0,0.4566760660754837,0.7177794134053445,0.529201457451018,48.0,10,315
1_disaster,62,superintelligent,0.9,100,2,0.01,1.0,3.0,0.7,0,1.0,0.4566760660754837,0.7177794134053445,0.529201457451018,11.0,10,315
1_disaster,62,oracle,1.0,100,2,0.01,1.0,3.0,0.7,0,1.0,0.4566760660754837,0.7177794134053445,0.529201457451018,10.0,10,315
1_disaster,62,naive,0.009,100,2,0.01,1.0,3.0,0.7,0,1.0,0.4566760660754837,0.7177794134053445,0.5161304684352473,319.0,9,317
1_disaster,62,random,0.0009,100,2,0.01,1.0,3.0,0.7,0,1.0,0.4566760660754837,0.7177794134053445,0.529201457451018,324.0,10,314
1_disaster,63,regular,0.1,100,2,0.01,1.0,3.0,0.7,0,1.0,0.5064043619986672,0.7506801463943262,0.5720363424183476,94.0,10,303
1_disaster,63,superintelligent,0.9,100,2,0.01,1.0,3.0,0.7,0,1.0,0.5064043619986672,0.7506801463943262,0.5720363424183476,10.0,10,312
1_disaster,63,oracle,1.0,100,2,0.01,1.0,3.0,0.7,0,1.0,0.5064043619986672,0.7506801463943262,0.5720363424183476,10.0,10,312
1_disaster,63,naive,0.009,100,2,0.01,1.0,3.0,0.7,0,1.0,0.5064043619986672,0.7506801463943262,0.5720363424183476,255.0,10,310
1_disaster,63,random,0.0009,100,2,0.01,1.0,3.0,0.7,0,1.0,0.5064043619986672,0.7506801463943262,0.5650751358856861,270.0,12,309
1_disaster,64,regular,0.1,100,2,0.01,1.0,3.0,0.7,0,1.0,0.5007633011022018,0.7575821197108171,0.5352077771255308,58.0,5,268
1_disaster,64,superintelligent,0.9,100,2,0.01,1.0,3.0,0.7,0,1.0,0.5007633011022018,0.7575821197108171,0.5352077771255308,5.0,5,318
1_disaster,64,oracle,1.0,100,2,0.01,1.0,3.0,0.7,0,1.0,0.5007633011022018,0.7575821197108171,0.5352077771255308,5.0,5,318
1_disaster,64,naive,0.009,100,2,0.01,1.0,3.0,0.7,0,1.0,0.5007633011022018,0.7575821197108171,0.5352077771255308,146.0,5,314
1_disaster,64,random,0.0009,100,2,0.01,1.0,3.0,0.7,0,1.0,0.5007633011022018,0.7575821197108171,0.5444910772547541,317.0,7,310
1_disaster,65,regular,0.1,100,2,0.01,1.0,3.0,0.7,0,1.0,0.5488122681045562,0.7617623389651829,0.5967617029625322,104.0,11,300
1_disaster,65,superintelligent,0.9,100,2,0.01,1.0,3.0,0.7,0,1.0,0.5488122681045562,0.7617623389651829,0.5967617029625322,12.0,11,316
1_disaster,65,oracle,1.0,100,2,0.01,1.0,3.0,0.7,0,1.0,0.5488122681045562,0.7617623389651829,0.5967617029625322,11.0,11,316
1_disaster,65,naive,0.009,100,2,0.01,1.0,3.0,0.7,0,1.0,0.5488122681045562,0.7617623389651829,0.5941415039240673,313.0,10,303
1_disaster,65,random,0.0009,100,2,0.01,1.0,3.0,0.7,0,1.0,0.5488122681045562,0.7617623389651829,0.5941415039240673,313.0,10,303
1_disaster,66,regular,0.1,100,2,0.01,1.0,3.0,0.7,0,1.0,0.5138697002706071,0.7711773625106115,0.6149362023031198,106.0,13,288
1_disaster,66,superintelligent,0.9,100,2,0.01,1.0,3.0,0.7,0,1.0,0.5138697002706071,0.7711773625106115,0.6086315552794492,13.0,11,314
1_disaster,66,oracle,1.0,100,2,0.01,1.0,3.0,0.7,0,1.0,0.5138697002706071,0.7711773625106115,0.6086315552794492,11.0,11,314
1_disaster,66,naive,0.009,100,2,0.01,1.0,3.0,0.7,0,1.0,0.5138697002706071,0.7711773625106115,0.5998055804310192,312.0,13,299
1_disaster,66,random,0.0009,100,2,0.01,1.0,3.0,0.7,0,1.0,0.5138697002706071,0.7711773625106115,0.5935009334073487,307.0,11,306
1_disaster,67,regular,0.1,100,2,0.01,1.0,3.0,0.7,0,1.0,0.525780995332877,0.7328268846536329,0.585811964042276,78.0,12,306
1_disaster,67,superintelligent,0.9,100,2,0.01,1.0,3.0,0.7,0,1.0,0.525780995332877,0.7328268846536329,0.585811964042276,13.0,12,316
1_disaster,67,oracle,1.0,100,2,0.01,1.0,3.0,0.7,0,1.0,0.525780995332877,0.7328268846536329,0.585811964042276,12.0,12,316
1_disaster,67,naive,0.009,100,2,0.01,1.0,3.0,0.7,0,1.0,0.525780995332877,0.7328268846536329,0.5836573926475164,321.0,12,309
1_disaster,67,random,0.0009,100,2,0.01,1.0,3.0,0.7,0,1.0,0.525780995332877,0.7328268846536329,0.5836573926475164,314.0,12,302
1_disaster,68,regular,0.1,100,2,0.01,1.0,3.0,0.7,0,1.0,0.5471872540947647,0.7261120586102383,0.6065042462392078,111.0,10,210
1_disaster,68,superintelligent,0.9,100,2,0.01,1.0,3.0,0.7,0,1.0,0.5471872540947647,0.7261120586102383,0.6065042462392078,12.0,10,309
1_disaster,68,oracle,1.0,100,2,0.01,1.0,3.0,0.7,0,1.0,0.5471872540947647,0.7261120586102383,0.6065042462392078,10.0,10,309
1_disaster,68,naive,0.009,100,2,0.01,1.0,3.0,0.7,0,1.0,0.5471872540947647,0.7261120586102383,0.6065042462392078,197.0,10,203
1_disaster,68,random,0.0009,100,2,0.01,1.0,3.0,0.7,0,1.0,0.5471872540947647,0.7261120586102383,0.6065042462392078,315.0,10,305
1_disaster,69,regular,0.1,100,2,0.01,1.0,3.0,0.7,0,1.0,0.4665607650957395,0.7509882057183696,0.5367638416313528,129.0,12,311
1_disaster,69,superintelligent,0.9,100,2,0.01,1.0,3.0,0.7,0,1.0,0.4665607650957395,0.7509882057183696,0.5367638416313528,13.0,12,313
1_disaster,69,oracle,1.0,100,2,0.01,1.0,3.0,0.7,0,1.0,0.4665607650957395,0.7509882057183696,0.5367638416313528,12.0,12,313
1_disaster,69,naive,0.009,100,2,0.01,1.0,3.0,0.7,0,1.0,0.4665607650957395,0.7509882057183696,0.5318684286502511,317.0,12,307
1_disaster,69,random,0.0009,100,2,0.01,1.0,3.0,0.7,0,1.0,0.4665607650957395,0.7509882057183696,0.5367638416313528,323.0,12,311
1_disaster,70,regular,0.1,100,2,0.01,1.0,3.0,0.7,0,1.0,0.511262682541615,0.7450240922162867,0.5694760085365321,154.0,15,310
1_disaster,70,superintelligent,0.9,100,2,0.01,1.0,3.0,0.7,0,1.0,0.511262682541615,0.7450240922162867,0.5694760085365321,19.0,15,310
1_disaster,70,oracle,1.0,100,2,0.01,1.0,3.0,0.7,0,1.0,0.511262682541615,0.7450240922162867,0.5694760085365321,15.0,15,310
1_disaster,70,naive,0.009,100,2,0.01,1.0,3.0,0.7,0,1.0,0.511262682541615,0.7450240922162867,0.5747287540092839,310.0,17,293
1_disaster,70,random,0.0009,100,2,0.01,1.0,3.0,0.7,0,1.0,0.511262682541615,0.7450240922162867,0.5635978131505031,325.0,15,310
1_disaster,71,regular,0.1,100,2,0.01,1.0,3.0,0.7,0,1.0,0.5211944054321886,0.7419964492204544,0.579142353715582,149.0,11,305
1_disaster,71,superintelligent,0.9,100,2,0.01,1.0,3.0,0.7,0,1.0,0.5211944054321886,0.7419964492204544,0.579142353715582,14.0,11,312
1_disaster,71,oracle,1.0,100,2,0.01,1.0,3.0,0.7,0,1.0,0.5211944054321886,0.7419964492204544,0.579142353715582,11.0,11,312
1_disaster,71,naive,0.009,100,2,0.01,1.0,3.0,0.7,0,1.0,0.5211944054321886,0.7419964492204544,0.5573258477583676,265.0,12,310
1_disaster,71,random,0.0009,100,2,0.01,1.0,3.0,0.7,0,1.0,0.5211944054321886,0.7419964492204544,0.5593921905747754,271.0,11,278
1_disaster,72,regular,0.1,100,2,0.01,1.0,3.0,0.7,0,1.0,0.4690219711541861,0.7256470361404066,0.565820975307851,124.0,15,290
1_disaster,72,superintelligent,0.9,100,2,0.01,1.0,3.0,0.7,0,1.0,0.4690219711541861,0.7256470361404066,0.565820975307851,18.0,15,312
1_disaster,72,oracle,1.0,100,2,0.01,1.0,3.0,0.7,0,1.0,0.4690219711541861,0.7256470361404066,0.565820975307851,15.0,15,312
1_disaster,72,naive,0.009,100,2,0.01,1.0,3.0,0.7,0,1.0,0.4690219711541861,0.7256470361404066,0.5508821931012572,310.0,12,314
1_disaster,72,random,0.0009,100,2,0.01,1.0,3.0,0.7,0,1.0,0.4690219711541861,0.7256470361404066,0.5508821931012572,320.0,12,308
1_disaster,73,regular,0.1,100,2,0.01,1.0,3.0,0.7,0,1.0,0.5202263975657869,0.7537861696177203,0.5787688495388226,93.0,12,296
1_disaster,73,superintelligent,0.9,100,2,0.01,1.0,3.0,0.7,0,1.0,0.5202263975657869,0.7537861696177203,0.5787688495388226,12.0,12,312
1_disaster,73,oracle,1.0,100,2,0.01,1.0,3.0,0.7,0,1.0,0.5202263975657869,0.7537861696177203,0.5787688495388226,12.0,12,312
1_disaster,73,naive,0.009,100,2,0.01,1.0,3.0,0.7,0,1.0,0.5202263975657869,0.7537861696177203,0.5787688495388226,293.0,12,312
1_disaster,73,random,0.0009,100,2,0.01,1.0,3.0,0.7,0,1.0,0.5202263975657869,0.7537861696177203,0.5787688495388226,320.0,12,308
1_disaster,74,regular,0.1,100,2,0.01,1.0,3.0,0.7,0,1.0,0.4295712839325983,0.7111624015607673,0.5132482793289241,92.0,11,303
1_disaster,74,superintelligent,0.9,100,2,0.01,1.0,3.0,0.7,0,1.0,0.4295712839325983,0.7111624015607673,0.5132482793289241,13.0,11,313
1_disaster,74,oracle,1.0,100,2,0.01,1.0,3.0,0.7,0,1.0,0.4295712839325983,0.7111624015607673,0.5132482793289241,11.0,11,313
1_disaster,74,naive,0.009,100,2,0.01,1.0,3.0,0.7,0,1.0,0.4295712839325983,0.7111624015607673,0.5106378454740697,263.0,12,285
1_disaster,74,random,0.0009,100,2,0.01,1.0,3.0,0.7,0,1.0,0.4295712839325983,0.7111624015607673,0.5058790552989261,317.0,10,308
1_disaster,75,regular,0.1,100,2,0.01,1.0,3.0,0.7,0,1.0,0.49311380339954297,0.7219903999541718,0.5597989179217145,52.0,8,279
1_disaster,75,superintelligent,0.9,100,2,0.01,1.0,3.0,0.7,0,1.0,0.49311380339954297,0.7219903999541718,0.5597989179217145,8.0,8,309
1_disaster,75,oracle,1.0,100,2,0.01,1.0,3.0,0.7,0,1.0,0.49311380339954297,0.7219903999541718,0.5597989179217145,8.0,8,309
1_disaster,75,naive,0.009,100,2,0.01,1.0,3.0,0.7,0,1.0,0.49311380339954297,0.7219903999541718,0.5518613730542338,295.0,9,294
1_disaster,75,random,0.0009,100,2,0.01,1.0,3.0,0.7,0,1.0,0.49311380339954297,0.7219903999541718,0.5472886144337794,285.0,10,275
1_disaster,76,regular,0.1,100,2,0.01,1.0,3.0,0.7,0,1.0,0.5152815278688937,0.7465082388287867,0.5572412664791824,86.0,10,310
1_disaster,76,superintelligent,0.9,100,2,0.01,1.0,3.0,0.7,0,1.0,0.5152815278688937,0.7465082388287867,0.5572412664791824,17.0,10,310
1_disaster,76,oracle,1.0,100,2,0.01,1.0,3.0,0.7,0,1.0,0.5152815278688937,0.7465082388287867,0.5572412664791824,10.0,10,310
1_disaster,76,naive,0.009,100,2,0.01,1.0,3.0,0.7,0,1.0,0.5152815278688937,0.7465082388287867,0.5572412664791824,317.0,10,307
1_disaster,76,random,0.0009,100,2,0.01,1.0,3.0,0.7,0,1.0,0.5152815278688937,0.7465082388287867,0.5572412664791824,277.0,10,267
1_disaster,77,regular,0.1,100,2,0.01,1.0,3.0,0.7,0,1.0,0.5311719757933695,0.7424501208708298,0.5567359240160481,29.0,7,265
1_disaster,77,superintelligent,0.9,100,2,0.01,1.0,3.0,0.7,0,1.0,0.5311719757933695,0.7424501208708298,0.5567359240160481,9.0,7,312
1_disaster,77,oracle,1.0,100,2,0.01,1.0,3.0,0.7,0,1.0,0.5311719757933695,0.7424501208708298,0.5567359240160481,7.0,7,312
1_disaster,77,naive,0.009,100,2,0.01,1.0,3.0,0.7,0,1.0,0.5311719757933695,0.7424501208708298,0.5567359240160481,266.0,7,310
1_disaster,77,random,0.0009,100,2,0.01,1.0,3.0,0.7,0,1.0,0.5311719757933695,0.7424501208708298,0.5557539733823009,236.0,6,247
1_disaster,78,regular,0.1,100,2,0.01,1.0,3.0,0.7,0,1.0,0.5425697970694299,0.7149421276359762,0.5736827547892326,54.0,7,296
1_disaster,78,superintelligent,0.9,100,2,0.01,1.0,3.0,0.7,0,1.0,0.5425697970694299,0.7149421276359762,0.5736827547892326,7.0,7,313
1_disaster,78,oracle,1.0,100,2,0.01,1.0,3.0,0.7,0,1.0,0.5425697970694299,0.7149421276359762,0.5736827547892326,7.0,7,313
1_disaster,78,naive,0.009,100,2,0.01,1.0,3.0,0.7,0,1.0,0.5425697970694299,0.7149421276359762,0.5736827547892326,231.0,7,294
1_disaster,78,random,0.0009,100,2,0.01,1.0,3.0,0.7,0,1.0,0.5425697970694299,0.7149421276359762,0.5736827547892326,313.0,7,307
1_disaster,79,regular,0.1,100,2,0.01,1.0,3.0,0.7,0,1.0,0.49506111476489134,0.7173159569331463,0.5439508531592362,80.0,10,301
1_disaster,79,superintelligent,0.9,100,2,0.01,1.0,3.0,0.7,0,1.0,0.49506111476489134,0.7173159569331463,0.5474275702784652,13.0,11,314
1_disaster,79,oracle,1.0,100,2,0.01,1.0,3.0,0.7,0,1.0,0.49506111476489134,0.7173159569331463,0.5474275702784652,11.0,11,314
1_disaster,79,naive,0.009,100,2,0.01,1.0,3.0,0.7,0,1.0,0.49506111476489134,0.7173159569331463,0.5447723325765282,301.0,11,297
1_disaster,79,random,0.0009,100,2,0.01,1.0,3.0,0.7,0,1.0,0.49506111476489134,0.7173159569331463,0.5400636518474491,317.0,10,310
1_disaster,80,regular,0.1,100,2,0.01,1.0,3.0,0.7,0,1.0,0.5242459912096257,0.7180856492800695,0.6203776446912209,84.0,13,282
1_disaster,80,superintelligent,0.9,100,2,0.01,1.0,3.0,0.7,0,1.0,0.5242459912096257,0.7180856492800695,0.6248605922037945,13.0,13,314
1_disaster,80,oracle,1.0,100,2,0.01,1.0,3.0,0.7,0,1.0,0.5242459912096257,0.7180856492800695,0.6248605922037945,13.0,13,314
1_disaster,80,naive,0.009,100,2,0.01,1.0,3.0,0.7,0,1.0,0.5242459912096257,0.7180856492800695,0.6248605922037945,270.0,13,302
1_disaster,80,random,0.0009,100,2,0.01,1.0,3.0,0.7,0,1.0,0.5242459912096257,0.7180856492800695,0.6203776446912209,316.0,13,314
1_disaster,81,regular,0.1,100,2,0.01,1.0,3.0,0.7,0,1.0,0.48396370545865863,0.7203446284590923,0.5615952977038678,172.0,14,284
1_disaster,81,superintelligent,0.9,100,2,0.01,1.0,3.0,0.7,0,1.0,0.48396370545865863,0.7203446284590923,0.5615952977038678,16.0,14,311
1_disaster,81,oracle,1.0,100,2,0.01,1.0,3.0,0.7,0,1.0,0.48396370545865863,0.7203446284590923,0.5615952977038678,14.0,14,311
1_disaster,81,naive,0.009,100,2,0.01,1.0,3.0,0.7,0,1.0,0.48396370545865863,0.7203446284590923,0.5560815819893321,299.0,13,291
1_disaster,81,random,0.0009,100,2,0.01,1.0,3.0,0.7,0,1.0,0.48396370545865863,0.7203446284590923,0.5615952977038678,322.0,14,308
1_disaster,82,regular,0.1,100,2,0.01,1.0,3.0,0.7,0,1.0,0.427760205772801,0.7412149929323915,0.4833699532502569,66.0,8,296
1_disaster,82,superintelligent,0.9,100,2,0.01,1.0,3.0,0.7,0,1.0,0.427760205772801,0.7412149929323915,0.4833699532502569,8.0,8,312
1_disaster,82,oracle,1.0,100,2,0.01,1.0,3.0,0.7,0,1.0,0.427760205772801,0.7412149929323915,0.4833699532502569,8.0,8,312
1_disaster,82,naive,0.009,100,2,0.01,1.0,3.0,0.7,0,1.0,0.427760205772801,0.7412149929323915,0.4802881556881855,245.0,7,313
1_disaster,82,random,0.0009,100,2,0.01,1.0,3.0,0.7,0,1.0,0.427760205772801,0.7412149929323915,0.4833699532502569,296.0,8,288
1_disaster,83,regular,0.1,100,2,0.01,1.0,3.0,0.7,0,1.0,0.47946972485024825,0.7662992019099133,0.5931971722238423,105.0,16,281
1_disaster,83,superintelligent,0.9,100,2,0.01,1.0,3.0,0.7,0,1.0,0.47946972485024825,0.7662992019099133,0.599178954681269,22.0,18,309
1_disaster,83,oracle,1.0,100,2,0.01,1.0,3.0,0.7,0,1.0,0.47946972485024825,0.7662992019099133,0.599178954681269,18.0,18,309
1_disaster,83,naive,0.009,100,2,0.01,1.0,3.0,0.7,0,1.0,0.47946972485024825,0.7662992019099133,0.5772387414236008,325.0,13,312
1_disaster,83,random,0.0009,100,2,0.01,1.0,3.0,0.7,0,1.0,0.47946972485024825,0.7662992019099133,0.5772387414236008,289.0,13,306
1_disaster,84,regular,0.1,100,2,0.01,1.0,3.0,0.7,0,1.0,0.5113489010287806,0.7574305190967361,0.5791932109269029,63.0,10,294
1_disaster,84,superintelligent,0.9,100,2,0.01,1.0,3.0,0.7,0,1.0,0.5113489010287806,0.7574305190967361,0.5791932109269029,10.0,10,315
1_disaster,84,oracle,1.0,100,2,0.01,1.0,3.0,0.7,0,1.0,0.5113489010287806,0.7574305190967361,0.5791932109269029,10.0,10,315
1_disaster,84,naive,0.009,100,2,0.01,1.0,3.0,0.7,0,1.0,0.5113489010287806,0.7574305190967361,0.5791932109269029,235.0,10,312
1_disaster,84,random,0.0009,100,2,0.01,1.0,3.0,0.7,0,1.0,0.5113489010287806,0.7574305190967361,0.5791932109269029,270.0,10,314
1_disaster,85,regular,0.1,100,2,0.01,1.0,3.0,0.7,0,1.0,0.4892830239290858,0.7499308251141175,0.5461446839766892,97.0,10,303
1_disaster,85,superintelligent,0.9,100,2,0.01,1.0,3.0,0.7,0,1.0,0.4892830239290858,0.7499308251141175,0.5461446839766892,14.0,10,315
1_disaster,85,oracle,1.0,100,2,0.01,1.0,3.0,0.7,0,1.0,0.4892830239290858,0.7499308251141175,0.5461446839766892,10.0,10,315
1_disaster,85,naive,0.009,100,2,0.01,1.0,3.0,0.7,0,1.0,0.4892830239290858,0.7499308251141175,0.5457479459119629,271.0,10,310
1_disaster,85,random,0.0009,100,2,0.01,1.0,3.0,0.7,0,1.0,0.4892830239290858,0.7499308251141175,0.5341623305778221,289.0,11,304
1_disaster,86,regular,0.1,100,2,0.01,1.0,3.0,0.7,0,1.0,0.48186339010611434,0.724548725003002,0.581322911302257,99.0,15,289
1_disaster,86,superintelligent,0.9,100,2,0.01,1.0,3.0,0.7,0,1.0,0.48186339010611434,0.724548725003002,0.581322911302257,18.0,15,313
1_disaster,86,oracle,1.0,100,2,0.01,1.0,3.0,0.7,0,1.0,0.48186339010611434,0.724548725003002,0.581322911302257,15.0,15,313
1_disaster,86,naive,0.009,100,2,0.01,1.0,3.0,0.7,0,1.0,0.48186339010611434,0.724548725003002,0.580886829050745,308.0,15,300
1_disaster,86,random,0.0009,100,2,0.01,1.0,3.0,0.7,0,1.0,0.48186339010611434,0.724548725003002,0.5662901406658449,296.0,14,309
1_disaster,87,regular,0.1,100,2,0.01,1.0,3.0,0.7,0,1.0,0.46293302813403225,0.721942505675586,0.5196380907301217,96.0,15,256
1_disaster,87,superintelligent,0.9,100,2,0.01,1.0,3.0,0.7,0,1.0,0.46293302813403225,0.721942505675586,0.5196380907301217,15.0,15,309
1_disaster,87,oracle,1.0,100,2,0.01,1.0,3.0,0.7,0,1.0,0.46293302813403225,0.721942505675586,0.5196380907301217,15.0,15,309
1_disaster,87,naive,0.009,100,2,0.01,1.0,3.0,0.7,0,1.0,0.46293302813403225,0.721942505675586,0.5182218615920764,318.0,14,304
1_disaster,87,random,0.0009,100,2,0.01,1.0,3.0,0.7,0,1.0,0.46293302813403225,0.721942505675586,0.5196380907301217,323.0,15,308
1_disaster,88,regular,0.1,100,2,0.01,1.0,3.0,0.7,0,1.0,0.5130086925662247,0.7135154799139347,0.5518990969743212,82.0,7,304
1_disaster,88,superintelligent,0.9,100,2,0.01,1.0,3.0,0.7,0,1.0,0.5130086925662247,0.7135154799139347,0.5518990969743212,7.0,7,317
1_disaster,88,oracle,1.0,100,2,0.01,1.0,3.0,0.7,0,1.0,0.5130086925662247,0.7135154799139347,0.5518990969743212,7.0,7,317
1_disaster,88,naive,0.009,100,2,0.01,1.0,3.0,0.7,0,1.0,0.5130086925662247,0.7135154799139347,0.5518990969743212,309.0,7,302
1_disaster,88,random,0.0009,100,2,0.01,1.0,3.0,0.7,0,1.0,0.5130086925662247,0.7135154799139347,0.5492102580609709,321.0,6,315
1_disaster,89,regular,0.1,100,2,0.01,1.0,3.0,0.7,0,1.0,0.512400104632534,0.734486621778792,0.5786782259243766,113.0,12,304
1_disaster,89,superintelligent,0.9,100,2,0.01,1.0,3.0,0.7,0,1.0,0.512400104632534,0.734486621778792,0.5786782259243766,12.0,12,314
1_disaster,89,oracle,1.0,100,2,0.01,1.0,3.0,0.7,0,1.0,0.512400104632534,0.734486621778792,0.5786782259243766,12.0,12,314
1_disaster,89,naive,0.009,100,2,0.01,1.0,3.0,0.7,0,1.0,0.512400104632534,0.734486621778792,0.575506524238725,243.0,11,291
1_disaster,89,random,0.0009,100,2,0.01,1.0,3.0,0.7,0,1.0,0.512400104632534,0.734486621778792,0.5808311014928023,305.0,15,305
1_disaster,90,regular,0.1,100,2,0.01,1.0,3.0,0.7,0,1.0,0.444363410216169,0.75049771700912,0.5405789862087557,95.0,16,285
1_disaster,90,superintelligent,0.9,100,2,0.01,1.0,3.0,0.7,0,1.0,0.444363410216169,0.75049771700912,0.5405789862087557,17.0,16,310
1_disaster,90,oracle,1.0,100,2,0.01,1.0,3.0,0.7,0,1.0,0.444363410216169,0.75049771700912,0.5405789862087557,16.0,16,310
1_disaster,90,naive,0.009,100,2,0.01,1.0,3.0,0.7,0,1.0,0.444363410216169,0.75049771700912,0.5444002802954025,311.0,16,295
1_disaster,90,random,0.0009,100,2,0.01,1.0,3.0,0.7,0,1.0,0.444363410216169,0.75049771700912,0.5359957798329003,320.0,15,305
1_disaster,91,regular,0.1,100,2,0.01,1.0,3.0,0.7,0,1.0,0.4854162543429843,0.757516259811179,0.5303815810617547,82.0,10,315
1_disaster,91,superintelligent,0.9,100,2,0.01,1.0,3.0,0.7,0,1.0,0.4854162543429843,0.757516259811179,0.5303815810617547,12.0,10,315
1_disaster,91,oracle,1.0,100,2,0.01,1.0,3.0,0.7,0,1.0,0.4854162543429843,0.757516259811179,0.5303815810617547,10.0,10,315
1_disaster,91,naive,0.009,100,2,0.01,1.0,3.0,0.7,0,1.0,0.4854162543429843,0.757516259811179,0.5303815810617547,322.0,10,312
1_disaster,91,random,0.0009,100,2,0.01,1.0,3.0,0.7,0,1.0,0.4854162543429843,0.757516259811179,0.5272942427603751,310.0,11,305
1_disaster,92,regular,0.1,100,2,0.01,1.0,3.0,0.7,0,1.0,0.534876519429012,0.7589087364635914,0.5878314248145058,62.0,12,305
1_disaster,92,superintelligent,0.9,100,2,0.01,1.0,3.0,0.7,0,1.0,0.534876519429012,0.7589087364635914,0.5959897598649815,13.0,12,314
1_disaster,92,oracle,1.0,100,2,0.01,1.0,3.0,0.7,0,1.0,0.534876519429012,0.7589087364635914,0.5959897598649815,12.0,12,314
1_disaster,92,naive,0.009,100,2,0.01,1.0,3.0,0.7,0,1.0,0.534876519429012,0.7589087364635914,0.5909085268530488,293.0,10,313
1_disaster,92,random,0.0009,100,2,0.01,1.0,3.0,0.7,0,1.0,0.534876519429012,0.7589087364635914,0.5959897598649815,212.0,12,313
1_disaster,93,regular,0.1,100,2,0.01,1.0,3.0,0.7,0,1.0,0.47887843974800853,0.7167614290464045,0.5206671711872535,78.0,8,295
1_disaster,93,superintelligent,0.9,100,2,0.01,1.0,3.0,0.7,0,1.0,0.47887843974800853,0.7167614290464045,0.5206671711872535,8.0,8,309
1_disaster,93,oracle,1.0,100,2,0.01,1.0,3.0,0.7,0,1.0,0.47887843974800853,0.7167614290464045,0.5206671711872535,8.0,8,309
1_disaster,93,naive,0.009,100,2,0.01,1.0,3.0,0.7,0,1.0,0.47887843974800853,0.7167614290464045,0.5206671711872535,190.0,8,309
1_disaster,93,random,0.0009,100,2,0.01,1.0,3.0,0.7,0,1.0,0.47887843974800853,0.7167614290464045,0.5123054229065107,220.0,8,307
1_disaster,94,regular,0.1,100,2,0.01,1.0,3.0,0.7,0,1.0,0.5043615547889464,0.724382830542238,0.5267809244763231,93.0,8,227
1_disaster,94,superintelligent,0.9,100,2,0.01,1.0,3.0,0.7,0,1.0,0.5043615547889464,0.724382830542238,0.5301295336711993,9.0,9,314
1_disaster,94,oracle,1.0,100,2,0.01,1.0,3.0,0.7,0,1.0,0.5043615547889464,0.724382830542238,0.5301295336711993,9.0,9,314
1_disaster,94,naive,0.009,100,2,0.01,1.0,3.0,0.7,0,1.0,0.5043615547889464,0.724382830542238,0.5267809244763231,321.0,8,315
1_disaster,94,random,0.0009,100,2,0.01,1.0,3.0,0.7,0,1.0,0.5043615547889464,0.724382830542238,0.5120763097395202,251.0,4,310
1_disaster,95,regular,0.1,100,2,0.01,1.0,3.0,0.7,0,1.0,0.5370376456178555,0.7276590249979806,0.6007306989038932,105.0,11,307
1_disaster,95,superintelligent,0.9,100,2,0.01,1.0,3.0,0.7,0,1.0,0.5370376456178555,0.7276590249979806,0.6007306989038932,13.0,11,312
1_disaster,95,oracle,1.0,100,2,0.01,1.0,3.0,0.7,0,1.0,0.5370376456178555,0.7276590249979806,0.6007306989038932,11.0,11,312
1_disaster,95,naive,0.009,100,2,0.01,1.0,3.0,0.7,0,1.0,0.5370376456178555,0.7276590249979806,0.6007306989038932,302.0,11,311
1_disaster,95,random,0.0009,100,2,0.01,1.0,3.0,0.7,0,1.0,0.5370376456178555,0.7276590249979806,0.6007306989038932,315.0,11,306
1_disaster,96,regular,0.1,100,2,0.01,1.0,3.0,0.7,0,1.0,0.5229585045121836,0.750731804149585,0.5827202162644322,81.0,9,300
1_disaster,96,superintelligent,0.9,100,2,0.01,1.0,3.0,0.7,0,1.0,0.5229585045121836,0.750731804149585,0.5827202162644322,9.0,9,311
1_disaster,96,oracle,1.0,100,2,0.01,1.0,3.0,0.7,0,1.0,0.5229585045121836,0.750731804149585,0.5827202162644322,9.0,9,311
1_disaster,96,naive,0.009,100,2,0.01,1.0,3.0,0.7,0,1.0,0.5229585045121836,0.750731804149585,0.5813435614674922,147.0,9,301
1_disaster,96,random,0.0009,100,2,0.01,1.0,3.0,0.7,0,1.0,0.5229585045121836,0.750731804149585,0.5801567301285043,270.0,9,291
1_disaster,97,regular,0.1,100,2,0.01,1.0,3.0,0.7,0,1.0,0.5072933527815227,0.7234282556269293,0.5548805802226803,88.0,8,307
1_disaster,97,superintelligent,0.9,100,2,0.01,1.0,3.0,0.7,0,1.0,0.5072933527815227,0.7234282556269293,0.5548805802226803,9.0,8,316
1_disaster,97,oracle,1.0,100,2,0.01,1.0,3.0,0.7,0,1.0,0.5072933527815227,0.7234282556269293,0.5548805802226803,8.0,8,316
1_disaster,97,naive,0.009,100,2,0.01,1.0,3.0,0.7,0,1.0,0.5072933527815227,0.7234282556269293,0.5548805802226803,276.0,8,268
1_disaster,97,random,0.0009,100,2,0.01,1.0,3.0,0.7,0,1.0,0.5072933527815227,0.7234282556269293,0.5533947371385074,203.0,8,313
1_disaster,98,regular,0.1,100,2,0.01,1.0,3.0,0.7,0,1.0,0.4918653456311271,0.7199368595259477,0.5733483895882754,111.0,14,306
1_disaster,98,superintelligent,0.9,100,2,0.01,1.0,3.0,0.7,0,1.0,0.4918653456311271,0.7199368595259477,0.5733483895882754,17.0,14,314
1_disaster,98,oracle,1.0,100,2,0.01,1.0,3.0,0.7,0,1.0,0.4918653456311271,0.7199368595259477,0.5733483895882754,14.0,14,314
1_disaster,98,naive,0.009,100,2,0.01,1.0,3.0,0.7,0,1.0,0.4918653456311271,0.7199368595259477,0.5733483895882754,314.0,14,314
1_disaster,98,random,0.0009,100,2,0.01,1.0,3.0,0.7,0,1.0,0.4918653456311271,0.7199368595259477,0.5665815871677912,326.0,12,314
1_disaster,99,regular,0.1,100,2,0.01,1.0,3.0,0.7,0,1.0,0.5108613165868967,0.7129055165391618,0.5831792608474035,112.0,13,306
1_disaster,99,superintelligent,0.9,100,2,0.01,1.0,3.0,0.7,0,1.0,0.5108613165868967,0.7129055165391618,0.5831792608474035,18.0,13,311
1_disaster,99,oracle,1.0,100,2,0.01,1.0,3.0,0.7,0,1.0,0.5108613165868967,0.7129055165391618,0.5831792608474035,13.0,13,311
1_disaster,99,naive,0.009,100,2,0.01,1.0,3.0,0.7,0,1.0,0.5108613165868967,0.7129055165391618,0.586530954676175,285.0,15,307
1_disaster,99,random,0.0009,100,2,0.01,1.0,3.0,0.7,0,1.0,0.5108613165868967,0.7129055165391618,0.5685611849684632,300.0,10,309
2a_digital_weak,0,regular,0.1,100,4,0.05,1.0,9.0,0.1,0,1.0,0.509049562997117,0.7647237481303105,0.5669213457611414,60.0,8,898
2a_digital_weak,0,superintelligent,0.9,100,4,0.05,1.0,9.0,0.1,0,1.0,0.509049562997117,0.7647237481303105,0.5710433531574506,9.0,9,911
2a_digital_weak,0,oracle,1.0,100,4,0.05,1.0,9.0,0.1,0,1.0,0.509049562997117,0.7647237481303105,0.5710433531574506,9.0,9,911
2a_digital_weak,0,naive,0.009,100,4,0.05,1.0,9.0,0.1,0,1.0,0.509049562997117,0.7647237481303105,0.5609282121204623,625.0,8,841
2a_digital_weak,0,random,0.0009,100,4,0.05,1.0,9.0,0.1,0,1.0,0.509049562997117,0.7647237481303105,0.5669279113778591,733.0,12,784
2a_digital_weak,1,regular,0.1,100,4,0.05,1.0,9.0,0.1,0,1.0,0.4792121238297004,0.7476269926634539,0.5590910417883701,90.0,12,917
2a_digital_weak,1,superintelligent,0.9,100,4,0.05,1.0,9.0,0.1,0,1.0,0.4792121238297004,0.7476269926634539,0.5850035458824839,24.0,20,914
2a_digital_weak,1,oracle,1.0,100,4,0.05,1.0,9.0,0.1,0,1.0,0.4792121238297004,0.7476269926634539,0.5850035458824839,20.0,20,914
2a_digital_weak,1,naive,0.009,100,4,0.05,1.0,9.0,0.1,0,1.0,0.4792121238297004,0.7476269926634539,0.5590910417883701,680.0,12,911
2a_digital_weak,1,random,0.0009,100,4,0.05,1.0,9.0,0.1,0,1.0,0.4792121238297004,0.7476269926634539,0.5693044227376319,924.0,14,915
2a_digital_weak,2,regular,0.1,100,4,0.05,1.0,9.0,0.1,0,1.0,0.43975244223395193,0.7582415900415078,0.5519543947250544,115.0,14,839
2a_digital_weak,2,superintelligent,0.9,100,4,0.05,1.0,9.0,0.1,0,1.0,0.43975244223395193,0.7582415900415078,0.5519543947250544,14.0,14,908
2a_digital_weak,2,oracle,1.0,100,4,0.05,1.0,9.0,0.1,0,1.0,0.43975244223395193,0.7582415900415078,0.5519543947250544,14.0,14,908
2a_digital_weak,2,naive,0.009,100,4,0.05,1.0,9.0,0.1,0,1.0,0.43975244223395193,0.7582415900415078,0.5519543947250544,674.0,14,889
2a_digital_weak,2,random,0.0009,100,4,0.05,1.0,9.0,0.1,0,1.0,0.43975244223395193,0.7582415900415078,0.5429558884206435,814.0,10,903
2a_digital_weak,3,regular,0.1,100,4,0.05,1.0,9.0,0.1,0,1.0,0.5090731887486839,0.7532549817479122,0.6044650296757051,121.0,13,870
2a_digital_weak,3,superintelligent,0.9,100,4,0.05,1.0,9.0,0.1,0,1.0,0.5090731887486839,0.7532549817479122,0.6044650296757051,15.0,13,912
2a_digital_weak,3,oracle,1.0,100,4,0.05,1.0,9.0,0.1,0,1.0,0.5090731887486839,0.7532549817479122,0.6044650296757051,13.0,13,912
2a_digital_weak,3,naive,0.009,100,4,0.05,1.0,9.0,0.1,0,1.0,0.5090731887486839,0.7532549817479122,0.6044650296757051,605.0,13,899
2a_digital_weak,3,random,0.0009,100,4,0.05,1.0,9.0,0.1,0,1.0,0.5090731887486839,0.7532549817479122,0.5779731531043377,868.0,11,894
2a_digital_weak,4,regular,0.1,100,4,0.05,1.0,9.0,0.1,0,1.0,0.4866246837639966,0.7628958232971804,0.5472525981365598,82.0,9,872
2a_digital_weak,4,superintelligent,0.9,100,4,0.05,1.0,9.0,0.1,0,1.0,0.4866246837639966,0.7628958232971804,0.5472525981365598,9.0,9,913
2a_digital_weak,4,oracle,1.0,100,4,0.05,1.0,9.0,0.1,0,1.0,0.4866246837639966,0.7628958232971804,0.5472525981365598,9.0,9,913
2a_digital_weak,4,naive,0.009,100,4,0.05,1.0,9.0,0.1,0,1.0,0.4866246837639966,0.7628958232971804,0.5499106556505812,633.0,10,888
2a_digital_weak,4,random,0.0009,100,4,0.05,1.0,9.0,0.1,0,1.0,0.4866246837639966,0.7628958232971804,0.5443476395691857,917.0,12,905
2a_digital_weak,5,regular,0.1,100,4,0.05,1.0,9.0,0.1,0,1.0,0.4632195283667629,0.7587209815564409,0.5661581622173424,117.0,15,843
2a_digital_weak,5,superintelligent,0.9,100,4,0.05,1.0,9.0,0.1,0,1.0,0.4632195283667629,0.7587209815564409,0.5661581622173424,15.0,15,910
2a_digital_weak,5,oracle,1.0,100,4,0.05,1.0,9.0,0.1,0,1.0,0.4632195283667629,0.7587209815564409,0.5661581622173424,15.0,15,910
2a_digital_weak,5,naive,0.009,100,4,0.05,1.0,9.0,0.1,0,1.0,0.4632195283667629,0.7587209815564409,0.5102086185567989,563.0,7,905
2a_digital_weak,5,random,0.0009,100,4,0.05,1.0,9.0,0.1,0,1.0,0.4632195283667629,0.7587209815564409,0.5294428955505485,885.0,9,893
2a_digital_weak,6,regular,0.1,100,4,0.05,1.0,9.0,0.1,0,1.0,0.4926076329718021,0.7540504042090614,0.5592563582013983,76.0,8,694
2a_digital_weak,6,superintelligent,0.9,100,4,0.05,1.0,9.0,0.1,0,1.0,0.4926076329718021,0.7540504042090614,0.5592563582013983,9.0,8,912
2a_digital_weak,6,oracle,1.0,100,4,0.05,1.0,9.0,0.1,0,1.0,0.4926076329718021,0.7540504042090614,0.5592563582013983,8.0,8,912
2a_digital_weak,6,naive,0.009,100,4,0.05,1.0,9.0,0.1,0,1.0,0.4926076329718021,0.7540504042090614,0.5592563582013983,549.0,8,881
2a_digital_weak,6,random,0.0009,100,4,0.05,1.0,9.0,0.1,0,1.0,0.4926076329718021,0.7540504042090614,0.5733528545229131,596.0,7,890
2a_digital_weak,7,regular,0.1,100,4,0.05,1.0,9.0,0.1,0,1.0,0.44875801873323357,0.735326646823279,0.5341974320009413,136.0,11,871
2a_digital_weak,7,superintelligent,0.9,100,4,0.05,1.0,9.0,0.1,0,1.0,0.44875801873323357,0.735326646823279,0.5341974320009413,15.0,11,910
2a_digital_weak,7,oracle,1.0,100,4,0.05,1.0,9.0,0.1,0,1.0,0.44875801873323357,0.735326646823279,0.5341974320009413,11.0,11,910
2a_digital_weak,7,naive,0.009,100,4,0.05,1.0,9.0,0.1,0,1.0,0.44875801873323357,0.735326646823279,0.5163487418871076,683.0,9,889
2a_digital_weak,7,random,0.0009,100,4,0.05,1.0,9.0,0.1,0,1.0,0.44875801873323357,0.735326646823279,0.5201979455720964,908.0,10,909
2a_digital_weak,8,regular,0.1,100,4,0.05,1.0,9.0,0.1,0,1.0,0.4835602559131648,0.7627502402848488,0.5542712347163574,137.0,11,894
2a_digital_weak,8,superintelligent,0.9,100,4,0.05,1.0,9.0,0.1,0,1.0,0.4835602559131648,0.7627502402848488,0.5542712347163574,14.0,11,911
2a_digital_weak,8,oracle,1.0,100,4,0.05,1.0,9.0,0.1,0,1.0,0.4835602559131648,0.7627502402848488,0.5542712347163574,11.0,11,911
2a_digital_weak,8,naive,0.009,100,4,0.05,1.0,9.0,0.1,0,1.0,0.4835602559131648,0.7627502402848488,0.614704068840276,740.0,21,876
2a_digital_weak,8,random,0.0009,100,4,0.05,1.0,9.0,0.1,0,1.0,0.4835602559131648,0.7627502402848488,0.5570558333033317,902.0,12,907
2a_digital_weak,9,regular,0.1,100,4,0.05,1.0,9.0,0.1,0,1.0,0.5205626924407725,0.7656121678480141,0.5959614499784369,101.0,15,859
2a_digital_weak,9,superintelligent,0.9,100,4,0.05,1.0,9.0,0.1,0,1.0,0.5205626924407725,0.7656121678480141,0.5959614499784369,17.0,15,914
2a_digital_weak,9,oracle,1.0,100,4,0.05,1.0,9.0,0.1,0,1.0,0.5205626924407725,0.7656121678480141,0.5959614499784369,15.0,15,914
2a_digital_weak,9,naive,0.009,100,4,0.05,1.0,9.0,0.1,0,1.0,0.5205626924407725,0.7656121678480141,0.5959614499784369,793.0,15,900
2a_digital_weak,9,random,0.0009,100,4,0.05,1.0,9.0,0.1,0,1.0,0.5205626924407725,0.7656121678480141,0.5868578460620824,925.0,12,913
2a_digital_weak,10,regular,0.1,100,4,0.05,1.0,9.0,0.1,0,1.0,0.5179087205830634,0.7584158285604649,0.5836845004957376,53.0,8,885
2a_digital_weak,10,superintelligent,0.9,100,4,0.05,1.0,9.0,0.1,0,1.0,0.5179087205830634,0.7584158285604649,0.5836845004957376,11.0,8,915
2a_digital_weak,10,oracle,1.0,100,4,0.05,1.0,9.0,0.1,0,1.0,0.5179087205830634,0.7584158285604649,0.5836845004957376,8.0,8,915
2a_digital_weak,10,naive,0.009,100,4,0.05,1.0,9.0,0.1,0,1.0,0.5179087205830634,0.7584158285604649,0.5819928734811016,614.0,8,887
2a_digital_weak,10,random,0.0009,100,4,0.05,1.0,9.0,0.1,0,1.0,0.5179087205830634,0.7584158285604649,0.5837541593631496,883.0,11,872
2a_digital_weak,11,regular,0.1,100,4,0.05,1.0,9.0,0.1,0,1.0,0.514353894885717,0.7568896652866982,0.5704252977071358,98.0,7,882
2a_digital_weak,11,superintelligent,0.9,100,4,0.05,1.0,9.0,0.1,0,1.0,0.514353894885717,0.7568896652866982,0.5704252977071358,8.0,7,916
2a_digital_weak,11,oracle,1.0,100,4,0.05,1.0,9.0,0.1,0,1.0,0.514353894885717,0.7568896652866982,0.5704252977071358,7.0,7,916
2a_digital_weak,11,naive,0.009,100,4,0.05,1.0,9.0,0.1,0,1.0,0.514353894885717,0.7568896652866982,0.5704252977071358,393.0,7,864
2a_digital_weak,11,random,0.0009,100,4,0.05,1.0,9.0,0.1,0,1.0,0.514353894885717,0.7568896652866982,0.5704252977071358,867.0,7,906
2a_digital_weak,12,regular,0.1,100,4,0.05,1.0,9.0,0.1,0,1.0,0.49459457244310173,0.7523214259781261,0.592202201894018,124.0,13,828
2a_digital_weak,12,superintelligent,0.9,100,4,0.05,1.0,9.0,0.1,0,1.0,0.49459457244310173,0.7523214259781261,0.6144844309717368,18.0,16,911
2a_digital_weak,12,oracle,1.0,100,4,0.05,1.0,9.0,0.1,0,1.0,0.49459457244310173,0.7523214259781261,0.6144844309717368,16.0,16,911
2a_digital_weak,12,naive,0.009,100,4,0.05,1.0,9.0,0.1,0,1.0,0.49459457244310173,0.7523214259781261,0.5932305636908982,738.0,15,893
2a_digital_weak,12,random,0.0009,100,4,0.05,1.0,9.0,0.1,0,1.0,0.49459457244310173,0.7523214259781261,0.5604636845585156,853.0,12,897
2a_digital_weak,13,regular,0.1,100,4,0.05,1.0,9.0,0.1,0,1.0,0.4582533415978146,0.7507647048757623,0.5771176089608904,161.0,18,902
2a_digital_weak,13,superintelligent,0.9,100,4,0.05,1.0,9.0,0.1,0,1.0,0.4582533415978146,0.7507647048757623,0.5771176089608904,19.0,18,912
2a_digital_weak,13,oracle,1.0,100,4,0.05,1.0,9.0,0.1,0,1.0,0.4582533415978146,0.7507647048757623,0.5771176089608904,18.0,18,912
2a_digital_weak,13,naive,0.009,100,4,0.05,1.0,9.0,0.1,0,1.0,0.4582533415978146,0.7507647048757623,0.563555782037878,896.0,18,908
2a_digital_weak,13,random,0.0009,100,4,0.05,1.0,9.0,0.1,0,1.0,0.4582533415978146,0.7507647048757623,0.5581229954139981,882.0,18,907
2a_digital_weak,14,regular,0.1,100,4,0.05,1.0,9.0,0.1,0,1.0,0.46429776299926134,0.7692458643672058,0.5808153646729187,133.0,12,796
2a_digital_weak,14,superintelligent,0.9,100,4,0.05,1.0,9.0,0.1,0,1.0,0.46429776299926134,0.7692458643672058,0.5808153646729187,14.0,12,908
2a_digital_weak,14,oracle,1.0,100,4,0.05,1.0,9.0,0.1,0,1.0,0.46429776299926134,0.7692458643672058,0.5808153646729187,12.0,12,908
2a_digital_weak,14,naive,0.009,100,4,0.05,1.0,9.0,0.1,0,1.0,0.46429776299926134,0.7692458643672058,0.5542390946512015,903.0,13,912
2a_digital_weak,14,random,0.0009,100,4,0.05,1.0,9.0,0.1,0,1.0,0.46429776299926134,0.7692458643672058,0.5778731012223634,924.0,18,906
2a_digital_weak,15,regular,0.1,100,4,0.05,1.0,9.0,0.1,0,1.0,0.5211453477755957,0.7463167650041281,0.5861328183384128,108.0,13,915
2a_digital_weak,15,superintelligent,0.9,100,4,0.05,1.0,9.0,0.1,0,1.0,0.5211453477755957,0.7463167650041281,0.5861328183384128,13.0,13,917
2a_digital_weak,15,oracle,1.0,100,4,0.05,1.0,9.0,0.1,0,1.0,0.5211453477755957,0.7463167650041281,0.5861328183384128,13.0,13,917
2a_digital_weak,15,naive,0.009,100,4,0.05,1.0,9.0,0.1,0,1.0,0.5211453477755957,0.7463167650041281,0.6023739606053422,728.0,15,916
2a_digital_weak,15,random,0.0009,100,4,0.05,1.0,9.0,0.1,0,1.0,0.5211453477755957,0.7463167650041281,0.600258230671145,875.0,15,878
2a_digital_weak,16,regular,0.1,100,4,0.05,1.0,9.0,0.1,0,1.0,0.4904914442780751,0.7514869388619779,0.5645643825175992,107.0,10,818
2a_digital_weak,16,superintelligent,0.9,100,4,0.05,1.0,9.0,0.1,0,1.0,0.4904914442780751,0.7514869388619779,0.5645643825175992,10.0,10,910
2a_digital_weak,16,oracle,1.0,100,4,0.05,1.0,9.0,0.1,0,1.0,0.4904914442780751,0.7514869388619779,0.5645643825175992,10.0,10,910
2a_digital_weak,16,naive,0.009,100,4,0.05,1.0,9.0,0.1,0,1.0,0.4904914442780751,0.7514869388619779,0.5576265918285018,265.0,11,781
2a_digital_weak,16,random,0.0009,100,4,0.05,1.0,9.0,0.1,0,1.0,0.4904914442780751,0.7514869388619779,0.5458590044803063,835.0,11,870
2a_digital_weak,17,regular,0.1,100,4,0.05,1.0,9.0,0.1,0,1.0,0.5124579268082345,0.7754918072988805,0.5654006461537818,90.0,12,645
2a_digital_weak,17,superintelligent,0.9,100,4,0.05,1.0,9.0,0.1,0,1.0,0.5124579268082345,0.7754918072988805,0.5654006461537818,14.0,12,911
2a_digital_weak,17,oracle,1.0,100,4,0.05,1.0,9.0,0.1,0,1.0,0.5124579268082345,0.7754918072988805,0.5654006461537818,12.0,12,911
2a_digital_weak,17,naive,0.009,100,4,0.05,1.0,9.0,0.1,0,1.0,0.5124579268082345,0.7754918072988805,0.5618734832627179,506.0,10,798
2a_digital_weak,17,random,0.0009,100,4,0.05,1.0,9.0,0.1,0,1.0,0.5124579268082345,0.7754918072988805,0.5452716778597906,431.0,8,872
2a_digital_weak,18,regular,0.1,100,4,0.05,1.0,9.0,0.1,0,1.0,0.5105893904390504,0.747147268429513,0.576445947705332,104.0,11,847
2a_digital_weak,18,superintelligent,0.9,100,4,0.05,1.0,9.0,0.1,0,1.0,0.5105893904390504,0.747147268429513,0.5760486864299402,10.0,9,910
2a_digital_weak,18,oracle,1.0,100,4,0.05,1.0,9.0,0.1,0,1.0,0.5105893904390504,0.747147268429513,0.5760486864299402,9.0,9,910
2a_digital_weak,18,naive,0.009,100,4,0.05,1.0,9.0,0.1,0,1.0,0.5105893904390504,0.747147268429513,0.5760486864299402,713.0,9,871
2a_digital_weak,18,random,0.0009,100,4,0.05,1.0,9.0,0.1,0,1.0,0.5105893904390504,0.747147268429513,0.5742519082005085,887.0,10,904
2a_digital_weak,19,regular,0.1,100,4,0.05,1.0,9.0,0.1,0,1.0,0.5186574419372962,0.7356793313983272,0.5827090259654173,159.0,11,849
2a_digital_weak,19,superintelligent,0.9,100,4,0.05,1.0,9.0,0.1,0,1.0,0.5186574419372962,0.7356793313983272,0.5827090259654173,11.0,11,915
2a_digital_weak,19,oracle,1.0,100,4,0.05,1.0,9.0,0.1,0,1.0,0.5186574419372962,0.7356793313983272,0.5827090259654173,11.0,11,915
2a_digital_weak,19,naive,0.009,100,4,0.05,1.0,9.0,0.1,0,1.0,0.5186574419372962,0.7356793313983272,0.5529348508467942,539.0,6,845
2a_digital_weak,19,random,0.0009,100,4,0.05,1.0,9.0,0.1,0,1.0,0.5186574419372962,0.7356793313983272,0.5373687249981863,663.0,5,913
2a_digital_weak,20,regular,0.1,100,4,0.05,1.0,9.0,0.1,0,1.0,0.5013750684178041,0.7491142833275454,0.5678715721274815,71.0,6,909
2a_digital_weak,20,superintelligent,0.9,100,4,0.05,1.0,9.0,0.1,0,1.0,0.5013750684178041,0.7491142833275454,0.5678715721274815,6.0,6,909
2a_digital_weak,20,oracle,1.0,100,4,0.05,1.0,9.0,0.1,0,1.0,0.5013750684178041,0.7491142833275454,0.5678715721274815,6.0,6,909
2a_digital_weak,20,naive,0.009,100,4,0.05,1.0,9.0,0.1,0,1.0,0.5013750684178041,0.7491142833275454,0.5678715721274815,375.0,6,632
2a_digital_weak,20,random,0.0009,100,4,0.05,1.0,9.0,0.1,0,1.0,0.5013750684178041,0.7491142833275454,0.5561269309160839,536.0,8,912
2a_digital_weak,21,regular,0.1,100,4,0.05,1.0,9.0,0.1,0,1.0,0.43547539985082895,0.7480364354784196,0.5164452330085072,97.0,12,773
2a_digital_weak,21,superintelligent,0.9,100,4,0.05,1.0,9.0,0.1,0,1.0,0.43547539985082895,0.7480364354784196,0.5609784405718339,24.0,20,912
2a_digital_weak,21,oracle,1.0,100,4,0.05,1.0,9.0,0.1,0,1.0,0.43547539985082895,0.7480364354784196,0.5609784405718339,20.0,20,912
2a_digital_weak,21,naive,0.009,100,4,0.05,1.0,9.0,0.1,0,1.0,0.43547539985082895,0.7480364354784196,0.532002598071383,875.0,13,881
2a_digital_weak,21,random,0.0009,100,4,0.05,1.0,9.0,0.1,0,1.0,0.43547539985082895,0.7480364354784196,0.537157213494677,925.0,15,910
2a_digital_weak,22,regular,0.1,100,4,0.05,1.0,9.0,0.1,0,1.0,0.469424320404757,0.7661989167523916,0.537797558884301,123.0,13,904
2a_digital_weak,22,superintelligent,0.9,100,4,0.05,1.0,9.0,0.1,0,1.0,0.469424320404757,0.7661989167523916,0.537797558884301,14.0,13,908
2a_digital_weak,22,oracle,1.0,100,4,0.05,1.0,9.0,0.1,0,1.0,0.469424320404757,0.7661989167523916,0.537797558884301,13.0,13,908
2a_digital_weak,22,naive,0.009,100,4,0.05,1.0,9.0,0.1,0,1.0,0.469424320404757,0.7661989167523916,0.5379469864186338,822.0,15,840
2a_digital_weak,22,random,0.0009,100,4,0.05,1.0,9.0,0.1,0,1.0,0.469424320404757,0.7661989167523916,0.5529002140970425,893.0,14,910
2a_digital_weak,23,regular,0.1,100,4,0.05,1.0,9.0,0.1,0,1.0,0.5341360695589585,0.7566427429862155,0.6033229073916329,75.0,12,906
2a_digital_weak,23,superintelligent,0.9,100,4,0.05,1.0,9.0,0.1,0,1.0,0.5341360695589585,0.7566427429862155,0.6033229073916329,15.0,12,913
2a_digital_weak,23,oracle,1.0,100,4,0.05,1.0,9.0,0.1,0,1.0,0.5341360695589585,0.7566427429862155,0.6033229073916329,12.0,12,913
2a_digital_weak,23,naive,0.009,100,4,0.05,1.0,9.0,0.1,0,1.0,0.5341360695589585,0.7566427429862155,0.6033229073916329,613.0,12,884
2a_digital_weak,23,random,0.0009,100,4,0.05,1.0,9.0,0.1,0,1.0,0.5341360695589585,0.7566427429862155,0.5990257695455051,721.0,12,867
2a_digital_weak,24,regular,0.1,100,4,0.05,1.0,9.0,0.1,0,1.0,0.49076406040097953,0.7553456187498582,0.5706430191248243,139.0,16,820
2a_digital_weak,24,superintelligent,0.9,100,4,0.05,1.0,9.0,0.1,0,1.0,0.49076406040097953,0.7553456187498582,0.5706430191248243,17.0,16,912
2a_digital_weak,24,oracle,1.0,100,4,0.05,1.0,9.0,0.1,0,1.0,0.49076406040097953,0.7553456187498582,0.5706430191248243,16.0,16,912
2a_digital_weak,24,naive,0.009,100,4,0.05,1.0,9.0,0.1,0,1.0,0.49076406040097953,0.7553456187498582,0.5486661056989522,561.0,10,890
2a_digital_weak,24,random,0.0009,100,4,0.05,1.0,9.0,0.1,0,1.0,0.49076406040097953,0.7553456187498582,0.5632456095891718,892.0,12,881
2a_digital_weak,25,regular,0.1,100,4,0.05,1.0,9.0,0.1,0,1.0,0.5040911689624754,0.7578880052970726,0.591200839178065,102.0,13,786
2a_digital_weak,25,superintelligent,0.9,100,4,0.05,1.0,9.0,0.1,0,1.0,0.5040911689624754,0.7578880052970726,0.5955150085062073,15.0,15,917
2a_digital_weak,25,oracle,1.0,100,4,0.05,1.0,9.0,0.1,0,1.0,0.5040911689624754,0.7578880052970726,0.5955150085062073,15.0,15,917
2a_digital_weak,25,naive,0.009,100,4,0.05,1.0,9.0,0.1,0,1.0,0.5040911689624754,0.7578880052970726,0.5682495138678655,602.0,13,903
2a_digital_weak,25,random,0.0009,100,4,0.05,1.0,9.0,0.1,0,1.0,0.5040911689624754,0.7578880052970726,0.5862361174262273,907.0,16,902
2a_digital_weak,26,regular,0.1,100,4,0.05,1.0,9.0,0.1,0,1.0,0.5461841137526038,0.7736347514417565,0.6251052829434898,53.0,7,916
2a_digital_weak,26,superintelligent,0.9,100,4,0.05,1.0,9.0,0.1,0,1.0,0.5461841137526038,0.7736347514417565,0.6251052829434898,8.0,7,916
2a_digital_weak,26,oracle,1.0,100,4,0.05,1.0,9.0,0.1,0,1.0,0.5461841137526038,0.7736347514417565,0.6251052829434898,7.0,7,916
2a_digital_weak,26,naive,0.009,100,4,0.05,1.0,9.0,0.1,0,1.0,0.5461841137526038,0.7736347514417565,0.6251052829434898,325.0,7,872
2a_digital_weak,26,random,0.0009,100,4,0.05,1.0,9.0,0.1,0,1.0,0.5461841137526038,0.7736347514417565,0.6251052829434898,568.0,7,901
2a_digital_weak,27,regular,0.1,100,4,0.05,1.0,9.0,0.1,0,1.0,0.47915572960834796,0.7673867641909615,0.5872221167003527,124.0,17,848
2a_digital_weak,27,superintelligent,0.9,100,4,0.05,1.0,9.0,0.1,0,1.0,0.47915572960834796,0.7673867641909615,0.5872221167003527,18.0,17,916
2a_digital_weak,27,oracle,1.0,100,4,0.05,1.0,9.0,0.1,0,1.0,0.47915572960834796,0.7673867641909615,0.5872221167003527,17.0,17,916
2a_digital_weak,27,naive,0.009,100,4,0.05,1.0,9.0,0.1,0,1.0,0.47915572960834796,0.7673867641909615,0.5711614400798706,737.0,12,871
2a_digital_weak,27,random,0.0009,100,4,0.05,1.0,9.0,0.1,0,1.0,0.47915572960834796,0.7673867641909615,0.5967778106789631,832.0,17,892
2a_digital_weak,28,regular,0.1,100,4,0.05,1.0,9.0,0.1,0,1.0,0.5194068396534514,0.7446245583466178,0.5860388016935396,101.0,11,821
2a_digital_weak,28,superintelligent,0.9,100,4,0.05,1.0,9.0,0.1,0,1.0,0.5194068396534514,0.7446245583466178,0.6258269811936192,14.0,13,913
2a_digital_weak,28,oracle,1.0,100,4,0.05,1.0,9.0,0.1,0,1.0,0.5194068396534514,0.7446245583466178,0.6258269811936192,13.0,13,913
2a_digital_weak,28,naive,0.009,100,4,0.05,1.0,9.0,0.1,0,1.0,0.5194068396534514,0.7446245583466178,0.6258269811936192,606.0,13,899
2a_digital_weak,28,random,0.0009,100,4,0.05,1.0,9.0,0.1,0,1.0,0.5194068396534514,0.7446245583466178,0.6180091175621147,871.0,11,913
2a_digital_weak,29,regular,0.1,100,4,0.05,1.0,9.0,0.1,0,1.0,0.47267546254908976,0.752532261985217,0.5966976436829339,159.0,14,782
2a_digital_weak,29,superintelligent,0.9,100,4,0.05,1.0,9.0,0.1,0,1.0,0.47267546254908976,0.752532261985217,0.5966976436829339,15.0,14,909
2a_digital_weak,29,oracle,1.0,100,4,0.05,1.0,9.0,0.1,0,1.0,0.47267546254908976,0.752532261985217,0.5966976436829339,14.0,14,909
2a_digital_weak,29,naive,0.009,100,4,0.05,1.0,9.0,0.1,0,1.0,0.47267546254908976,0.752532261985217,0.5966976436829339,893.0,14,901
2a_digital_weak,29,random,0.0009,100,4,0.05,1.0,9.0,0.1,0,1.0,0.47267546254908976,0.752532261985217,0.5798957715169174,898.0,14,903
2a_digital_weak,30,regular,0.1,100,4,0.05,1.0,9.0,0.1,0,1.0,0.5522597285564383,0.7465187134904793,0.6030513254045174,101.0,8,907
2a_digital_weak,30,superintelligent,0.9,100,4,0.05,1.0,9.0,0.1,0,1.0,0.5522597285564383,0.7465187134904793,0.6030513254045174,9.0,8,910
2a_digital_weak,30,oracle,1.0,100,4,0.05,1.0,9.0,0.1,0,1.0,0.5522597285564383,0.7465187134904793,0.6030513254045174,8.0,8,910
2a_digital_weak,30,naive,0.009,100,4,0.05,1.0,9.0,0.1,0,1.0,0.5522597285564383,0.7465187134904793,0.591776385365861,637.0,7,898
2a_digital_weak,30,random,0.0009,100,4,0.05,1.0,9.0,0.1,0,1.0,0.5522597285564383,0.7465187134904793,0.591776385365861,911.0,7,908
2a_digital_weak,31,regular,0.1,100,4,0.05,1.0,9.0,0.1,0,1.0,0.48658786907006335,0.7476618304763325,0.5502235229791276,115.0,10,840
2a_digital_weak,31,superintelligent,0.9,100,4,0.05,1.0,9.0,0.1,0,1.0,0.48658786907006335,0.7476618304763325,0.5502235229791276,11.0,10,909
2a_digital_weak,31,oracle,1.0,100,4,0.05,1.0,9.0,0.1,0,1.0,0.48658786907006335,0.7476618304763325,0.5502235229791276,10.0,10,909
2a_digital_weak,31,naive,0.009,100,4,0.05,1.0,9.0,0.1,0,1.0,0.48658786907006335,0.7476618304763325,0.5502235229791276,429.0,10,798
2a_digital_weak,31,random,0.0009,100,4,0.05,1.0,9.0,0.1,0,1.0,0.48658786907006335,0.7476618304763325,0.5489556497003288,754.0,9,897
2a_digital_weak,32,regular,0.1,100,4,0.05,1.0,9.0,0.1,0,1.0,0.5265245904788836,0.7455192211612878,0.5857201044938167,72.0,10,828
2a_digital_weak,32,superintelligent,0.9,100,4,0.05,1.0,9.0,0.1,0,1.0,0.5265245904788836,0.7455192211612878,0.5857201044938167,10.0,10,910
2a_digital_weak,32,oracle,1.0,100,4,0.05,1.0,9.0,0.1,0,1.0,0.5265245904788836,0.7455192211612878,0.5857201044938167,10.0,10,910
2a_digital_weak,32,naive,0.009,100,4,0.05,1.0,9.0,0.1,0,1.0,0.5265245904788836,0.7455192211612878,0.5857201044938167,723.0,10,871
2a_digital_weak,32,random,0.0009,100,4,0.05,1.0,9.0,0.1,0,1.0,0.5265245904788836,0.7455192211612878,0.5736947599614778,895.0,10,899
2a_digital_weak,33,regular,0.1,100,4,0.05,1.0,9.0,0.1,0,1.0,0.517396372898971,0.7693791444168304,0.5773396535548302,102.0,10,901
2a_digital_weak,33,superintelligent,0.9,100,4,0.05,1.0,9.0,0.1,0,1.0,0.517396372898971,0.7693791444168304,0.5773396535548302,10.0,10,912
2a_digital_weak,33,oracle,1.0,100,4,0.05,1.0,9.0,0.1,0,1.0,0.517396372898971,0.7693791444168304,0.5773396535548302,10.0,10,912
2a_digital_weak,33,naive,0.009,100,4,0.05,1.0,9.0,0.1,0,1.0,0.517396372898971,0.7693791444168304,0.5765946968138509,821.0,10,882
2a_digital_weak,33,random,0.0009,100,4,0.05,1.0,9.0,0.1,0,1.0,0.517396372898971,0.7693791444168304,0.5731108453875166,867.0,9,888
2a_digital_weak,34,regular,0.1,100,4,0.05,1.0,9.0,0.1,0,1.0,0.5262032801590433,0.7631557019850975,0.6099217623429353,88.0,12,877
2a_digital_weak,34,superintelligent,0.9,100,4,0.05,1.0,9.0,0.1,0,1.0,0.5262032801590433,0.7631557019850975,0.6099217623429353,12.0,12,916
2a_digital_weak,34,oracle,1.0,100,4,0.05,1.0,9.0,0.1,0,1.0,0.5262032801590433,0.7631557019850975,0.6099217623429353,12.0,12,916
2a_digital_weak,34,naive,0.009,100,4,0.05,1.0,9.0,0.1,0,1.0,0.5262032801590433,0.7631557019850975,0.5930188529205808,523.0,12,864
2a_digital_weak,34,random,0.0009,100,4,0.05,1.0,9.0,0.1,0,1.0,0.5262032801590433,0.7631557019850975,0.6081468308704712,920.0,13,913
2a_digital_weak,35,regular,0.1,100,4,0.05,1.0,9.0,0.1,0,1.0,0.5238450931942036,0.764891798575023,0.5526559341160452,63.0,6,913
2a_digital_weak,35,superintelligent,0.9,100,4,0.05,1.0,9.0,0.1,0,1.0,0.5238450931942036,0.764891798575023,0.5526559341160452,6.0,6,913
2a_digital_weak,35,oracle,1.0,100,4,0.05,1.0,9.0,0.1,0,1.0,0.5238450931942036,0.764891798575023,0.5526559341160452,6.0,6,913
2a_digital_weak,35,naive,0.009,100,4,0.05,1.0,9.0,0.1,0,1.0,0.5238450931942036,0.764891798575023,0.5526559341160452,260.0,6,850
2a_digital_weak,35,random,0.0009,100,4,0.05,1.0,9.0,0.1,0,1.0,0.5238450931942036,0.764891798575023,0.5526559341160452,744.0,6,868
2a_digital_weak,36,regular,0.1,100,4,0.05,1.0,9.0,0.1,0,1.0,0.467820037139979,0.7609688131054575,0.5871804909510804,117.0,13,895
2a_digital_weak,36,superintelligent,0.9,100,4,0.05,1.0,9.0,0.1,0,1.0,0.467820037139979,0.7609688131054575,0.5988563810300077,18.0,17,920
2a_digital_weak,36,oracle,1.0,100,4,0.05,1.0,9.0,0.1,0,1.0,0.467820037139979,0.7609688131054575,0.5988563810300077,17.0,17,920
2a_digital_weak,36,naive,0.009,100,4,0.05,1.0,9.0,0.1,0,1.0,0.467820037139979,0.7609688131054575,0.5669174668295834,698.0,14,920
2a_digital_weak,36,random,0.0009,100,4,0.05,1.0,9.0,0.1,0,1.0,0.467820037139979,0.7609688131054575,0.5922359102790788,898.0,17,908
2a_digital_weak,37,regular,0.1,100,4,0.05,1.0,9.0,0.1,0,1.0,0.49340079458565606,0.7679290049805586,0.5543886792070924,55.0,8,874
2a_digital_weak,37,superintelligent,0.9,100,4,0.05,1.0,9.0,0.1,0,1.0,0.49340079458565606,0.7679290049805586,0.5543886792070924,8.0,8,912
2a_digital_weak,37,oracle,1.0,100,4,0.05,1.0,9.0,0.1,0,1.0,0.49340079458565606,0.7679290049805586,0.5543886792070924,8.0,8,912
2a_digital_weak,37,naive,0.009,100,4,0.05,1.0,9.0,0.1,0,1.0,0.49340079458565606,0.7679290049805586,0.5721907044718405,889.0,11,878
2a_digital_weak,37,random,0.0009,100,4,0.05,1.0,9.0,0.1,0,1.0,0.49340079458565606,0.7679290049805586,0.5721907044718405,918.0,11,907
2a_digital_weak,38,regular,0.1,100,4,0.05,1.0,9.0,0.1,0,1.0,0.5444440740592281,0.7602410678436035,0.5658165038214622,19.0,4,813
2a_digital_weak,38,superintelligent,0.9,100,4,0.05,1.0,9.0,0.1,0,1.0,0.5444440740592281,0.7602410678436035,0.5658165038214622,6.0,4,910
2a_digital_weak,38,oracle,1.0,100,4,0.05,1.0,9.0,0.1,0,1.0,0.5444440740592281,0.7602410678436035,0.5658165038214622,4.0,4,910
2a_digital_weak,38,naive,0.009,100,4,0.05,1.0,9.0,0.1,0,1.0,0.5444440740592281,0.7602410678436035,0.5658165038214622,583.0,4,866
2a_digital_weak,38,random,0.0009,100,4,0.05,1.0,9.0,0.1,0,1.0,0.5444440740592281,0.7602410678436035,0.5634708973869635,899.0,5,894
2a_digital_weak,39,regular,0.1,100,4,0.05,1.0,9.0,0.1,0,1.0,0.457413003697911,0.7614968276770311,0.5677897317623143,69.0,11,905
2a_digital_weak,39,superintelligent,0.9,100,4,0.05,1.0,9.0,0.1,0,1.0,0.457413003697911,0.7614968276770311,0.5677897317623143,13.0,11,915
2a_digital_weak,39,oracle,1.0,100,4,0.05,1.0,9.0,0.1,0,1.0,0.457413003697911,0.7614968276770311,0.5677897317623143,11.0,11,915
2a_digital_weak,39,naive,0.009,100,4,0.05,1.0,9.0,0.1,0,1.0,0.457413003697911,0.7614968276770311,0.6040900283005933,853.0,14,916
2a_digital_weak,39,random,0.0009,100,4,0.05,1.0,9.0,0.1,0,1.0,0.457413003697911,0.7614968276770311,0.5620423555646391,882.0,13,893
2a_digital_weak,40,regular,0.1,100,4,0.05,1.0,9.0,0.1,0,1.0,0.48631391815087743,0.7534294195588583,0.5912868779816505,101.0,12,900
2a_digital_weak,40,superintelligent,0.9,100,4,0.05,1.0,9.0,0.1,0,1.0,0.48631391815087743,0.7534294195588583,0.6013276681106953,15.0,13,913
2a_digital_weak,40,oracle,1.0,100,4,0.05,1.0,9.0,0.1,0,1.0,0.48631391815087743,0.7534294195588583,0.6013276681106953,13.0,13,913
2a_digital_weak,40,naive,0.009,100,4,0.05,1.0,9.0,0.1,0,1.0,0.48631391815087743,0.7534294195588583,0.5994369690203966,895.0,14,910
2a_digital_weak,40,random,0.0009,100,4,0.05,1.0,9.0,0.1,0,1.0,0.48631391815087743,0.7534294195588583,0.5543430666032232,704.0,13,764
2a_digital_weak,41,regular,0.1,100,4,0.05,1.0,9.0,0.1,0,1.0,0.48439114372978265,0.7519669259059478,0.5643761473051522,127.0,11,909
2a_digital_weak,41,superintelligent,0.9,100,4,0.05,1.0,9.0,0.1,0,1.0,0.48439114372978265,0.7519669259059478,0.5553859817118189,14.0,11,910
2a_digital_weak,41,oracle,1.0,100,4,0.05,1.0,9.0,0.1,0,1.0,0.48439114372978265,0.7519669259059478,0.5553859817118189,11.0,11,910
2a_digital_weak,41,naive,0.009,100,4,0.05,1.0,9.0,0.1,0,1.0,0.48439114372978265,0.7519669259059478,0.5530480004890503,606.0,10,668
2a_digital_weak,41,random,0.0009,100,4,0.05,1.0,9.0,0.1,0,1.0,0.48439114372978265,0.7519669259059478,0.5637201814156313,697.0,10,886
2a_digital_weak,42,regular,0.1,100,4,0.05,1.0,9.0,0.1,0,1.0,0.5025043510104916,0.7675091247013509,0.5985382472150809,162.0,14,842
2a_digital_weak,42,superintelligent,0.9,100,4,0.05,1.0,9.0,0.1,0,1.0,0.5025043510104916,0.7675091247013509,0.5985382472150809,14.0,14,914
2a_digital_weak,42,oracle,1.0,100,4,0.05,1.0,9.0,0.1,0,1.0,0.5025043510104916,0.7675091247013509,0.5985382472150809,14.0,14,914
2a_digital_weak,42,naive,0.009,100,4,0.05,1.0,9.0,0.1,0,1.0,0.5025043510104916,0.7675091247013509,0.5999169977230371,774.0,13,878
2a_digital_weak,42,random,0.0009,100,4,0.05,1.0,9.0,0.1,0,1.0,0.5025043510104916,0.7675091247013509,0.5691571654725912,884.0,10,906
2a_digital_weak,43,regular,0.1,100,4,0.05,1.0,9.0,0.1,0,1.0,0.44871216679205017,0.7570285789700298,0.5638260788894441,193.0,14,904
2a_digital_weak,43,superintelligent,0.9,100,4,0.05,1.0,9.0,0.1,0,1.0,0.44871216679205017,0.7570285789700298,0.5638260788894441,14.0,14,913
2a_digital_weak,43,oracle,1.0,100,4,0.05,1.0,9.0,0.1,0,1.0,0.44871216679205017,0.7570285789700298,0.5638260788894441,14.0,14,913
2a_digital_weak,43,naive,0.009,100,4,0.05,1.0,9.0,0.1,0,1.0,0.44871216679205017,0.7570285789700298,0.5638260788894441,693.0,14,796
2a_digital_weak,43,random,0.0009,100,4,0.05,1.0,9.0,0.1,0,1.0,0.44871216679205017,0.7570285789700298,0.561565020190567,931.0,18,913
2a_digital_weak,44,regular,0.1,100,4,0.05,1.0,9.0,0.1,0,1.0,0.47987540897913084,0.7618636568084307,0.5860735124601368,185.0,13,898
2a_digital_weak,44,superintelligent,0.9,100,4,0.05,1.0,9.0,0.1,0,1.0,0.47987540897913084,0.7618636568084307,0.5860735124601368,16.0,13,914
2a_digital_weak,44,oracle,1.0,100,4,0.05,1.0,9.0,0.1,0,1.0,0.47987540897913084,0.7618636568084307,0.5860735124601368,13.0,13,914
2a_digital_weak,44,naive,0.009,100,4,0.05,1.0,9.0,0.1,0,1.0,0.47987540897913084,0.7618636568084307,0.575911382174669,876.0,13,885
2a_digital_weak,44,random,0.0009,100,4,0.05,1.0,9.0,0.1,0,1.0,0.47987540897913084,0.7618636568084307,0.602637711860121,925.0,16,909
2a_digital_weak,45,regular,0.1,100,4,0.05,1.0,9.0,0.1,0,1.0,0.4550365111373151,0.7483521132891204,0.5319560197926403,69.0,10,895
2a_digital_weak,45,superintelligent,0.9,100,4,0.05,1.0,9.0,0.1,0,1.0,0.4550365111373151,0.7483521132891204,0.5319560197926403,12.0,10,909
2a_digital_weak,45,oracle,1.0,100,4,0.05,1.0,9.0,0.1,0,1.0,0.4550365111373151,0.7483521132891204,0.5319560197926403,10.0,10,909
2a_digital_weak,45,naive,0.009,100,4,0.05,1.0,9.0,0.1,0,1.0,0.4550365111373151,0.7483521132891204,0.5319560197926403,532.0,10,907
2a_digital_weak,45,random,0.0009,100,4,0.05,1.0,9.0,0.1,0,1.0,0.4550365111373151,0.7483521132891204,0.5318556909244904,838.0,12,881
2a_digital_weak,46,regular,0.1,100,4,0.05,1.0,9.0,0.1,0,1.0,0.5154075383496448,0.7508331682132859,0.6193562855373853,158.0,14,898
2a_digital_weak,46,superintelligent,0.9,100,4,0.05,1.0,9.0,0.1,0,1.0,0.5154075383496448,0.7508331682132859,0.6193562855373853,16.0,14,916
2a_digital_weak,46,oracle,1.0,100,4,0.05,1.0,9.0,0.1,0,1.0,0.5154075383496448,0.7508331682132859,0.6193562855373853,14.0,14,916
2a_digital_weak,46,naive,0.009,100,4,0.05,1.0,9.0,0.1,0,1.0,0.5154075383496448,0.7508331682132859,0.6055104157348962,895.0,13,912
2a_digital_weak,46,random,0.0009,100,4,0.05,1.0,9.0,0.1,0,1.0,0.5154075383496448,0.7508331682132859,0.6152220093819839,893.0,14,908
2a_digital_weak,47,regular,0.1,100,4,0.05,1.0,9.0,0.1,0,1.0,0.48788623042541085,0.7518721752705655,0.5357399906692871,60.0,9,879
2a_digital_weak,47,superintelligent,0.9,100,4,0.05,1.0,9.0,0.1,0,1.0,0.48788623042541085,0.7518721752705655,0.5357399906692871,11.0,9,913
2a_digital_weak,47,oracle,1.0,100,4,0.05,1.0,9.0,0.1,0,1.0,0.48788623042541085,0.7518721752705655,0.5357399906692871,9.0,9,913
2a_digital_weak,47,naive,0.009,100,4,0.05,1.0,9.0,0.1,0,1.0,0.48788623042541085,0.7518721752705655,0.5357399906692871,757.0,9,912
2a_digital_weak,47,random,0.0009,100,4,0.05,1.0,9.0,0.1,0,1.0,0.48788623042541085,0.7518721752705655,0.5220929963139771,915.0,10,905
2a_digital_weak,48,regular,0.1,100,4,0.05,1.0,9.0,0.1,0,1.0,0.5059070240580992,0.7390864217740264,0.5553241139705691,52.0,8,851
2a_digital_weak,48,superintelligent,0.9,100,4,0.05,1.0,9.0,0.1,0,1.0,0.5059070240580992,0.7390864217740264,0.5553241139705691,9.0,8,911
2a_digital_weak,48,oracle,1.0,100,4,0.05,1.0,9.0,0.1,0,1.0,0.5059070240580992,0.7390864217740264,0.5553241139705691,8.0,8,911
2a_digital_weak,48,naive,0.009,100,4,0.05,1.0,9.0,0.1,0,1.0,0.5059070240580992,0.7390864217740264,0.5525262861479144,548.0,6,907
2a_digital_weak,48,random,0.0009,100,4,0.05,1.0,9.0,0.1,0,1.0,0.5059070240580992,0.7390864217740264,0.5506888778371297,722.0,8,899
2a_digital_weak,49,regular,0.1,100,4,0.05,1.0,9.0,0.1,0,1.0,0.5270869605343536,0.7654988719131101,0.5849141689169628,68.0,8,860
2a_digital_weak,49,superintelligent,0.9,100,4,0.05,1.0,9.0,0.1,0,1.0,0.5270869605343536,0.7654988719131101,0.5849141689169628,8.0,8,912
2a_digital_weak,49,oracle,1.0,100,4,0.05,1.0,9.0,0.1,0,1.0,0.5270869605343536,0.7654988719131101,0.5849141689169628,8.0,8,912
2a_digital_weak,49,naive,0.009,100,4,0.05,1.0,9.0,0.1,0,1.0,0.5270869605343536,0.7654988719131101,0.5796039141015076,335.0,7,782
2a_digital_weak,49,random,0.0009,100,4,0.05,1.0,9.0,0.1,0,1.0,0.5270869605343536,0.7654988719131101,0.5722668479668657,891.0,5,886
2a_digital_weak,50,regular,0.1,100,4,0.05,1.0,9.0,0.1,0,1.0,0.5272242931960001,0.7587791036277125,0.5604761965811782,16.0,3,837
2a_digital_weak,50,superintelligent,0.9,100,4,0.05,1.0,9.0,0.1,0,1.0,0.5272242931960001,0.7587791036277125,0.5604761965811782,3.0,3,911
2a_digital_weak,50,oracle,1.0,100,4,0.05,1.0,9.0,0.1,0,1.0,0.5272242931960001,0.7587791036277125,0.5604761965811782,3.0,3,911
2a_digital_weak,50,naive,0.009,100,4,0.05,1.0,9.0,0.1,0,1.0,0.5272242931960001,0.7587791036277125,0.5604761965811782,141.0,3,904
2a_digital_weak,50,random,0.0009,100,4,0.05,1.0,9.0,0.1,0,1.0,0.5272242931960001,0.7587791036277125,0.5604761965811782,468.0,3,849
2a_digital_weak,51,regular,0.1,100,4,0.05,1.0,9.0,0.1,0,1.0,0.5245357735354472,0.7673558487805802,0.5790090162509999,88.0,8,786
2a_digital_weak,51,superintelligent,0.9,100,4,0.05,1.0,9.0,0.1,0,1.0,0.5245357735354472,0.7673558487805802,0.5790090162509999,10.0,8,909
2a_digital_weak,51,oracle,1.0,100,4,0.05,1.0,9.0,0.1,0,1.0,0.5245357735354472,0.7673558487805802,0.5790090162509999,8.0,8,909
2a_digital_weak,51,naive,0.009,100,4,0.05,1.0,9.0,0.1,0,1.0,0.5245357735354472,0.7673558487805802,0.5790090162509999,262.0,8,892
2a_digital_weak,51,random,0.0009,100,4,0.05,1.0,9.0,0.1,0,1.0,0.5245357735354472,0.7673558487805802,0.5948090120990801,896.0,11,910
2a_digital_weak,52,regular,0.1,100,4,0.05,1.0,9.0,0.1,0,1.0,0.4656723379708666,0.7512526603285961,0.5342617026788408,130.0,10,887
2a_digital_weak,52,superintelligent,0.9,100,4,0.05,1.0,9.0,0.1,0,1.0,0.4656723379708666,0.7512526603285961,0.5342617026788408,10.0,10,910
2a_digital_weak,52,oracle,1.0,100,4,0.05,1.0,9.0,0.1,0,1.0,0.4656723379708666,0.7512526603285961,0.5342617026788408,10.0,10,910
2a_digital_weak,52,naive,0.009,100,4,0.05,1.0,9.0,0.1,0,1.0,0.4656723379708666,0.7512526603285961,0.5329360456874872,763.0,9,887
2a_digital_weak,52,random,0.0009,100,4,0.05,1.0,9.0,0.1,0,1.0,0.4656723379708666,0.7512526603285961,0.5275003229843231,724.0,12,906
2a_digital_weak,53,regular,0.1,100,4,0.05,1.0,9.0,0.1,0,1.0,0.5135442912429631,0.7543962750902201,0.5407212497751079,22.0,4,913
2a_digital_weak,53,superintelligent,0.9,100,4,0.05,1.0,9.0,0.1,0,1.0,0.5135442912429631,0.7543962750902201,0.5407212497751079,4.0,4,913
2a_digital_weak,53,oracle,1.0,100,4,0.05,1.0,9.0,0.1,0,1.0,0.5135442912429631,0.7543962750902201,0.5407212497751079,4.0,4,913
2a_digital_weak,53,naive,0.009,100,4,0.05,1.0,9.0,0.1,0,1.0,0.5135442912429631,0.7543962750902201,0.55838855539452,667.0,9,910
2a_digital_weak,53,random,0.0009,100,4,0.05,1.0,9.0,0.1,0,1.0,0.5135442912429631,0.7543962750902201,0.5546355831705873,867.0,8,913
2a_digital_weak,54,regular,0.1,100,4,0.05,1.0,9.0,0.1,0,1.0,0.5072657895210702,0.7576226829625314,0.5910541802380966,63.0,11,808
2a_digital_weak,54,superintelligent,0.9,100,4,0.05,1.0,9.0,0.1,0,1.0,0.5072657895210702,0.7576226829625314,0.5910541802380966,14.0,11,909
2a_digital_weak,54,oracle,1.0,100,4,0.05,1.0,9.0,0.1,0,1.0,0.5072657895210702,0.7576226829625314,0.5910541802380966,11.0,11,909
2a_digital_weak,54,naive,0.009,100,4,0.05,1.0,9.0,0.1,0,1.0,0.5072657895210702,0.7576226829625314,0.5910541802380966,820.0,11,856
2a_digital_weak,54,random,0.0009,100,4,0.05,1.0,9.0,0.1,0,1.0,0.5072657895210702,0.7576226829625314,0.5854342940322439,915.0,10,905
2a_digital_weak,55,regular,0.1,100,4,0.05,1.0,9.0,0.1,0,1.0,0.4932787987640146,0.7606341599634909,0.5735563404751176,60.0,9,848
2a_digital_weak,55,superintelligent,0.9,100,4,0.05,1.0,9.0,0.1,0,1.0,0.4932787987640146,0.7606341599634909,0.5735563404751176,9.0,9,911
2a_digital_weak,55,oracle,1.0,100,4,0.05,1.0,9.0,0.1,0,1.0,0.4932787987640146,0.7606341599634909,0.5735563404751176,9.0,9,911
2a_digital_weak,55,naive,0.009,100,4,0.05,1.0,9.0,0.1,0,1.0,0.4932787987640146,0.7606341599634909,0.5695812186780573,494.0,8,642
2a_digital_weak,55,random,0.0009,100,4,0.05,1.0,9.0,0.1,0,1.0,0.4932787987640146,0.7606341599634909,0.5735563404751176,904.0,9,895
2a_digital_weak,56,regular,0.1,100,4,0.05,1.0,9.0,0.1,0,1.0,0.5255547183970889,0.7569862864893745,0.59379686333166,87.0,10,879
2a_digital_weak,56,superintelligent,0.9,100,4,0.05,1.0,9.0,0.1,0,1.0,0.5255547183970889,0.7569862864893745,0.59379686333166,11.0,10,910
2a_digital_weak,56,oracle,1.0,100,4,0.05,1.0,9.0,0.1,0,1.0,0.5255547183970889,0.7569862864893745,0.59379686333166,10.0,10,910
2a_digital_weak,56,naive,0.009,100,4,0.05,1.0,9.0,0.1,0,1.0,0.5255547183970889,0.7569862864893745,0.5934203636654035,643.0,9,911
2a_digital_weak,56,random,0.0009,100,4,0.05,1.0,9.0,0.1,0,1.0,0.5255547183970889,0.7569862864893745,0.5931112318673049,604.0,10,898
2a_digital_weak,57,regular,0.1,100,4,0.05,1.0,9.0,0.1,0,1.0,0.5096792751998312,0.7550238824918741,0.5263726349420369,25.0,3,904
2a_digital_weak,57,superintelligent,0.9,100,4,0.05,1.0,9.0,0.1,0,1.0,0.5096792751998312,0.7550238824918741,0.5263726349420369,3.0,3,910
2a_digital_weak,57,oracle,1.0,100,4,0.05,1.0,9.0,0.1,0,1.0,0.5096792751998312,0.7550238824918741,0.5263726349420369,3.0,3,910
2a_digital_weak,57,naive,0.009,100,4,0.05,1.0,9.0,0.1,0,1.0,0.5096792751998312,0.7550238824918741,0.5263726349420369,706.0,3,891
2a_digital_weak,57,random,0.0009,100,4,0.05,1.0,9.0,0.1,0,1.0,0.5096792751998312,0.7550238824918741,0.5263726349420369,562.0,3,804
2a_digital_weak,58,regular,0.1,100,4,0.05,1.0,9.0,0.1,0,1.0,0.49613289939436345,0.7475364873919252,0.6175080298866223,85.0,14,891
2a_digital_weak,58,superintelligent,0.9,100,4,0.05,1.0,9.0,0.1,0,1.0,0.49613289939436345,0.7475364873919252,0.6175080298866223,14.0,14,916
2a_digital_weak,58,oracle,1.0,100,4,0.05,1.0,9.0,0.1,0,1.0,0.49613289939436345,0.7475364873919252,0.6175080298866223,14.0,14,916
2a_digital_weak,58,naive,0.009,100,4,0.05,1.0,9.0,0.1,0,1.0,0.49613289939436345,0.7475364873919252,0.6191868135518263,879.0,13,913
2a_digital_weak,58,random,0.0009,100,4,0.05,1.0,9.0,0.1,0,1.0,0.49613289939436345,0.7475364873919252,0.6166522512796077,926.0,14,912
2a_digital_weak,59,regular,0.1,100,4,0.05,1.0,9.0,0.1,0,1.0,0.4785001145523313,0.7547237210271375,0.5283003168588803,53.0,8,913
2a_digital_weak,59,superintelligent,0.9,100,4,0.05,1.0,9.0,0.1,0,1.0,0.4785001145523313,0.7547237210271375,0.5283003168588803,9.0,8,913
2a_digital_weak,59,oracle,1.0,100,4,0.05,1.0,9.0,0.1,0,1.0,0.4785001145523313,0.7547237210271375,0.5283003168588803,8.0,8,913
2a_digital_weak,59,naive,0.009,100,4,0.05,1.0,9.0,0.1,0,1.0,0.4785001145523313,0.7547237210271375,0.5283003168588803,425.0,8,869
2a_digital_weak,59,random,0.0009,100,4,0.05,1.0,9.0,0.1,0,1.0,0.4785001145523313,0.7547237210271375,0.5283003168588803,896.0,8,896
2a_digital_weak,60,regular,0.1,100,4,0.05,1.0,9.0,0.1,0,1.0,0.47202708384872194,0.753458367010059,0.59256901484609,107.0,11,829
2a_digital_weak,60,superintelligent,0.9,100,4,0.05,1.0,9.0,0.1,0,1.0,0.47202708384872194,0.753458367010059,0.5933175507407544,14.0,12,912
2a_digital_weak,60,oracle,1.0,100,4,0.05,1.0,9.0,0.1,0,1.0,0.47202708384872194,0.753458367010059,0.5933175507407544,12.0,12,912
2a_digital_weak,60,naive,0.009,100,4,0.05,1.0,9.0,0.1,0,1.0,0.47202708384872194,0.753458367010059,0.5799523312506744,858.0,14,906
2a_digital_weak,60,random,0.0009,100,4,0.05,1.0,9.0,0.1,0,1.0,0.47202708384872194,0.753458367010059,0.5812798556173437,921.0,13,908
2a_digital_weak,61,regular,0.1,100,4,0.05,1.0,9.0,0.1,0,1.0,0.4796128810865015,0.7760420088531025,0.5417032366291362,58.0,7,851
2a_digital_weak,61,superintelligent,0.9,100,4,0.05,1.0,9.0,0.1,0,1.0,0.4796128810865015,0.7760420088531025,0.5417032366291362,8.0,7,910
2a_digital_weak,61,oracle,1.0,100,4,0.05,1.0,9.0,0.1,0,1.0,0.4796128810865015,0.7760420088531025,0.5417032366291362,7.0,7,910
2a_digital_weak,61,naive,0.009,100,4,0.05,1.0,9.0,0.1,0,1.0,0.4796128810865015,0.7760420088531025,0.5329161050491195,531.0,7,896
2a_digital_weak,61,random,0.0009,100,4,0.05,1.0,9.0,0.1,0,1.0,0.4796128810865015,0.7760420088531025,0.5540577951854582,893.0,13,907
2a_digital_weak,62,regular,0.1,100,4,0.05,1.0,9.0,0.1,0,1.0,0.4662936721089166,0.7428959087426633,0.6224955441814194,194.0,17,831
2a_digital_weak,62,superintelligent,0.9,100,4,0.05,1.0,9.0,0.1,0,1.0,0.4662936721089166,0.7428959087426633,0.6224955441814194,22.0,17,912
2a_digital_weak,62,oracle,1.0,100,4,0.05,1.0,9.0,0.1,0,1.0,0.4662936721089166,0.7428959087426633,0.6224955441814194,17.0,17,912
2a_digital_weak,62,naive,0.009,100,4,0.05,1.0,9.0,0.1,0,1.0,0.4662936721089166,0.7428959087426633,0.5768642810180132,686.0,12,805
2a_digital_weak,62,random,0.0009,100,4,0.05,1.0,9.0,0.1,0,1.0,0.4662936721089166,0.7428959087426633,0.5178361794741275,795.0,8,905
2a_digital_weak,63,regular,0.1,100,4,0.05,1.0,9.0,0.1,0,1.0,0.5452808325785,0.7641693996333404,0.5852829090108128,95.0,8,898
2a_digital_weak,63,superintelligent,0.9,100,4,0.05,1.0,9.0,0.1,0,1.0,0.5452808325785,0.7641693996333404,0.5852829090108128,8.0,8,912
2a_digital_weak,63,oracle,1.0,100,4,0.05,1.0,9.0,0.1,0,1.0,0.5452808325785,0.7641693996333404,0.5852829090108128,8.0,8,912
2a_digital_weak,63,naive,0.009,100,4,0.05,1.0,9.0,0.1,0,1.0,0.5452808325785,0.7641693996333404,0.5852829090108128,517.0,8,904
2a_digital_weak,63,random,0.0009,100,4,0.05,1.0,9.0,0.1,0,1.0,0.5452808325785,0.7641693996333404,0.5807243015025001,908.0,7,912
2a_digital_weak,64,regular,0.1,100,4,0.05,1.0,9.0,0.1,0,1.0,0.5144458818216799,0.7580403865139895,0.564440003509127,69.0,7,828
2a_digital_weak,64,superintelligent,0.9,100,4,0.05,1.0,9.0,0.1,0,1.0,0.5144458818216799,0.7580403865139895,0.564440003509127,8.0,7,912
2a_digital_weak,64,oracle,1.0,100,4,0.05,1.0,9.0,0.1,0,1.0,0.5144458818216799,0.7580403865139895,0.564440003509127,7.0,7,912
2a_digital_weak,64,naive,0.009,100,4,0.05,1.0,9.0,0.1,0,1.0,0.5144458818216799,0.7580403865139895,0.5542223727416604,707.0,6,884
2a_digital_weak,64,random,0.0009,100,4,0.05,1.0,9.0,0.1,0,1.0,0.5144458818216799,0.7580403865139895,0.5625778615694057,459.0,8,881
2a_digital_weak,65,regular,0.1,100,4,0.05,1.0,9.0,0.1,0,1.0,0.4663670187727844,0.7523685037460323,0.5370215826893795,135.0,10,893
2a_digital_weak,65,superintelligent,0.9,100,4,0.05,1.0,9.0,0.1,0,1.0,0.4663670187727844,0.7523685037460323,0.5370215826893795,10.0,10,908
2a_digital_weak,65,oracle,1.0,100,4,0.05,1.0,9.0,0.1,0,1.0,0.4663670187727844,0.7523685037460323,0.5370215826893795,10.0,10,908
2a_digital_weak,65,naive,0.009,100,4,0.05,1.0,9.0,0.1,0,1.0,0.4663670187727844,0.7523685037460323,0.5266838625856252,629.0,10,866
2a_digital_weak,65,random,0.0009,100,4,0.05,1.0,9.0,0.1,0,1.0,0.4663670187727844,0.7523685037460323,0.5238467383082352,914.0,7,907
2a_digital_weak,66,regular,0.1,100,4,0.05,1.0,9.0,0.1,0,1.0,0.4866112924133643,0.7621023902128893,0.5668612417352115,110.0,13,877
2a_digital_weak,66,superintelligent,0.9,100,4,0.05,1.0,9.0,0.1,0,1.0,0.4866112924133643,0.7621023902128893,0.5668612417352115,15.0,13,915
2a_digital_weak,66,oracle,1.0,100,4,0.05,1.0,9.0,0.1,0,1.0,0.4866112924133643,0.7621023902128893,0.5668612417352115,13.0,13,915
2a_digital_weak,66,naive,0.009,100,4,0.05,1.0,9.0,0.1,0,1.0,0.4866112924133643,0.7621023902128893,0.5932850740259221,862.0,16,877
2a_digital_weak,66,random,0.0009,100,4,0.05,1.0,9.0,0.1,0,1.0,0.4866112924133643,0.7621023902128893,0.562291476625291,841.0,13,856
2a_digital_weak,67,regular,0.1,100,4,0.05,1.0,9.0,0.1,0,1.0,0.5132729944954747,0.7567718865020567,0.5880653593738314,102.0,9,909
2a_digital_weak,67,superintelligent,0.9,100,4,0.05,1.0,9.0,0.1,0,1.0,0.5132729944954747,0.7567718865020567,0.5880653593738314,10.0,9,913
2a_digital_weak,67,oracle,1.0,100,4,0.05,1.0,9.0,0.1,0,1.0,0.5132729944954747,0.7567718865020567,0.5880653593738314,9.0,9,913
2a_digital_weak,67,naive,0.009,100,4,0.05,1.0,9.0,0.1,0,1.0,0.5132729944954747,0.7567718865020567,0.5699653898291627,316.0,7,912
2a_digital_weak,67,random,0.0009,100,4,0.05,1.0,9.0,0.1,0,1.0,0.5132729944954747,0.7567718865020567,0.5657190315791172,725.0,8,895
2a_digital_weak,68,regular,0.1,100,4,0.05,1.0,9.0,0.1,0,1.0,0.448496901076075,0.7294618380008162,0.5532705423703446,94.0,11,910
2a_digital_weak,68,superintelligent,0.9,100,4,0.05,1.0,9.0,0.1,0,1.0,0.448496901076075,0.7294618380008162,0.5532705423703446,13.0,11,911
2a_digital_weak,68,oracle,1.0,100,4,0.05,1.0,9.0,0.1,0,1.0,0.448496901076075,0.7294618380008162,0.5532705423703446,11.0,11,911
2a_digital_weak,68,naive,0.009,100,4,0.05,1.0,9.0,0.1,0,1.0,0.448496901076075,0.7294618380008162,0.5532705423703446,579.0,11,908
2a_digital_weak,68,random,0.0009,100,4,0.05,1.0,9.0,0.1,0,1.0,0.448496901076075,0.7294618380008162,0.5496239587056614,825.0,12,892
2a_digital_weak,69,regular,0.1,100,4,0.05,1.0,9.0,0.1,0,1.0,0.5136077253791637,0.7532397263463726,0.5740746818901099,91.0,9,854
2a_digital_weak,69,superintelligent,0.9,100,4,0.05,1.0,9.0,0.1,0,1.0,0.5136077253791637,0.7532397263463726,0.5740746818901099,10.0,9,915
2a_digital_weak,69,oracle,1.0,100,4,0.05,1.0,9.0,0.1,0,1.0,0.5136077253791637,0.7532397263463726,0.5740746818901099,9.0,9,915
2a_digital_weak,69,naive,0.009,100,4,0.05,1.0,9.0,0.1,0,1.0,0.5136077253791637,0.7532397263463726,0.5750487393421551,426.0,8,865
2a_digital_weak,69,random,0.0009,100,4,0.05,1.0,9.0,0.1,0,1.0,0.5136077253791637,0.7532397263463726,0.5749216768321782,903.0,11,908
2a_digital_weak,70,regular,0.1,100,4,0.05,1.0,9.0,0.1,0,1.0,0.4239033349710562,0.755762979591121,0.5094352803704707,239.0,11,862
2a_digital_weak,70,superintelligent,0.9,100,4,0.05,1.0,9.0,0.1,0,1.0,0.4239033349710562,0.755762979591121,0.5094352803704707,13.0,11,910
2a_digital_weak,70,oracle,1.0,100,4,0.05,1.0,9.0,0.1,0,1.0,0.4239033349710562,0.755762979591121,0.5094352803704707,11.0,11,910
2a_digital_weak,70,naive,0.009,100,4,0.05,1.0,9.0,0.1,0,1.0,0.4239033349710562,0.755762979591121,0.50645341630753,581.0,9,572
2a_digital_weak,70,random,0.0009,100,4,0.05,1.0,9.0,0.1,0,1.0,0.4239033349710562,0.755762979591121,0.5052736676649875,910.0,8,907
2a_digital_weak,71,regular,0.1,100,4,0.05,1.0,9.0,0.1,0,1.0,0.4810884438464034,0.755937928939738,0.5486125498522599,79.0,6,549
2a_digital_weak,71,superintelligent,0.9,100,4,0.05,1.0,9.0,0.1,0,1.0,0.4810884438464034,0.755937928939738,0.5486125498522599,8.0,6,912
2a_digital_weak,71,oracle,1.0,100,4,0.05,1.0,9.0,0.1,0,1.0,0.4810884438464034,0.755937928939738,0.5486125498522599,6.0,6,912
2a_digital_weak,71,naive,0.009,100,4,0.05,1.0,9.0,0.1,0,1.0,0.4810884438464034,0.755937928939738,0.5440310898528529,365.0,7,818
2a_digital_weak,71,random,0.0009,100,4,0.05,1.0,9.0,0.1,0,1.0,0.4810884438464034,0.755937928939738,0.5480832604409878,785.0,7,892
2a_digital_weak,72,regular,0.1,100,4,0.05,1.0,9.0,0.1,0,1.0,0.5276071385201311,0.7657362443985589,0.5802410197892833,54.0,8,905
2a_digital_weak,72,superintelligent,0.9,100,4,0.05,1.0,9.0,0.1,0,1.0,0.5276071385201311,0.7657362443985589,0.583856043876876,7.0,7,913
2a_digital_weak,72,oracle,1.0,100,4,0.05,1.0,9.0,0.1,0,1.0,0.5276071385201311,0.7657362443985589,0.583856043876876,7.0,7,913
2a_digital_weak,72,naive,0.009,100,4,0.05,1.0,9.0,0.1,0,1.0,0.5276071385201311,0.7657362443985589,0.583856043876876,498.0,7,839
2a_digital_weak,72,random,0.0009,100,4,0.05,1.0,9.0,0.1,0,1.0,0.5276071385201311,0.7657362443985589,0.5802410197892833,673.0,8,908
2a_digital_weak,73,regular,0.1,100,4,0.05,1.0,9.0,0.1,0,1.0,0.49143857265117596,0.7645958198051033,0.6577543773510771,221.0,23,882
2a_digital_weak,73,superintelligent,0.9,100,4,0.05,1.0,9.0,0.1,0,1.0,0.49143857265117596,0.7645958198051033,0.6577543773510771,30.0,23,911
2a_digital_weak,73,oracle,1.0,100,4,0.05,1.0,9.0,0.1,0,1.0,0.49143857265117596,0.7645958198051033,0.6577543773510771,23.0,23,911
2a_digital_weak,73,naive,0.009,100,4,0.05,1.0,9.0,0.1,0,1.0,0.49143857265117596,0.7645958198051033,0.6298018633169827,934.0,18,916
2a_digital_weak,73,random,0.0009,100,4,0.05,1.0,9.0,0.1,0,1.0,0.49143857265117596,0.7645958198051033,0.6358080164539234,886.0,24,862
2a_digital_weak,74,regular,0.1,100,4,0.05,1.0,9.0,0.1,0,1.0,0.47969183419596173,0.7521525971401058,0.5717062144610268,157.0,12,911
2a_digital_weak,74,superintelligent,0.9,100,4,0.05,1.0,9.0,0.1,0,1.0,0.47969183419596173,0.7521525971401058,0.5737046501895662,15.0,14,913
2a_digital_weak,74,oracle,1.0,100,4,0.05,1.0,9.0,0.1,0,1.0,0.47969183419596173,0.7521525971401058,0.5737046501895662,14.0,14,913
2a_digital_weak,74,naive,0.009,100,4,0.05,1.0,9.0,0.1,0,1.0,0.47969183419596173,0.7521525971401058,0.573293423507389,869.0,13,898
2a_digital_weak,74,random,0.0009,100,4,0.05,1.0,9.0,0.1,0,1.0,0.47969183419596173,0.7521525971401058,0.5737652945841227,850.0,13,904
2a_digital_weak,75,regular,0.1,100,4,0.05,1.0,9.0,0.1,0,1.0,0.518759636617889,0.7552221299187555,0.5981573849306411,118.0,12,820
2a_digital_weak,75,superintelligent,0.9,100,4,0.05,1.0,9.0,0.1,0,1.0,0.518759636617889,0.7552221299187555,0.5981573849306411,14.0,12,914
2a_digital_weak,75,oracle,1.0,100,4,0.05,1.0,9.0,0.1,0,1.0,0.518759636617889,0.7552221299187555,0.5981573849306411,12.0,12,914
2a_digital_weak,75,naive,0.009,100,4,0.05,1.0,9.0,0.1,0,1.0,0.518759636617889,0.7552221299187555,0.6021560336983086,493.0,10,881
2a_digital_weak,75,random,0.0009,100,4,0.05,1.0,9.0,0.1,0,1.0,0.518759636617889,0.7552221299187555,0.6052087822797989,893.0,17,904
2a_digital_weak,76,regular,0.1,100,4,0.05,1.0,9.0,0.1,0,1.0,0.5469043147071324,0.7581157258348095,0.5965821419133703,50.0,8,800
2a_digital_weak,76,superintelligent,0.9,100,4,0.05,1.0,9.0,0.1,0,1.0,0.5469043147071324,0.7581157258348095,0.5965821419133703,9.0,8,918
2a_digital_weak,76,oracle,1.0,100,4,0.05,1.0,9.0,0.1,0,1.0,0.5469043147071324,0.7581157258348095,0.5965821419133703,8.0,8,918
2a_digital_weak,76,naive,0.009,100,4,0.05,1.0,9.0,0.1,0,1.0,0.5469043147071324,0.7581157258348095,0.5965821419133703,610.0,8,916
2a_digital_weak,76,random,0.0009,100,4,0.05,1.0,9.0,0.1,0,1.0,0.5469043147071324,0.7581157258348095,0.5982499093412271,640.0,9,908
2a_digital_weak,77,regular,0.1,100,4,0.05,1.0,9.0,0.1,0,1.0,0.49468205457680936,0.7490645030610332,0.566308839219402,125.0,11,726
2a_digital_weak,77,superintelligent,0.9,100,4,0.05,1.0,9.0,0.1,0,1.0,0.49468205457680936,0.7490645030610332,0.566308839219402,11.0,11,910
2a_digital_weak,77,oracle,1.0,100,4,0.05,1.0,9.0,0.1,0,1.0,0.49468205457680936,0.7490645030610332,0.566308839219402,11.0,11,910
2a_digital_weak,77,naive,0.009,100,4,0.05,1.0,9.0,0.1,0,1.0,0.49468205457680936,0.7490645030610332,0.5468556343478405,467.0,8,834
2a_digital_weak,77,random,0.0009,100,4,0.05,1.0,9.0,0.1,0,1.0,0.49468205457680936,0.7490645030610332,0.5468556343478405,867.0,8,909
2a_digital_weak,78,regular,0.1,100,4,0.05,1.0,9.0,0.1,0,1.0,0.5157504090752024,0.745794382188148,0.5930878619367737,130.0,11,875
2a_digital_weak,78,superintelligent,0.9,100,4,0.05,1.0,9.0,0.1,0,1.0,0.5157504090752024,0.745794382188148,0.5930878619367737,11.0,11,914
2a_digital_weak,78,oracle,1.0,100,4,0.05,1.0,9.0,0.1,0,1.0,0.5157504090752024,0.745794382188148,0.5930878619367737,11.0,11,914
2a_digital_weak,78,naive,0.009,100,4,0.05,1.0,9.0,0.1,0,1.0,0.5157504090752024,0.745794382188148,0.5827681588876156,225.0,13,807
2a_digital_weak,78,random,0.0009,100,4,0.05,1.0,9.0,0.1,0,1.0,0.5157504090752024,0.745794382188148,0.5799127541451287,816.0,7,855
2a_digital_weak,79,regular,0.1,100,4,0.05,1.0,9.0,0.1,0,1.0,0.48065696273182523,0.764975939679452,0.5680671722295694,129.0,10,901
2a_digital_weak,79,superintelligent,0.9,100,4,0.05,1.0,9.0,0.1,0,1.0,0.48065696273182523,0.764975939679452,0.5680671722295694,10.0,10,909
2a_digital_weak,79,oracle,1.0,100,4,0.05,1.0,9.0,0.1,0,1.0,0.48065696273182523,0.764975939679452,0.5680671722295694,10.0,10,909
2a_digital_weak,79,naive,0.009,100,4,0.05,1.0,9.0,0.1,0,1.0,0.48065696273182523,0.764975939679452,0.5626006754113575,889.0,12,877
2a_digital_weak,79,random,0.0009,100,4,0.05,1.0,9.0,0.1,0,1.0,0.48065696273182523,0.764975939679452,0.5626006754113575,793.0,12,781
2a_digital_weak,80,regular,0.1,100,4,0.05,1.0,9.0,0.1,0,1.0,0.49446511767819706,0.7656809512773372,0.5392000726603245,54.0,5,902
2a_digital_weak,80,superintelligent,0.9,100,4,0.05,1.0,9.0,0.1,0,1.0,0.49446511767819706,0.7656809512773372,0.5392000726603245,5.0,5,912
2a_digital_weak,80,oracle,1.0,100,4,0.05,1.0,9.0,0.1,0,1.0,0.49446511767819706,0.7656809512773372,0.5392000726603245,5.0,5,912
2a_digital_weak,80,naive,0.009,100,4,0.05,1.0,9.0,0.1,0,1.0,0.49446511767819706,0.7656809512773372,0.5698197681820746,505.0,10,863
2a_digital_weak,80,random,0.0009,100,4,0.05,1.0,9.0,0.1,0,1.0,0.49446511767819706,0.7656809512773372,0.5395363689788002,820.0,7,813
2a_digital_weak,81,regular,0.1,100,4,0.05,1.0,9.0,0.1,0,1.0,0.4934877189368923,0.7678086373289105,0.5983569409705504,231.0,17,861
2a_digital_weak,81,superintelligent,0.9,100,4,0.05,1.0,9.0,0.1,0,1.0,0.4934877189368923,0.7678086373289105,0.5983569409705504,18.0,17,917
2a_digital_weak,81,oracle,1.0,100,4,0.05,1.0,9.0,0.1,0,1.0,0.4934877189368923,0.7678086373289105,0.5983569409705504,17.0,17,917
2a_digital_weak,81,naive,0.009,100,4,0.05,1.0,9.0,0.1,0,1.0,0.4934877189368923,0.7678086373289105,0.5774729171181889,717.0,12,899
2a_digital_weak,81,random,0.0009,100,4,0.05,1.0,9.0,0.1,0,1.0,0.4934877189368923,0.7678086373289105,0.5711660957291034,924.0,12,915
2a_digital_weak,82,regular,0.1,100,4,0.05,1.0,9.0,0.1,0,1.0,0.507404058804013,0.7618533848809266,0.5540060211457227,73.0,8,897
2a_digital_weak,82,superintelligent,0.9,100,4,0.05,1.0,9.0,0.1,0,1.0,0.507404058804013,0.7618533848809266,0.5540060211457227,10.0,8,910
2a_digital_weak,82,oracle,1.0,100,4,0.05,1.0,9.0,0.1,0,1.0,0.507404058804013,0.7618533848809266,0.5540060211457227,8.0,8,910
2a_digital_weak,82,naive,0.009,100,4,0.05,1.0,9.0,0.1,0,1.0,0.507404058804013,0.7618533848809266,0.5530762029627744,446.0,8,798
2a_digital_weak,82,random,0.0009,100,4,0.05,1.0,9.0,0.1,0,1.0,0.507404058804013,0.7618533848809266,0.5530762029627744,856.0,8,852
2a_digital_weak,83,regular,0.1,100,4,0.05,1.0,9.0,0.1,0,1.0,0.5102465885909921,0.7539521721406556,0.6389869416158371,172.0,20,884
2a_digital_weak,83,superintelligent,0.9,100,4,0.05,1.0,9.0,0.1,0,1.0,0.5102465885909921,0.7539521721406556,0.6389869416158371,22.0,20,917
2a_digital_weak,83,oracle,1.0,100,4,0.05,1.0,9.0,0.1,0,1.0,0.5102465885909921,0.7539521721406556,0.6389869416158371,20.0,20,917
2a_digital_weak,83,naive,0.009,100,4,0.05,1.0,9.0,0.1,0,1.0,0.5102465885909921,0.7539521721406556,0.5926899119767404,447.0,12,866
2a_digital_weak,83,random,0.0009,100,4,0.05,1.0,9.0,0.1,0,1.0,0.5102465885909921,0.7539521721406556,0.5975354532841607,874.0,16,858
2a_digital_weak,84,regular,0.1,100,4,0.05,1.0,9.0,0.1,0,1.0,0.5880805132429611,0.7595919343701639,0.6172542750307773,96.0,7,832
2a_digital_weak,84,superintelligent,0.9,100,4,0.05,1.0,9.0,0.1,0,1.0,0.5880805132429611,0.7595919343701639,0.6172542750307773,10.0,7,916
2a_digital_weak,84,oracle,1.0,100,4,0.05,1.0,9.0,0.1,0,1.0,0.5880805132429611,0.7595919343701639,0.6172542750307773,7.0,7,916
2a_digital_weak,84,naive,0.009,100,4,0.05,1.0,9.0,0.1,0,1.0,0.5880805132429611,0.7595919343701639,0.6172542750307773,611.0,7,887
2a_digital_weak,84,random,0.0009,100,4,0.05,1.0,9.0,0.1,0,1.0,0.5880805132429611,0.7595919343701639,0.61406882610123,903.0,8,910
2a_digital_weak,85,regular,0.1,100,4,0.05,1.0,9.0,0.1,0,1.0,0.5012466550066536,0.7616828088233167,0.5188735386369794,18.0,4,900
2a_digital_weak,85,superintelligent,0.9,100,4,0.05,1.0,9.0,0.1,0,1.0,0.5012466550066536,0.7616828088233167,0.5188735386369794,4.0,4,910
2a_digital_weak,85,oracle,1.0,100,4,0.05,1.0,9.0,0.1,0,1.0,0.5012466550066536,0.7616828088233167,0.5188735386369794,4.0,4,910
2a_digital_weak,85,naive,0.009,100,4,0.05,1.0,9.0,0.1,0,1.0,0.5012466550066536,0.7616828088233167,0.5188735386369794,544.0,4,855
2a_digital_weak,85,random,0.0009,100,4,0.05,1.0,9.0,0.1,0,1.0,0.5012466550066536,0.7616828088233167,0.513553840786728,871.0,3,873
2a_digital_weak,86,regular,0.1,100,4,0.05,1.0,9.0,0.1,0,1.0,0.5543955608618537,0.764315540006413,0.5890667807986688,30.0,5,903
2a_digital_weak,86,superintelligent,0.9,100,4,0.05,1.0,9.0,0.1,0,1.0,0.5543955608618537,0.764315540006413,0.5890667807986688,6.0,5,910
2a_digital_weak,86,oracle,1.0,100,4,0.05,1.0,9.0,0.1,0,1.0,0.5543955608618537,0.764315540006413,0.5890667807986688,5.0,5,910
2a_digital_weak,86,naive,0.009,100,4,0.05,1.0,9.0,0.1,0,1.0,0.5543955608618537,0.764315540006413,0.5890667807986688,216.0,5,910
2a_digital_weak,86,random,0.0009,100,4,0.05,1.0,9.0,0.1,0,1.0,0.5543955608618537,0.764315540006413,0.5890667807986688,860.0,5,886
2a_digital_weak,87,regular,0.1,100,4,0.05,1.0,9.0,0.1,0,1.0,0.4337095328931838,0.7441750533019266,0.5748692871347975,218.0,19,909
2a_digital_weak,87,superintelligent,0.9,100,4,0.05,1.0,9.0,0.1,0,1.0,0.4337095328931838,0.7441750533019266,0.5916581824050933,21.0,21,914
2a_digital_weak,87,oracle,1.0,100,4,0.05,1.0,9.0,0.1,0,1.0,0.4337095328931838,0.7441750533019266,0.5916581824050933,21.0,21,914
2a_digital_weak,87,naive,0.009,100,4,0.05,1.0,9.0,0.1,0,1.0,0.4337095328931838,0.7441750533019266,0.5275446438582356,562.0,8,836
2a_digital_weak,87,random,0.0009,100,4,0.05,1.0,9.0,0.1,0,1.0,0.4337095328931838,0.7441750533019266,0.5491881329538935,925.0,13,915
2a_digital_weak,88,regular,0.1,100,4,0.05,1.0,9.0,0.1,0,1.0,0.5498007677546113,0.7377266546486801,0.5830515976799618,23.0,4,820
2a_digital_weak,88,superintelligent,0.9,100,4,0.05,1.0,9.0,0.1,0,1.0,0.5498007677546113,0.7377266546486801,0.5830515976799618,4.0,4,919
2a_digital_weak,88,oracle,1.0,100,4,0.05,1.0,9.0,0.1,0,1.0,0.5498007677546113,0.7377266546486801,0.5830515976799618,4.0,4,919
2a_digital_weak,88,naive,0.009,100,4,0.05,1.0,9.0,0.1,0,1.0,0.5498007677546113,0.7377266546486801,0.5832769029565145,236.0,5,891
2a_digital_weak,88,random,0.0009,100,4,0.05,1.0,9.0,0.1,0,1.0,0.5498007677546113,0.7377266546486801,0.5781015662462857,609.0,6,915
2a_digital_weak,89,regular,0.1,100,4,0.05,1.0,9.0,0.1,0,1.0,0.4918558489782002,0.7569134186159014,0.5970316481411593,198.0,14,872
2a_digital_weak,89,superintelligent,0.9,100,4,0.05,1.0,9.0,0.1,0,1.0,0.4918558489782002,0.7569134186159014,0.5980045736248255,15.0,15,912
2a_digital_weak,89,oracle,1.0,100,4,0.05,1.0,9.0,0.1,0,1.0,0.4918558489782002,0.7569134186159014,0.5980045736248255,15.0,15,912
2a_digital_weak,89,naive,0.009,100,4,0.05,1.0,9.0,0.1,0,1.0,0.4918558489782002,0.7569134186159014,0.5548306629285775,829.0,13,870
2a_digital_weak,89,random,0.0009,100,4,0.05,1.0,9.0,0.1,0,1.0,0.4918558489782002,0.7569134186159014,0.5693870694110007,887.0,12,897
2a_digital_weak,90,regular,0.1,100,4,0.05,1.0,9.0,0.1,0,1.0,0.5588158249513736,0.7623856439654508,0.6032071595656131,62.0,7,915
2a_digital_weak,90,superintelligent,0.9,100,4,0.05,1.0,9.0,0.1,0,1.0,0.5588158249513736,0.7623856439654508,0.6032071595656131,7.0,7,920
2a_digital_weak,90,oracle,1.0,100,4,0.05,1.0,9.0,0.1,0,1.0,0.5588158249513736,0.7623856439654508,0.6032071595656131,7.0,7,920
2a_digital_weak,90,naive,0.009,100,4,0.05,1.0,9.0,0.1,0,1.0,0.5588158249513736,0.7623856439654508,0.6183357073659161,553.0,9,884
2a_digital_weak,90,random,0.0009,100,4,0.05,1.0,9.0,0.1,0,1.0,0.5588158249513736,0.7623856439654508,0.6032071595656131,813.0,7,909
2a_digital_weak,91,regular,0.1,100,4,0.05,1.0,9.0,0.1,0,1.0,0.4579456687716782,0.751833386855896,0.586794611655041,190.0,16,874
2a_digital_weak,91,superintelligent,0.9,100,4,0.05,1.0,9.0,0.1,0,1.0,0.4579456687716782,0.751833386855896,0.5895766753685645,15.0,15,909
2a_digital_weak,91,oracle,1.0,100,4,0.05,1.0,9.0,0.1,0,1.0,0.4579456687716782,0.751833386855896,0.5895766753685645,15.0,15,909
2a_digital_weak,91,naive,0.009,100,4,0.05,1.0,9.0,0.1,0,1.0,0.4579456687716782,0.751833386855896,0.5817456430003458,911.0,17,909
2a_digital_weak,91,random,0.0009,100,4,0.05,1.0,9.0,0.1,0,1.0,0.4579456687716782,0.751833386855896,0.5701132882355409,850.0,14,860
2a_digital_weak,92,regular,0.1,100,4,0.05,1.0,9.0,0.1,0,1.0,0.4984562236471828,0.7522119807522601,0.5264992729082297,8.0,3,898
2a_digital_weak,92,superintelligent,0.9,100,4,0.05,1.0,9.0,0.1,0,1.0,0.4984562236471828,0.7522119807522601,0.5264992729082297,3.0,3,914
2a_digital_weak,92,oracle,1.0,100,4,0.05,1.0,9.0,0.1,0,1.0,0.4984562236471828,0.7522119807522601,0.5264992729082297,3.0,3,914
2a_digital_weak,92,naive,0.009,100,4,0.05,1.0,9.0,0.1,0,1.0,0.4984562236471828,0.7522119807522601,0.5240641627075575,159.0,4,737
2a_digital_weak,92,random,0.0009,100,4,0.05,1.0,9.0,0.1,0,1.0,0.4984562236471828,0.7522119807522601,0.5240641627075575,916.0,4,913
2a_digital_weak,93,regular,0.1,100,4,0.05,1.0,9.0,0.1,0,1.0,0.48179612507997105,0.7610130488116542,0.5936233000078759,144.0,14,861
2a_digital_weak,93,superintelligent,0.9,100,4,0.05,1.0,9.0,0.1,0,1.0,0.48179612507997105,0.7610130488116542,0.5936233000078759,15.0,14,909
2a_digital_weak,93,oracle,1.0,100,4,0.05,1.0,9.0,0.1,0,1.0,0.48179612507997105,0.7610130488116542,0.5936233000078759,14.0,14,909
2a_digital_weak,93,naive,0.009,100,4,0.05,1.0,9.0,0.1,0,1.0,0.48179612507997105,0.7610130488116542,0.590185942967105,866.0,14,909
2a_digital_weak,93,random,0.0009,100,4,0.05,1.0,9.0,0.1,0,1.0,0.48179612507997105,0.7610130488116542,0.590185942967105,924.0,14,910
2a_digital_weak,94,regular,0.1,100,4,0.05,1.0,9.0,0.1,0,1.0,0.511118411451715,0.7396177147443088,0.5512712396251825,104.0,8,901
2a_digital_weak,94,superintelligent,0.9,100,4,0.05,1.0,9.0,0.1,0,1.0,0.511118411451715,0.7396177147443088,0.5512712396251825,11.0,8,912
2a_digital_weak,94,oracle,1.0,100,4,0.05,1.0,9.0,0.1,0,1.0,0.511118411451715,0.7396177147443088,0.5512712396251825,8.0,8,912
2a_digital_weak,94,naive,0.009,100,4,0.05,1.0,9.0,0.1,0,1.0,0.511118411451715,0.7396177147443088,0.5427078783725087,620.0,8,783
2a_digital_weak,94,random,0.0009,100,4,0.05,1.0,9.0,0.1,0,1.0,0.511118411451715,0.7396177147443088,0.5478213343799623,847.0,9,888
2a_digital_weak,95,regular,0.1,100,4,0.05,1.0,9.0,0.1,0,1.0,0.4688652721611649,0.7445765233338016,0.542980374347168,84.0,11,892
2a_digital_weak,95,superintelligent,0.9,100,4,0.05,1.0,9.0,0.1,0,1.0,0.4688652721611649,0.7445765233338016,0.5478488662528241,16.0,14,907
2a_digital_weak,95,oracle,1.0,100,4,0.05,1.0,9.0,0.1,0,1.0,0.4688652721611649,0.7445765233338016,0.5478488662528241,14.0,14,907
2a_digital_weak,95,naive,0.009,100,4,0.05,1.0,9.0,0.1,0,1.0,0.4688652721611649,0.7445765233338016,0.5433602938396082,780.0,11,854
2a_digital_weak,95,random,0.0009,100,4,0.05,1.0,9.0,0.1,0,1.0,0.4688652721611649,0.7445765233338016,0.5157213837187016,620.0,7,906
2a_digital_weak,96,regular,0.1,100,4,0.05,1.0,9.0,0.1,0,1.0,0.5093573946047623,0.7401394537016044,0.5636736201393461,43.0,7,912
2a_digital_weak,96,superintelligent,0.9,100,4,0.05,1.0,9.0,0.1,0,1.0,0.5093573946047623,0.7401394537016044,0.5636736201393461,7.0,7,916
2a_digital_weak,96,oracle,1.0,100,4,0.05,1.0,9.0,0.1,0,1.0,0.5093573946047623,0.7401394537016044,0.5636736201393461,7.0,7,916
2a_digital_weak,96,naive,0.009,100,4,0.05,1.0,9.0,0.1,0,1.0,0.5093573946047623,0.7401394537016044,0.5636736201393461,462.0,7,879
2a_digital_weak,96,random,0.0009,100,4,0.05,1.0,9.0,0.1,0,1.0,0.5093573946047623,0.7401394537016044,0.5634329078156304,732.0,7,903
2a_digital_weak,97,regular,0.1,100,4,0.05,1.0,9.0,0.1,0,1.0,0.44048071045981557,0.7412995990915348,0.4904851537994418,97.0,8,882
2a_digital_weak,97,superintelligent,0.9,100,4,0.05,1.0,9.0,0.1,0,1.0,0.44048071045981557,0.7412995990915348,0.4904851537994418,8.0,8,907
2a_digital_weak,97,oracle,1.0,100,4,0.05,1.0,9.0,0.1,0,1.0,0.44048071045981557,0.7412995990915348,0.4904851537994418,8.0,8,907
2a_digital_weak,97,naive,0.009,100,4,0.05,1.0,9.0,0.1,0,1.0,0.44048071045981557,0.7412995990915348,0.4904851537994418,779.0,8,794
2a_digital_weak,97,random,0.0009,100,4,0.05,1.0,9.0,0.1,0,1.0,0.44048071045981557,0.7412995990915348,0.4904851537994418,785.0,8,874
2a_digital_weak,98,regular,0.1,100,4,0.05,1.0,9.0,0.1,0,1.0,0.5160452471709848,0.7579053687843404,0.5692215184495616,84.0,9,890
2a_digital_weak,98,superintelligent,0.9,100,4,0.05,1.0,9.0,0.1,0,1.0,0.5160452471709848,0.7579053687843404,0.5692215184495616,10.0,9,909
2a_digital_weak,98,oracle,1.0,100,4,0.05,1.0,9.0,0.1,0,1.0,0.5160452471709848,0.7579053687843404,0.5692215184495616,9.0,9,909
2a_digital_weak,98,naive,0.009,100,4,0.05,1.0,9.0,0.1,0,1.0,0.5160452471709848,0.7579053687843404,0.5692215184495616,700.0,9,887
2a_digital_weak,98,random,0.0009,100,4,0.05,1.0,9.0,0.1,0,1.0,0.5160452471709848,0.7579053687843404,0.5672583443473054,885.0,8,877
2a_digital_weak,99,regular,0.1,100,4,0.05,1.0,9.0,0.1,0,1.0,0.5016343051417783,0.7556802384643422,0.5222253758089633,35.0,4,621
2a_digital_weak,99,superintelligent,0.9,100,4,0.05,1.0,9.0,0.1,0,1.0,0.5016343051417783,0.7556802384643422,0.5222253758089633,4.0,4,911
2a_digital_weak,99,oracle,1.0,100,4,0.05,1.0,9.0,0.1,0,1.0,0.5016343051417783,0.7556802384643422,0.5222253758089633,4.0,4,911
2a_digital_weak,99,naive,0.009,100,4,0.05,1.0,9.0,0.1,0,1.0,0.5016343051417783,0.7556802384643422,0.5222253758089633,393.0,4,907
2a_digital_weak,99,random,0.0009,100,4,0.05,1.0,9.0,0.1,0,1.0,0.5016343051417783,0.7556802384643422,0.5222253758089633,719.0,4,902
2b_digital_strong,0,regular,0.1,100,4,0.05,1.0,9.0,0.1,10,20.0,0.515086555692075,0.7606438147919045,0.5332357449516772,80.0,5,900
2b_digital_strong,0,superintelligent,0.9,100,4,0.05,1.0,9.0,0.1,10,20.0,0.515086555692075,0.7606438147919045,0.5332357449516772,43.0,5,912
2b_digital_strong,0,oracle,1.0,100,4,0.05,1.0,9.0,0.1,10,20.0,0.515086555692075,0.7606438147919045,0.5332357449516772,43.0,5,912
2b_digital_strong,0,naive,0.009,100,4,0.05,1.0,9.0,0.1,10,20.0,0.515086555692075,0.7606438147919045,0.5375954030960444,496.0,7,804
2b_digital_strong,0,random,0.0009,100,4,0.05,1.0,9.0,0.1,10,20.0,0.515086555692075,0.7606438147919045,0.5375954030960444,1046.0,7,912
2b_digital_strong,1,regular,0.1,100,4,0.05,1.0,9.0,0.1,10,20.0,0.48564943752837253,0.7535972968909149,0.5483715832260802,165.0,9,903
2b_digital_strong,1,superintelligent,0.9,100,4,0.05,1.0,9.0,0.1,10,20.0,0.48564943752837253,0.7535972968909149,0.5483715832260802,85.0,9,911
2b_digital_strong,1,oracle,1.0,100,4,0.05,1.0,9.0,0.1,10,20.0,0.48564943752837253,0.7535972968909149,0.5483715832260802,85.0,9,911
2b_digital_strong,1,naive,0.009,100,4,0.05,1.0,9.0,0.1,10,20.0,0.48564943752837253,0.7535972968909149,0.5359232145234976,485.0,7,866
2b_digital_strong,1,random,0.0009,100,4,0.05,1.0,9.0,0.1,10,20.0,0.48564943752837253,0.7535972968909149,0.535961666764033,1054.0,7,895
2b_digital_strong,2,regular,0.1,100,4,0.05,1.0,9.0,0.1,10,20.0,0.457566020220823,0.7479688555569618,0.5398895183852124,205.0,14,863
2b_digital_strong,2,superintelligent,0.9,100,4,0.05,1.0,9.0,0.1,10,20.0,0.457566020220823,0.7479688555569618,0.577483520978982,76.0,18,914
2b_digital_strong,2,oracle,1.0,100,4,0.05,1.0,9.0,0.1,10,20.0,0.457566020220823,0.7479688555569618,0.577483520978982,75.0,18,914
2b_digital_strong,2,naive,0.009,100,4,0.05,1.0,9.0,0.1,10,20.0,0.457566020220823,0.7479688555569618,0.5368571671104834,983.0,17,899
2b_digital_strong,2,random,0.0009,100,4,0.05,1.0,9.0,0.1,10,20.0,0.457566020220823,0.7479688555569618,0.5686624097084441,1022.0,17,916
2b_digital_strong,3,regular,0.1,100,4,0.05,1.0,9.0,0.1,10,20.0,0.4868436327399789,0.7523928533302547,0.5498047638086074,35.0,5,875
2b_digital_strong,3,superintelligent,0.9,100,4,0.05,1.0,9.0,0.1,10,20.0,0.4868436327399789,0.7523928533302547,0.5499932256059048,6.0,6,908
2b_digital_strong,3,oracle,1.0,100,4,0.05,1.0,9.0,0.1,10,20.0,0.4868436327399789,0.7523928533302547,0.5499932256059048,6.0,6,908
2b_digital_strong,3,naive,0.009,100,4,0.05,1.0,9.0,0.1,10,20.0,0.4868436327399789,0.7523928533302547,0.5499932256059048,320.0,6,830
2b_digital_strong,3,random,0.0009,100,4,0.05,1.0,9.0,0.1,10,20.0,0.4868436327399789,0.7523928533302547,0.5504048205992716,962.0,5,907
2b_digital_strong,4,regular,0.1,100,4,0.05,1.0,9.0,0.1,10,20.0,0.5316205558113103,0.7504953833856092,0.5975308500057804,181.0,11,883
2b_digital_strong,4,superintelligent,0.9,100,4,0.05,1.0,9.0,0.1,10,20.0,0.5316205558113103,0.7504953833856092,0.5975308500057804,72.0,11,908
2b_digital_strong,4,oracle,1.0,100,4,0.05,1.0,9.0,0.1,10,20.0,0.5316205558113103,0.7504953833856092,0.5975308500057804,68.0,11,908
2b_digital_strong,4,naive,0.009,100,4,0.05,1.0,9.0,0.1,10,20.0,0.5316205558113103,0.7504953833856092,0.6260519061301479,1029.0,16,911
2b_digital_strong,4,random,0.0009,100,4,0.05,1.0,9.0,0.1,10,20.0,0.5316205558113103,0.7504953833856092,0.6058638896342599,1058.0,13,912
2b_digital_strong,5,regular,0.1,100,4,0.05,1.0,9.0,0.1,10,20.0,0.4604629642608514,0.7596319102543008,0.5410122712727663,137.0,10,901
2b_digital_strong,5,superintelligent,0.9,100,4,0.05,1.0,9.0,0.1,10,20.0,0.4604629642608514,0.7596319102543008,0.5410122712727663,67.0,10,909
2b_digital_strong,5,oracle,1.0,100,4,0.05,1.0,9.0,0.1,10,20.0,0.4604629642608514,0.7596319102543008,0.5410122712727663,67.0,10,909
2b_digital_strong,5,naive,0.009,100,4,0.05,1.0,9.0,0.1,10,20.0,0.4604629642608514,0.7596319102543008,0.548992876093063,645.0,13,878
2b_digital_strong,5,random,0.0009,100,4,0.05,1.0,9.0,0.1,10,20.0,0.4604629642608514,0.7596319102543008,0.5247507853448691,952.0,10,891
2b_digital_strong,6,regular,0.1,100,4,0.05,1.0,9.0,0.1,10,20.0,0.49222291169863014,0.7508070762545627,0.560412073491873,142.0,10,893
2b_digital_strong,6,superintelligent,0.9,100,4,0.05,1.0,9.0,0.1,10,20.0,0.49222291169863014,0.7508070762545627,0.560412073491873,48.0,10,915
2b_digital_strong,6,oracle,1.0,100,4,0.05,1.0,9.0,0.1,10,20.0,0.49222291169863014,0.7508070762545627,0.560412073491873,48.0,10,915
2b_digital_strong,6,naive,0.009,100,4,0.05,1.0,9.0,0.1,10,20.0,0.49222291169863014,0.7508070762545627,0.560412073491873,340.0,10,716
2b_digital_strong,6,random,0.0009,100,4,0.05,1.0,9.0,0.1,10,20.0,0.49222291169863014,0.7508070762545627,0.5588214860914843,981.0,11,875
2b_digital_strong,7,regular,0.1,100,4,0.05,1.0,9.0,0.1,10,20.0,0.5109773754334858,0.7487002836019029,0.5754072403592684,101.0,10,916
2b_digital_strong,7,superintelligent,0.9,100,4,0.05,1.0,9.0,0.1,10,20.0,0.5109773754334858,0.7487002836019029,0.5754072403592684,14.0,10,918
2b_digital_strong,7,oracle,1.0,100,4,0.05,1.0,9.0,0.1,10,20.0,0.5109773754334858,0.7487002836019029,0.5754072403592684,10.0,10,918
2b_digital_strong,7,naive,0.009,100,4,0.05,1.0,9.0,0.1,10,20.0,0.5109773754334858,0.7487002836019029,0.5671232910217179,420.0,7,909
2b_digital_strong,7,random,0.0009,100,4,0.05,1.0,9.0,0.1,10,20.0,0.5109773754334858,0.7487002836019029,0.5714109360576793,1008.0,9,904
2b_digital_strong,8,regular,0.1,100,4,0.05,1.0,9.0,0.1,10,20.0,0.5243105757842713,0.7500140937149061,0.6163206648263295,178.0,13,856
2b_digital_strong,8,superintelligent,0.9,100,4,0.05,1.0,9.0,0.1,10,20.0,0.5243105757842713,0.7500140937149061,0.6163206648263295,70.0,13,912
2b_digital_strong,8,oracle,1.0,100,4,0.05,1.0,9.0,0.1,10,20.0,0.5243105757842713,0.7500140937149061,0.6163206648263295,70.0,13,912
2b_digital_strong,8,naive,0.009,100,4,0.05,1.0,9.0,0.1,10,20.0,0.5243105757842713,0.7500140937149061,0.6098198450765108,808.0,9,879
2b_digital_strong,8,random,0.0009,100,4,0.05,1.0,9.0,0.1,10,20.0,0.5243105757842713,0.7500140937149061,0.6134684730312976,1035.0,10,912
2b_digital_strong,9,regular,0.1,100,4,0.05,1.0,9.0,0.1,10,20.0,0.5101042465411764,0.7573295619291034,0.5306121696297049,31.0,3,804
2b_digital_strong,9,superintelligent,0.9,100,4,0.05,1.0,9.0,0.1,10,20.0,0.5101042465411764,0.7573295619291034,0.5306121696297049,22.0,3,909
2b_digital_strong,9,oracle,1.0,100,4,0.05,1.0,9.0,0.1,10,20.0,0.5101042465411764,0.7573295619291034,0.5306121696297049,22.0,3,909
2b_digital_strong,9,naive,0.009,100,4,0.05,1.0,9.0,0.1,10,20.0,0.5101042465411764,0.7573295619291034,0.5306121696297049,281.0,3,899
2b_digital_strong,9,random,0.0009,100,4,0.05,1.0,9.0,0.1,10,20.0,0.5101042465411764,0.7573295619291034,0.5306121696297049,445.0,3,677
2b_digital_strong,10,regular,0.1,100,4,0.05,1.0,9.0,0.1,10,20.0,0.5026276612283065,0.7517808582880334,0.5413548917714198,109.0,8,910
2b_digital_strong,10,superintelligent,0.9,100,4,0.05,1.0,9.0,0.1,10,20.0,0.5026276612283065,0.7517808582880334,0.5413548917714198,66.0,8,913
2b_digital_strong,10,oracle,1.0,100,4,0.05,1.0,9.0,0.1,10,20.0,0.5026276612283065,0.7517808582880334,0.5413548917714198,65.0,8,913
2b_digital_strong,10,naive,0.009,100,4,0.05,1.0,9.0,0.1,10,20.0,0.5026276612283065,0.7517808582880334,0.5362865456982463,935.0,7,862
2b_digital_strong,10,random,0.0009,100,4,0.05,1.0,9.0,0.1,10,20.0,0.5026276612283065,0.7517808582880334,0.5362865456982463,899.0,7,859
2b_digital_strong,11,regular,0.1,100,4,0.05,1.0,9.0,0.1,10,20.0,0.4867813756763858,0.7510760711733534,0.5727111344336087,147.0,9,913
2b_digital_strong,11,superintelligent,0.9,100,4,0.05,1.0,9.0,0.1,10,20.0,0.4867813756763858,0.7510760711733534,0.5727111344336087,47.0,9,916
2b_digital_strong,11,oracle,1.0,100,4,0.05,1.0,9.0,0.1,10,20.0,0.4867813756763858,0.7510760711733534,0.5727111344336087,47.0,9,916
2b_digital_strong,11,naive,0.009,100,4,0.05,1.0,9.0,0.1,10,20.0,0.4867813756763858,0.7510760711733534,0.571649761080572,624.0,10,884
2b_digital_strong,11,random,0.0009,100,4,0.05,1.0,9.0,0.1,10,20.0,0.4867813756763858,0.7510760711733534,0.5727111344336087,930.0,9,904
2b_digital_strong,12,regular,0.1,100,4,0.05,1.0,9.0,0.1,10,20.0,0.4915379431098479,0.7709438870481437,0.5732552653193015,140.0,12,861
2b_digital_strong,12,superintelligent,0.9,100,4,0.05,1.0,9.0,0.1,10,20.0,0.4915379431098479,0.7709438870481437,0.5732552653193015,52.0,12,910
2b_digital_strong,12,oracle,1.0,100,4,0.05,1.0,9.0,0.1,10,20.0,0.4915379431098479,0.7709438870481437,0.5732552653193015,50.0,12,910
2b_digital_strong,12,naive,0.009,100,4,0.05,1.0,9.0,0.1,10,20.0,0.4915379431098479,0.7709438870481437,0.5726477625240018,678.0,10,912
2b_digital_strong,12,random,0.0009,100,4,0.05,1.0,9.0,0.1,10,20.0,0.4915379431098479,0.7709438870481437,0.573076371246232,805.0,11,908
2b_digital_strong,13,regular,0.1,100,4,0.05,1.0,9.0,0.1,10,20.0,0.4845335914794164,0.7432479731241525,0.5441503152819107,181.0,12,694
2b_digital_strong,13,superintelligent,0.9,100,4,0.05,1.0,9.0,0.1,10,20.0,0.4845335914794164,0.7432479731241525,0.5441503152819107,71.0,12,912
2b_digital_strong,13,oracle,1.0,100,4,0.05,1.0,9.0,0.1,10,20.0,0.4845335914794164,0.7432479731241525,0.5441503152819107,69.0,12,912
2b_digital_strong,13,naive,0.009,100,4,0.05,1.0,9.0,0.1,10,20.0,0.4845335914794164,0.7432479731241525,0.5332543375731287,416.0,7,894
2b_digital_strong,13,random,0.0009,100,4,0.05,1.0,9.0,0.1,10,20.0,0.4845335914794164,0.7432479731241525,0.5220160840140399,844.0,8,790
2b_digital_strong,14,regular,0.1,100,4,0.05,1.0,9.0,0.1,10,20.0,0.4984768462884872,0.7529065619772968,0.5561049156669772,128.0,7,834
2b_digital_strong,14,superintelligent,0.9,100,4,0.05,1.0,9.0,0.1,10,20.0,0.4984768462884872,0.7529065619772968,0.5561049156669772,45.0,7,911
2b_digital_strong,14,oracle,1.0,100,4,0.05,1.0,9.0,0.1,10,20.0,0.4984768462884872,0.7529065619772968,0.5561049156669772,45.0,7,911
2b_digital_strong,14,naive,0.009,100,4,0.05,1.0,9.0,0.1,10,20.0,0.4984768462884872,0.7529065619772968,0.5518297068695421,337.0,5,905
2b_digital_strong,14,random,0.0009,100,4,0.05,1.0,9.0,0.1,10,20.0,0.4984768462884872,0.7529065619772968,0.5463203385438677,963.0,6,894
2b_digital_strong,15,regular,0.1,100,4,0.05,1.0,9.0,0.1,10,20.0,0.5296855548070062,0.767485303116514,0.6094975949554207,158.0,14,900
2b_digital_strong,15,superintelligent,0.9,100,4,0.05,1.0,9.0,0.1,10,20.0,0.5296855548070062,0.767485303116514,0.6118763950028829,51.0,11,912
2b_digital_strong,15,oracle,1.0,100,4,0.05,1.0,9.0,0.1,10,20.0,0.5296855548070062,0.767485303116514,0.6118763950028829,49.0,11,912
2b_digital_strong,15,naive,0.009,100,4,0.05,1.0,9.0,0.1,10,20.0,0.5296855548070062,0.767485303116514,0.6118763950028829,621.0,11,846
2b_digital_strong,15,random,0.0009,100,4,0.05,1.0,9.0,0.1,10,20.0,0.5296855548070062,0.767485303116514,0.6102767351437917,875.0,11,788
2b_digital_strong,16,regular,0.1,100,4,0.05,1.0,9.0,0.1,10,20.0,0.49446020996749895,0.7506317537489857,0.5615105357276502,241.0,14,883
2b_digital_strong,16,superintelligent,0.9,100,4,0.05,1.0,9.0,0.1,10,20.0,0.49446020996749895,0.7506317537489857,0.5615105357276502,92.0,14,910
2b_digital_strong,16,oracle,1.0,100,4,0.05,1.0,9.0,0.1,10,20.0,0.49446020996749895,0.7506317537489857,0.5615105357276502,90.0,14,910
2b_digital_strong,16,naive,0.009,100,4,0.05,1.0,9.0,0.1,10,20.0,0.49446020996749895,0.7506317537489857,0.5563166058179366,614.0,14,890
2b_digital_strong,16,random,0.0009,100,4,0.05,1.0,9.0,0.1,10,20.0,0.49446020996749895,0.7506317537489857,0.5266421937256238,1013.0,9,909
2b_digital_strong,17,regular,0.1,100,4,0.05,1.0,9.0,0.1,10,20.0,0.4450496885776564,0.7519070559827267,0.5804288547392056,252.0,17,880
2b_digital_strong,17,superintelligent,0.9,100,4,0.05,1.0,9.0,0.1,10,20.0,0.4450496885776564,0.7519070559827267,0.5804288547392056,94.0,17,910
2b_digital_strong,17,oracle,1.0,100,4,0.05,1.0,9.0,0.1,10,20.0,0.4450496885776564,0.7519070559827267,0.5804288547392056,93.0,17,910
2b_digital_strong,17,naive,0.009,100,4,0.05,1.0,9.0,0.1,10,20.0,0.4450496885776564,0.7519070559827267,0.5828067374726194,763.0,17,678
2b_digital_strong,17,random,0.0009,100,4,0.05,1.0,9.0,0.1,10,20.0,0.4450496885776564,0.7519070559827267,0.5749344531717258,1039.0,16,910
2b_digital_strong,18,regular,0.1,100,4,0.05,1.0,9.0,0.1,10,20.0,0.48895894141758367,0.7648411151773564,0.5438735214262187,43.0,5,909
2b_digital_strong,18,superintelligent,0.9,100,4,0.05,1.0,9.0,0.1,10,20.0,0.48895894141758367,0.7648411151773564,0.5438735214262187,5.0,5,909
2b_digital_strong,18,oracle,1.0,100,4,0.05,1.0,9.0,0.1,10,20.0,0.48895894141758367,0.7648411151773564,0.5438735214262187,5.0,5,909
2b_digital_strong,18,naive,0.009,100,4,0.05,1.0,9.0,0.1,10,20.0,0.48895894141758367,0.7648411151773564,0.5412502999725928,375.0,6,861
2b_digital_strong,18,random,0.0009,100,4,0.05,1.0,9.0,0.1,10,20.0,0.48895894141758367,0.7648411151773564,0.5377295011127259,915.0,6,891
2b_digital_strong,19,regular,0.1,100,4,0.05,1.0,9.0,0.1,10,20.0,0.4699326556360381,0.7553799597533709,0.5561472216394938,100.0,11,828
2b_digital_strong,19,superintelligent,0.9,100,4,0.05,1.0,9.0,0.1,10,20.0,0.4699326556360381,0.7553799597533709,0.5561472216394938,30.0,11,911
2b_digital_strong,19,oracle,1.0,100,4,0.05,1.0,9.0,0.1,10,20.0,0.4699326556360381,0.7553799597533709,0.5561472216394938,30.0,11,911
2b_digital_strong,19,naive,0.009,100,4,0.05,1.0,9.0,0.1,10,20.0,0.4699326556360381,0.7553799597533709,0.5454660166626766,931.0,13,804
2b_digital_strong,19,random,0.0009,100,4,0.05,1.0,9.0,0.1,10,20.0,0.4699326556360381,0.7553799597533709,0.5454660166626766,1015.0,13,888
2b_digital_strong,20,regular,0.1,100,4,0.05,1.0,9.0,0.1,10,20.0,0.4934429582944695,0.7536423584501046,0.5821863220579507,173.0,10,893
2b_digital_strong,20,superintelligent,0.9,100,4,0.05,1.0,9.0,0.1,10,20.0,0.4934429582944695,0.7536423584501046,0.5821863220579507,86.0,10,913
2b_digital_strong,20,oracle,1.0,100,4,0.05,1.0,9.0,0.1,10,20.0,0.4934429582944695,0.7536423584501046,0.5821863220579507,86.0,10,913
2b_digital_strong,20,naive,0.009,100,4,0.05,1.0,9.0,0.1,10,20.0,0.4934429582944695,0.7536423584501046,0.5821863220579507,899.0,10,868
2b_digital_strong,20,random,0.0009,100,4,0.05,1.0,9.0,0.1,10,20.0,0.4934429582944695,0.7536423584501046,0.5821863220579507,1018.0,10,905
2b_digital_strong,21,regular,0.1,100,4,0.05,1.0,9.0,0.1,10,20.0,0.5260930546591243,0.7613474165553522,0.597127200304191,113.0,11,882
2b_digital_strong,21,superintelligent,0.9,100,4,0.05,1.0,9.0,0.1,10,20.0,0.5260930546591243,0.7613474165553522,0.5995147964437657,11.0,10,913
2b_digital_strong,21,oracle,1.0,100,4,0.05,1.0,9.0,0.1,10,20.0,0.5260930546591243,0.7613474165553522,0.5995147964437657,10.0,10,913
2b_digital_strong,21,naive,0.009,100,4,0.05,1.0,9.0,0.1,10,20.0,0.5260930546591243,0.7613474165553522,0.597127200304191,599.0,11,848
2b_digital_strong,21,random,0.0009,100,4,0.05,1.0,9.0,0.1,10,20.0,0.5260930546591243,0.7613474165553522,0.5879608778556724,997.0,12,908
2b_digital_strong,22,regular,0.1,100,4,0.05,1.0,9.0,0.1,10,20.0,0.46522105358071847,0.7652642315404338,0.5671106211208307,195.0,15,736
2b_digital_strong,22,superintelligent,0.9,100,4,0.05,1.0,9.0,0.1,10,20.0,0.46522105358071847,0.7652642315404338,0.5754700194254373,72.0,15,908
2b_digital_strong,22,oracle,1.0,100,4,0.05,1.0,9.0,0.1,10,20.0,0.46522105358071847,0.7652642315404338,0.5754700194254373,72.0,15,908
2b_digital_strong,22,naive,0.009,100,4,0.05,1.0,9.0,0.1,10,20.0,0.46522105358071847,0.7652642315404338,0.556664186303839,896.0,13,875
2b_digital_strong,22,random,0.0009,100,4,0.05,1.0,9.0,0.1,10,20.0,0.46522105358071847,0.7652642315404338,0.5549428829819728,745.0,12,657
2b_digital_strong,23,regular,0.1,100,4,0.05,1.0,9.0,0.1,10,20.0,0.5289387497615908,0.7526378361774679,0.5628330704040515,86.0,7,882
2b_digital_strong,23,superintelligent,0.9,100,4,0.05,1.0,9.0,0.1,10,20.0,0.5289387497615908,0.7526378361774679,0.5628330704040515,26.0,7,909
2b_digital_strong,23,oracle,1.0,100,4,0.05,1.0,9.0,0.1,10,20.0,0.5289387497615908,0.7526378361774679,0.5628330704040515,26.0,7,909
2b_digital_strong,23,naive,0.009,100,4,0.05,1.0,9.0,0.1,10,20.0,0.5289387497615908,0.7526378361774679,0.5624887129479919,498.0,7,906
2b_digital_strong,23,random,0.0009,100,4,0.05,1.0,9.0,0.1,10,20.0,0.5289387497615908,0.7526378361774679,0.566965140937496,701.0,7,877
2b_digital_strong,24,regular,0.1,100,4,0.05,1.0,9.0,0.1,10,20.0,0.5071896439294529,0.7789806752801053,0.5323024990804044,86.0,4,908
2b_digital_strong,24,superintelligent,0.9,100,4,0.05,1.0,9.0,0.1,10,20.0,0.5071896439294529,0.7789806752801053,0.5323024990804044,42.0,4,911
2b_digital_strong,24,oracle,1.0,100,4,0.05,1.0,9.0,0.1,10,20.0,0.5071896439294529,0.7789806752801053,0.5323024990804044,42.0,4,911
2b_digital_strong,24,naive,0.009,100,4,0.05,1.0,9.0,0.1,10,20.0,0.5071896439294529,0.7789806752801053,0.5323024990804044,170.0,4,855
2b_digital_strong,24,random,0.0009,100,4,0.05,1.0,9.0,0.1,10,20.0,0.5071896439294529,0.7789806752801053,0.5205390323559163,981.0,5,895
2b_digital_strong,25,regular,0.1,100,4,0.05,1.0,9.0,0.1,10,20.0,0.4774752167766638,0.7561565980582593,0.5490234412749438,83.0,9,889
2b_digital_strong,25,superintelligent,0.9,100,4,0.05,1.0,9.0,0.1,10,20.0,0.4774752167766638,0.7561565980582593,0.5490234412749438,9.0,9,913
2b_digital_strong,25,oracle,1.0,100,4,0.05,1.0,9.0,0.1,10,20.0,0.4774752167766638,0.7561565980582593,0.5490234412749438,9.0,9,913
2b_digital_strong,25,naive,0.009,100,4,0.05,1.0,9.0,0.1,10,20.0,0.4774752167766638,0.7561565980582593,0.5490234412749438,364.0,9,889
2b_digital_strong,25,random,0.0009,100,4,0.05,1.0,9.0,0.1,10,20.0,0.4774752167766638,0.7561565980582593,0.5500535934162702,929.0,15,843
2b_digital_strong,26,regular,0.1,100,4,0.05,1.0,9.0,0.1,10,20.0,0.5578496300872695,0.7498252415897181,0.586174673824327,80.0,5,914
2b_digital_strong,26,superintelligent,0.9,100,4,0.05,1.0,9.0,0.1,10,20.0,0.5578496300872695,0.7498252415897181,0.586174673824327,62.0,5,920
2b_digital_strong,26,oracle,1.0,100,4,0.05,1.0,9.0,0.1,10,20.0,0.5578496300872695,0.7498252415897181,0.586174673824327,62.0,5,920
2b_digital_strong,26,naive,0.009,100,4,0.05,1.0,9.0,0.1,10,20.0,0.5578496300872695,0.7498252415897181,0.6042596506224229,830.0,9,909
2b_digital_strong,26,random,0.0009,100,4,0.05,1.0,9.0,0.1,10,20.0,0.5578496300872695,0.7498252415897181,0.6042596506224229,946.0,9,900
2b_digital_strong,27,regular,0.1,100,4,0.05,1.0,9.0,0.1,10,20.0,0.49654919705878375,0.7662867039966019,0.5740047735981356,157.0,12,816
2b_digital_strong,27,superintelligent,0.9,100,4,0.05,1.0,9.0,0.1,10,20.0,0.49654919705878375,0.7662867039966019,0.5740047735981356,52.0,12,911
2b_digital_strong,27,oracle,1.0,100,4,0.05,1.0,9.0,0.1,10,20.0,0.49654919705878375,0.7662867039966019,0.5740047735981356,50.0,12,911
2b_digital_strong,27,naive,0.009,100,4,0.05,1.0,9.0,0.1,10,20.0,0.49654919705878375,0.7662867039966019,0.5752891373073901,640.0,11,912
2b_digital_strong,27,random,0.0009,100,4,0.05,1.0,9.0,0.1,10,20.0,0.49654919705878375,0.7662867039966019,0.5597152132288195,947.0,9,901
2b_digital_strong,28,regular,0.1,100,4,0.05,1.0,9.0,0.1,10,20.0,0.5025102945533151,0.7514549325800697,0.5459752121888336,65.0,7,879
2b_digital_strong,28,superintelligent,0.9,100,4,0.05,1.0,9.0,0.1,10,20.0,0.5025102945533151,0.7514549325800697,0.5459752121888336,7.0,7,911
2b_digital_strong,28,oracle,1.0,100,4,0.05,1.0,9.0,0.1,10,20.0,0.5025102945533151,0.7514549325800697,0.5459752121888336,7.0,7,911
2b_digital_strong,28,naive,0.009,100,4,0.05,1.0,9.0,0.1,10,20.0,0.5025102945533151,0.7514549325800697,0.5361830284966366,298.0,7,738
2b_digital_strong,28,random,0.0009,100,4,0.05,1.0,9.0,0.1,10,20.0,0.5025102945533151,0.7514549325800697,0.544944778925089,874.0,8,821
2b_digital_strong,29,regular,0.1,100,4,0.05,1.0,9.0,0.1,10,20.0,0.5475198700940197,0.7728874164782122,0.6148968176747099,106.0,7,911
2b_digital_strong,29,superintelligent,0.9,100,4,0.05,1.0,9.0,0.1,10,20.0,0.5475198700940197,0.7728874164782122,0.6148968176747099,27.0,7,918
2b_digital_strong,29,oracle,1.0,100,4,0.05,1.0,9.0,0.1,10,20.0,0.5475198700940197,0.7728874164782122,0.6148968176747099,26.0,7,918
2b_digital_strong,29,naive,0.009,100,4,0.05,1.0,9.0,0.1,10,20.0,0.5475198700940197,0.7728874164782122,0.6099587904474906,644.0,7,847
2b_digital_strong,29,random,0.0009,100,4,0.05,1.0,9.0,0.1,10,20.0,0.5475198700940197,0.7728874164782122,0.6134141607142867,817.0,7,869
2b_digital_strong,30,regular,0.1,100,4,0.05,1.0,9.0,0.1,10,20.0,0.4620216032348587,0.7635010427902708,0.6004152916606118,178.0,13,894
2b_digital_strong,30,superintelligent,0.9,100,4,0.05,1.0,9.0,0.1,10,20.0,0.4620216032348587,0.7635010427902708,0.6004152916606118,32.0,13,913
2b_digital_strong,30,oracle,1.0,100,4,0.05,1.0,9.0,0.1,10,20.0,0.4620216032348587,0.7635010427902708,0.6004152916606118,32.0,13,913
2b_digital_strong,30,naive,0.009,100,4,0.05,1.0,9.0,0.1,10,20.0,0.4620216032348587,0.7635010427902708,0.5954802540139494,475.0,15,901
2b_digital_strong,30,random,0.0009,100,4,0.05,1.0,9.0,0.1,10,20.0,0.4620216032348587,0.7635010427902708,0.5862061174984411,1014.0,18,901
2b_digital_strong,31,regular,0.1,100,4,0.05,1.0,9.0,0.1,10,20.0,0.5224505602597315,0.7592645936292726,0.5845362662448979,73.0,6,862
2b_digital_strong,31,superintelligent,0.9,100,4,0.05,1.0,9.0,0.1,10,20.0,0.5224505602597315,0.7592645936292726,0.5845362662448979,25.0,6,916
2b_digital_strong,31,oracle,1.0,100,4,0.05,1.0,9.0,0.1,10,20.0,0.5224505602597315,0.7592645936292726,0.5845362662448979,25.0,6,916
2b_digital_strong,31,naive,0.009,100,4,0.05,1.0,9.0,0.1,10,20.0,0.5224505602597315,0.7592645936292726,0.5972054701193783,282.0,6,887
2b_digital_strong,31,random,0.0009,100,4,0.05,1.0,9.0,0.1,10,20.0,0.5224505602597315,0.7592645936292726,0.5853687639588881,786.0,8,906
2b_digital_strong,32,regular,0.1,100,4,0.05,1.0,9.0,0.1,10,20.0,0.532288289993089,0.7488654285768732,0.5947255015652294,109.0,8,909
2b_digital_strong,32,superintelligent,0.9,100,4,0.05,1.0,9.0,0.1,10,20.0,0.532288289993089,0.7488654285768732,0.5947255015652294,27.0,8,917
2b_digital_strong,32,oracle,1.0,100,4,0.05,1.0,9.0,0.1,10,20.0,0.532288289993089,0.7488654285768732,0.5947255015652294,27.0,8,917
2b_digital_strong,32,naive,0.009,100,4,0.05,1.0,9.0,0.1,10,20.0,0.532288289993089,0.7488654285768732,0.6120093399766803,832.0,13,852
2b_digital_strong,32,random,0.0009,100,4,0.05,1.0,9.0,0.1,10,20.0,0.532288289993089,0.7488654285768732,0.6150627261506051,953.0,15,862
2b_digital_strong,33,regular,0.1,100,4,0.05,1.0,9.0,0.1,10,20.0,0.545903321895031,0.7490367252320675,0.610229142171501,155.0,11,880
2b_digital_strong,33,superintelligent,0.9,100,4,0.05,1.0,9.0,0.1,10,20.0,0.545903321895031,0.7490367252320675,0.610229142171501,68.0,11,914
2b_digital_strong,33,oracle,1.0,100,4,0.05,1.0,9.0,0.1,10,20.0,0.545903321895031,0.7490367252320675,0.610229142171501,68.0,11,914
2b_digital_strong,33,naive,0.009,100,4,0.05,1.0,9.0,0.1,10,20.0,0.545903321895031,0.7490367252320675,0.6054768799766572,711.0,9,912
2b_digital_strong,33,random,0.0009,100,4,0.05,1.0,9.0,0.1,10,20.0,0.545903321895031,0.7490367252320675,0.6041533017583112,919.0,8,904
2b_digital_strong,34,regular,0.1,100,4,0.05,1.0,9.0,0.1,10,20.0,0.4910137618367723,0.7689078097378774,0.5907228088351165,166.0,10,867
2b_digital_strong,34,superintelligent,0.9,100,4,0.05,1.0,9.0,0.1,10,20.0,0.4910137618367723,0.7689078097378774,0.598452306392034,35.0,13,913
2b_digital_strong,34,oracle,1.0,100,4,0.05,1.0,9.0,0.1,10,20.0,0.4910137618367723,0.7689078097378774,0.598452306392034,32.0,13,913
2b_digital_strong,34,naive,0.009,100,4,0.05,1.0,9.0,0.1,10,20.0,0.4910137618367723,0.7689078097378774,0.5907228088351165,657.0,10,895
2b_digital_strong,34,random,0.0009,100,4,0.05,1.0,9.0,0.1,10,20.0,0.4910137618367723,0.7689078097378774,0.6041293577037927,918.0,13,904
2b_digital_strong,35,regular,0.1,100,4,0.05,1.0,9.0,0.1,10,20.0,0.5191968815247451,0.7606650226647914,0.5833242784945202,162.0,9,843
2b_digital_strong,35,superintelligent,0.9,100,4,0.05,1.0,9.0,0.1,10,20.0,0.5191968815247451,0.7606650226647914,0.5833242784945202,67.0,9,910
2b_digital_strong,35,oracle,1.0,100,4,0.05,1.0,9.0,0.1,10,20.0,0.5191968815247451,0.7606650226647914,0.5833242784945202,66.0,9,910
2b_digital_strong,35,naive,0.009,100,4,0.05,1.0,9.0,0.1,10,20.0,0.5191968815247451,0.7606650226647914,0.584577036960275,499.0,8,867
2b_digital_strong,35,random,0.0009,100,4,0.05,1.0,9.0,0.1,10,20.0,0.5191968815247451,0.7606650226647914,0.584577036960275,610.0,8,911
2b_digital_strong,36,regular,0.1,100,4,0.05,1.0,9.0,0.1,10,20.0,0.5022779469577838,0.7676748356918388,0.571505657163422,136.0,7,875
2b_digital_strong,36,superintelligent,0.9,100,4,0.05,1.0,9.0,0.1,10,20.0,0.5022779469577838,0.7676748356918388,0.571505657163422,45.0,7,910
2b_digital_strong,36,oracle,1.0,100,4,0.05,1.0,9.0,0.1,10,20.0,0.5022779469577838,0.7676748356918388,0.571505657163422,45.0,7,910
2b_digital_strong,36,naive,0.009,100,4,0.05,1.0,9.0,0.1,10,20.0,0.5022779469577838,0.7676748356918388,0.571505657163422,547.0,7,898
2b_digital_strong,36,random,0.0009,100,4,0.05,1.0,9.0,0.1,10,20.0,0.5022779469577838,0.7676748356918388,0.5926871134744113,1040.0,16,914
2b_digital_strong,37,regular,0.1,100,4,0.05,1.0,9.0,0.1,10,20.0,0.547383090477524,0.7616413064446456,0.6032128038769247,64.0,7,914
2b_digital_strong,37,superintelligent,0.9,100,4,0.05,1.0,9.0,0.1,10,20.0,0.547383090477524,0.7616413064446456,0.6111806569116014,9.0,8,911
2b_digital_strong,37,oracle,1.0,100,4,0.05,1.0,9.0,0.1,10,20.0,0.547383090477524,0.7616413064446456,0.6111806569116014,8.0,8,911
2b_digital_strong,37,naive,0.009,100,4,0.05,1.0,9.0,0.1,10,20.0,0.547383090477524,0.7616413064446456,0.6007268556652566,560.0,7,897
2b_digital_strong,37,random,0.0009,100,4,0.05,1.0,9.0,0.1,10,20.0,0.547383090477524,0.7616413064446456,0.5911229046632271,735.0,7,904
2b_digital_strong,38,regular,0.1,100,4,0.05,1.0,9.0,0.1,10,20.0,0.4737747534512462,0.768018087401564,0.5705175991910687,288.0,15,849
2b_digital_strong,38,superintelligent,0.9,100,4,0.05,1.0,9.0,0.1,10,20.0,0.4737747534512462,0.768018087401564,0.5705175991910687,95.0,15,911
2b_digital_strong,38,oracle,1.0,100,4,0.05,1.0,9.0,0.1,10,20.0,0.4737747534512462,0.768018087401564,0.5705175991910687,91.0,15,911
2b_digital_strong,38,naive,0.009,100,4,0.05,1.0,9.0,0.1,10,20.0,0.4737747534512462,0.768018087401564,0.5743446853780176,829.0,16,866
2b_digital_strong,38,random,0.0009,100,4,0.05,1.0,9.0,0.1,10,20.0,0.4737747534512462,0.768018087401564,0.5536882555496088,950.0,11,897
2b_digital_strong,39,regular,0.1,100,4,0.05,1.0,9.0,0.1,10,20.0,0.48863274771785425,0.7577359887976233,0.5568851827322888,86.0,7,845
2b_digital_strong,39,superintelligent,0.9,100,4,0.05,1.0,9.0,0.1,10,20.0,0.48863274771785425,0.7577359887976233,0.5568851827322888,26.0,7,911
2b_digital_strong,39,oracle,1.0,100,4,0.05,1.0,9.0,0.1,10,20.0,0.48863274771785425,0.7577359887976233,0.5568851827322888,26.0,7,911
2b_digital_strong,39,naive,0.009,100,4,0.05,1.0,9.0,0.1,10,20.0,0.48863274771785425,0.7577359887976233,0.5568851827322888,541.0,7,885
2b_digital_strong,39,random,0.0009,100,4,0.05,1.0,9.0,0.1,10,20.0,0.48863274771785425,0.7577359887976233,0.5527659486279678,539.0,6,827
2b_digital_strong,40,regular,0.1,100,4,0.05,1.0,9.0,0.1,10,20.0,0.5421460828212205,0.7543788509012102,0.6477709718769148,238.0,14,872
2b_digital_strong,40,superintelligent,0.9,100,4,0.05,1.0,9.0,0.1,10,20.0,0.5421460828212205,0.7543788509012102,0.6073488921405166,68.0,10,915
2b_digital_strong,40,oracle,1.0,100,4,0.05,1.0,9.0,0.1,10,20.0,0.5421460828212205,0.7543788509012102,0.6073488921405166,67.0,10,915
2b_digital_strong,40,naive,0.009,100,4,0.05,1.0,9.0,0.1,10,20.0,0.5421460828212205,0.7543788509012102,0.6015957283371038,542.0,10,854
2b_digital_strong,40,random,0.0009,100,4,0.05,1.0,9.0,0.1,10,20.0,0.5421460828212205,0.7543788509012102,0.6005965470433846,918.0,11,883
2b_digital_strong,41,regular,0.1,100,4,0.05,1.0,9.0,0.1,10,20.0,0.5042095475400662,0.755746582499748,0.5428603762683467,102.0,7,847
2b_digital_strong,41,superintelligent,0.9,100,4,0.05,1.0,9.0,0.1,10,20.0,0.5042095475400662,0.755746582499748,0.5428603762683467,26.0,7,913
2b_digital_strong,41,oracle,1.0,100,4,0.05,1.0,9.0,0.1,10,20.0,0.5042095475400662,0.755746582499748,0.5428603762683467,26.0,7,913
2b_digital_strong,41,naive,0.009,100,4,0.05,1.0,9.0,0.1,10,20.0,0.5042095475400662,0.755746582499748,0.5415714082008303,624.0,8,785
2b_digital_strong,41,random,0.0009,100,4,0.05,1.0,9.0,0.1,10,20.0,0.5042095475400662,0.755746582499748,0.5380592390306372,1014.0,9,910
2b_digital_strong,42,regular,0.1,100,4,0.05,1.0,9.0,0.1,10,20.0,0.4852101150391485,0.7467517580288139,0.5617191376663281,93.0,9,912
2b_digital_strong,42,superintelligent,0.9,100,4,0.05,1.0,9.0,0.1,10,20.0,0.4852101150391485,0.7467517580288139,0.5617191376663281,10.0,9,914
2b_digital_strong,42,oracle,1.0,100,4,0.05,1.0,9.0,0.1,10,20.0,0.4852101150391485,0.7467517580288139,0.5617191376663281,9.0,9,914
2b_digital_strong,42,naive,0.009,100,4,0.05,1.0,9.0,0.1,10,20.0,0.4852101150391485,0.7467517580288139,0.5600433725950116,730.0,9,910
2b_digital_strong,42,random,0.0009,100,4,0.05,1.0,9.0,0.1,10,20.0,0.4852101150391485,0.7467517580288139,0.5582608079529308,909.0,9,888
2b_digital_strong,43,regular,0.1,100,4,0.05,1.0,9.0,0.1,10,20.0,0.4611035429624705,0.7588965936494639,0.5588879332775584,223.0,15,876
2b_digital_strong,43,superintelligent,0.9,100,4,0.05,1.0,9.0,0.1,10,20.0,0.4611035429624705,0.7588965936494639,0.5588879332775584,53.0,15,911
2b_digital_strong,43,oracle,1.0,100,4,0.05,1.0,9.0,0.1,10,20.0,0.4611035429624705,0.7588965936494639,0.5588879332775584,53.0,15,911
2b_digital_strong,43,naive,0.009,100,4,0.05,1.0,9.0,0.1,10,20.0,0.4611035429624705,0.7588965936494639,0.5547789492953347,609.0,13,886
2b_digital_strong,43,random,0.0009,100,4,0.05,1.0,9.0,0.1,10,20.0,0.4611035429624705,0.7588965936494639,0.5587380849282213,1038.0,14,910
2b_digital_strong,44,regular,0.1,100,4,0.05,1.0,9.0,0.1,10,20.0,0.5085030603977809,0.7593705171103611,0.571430886716416,232.0,14,657
2b_digital_strong,44,superintelligent,0.9,100,4,0.05,1.0,9.0,0.1,10,20.0,0.5085030603977809,0.7593705171103611,0.571430886716416,71.0,14,916
2b_digital_strong,44,oracle,1.0,100,4,0.05,1.0,9.0,0.1,10,20.0,0.5085030603977809,0.7593705171103611,0.571430886716416,71.0,14,916
2b_digital_strong,44,naive,0.009,100,4,0.05,1.0,9.0,0.1,10,20.0,0.5085030603977809,0.7593705171103611,0.5601430401015,1008.0,12,901
2b_digital_strong,44,random,0.0009,100,4,0.05,1.0,9.0,0.1,10,20.0,0.5085030603977809,0.7593705171103611,0.568418674048023,1013.0,11,910
2b_digital_strong,45,regular,0.1,100,4,0.05,1.0,9.0,0.1,10,20.0,0.4921852118304417,0.7515424209606765,0.5808939514905354,204.0,13,895
2b_digital_strong,45,superintelligent,0.9,100,4,0.05,1.0,9.0,0.1,10,20.0,0.4921852118304417,0.7515424209606765,0.5808939514905354,70.0,13,913
2b_digital_strong,45,oracle,1.0,100,4,0.05,1.0,9.0,0.1,10,20.0,0.4921852118304417,0.7515424209606765,0.5808939514905354,70.0,13,913
2b_digital_strong,45,naive,0.009,100,4,0.05,1.0,9.0,0.1,10,20.0,0.4921852118304417,0.7515424209606765,0.5631440353432119,933.0,11,896
2b_digital_strong,45,random,0.0009,100,4,0.05,1.0,9.0,0.1,10,20.0,0.4921852118304417,0.7515424209606765,0.5750714465110349,1015.0,12,914
2b_digital_strong,46,regular,0.1,100,4,0.05,1.0,9.0,0.1,10,20.0,0.5500621367817332,0.7505145634291545,0.581836751273405,64.0,4,783
2b_digital_strong,46,superintelligent,0.9,100,4,0.05,1.0,9.0,0.1,10,20.0,0.5500621367817332,0.7505145634291545,0.581836751273405,23.0,4,911
2b_digital_strong,46,oracle,1.0,100,4,0.05,1.0,9.0,0.1,10,20.0,0.5500621367817332,0.7505145634291545,0.581836751273405,23.0,4,911
2b_digital_strong,46,naive,0.009,100,4,0.05,1.0,9.0,0.1,10,20.0,0.5500621367817332,0.7505145634291545,0.581836751273405,162.0,4,879
2b_digital_strong,46,random,0.0009,100,4,0.05,1.0,9.0,0.1,10,20.0,0.5500621367817332,0.7505145634291545,0.581836751273405,811.0,4,888
2b_digital_strong,47,regular,0.1,100,4,0.05,1.0,9.0,0.1,10,20.0,0.5205736065957549,0.7489325040428662,0.5527757275063889,48.0,6,905
2b_digital_strong,47,superintelligent,0.9,100,4,0.05,1.0,9.0,0.1,10,20.0,0.5205736065957549,0.7489325040428662,0.5527757275063889,6.0,6,913
2b_digital_strong,47,oracle,1.0,100,4,0.05,1.0,9.0,0.1,10,20.0,0.5205736065957549,0.7489325040428662,0.5527757275063889,6.0,6,913
2b_digital_strong,47,naive,0.009,100,4,0.05,1.0,9.0,0.1,10,20.0,0.5205736065957549,0.7489325040428662,0.5527757275063889,398.0,6,907
2b_digital_strong,47,random,0.0009,100,4,0.05,1.0,9.0,0.1,10,20.0,0.5205736065957549,0.7489325040428662,0.5527757275063889,794.0,6,873
2b_digital_strong,48,regular,0.1,100,4,0.05,1.0,9.0,0.1,10,20.0,0.5113761056228882,0.7544755874649163,0.5385516767346501,87.0,5,912
2b_digital_strong,48,superintelligent,0.9,100,4,0.05,1.0,9.0,0.1,10,20.0,0.5113761056228882,0.7544755874649163,0.5823061781356865,134.0,19,918
2b_digital_strong,48,oracle,1.0,100,4,0.05,1.0,9.0,0.1,10,20.0,0.5113761056228882,0.7544755874649163,0.5823061781356865,133.0,19,918
2b_digital_strong,48,naive,0.009,100,4,0.05,1.0,9.0,0.1,10,20.0,0.5113761056228882,0.7544755874649163,0.5407036311572431,602.0,5,869
2b_digital_strong,48,random,0.0009,100,4,0.05,1.0,9.0,0.1,10,20.0,0.5113761056228882,0.7544755874649163,0.5506491912711808,1055.0,8,914
2b_digital_strong,49,regular,0.1,100,4,0.05,1.0,9.0,0.1,10,20.0,0.500060124718012,0.7506604522671276,0.6288256315220326,193.0,16,846
2b_digital_strong,49,superintelligent,0.9,100,4,0.05,1.0,9.0,0.1,10,20.0,0.500060124718012,0.7506604522671276,0.6288256315220326,76.0,16,921
2b_digital_strong,49,oracle,1.0,100,4,0.05,1.0,9.0,0.1,10,20.0,0.500060124718012,0.7506604522671276,0.6288256315220326,73.0,16,921
2b_digital_strong,49,naive,0.009,100,4,0.05,1.0,9.0,0.1,10,20.0,0.500060124718012,0.7506604522671276,0.599814113233835,873.0,15,892
2b_digital_strong,49,random,0.0009,100,4,0.05,1.0,9.0,0.1,10,20.0,0.500060124718012,0.7506604522671276,0.627998241554102,990.0,17,911
2b_digital_strong,50,regular,0.1,100,4,0.05,1.0,9.0,0.1,10,20.0,0.48233392502101047,0.7610030440926404,0.5422267946812132,192.0,11,903
2b_digital_strong,50,superintelligent,0.9,100,4,0.05,1.0,9.0,0.1,10,20.0,0.48233392502101047,0.7610030440926404,0.5422267946812132,52.0,11,910
2b_digital_strong,50,oracle,1.0,100,4,0.05,1.0,9.0,0.1,10,20.0,0.48233392502101047,0.7610030440926404,0.5422267946812132,49.0,11,910
2b_digital_strong,50,naive,0.009,100,4,0.05,1.0,9.0,0.1,10,20.0,0.48233392502101047,0.7610030440926404,0.5365907677666893,579.0,8,705
2b_digital_strong,50,random,0.0009,100,4,0.05,1.0,9.0,0.1,10,20.0,0.48233392502101047,0.7610030440926404,0.523238053004883,821.0,10,838
2b_digital_strong,51,regular,0.1,100,4,0.05,1.0,9.0,0.1,10,20.0,0.5089908269505612,0.758908264267489,0.5902074766942408,160.0,14,818
2b_digital_strong,51,superintelligent,0.9,100,4,0.05,1.0,9.0,0.1,10,20.0,0.5089908269505612,0.758908264267489,0.6031550746811003,72.0,14,908
2b_digital_strong,51,oracle,1.0,100,4,0.05,1.0,9.0,0.1,10,20.0,0.5089908269505612,0.758908264267489,0.5902074766942408,52.0,14,907
2b_digital_strong,51,naive,0.009,100,4,0.05,1.0,9.0,0.1,10,20.0,0.5089908269505612,0.758908264267489,0.5760238062227895,686.0,11,784
2b_digital_strong,51,random,0.0009,100,4,0.05,1.0,9.0,0.1,10,20.0,0.5089908269505612,0.758908264267489,0.605640667549053,1019.0,16,911
2b_digital_strong,52,regular,0.1,100,4,0.05,1.0,9.0,0.1,10,20.0,0.4976828288834265,0.7588125682297092,0.5686895211959996,226.0,17,829
2b_digital_strong,52,superintelligent,0.9,100,4,0.05,1.0,9.0,0.1,10,20.0,0.4976828288834265,0.7588125682297092,0.5686895211959996,93.0,17,909
2b_digital_strong,52,oracle,1.0,100,4,0.05,1.0,9.0,0.1,10,20.0,0.4976828288834265,0.7588125682297092,0.5686895211959996,93.0,17,909
2b_digital_strong,52,naive,0.009,100,4,0.05,1.0,9.0,0.1,10,20.0,0.4976828288834265,0.7588125682297092,0.5766600234282039,466.0,15,798
2b_digital_strong,52,random,0.0009,100,4,0.05,1.0,9.0,0.1,10,20.0,0.4976828288834265,0.7588125682297092,0.5670001324955252,974.0,13,899
2b_digital_strong,53,regular,0.1,100,4,0.05,1.0,9.0,0.1,10,20.0,0.5175865309068036,0.7532657049733555,0.5761418780406902,90.0,6,911
2b_digital_strong,53,superintelligent,0.9,100,4,0.05,1.0,9.0,0.1,10,20.0,0.5175865309068036,0.7532657049733555,0.5761418780406902,6.0,6,912
2b_digital_strong,53,oracle,1.0,100,4,0.05,1.0,9.0,0.1,10,20.0,0.5175865309068036,0.7532657049733555,0.5761418780406902,6.0,6,912
2b_digital_strong,53,naive,0.009,100,4,0.05,1.0,9.0,0.1,10,20.0,0.5175865309068036,0.7532657049733555,0.5741492081808194,331.0,8,895
2b_digital_strong,53,random,0.0009,100,4,0.05,1.0,9.0,0.1,10,20.0,0.5175865309068036,0.7532657049733555,0.5891202870007198,948.0,11,907
2b_digital_strong,54,regular,0.1,100,4,0.05,1.0,9.0,0.1,10,20.0,0.5069334212410145,0.7549805522800009,0.561602073185059,52.0,5,724
2b_digital_strong,54,superintelligent,0.9,100,4,0.05,1.0,9.0,0.1,10,20.0,0.5069334212410145,0.7549805522800009,0.561602073185059,5.0,5,916
2b_digital_strong,54,oracle,1.0,100,4,0.05,1.0,9.0,0.1,10,20.0,0.5069334212410145,0.7549805522800009,0.561602073185059,5.0,5,916
2b_digital_strong,54,naive,0.009,100,4,0.05,1.0,9.0,0.1,10,20.0,0.5069334212410145,0.7549805522800009,0.561602073185059,631.0,5,898
2b_digital_strong,54,random,0.0009,100,4,0.05,1.0,9.0,0.1,10,20.0,0.5069334212410145,0.7549805522800009,0.5655019870641759,961.0,9,895
2b_digital_strong,55,regular,0.1,100,4,0.05,1.0,9.0,0.1,10,20.0,0.46061049111497604,0.7659074817888759,0.4941322448122765,77.0,4,902
2b_digital_strong,55,superintelligent,0.9,100,4,0.05,1.0,9.0,0.1,10,20.0,0.46061049111497604,0.7659074817888759,0.4941322448122765,5.0,4,909
2b_digital_strong,55,oracle,1.0,100,4,0.05,1.0,9.0,0.1,10,20.0,0.46061049111497604,0.7659074817888759,0.4941322448122765,4.0,4,909
2b_digital_strong,55,naive,0.009,100,4,0.05,1.0,9.0,0.1,10,20.0,0.46061049111497604,0.7659074817888759,0.4941322448122765,246.0,4,734
2b_digital_strong,55,random,0.0009,100,4,0.05,1.0,9.0,0.1,10,20.0,0.46061049111497604,0.7659074817888759,0.5107428642426544,992.0,7,892
2b_digital_strong,56,regular,0.1,100,4,0.05,1.0,9.0,0.1,10,20.0,0.47248676741051054,0.7534226340843803,0.5055728427669416,136.0,5,897
2b_digital_strong,56,superintelligent,0.9,100,4,0.05,1.0,9.0,0.1,10,20.0,0.47248676741051054,0.7534226340843803,0.5055728427669416,43.0,5,911
2b_digital_strong,56,oracle,1.0,100,4,0.05,1.0,9.0,0.1,10,20.0,0.47248676741051054,0.7534226340843803,0.5055728427669416,43.0,5,911
2b_digital_strong,56,naive,0.009,100,4,0.05,1.0,9.0,0.1,10,20.0,0.47248676741051054,0.7534226340843803,0.5055728427669416,556.0,5,769
2b_digital_strong,56,random,0.0009,100,4,0.05,1.0,9.0,0.1,10,20.0,0.47248676741051054,0.7534226340843803,0.4973671168875438,609.0,5,909
2b_digital_strong,57,regular,0.1,100,4,0.05,1.0,9.0,0.1,10,20.0,0.4631531414000787,0.7531519193728654,0.5508344982996627,163.0,10,826
2b_digital_strong,57,superintelligent,0.9,100,4,0.05,1.0,9.0,0.1,10,20.0,0.4631531414000787,0.7531519193728654,0.5508344982996627,68.0,10,908
2b_digital_strong,57,oracle,1.0,100,4,0.05,1.0,9.0,0.1,10,20.0,0.4631531414000787,0.7531519193728654,0.5508344982996627,67.0,10,908
2b_digital_strong,57,naive,0.009,100,4,0.05,1.0,9.0,0.1,10,20.0,0.4631531414000787,0.7531519193728654,0.5330230810782467,712.0,10,891
2b_digital_strong,57,random,0.0009,100,4,0.05,1.0,9.0,0.1,10,20.0,0.4631531414000787,0.7531519193728654,0.5590753567331,1015.0,13,907
2b_digital_strong,58,regular,0.1,100,4,0.05,1.0,9.0,0.1,10,20.0,0.5030388288127052,0.7557177489320683,0.594652707430846,132.0,12,906
2b_digital_strong,58,superintelligent,0.9,100,4,0.05,1.0,9.0,0.1,10,20.0,0.5030388288127052,0.7557177489320683,0.594652707430846,33.0,12,911
2b_digital_strong,58,oracle,1.0,100,4,0.05,1.0,9.0,0.1,10,20.0,0.5030388288127052,0.7557177489320683,0.594652707430846,31.0,12,911
2b_digital_strong,58,naive,0.009,100,4,0.05,1.0,9.0,0.1,10,20.0,0.5030388288127052,0.7557177489320683,0.5891504411518774,771.0,11,897
2b_digital_strong,58,random,0.0009,100,4,0.05,1.0,9.0,0.1,10,20.0,0.5030388288127052,0.7557177489320683,0.5891504411518774,750.0,11,857
2b_digital_strong,59,regular,0.1,100,4,0.05,1.0,9.0,0.1,10,20.0,0.5427323799903679,0.7554382126987592,0.5685535312208784,38.0,4,896
2b_digital_strong,59,superintelligent,0.9,100,4,0.05,1.0,9.0,0.1,10,20.0,0.5427323799903679,0.7554382126987592,0.5685535312208784,24.0,4,910
2b_digital_strong,59,oracle,1.0,100,4,0.05,1.0,9.0,0.1,10,20.0,0.5427323799903679,0.7554382126987592,0.5685535312208784,23.0,4,910
2b_digital_strong,59,naive,0.009,100,4,0.05,1.0,9.0,0.1,10,20.0,0.5427323799903679,0.7554382126987592,0.5685535312208784,397.0,4,763
2b_digital_strong,59,random,0.0009,100,4,0.05,1.0,9.0,0.1,10,20.0,0.5427323799903679,0.7554382126987592,0.5664334024452595,846.0,3,844
2b_digital_strong,60,regular,0.1,100,4,0.05,1.0,9.0,0.1,10,20.0,0.5060661200841607,0.7655429239844682,0.5888487007525637,153.0,13,867
2b_digital_strong,60,superintelligent,0.9,100,4,0.05,1.0,9.0,0.1,10,20.0,0.5060661200841607,0.7655429239844682,0.5888487007525637,51.0,13,913
2b_digital_strong,60,oracle,1.0,100,4,0.05,1.0,9.0,0.1,10,20.0,0.5060661200841607,0.7655429239844682,0.5888487007525637,51.0,13,913
2b_digital_strong,60,naive,0.009,100,4,0.05,1.0,9.0,0.1,10,20.0,0.5060661200841607,0.7655429239844682,0.592404829010325,767.0,13,867
2b_digital_strong,60,random,0.0009,100,4,0.05,1.0,9.0,0.1,10,20.0,0.5060661200841607,0.7655429239844682,0.6072600194019485,1013.0,14,908
2b_digital_strong,61,regular,0.1,100,4,0.05,1.0,9.0,0.1,10,20.0,0.44979855903391525,0.7545603191827999,0.5363858747225044,160.0,10,886
2b_digital_strong,61,superintelligent,0.9,100,4,0.05,1.0,9.0,0.1,10,20.0,0.44979855903391525,0.7545603191827999,0.5363858747225044,10.0,10,909
2b_digital_strong,61,oracle,1.0,100,4,0.05,1.0,9.0,0.1,10,20.0,0.44979855903391525,0.7545603191827999,0.5363858747225044,10.0,10,909
2b_digital_strong,61,naive,0.009,100,4,0.05,1.0,9.0,0.1,10,20.0,0.44979855903391525,0.7545603191827999,0.5446633114813175,770.0,10,844
2b_digital_strong,61,random,0.0009,100,4,0.05,1.0,9.0,0.1,10,20.0,0.44979855903391525,0.7545603191827999,0.5363858747225044,920.0,10,863
2b_digital_strong,62,regular,0.1,100,4,0.05,1.0,9.0,0.1,10,20.0,0.4928172599420831,0.7542288959567554,0.5798309384555241,161.0,13,908
2b_digital_strong,62,superintelligent,0.9,100,4,0.05,1.0,9.0,0.1,10,20.0,0.4928172599420831,0.7542288959567554,0.5798309384555241,92.0,13,916
2b_digital_strong,62,oracle,1.0,100,4,0.05,1.0,9.0,0.1,10,20.0,0.4928172599420831,0.7542288959567554,0.5798309384555241,89.0,13,916
2b_digital_strong,62,naive,0.009,100,4,0.05,1.0,9.0,0.1,10,20.0,0.4928172599420831,0.7542288959567554,0.5737970956821645,547.0,11,912
2b_digital_strong,62,random,0.0009,100,4,0.05,1.0,9.0,0.1,10,20.0,0.4928172599420831,0.7542288959567554,0.5501381501834076,950.0,10,886
2b_digital_strong,63,regular,0.1,100,4,0.05,1.0,9.0,0.1,10,20.0,0.48100398713220544,0.7543714696103249,0.5634897857744533,256.0,17,785
2b_digital_strong,63,superintelligent,0.9,100,4,0.05,1.0,9.0,0.1,10,20.0,0.48100398713220544,0.7543714696103249,0.5634897857744533,131.0,17,911
2b_digital_strong,63,oracle,1.0,100,4,0.05,1.0,9.0,0.1,10,20.0,0.48100398713220544,0.7543714696103249,0.5634897857744533,131.0,17,911
2b_digital_strong,63,naive,0.009,100,4,0.05,1.0,9.0,0.1,10,20.0,0.48100398713220544,0.7543714696103249,0.563873014585139,938.0,16,888
2b_digital_strong,63,random,0.0009,100,4,0.05,1.0,9.0,0.1,10,20.0,0.48100398713220544,0.7543714696103249,0.5606546256749249,1054.0,15,906
2b_digital_strong,64,regular,0.1,100,4,0.05,1.0,9.0,0.1,10,20.0,0.5192701224737829,0.7466426671105229,0.5846026131581478,131.0,11,812
2b_digital_strong,64,superintelligent,0.9,100,4,0.05,1.0,9.0,0.1,10,20.0,0.5192701224737829,0.7466426671105229,0.5724186647674088,30.0,8,914
2b_digital_strong,64,oracle,1.0,100,4,0.05,1.0,9.0,0.1,10,20.0,0.5192701224737829,0.7466426671105229,0.5724186647674088,27.0,8,914
2b_digital_strong,64,naive,0.009,100,4,0.05,1.0,9.0,0.1,10,20.0,0.5192701224737829,0.7466426671105229,0.5748565672934867,659.0,11,879
2b_digital_strong,64,random,0.0009,100,4,0.05,1.0,9.0,0.1,10,20.0,0.5192701224737829,0.7466426671105229,0.5747911954717003,1030.0,13,903
2b_digital_strong,65,regular,0.1,100,4,0.05,1.0,9.0,0.1,10,20.0,0.48881224409500523,0.7628819838183742,0.5737450030414359,151.0,10,824
2b_digital_strong,65,superintelligent,0.9,100,4,0.05,1.0,9.0,0.1,10,20.0,0.48881224409500523,0.7628819838183742,0.5737450030414359,67.0,10,912
2b_digital_strong,65,oracle,1.0,100,4,0.05,1.0,9.0,0.1,10,20.0,0.48881224409500523,0.7628819838183742,0.5737450030414359,67.0,10,912
2b_digital_strong,65,naive,0.009,100,4,0.05,1.0,9.0,0.1,10,20.0,0.48881224409500523,0.7628819838183742,0.5730077299148453,712.0,9,911
2b_digital_strong,65,random,0.0009,100,4,0.05,1.0,9.0,0.1,10,20.0,0.48881224409500523,0.7628819838183742,0.5474396599219142,935.0,5,875
2b_digital_strong,66,regular,0.1,100,4,0.05,1.0,9.0,0.1,10,20.0,0.5090785868424679,0.7522269095665133,0.6069628223930263,198.0,15,695
2b_digital_strong,66,superintelligent,0.9,100,4,0.05,1.0,9.0,0.1,10,20.0,0.5090785868424679,0.7522269095665133,0.6069628223930263,55.0,15,908
2b_digital_strong,66,oracle,1.0,100,4,0.05,1.0,9.0,0.1,10,20.0,0.5090785868424679,0.7522269095665133,0.6069628223930263,53.0,15,908
2b_digital_strong,66,naive,0.009,100,4,0.05,1.0,9.0,0.1,10,20.0,0.5090785868424679,0.7522269095665133,0.595237921514928,639.0,13,844
2b_digital_strong,66,random,0.0009,100,4,0.05,1.0,9.0,0.1,10,20.0,0.5090785868424679,0.7522269095665133,0.5937332900161044,949.0,12,898
2b_digital_strong,67,regular,0.1,100,4,0.05,1.0,9.0,0.1,10,20.0,0.5409621822527296,0.7643159742263018,0.5657075433174947,94.0,6,750
2b_digital_strong,67,superintelligent,0.9,100,4,0.05,1.0,9.0,0.1,10,20.0,0.5409621822527296,0.7643159742263018,0.5657075433174947,26.0,6,910
2b_digital_strong,67,oracle,1.0,100,4,0.05,1.0,9.0,0.1,10,20.0,0.5409621822527296,0.7643159742263018,0.5657075433174947,25.0,6,910
2b_digital_strong,67,naive,0.009,100,4,0.05,1.0,9.0,0.1,10,20.0,0.5409621822527296,0.7643159742263018,0.5570546128256837,434.0,4,880
2b_digital_strong,67,random,0.0009,100,4,0.05,1.0,9.0,0.1,10,20.0,0.5409621822527296,0.7643159742263018,0.5570546128256837,621.0,4,886
2b_digital_strong,68,regular,0.1,100,4,0.05,1.0,9.0,0.1,10,20.0,0.5240302960897827,0.7579472027932028,0.5989310575675444,138.0,8,897
2b_digital_strong,68,superintelligent,0.9,100,4,0.05,1.0,9.0,0.1,10,20.0,0.5240302960897827,0.7579472027932028,0.5989310575675444,27.0,8,917
2b_digital_strong,68,oracle,1.0,100,4,0.05,1.0,9.0,0.1,10,20.0,0.5240302960897827,0.7579472027932028,0.5989310575675444,27.0,8,917
2b_digital_strong,68,naive,0.009,100,4,0.05,1.0,9.0,0.1,10,20.0,0.5240302960897827,0.7579472027932028,0.597787312517968,879.0,10,873
2b_digital_strong,68,random,0.0009,100,4,0.05,1.0,9.0,0.1,10,20.0,0.5240302960897827,0.7579472027932028,0.610237796632033,961.0,8,914
2b_digital_strong,69,regular,0.1,100,4,0.05,1.0,9.0,0.1,10,20.0,0.5275877454232468,0.7534080053708302,0.5830144800944708,209.0,10,725
2b_digital_strong,69,superintelligent,0.9,100,4,0.05,1.0,9.0,0.1,10,20.0,0.5275877454232468,0.7534080053708302,0.5830144800944708,67.0,10,912
2b_digital_strong,69,oracle,1.0,100,4,0.05,1.0,9.0,0.1,10,20.0,0.5275877454232468,0.7534080053708302,0.5830144800944708,67.0,10,912
2b_digital_strong,69,naive,0.009,100,4,0.05,1.0,9.0,0.1,10,20.0,0.5275877454232468,0.7534080053708302,0.5830144800944708,679.0,10,903
2b_digital_strong,69,random,0.0009,100,4,0.05,1.0,9.0,0.1,10,20.0,0.5275877454232468,0.7534080053708302,0.5757461997984434,997.0,9,913
2b_digital_strong,70,regular,0.1,100,4,0.05,1.0,9.0,0.1,10,20.0,0.49319351105925363,0.768010265790676,0.5381610787398234,105.0,8,840
2b_digital_strong,70,superintelligent,0.9,100,4,0.05,1.0,9.0,0.1,10,20.0,0.49319351105925363,0.768010265790676,0.5381610787398234,46.0,8,908
2b_digital_strong,70,oracle,1.0,100,4,0.05,1.0,9.0,0.1,10,20.0,0.49319351105925363,0.768010265790676,0.5381610787398234,46.0,8,908
2b_digital_strong,70,naive,0.009,100,4,0.05,1.0,9.0,0.1,10,20.0,0.49319351105925363,0.768010265790676,0.5381610787398234,979.0,8,883
2b_digital_strong,70,random,0.0009,100,4,0.05,1.0,9.0,0.1,10,20.0,0.49319351105925363,0.768010265790676,0.5352158112114548,1013.0,6,893
2b_digital_strong,71,regular,0.1,100,4,0.05,1.0,9.0,0.1,10,20.0,0.47198150976542874,0.7658657673359398,0.5367571425632113,120.0,10,886
2b_digital_strong,71,superintelligent,0.9,100,4,0.05,1.0,9.0,0.1,10,20.0,0.47198150976542874,0.7658657673359398,0.5367571425632113,68.0,10,913
2b_digital_strong,71,oracle,1.0,100,4,0.05,1.0,9.0,0.1,10,20.0,0.47198150976542874,0.7658657673359398,0.5367571425632113,67.0,10,913
2b_digital_strong,71,naive,0.009,100,4,0.05,1.0,9.0,0.1,10,20.0,0.47198150976542874,0.7658657673359398,0.5367571425632113,693.0,10,839
2b_digital_strong,71,random,0.0009,100,4,0.05,1.0,9.0,0.1,10,20.0,0.47198150976542874,0.7658657673359398,0.5330711314211245,994.0,10,896
2b_digital_strong,72,regular,0.1,100,4,0.05,1.0,9.0,0.1,10,20.0,0.5333191828766225,0.7628507296721933,0.5851136537008698,126.0,12,900
2b_digital_strong,72,superintelligent,0.9,100,4,0.05,1.0,9.0,0.1,10,20.0,0.5333191828766225,0.7628507296721933,0.5851136537008698,50.0,12,912
2b_digital_strong,72,oracle,1.0,100,4,0.05,1.0,9.0,0.1,10,20.0,0.5333191828766225,0.7628507296721933,0.5851136537008698,50.0,12,912
2b_digital_strong,72,naive,0.009,100,4,0.05,1.0,9.0,0.1,10,20.0,0.5333191828766225,0.7628507296721933,0.5845992998081815,416.0,9,871
2b_digital_strong,72,random,0.0009,100,4,0.05,1.0,9.0,0.1,10,20.0,0.5333191828766225,0.7628507296721933,0.5805508827022674,949.0,10,909
2b_digital_strong,73,regular,0.1,100,4,0.05,1.0,9.0,0.1,10,20.0,0.5098408032638058,0.7709165992081751,0.5386441532235261,62.0,6,908
2b_digital_strong,73,superintelligent,0.9,100,4,0.05,1.0,9.0,0.1,10,20.0,0.5098408032638058,0.7709165992081751,0.5386441532235261,25.0,6,908
2b_digital_strong,73,oracle,1.0,100,4,0.05,1.0,9.0,0.1,10,20.0,0.5098408032638058,0.7709165992081751,0.5386441532235261,25.0,6,908
2b_digital_strong,73,naive,0.009,100,4,0.05,1.0,9.0,0.1,10,20.0,0.5098408032638058,0.7709165992081751,0.5386441532235261,436.0,6,833
2b_digital_strong,73,random,0.0009,100,4,0.05,1.0,9.0,0.1,10,20.0,0.5098408032638058,0.7709165992081751,0.5386670604333696,886.0,6,842
2b_digital_strong,74,regular,0.1,100,4,0.05,1.0,9.0,0.1,10,20.0,0.5154960696213109,0.7894542768008608,0.5574546746994029,156.0,8,892
2b_digital_strong,74,superintelligent,0.9,100,4,0.05,1.0,9.0,0.1,10,20.0,0.5154960696213109,0.7894542768008608,0.5574546746994029,65.0,8,914
2b_digital_strong,74,oracle,1.0,100,4,0.05,1.0,9.0,0.1,10,20.0,0.5154960696213109,0.7894542768008608,0.5574546746994029,65.0,8,914
2b_digital_strong,74,naive,0.009,100,4,0.05,1.0,9.0,0.1,10,20.0,0.5154960696213109,0.7894542768008608,0.5574546746994029,472.0,8,791
2b_digital_strong,74,random,0.0009,100,4,0.05,1.0,9.0,0.1,10,20.0,0.5154960696213109,0.7894542768008608,0.5578922666532553,934.0,8,905
2b_digital_strong,75,regular,0.1,100,4,0.05,1.0,9.0,0.1,10,20.0,0.5005278706130727,0.7455636991690685,0.5744050644124371,164.0,11,541
2b_digital_strong,75,superintelligent,0.9,100,4,0.05,1.0,9.0,0.1,10,20.0,0.5005278706130727,0.7455636991690685,0.5744050644124371,50.0,11,907
2b_digital_strong,75,oracle,1.0,100,4,0.05,1.0,9.0,0.1,10,20.0,0.5005278706130727,0.7455636991690685,0.5744050644124371,49.0,11,907
2b_digital_strong,75,naive,0.009,100,4,0.05,1.0,9.0,0.1,10,20.0,0.5005278706130727,0.7455636991690685,0.5763108282739077,918.0,12,840
2b_digital_strong,75,random,0.0009,100,4,0.05,1.0,9.0,0.1,10,20.0,0.5005278706130727,0.7455636991690685,0.5507090657303876,1031.0,10,888
2b_digital_strong,76,regular,0.1,100,4,0.05,1.0,9.0,0.1,10,20.0,0.4856985487772995,0.7704085005832271,0.5928223003380836,283.0,17,722
2b_digital_strong,76,superintelligent,0.9,100,4,0.05,1.0,9.0,0.1,10,20.0,0.4856985487772995,0.7704085005832271,0.5928223003380836,79.0,17,913
2b_digital_strong,76,oracle,1.0,100,4,0.05,1.0,9.0,0.1,10,20.0,0.4856985487772995,0.7704085005832271,0.5928223003380836,74.0,17,913
2b_digital_strong,76,naive,0.009,100,4,0.05,1.0,9.0,0.1,10,20.0,0.4856985487772995,0.7704085005832271,0.5814123405658312,848.0,15,912
2b_digital_strong,76,random,0.0009,100,4,0.05,1.0,9.0,0.1,10,20.0,0.4856985487772995,0.7704085005832271,0.5928223003380836,1023.0,17,913
2b_digital_strong,77,regular,0.1,100,4,0.05,1.0,9.0,0.1,10,20.0,0.521018225739307,0.7530307728919872,0.55149773991296,51.0,5,898
2b_digital_strong,77,superintelligent,0.9,100,4,0.05,1.0,9.0,0.1,10,20.0,0.521018225739307,0.7530307728919872,0.55149773991296,5.0,5,911
2b_digital_strong,77,oracle,1.0,100,4,0.05,1.0,9.0,0.1,10,20.0,0.521018225739307,0.7530307728919872,0.55149773991296,5.0,5,911
2b_digital_strong,77,naive,0.009,100,4,0.05,1.0,9.0,0.1,10,20.0,0.521018225739307,0.7530307728919872,0.5479648206911443,406.0,4,760
2b_digital_strong,77,random,0.0009,100,4,0.05,1.0,9.0,0.1,10,20.0,0.521018225739307,0.7530307728919872,0.55149773991296,956.0,5,894
2b_digital_strong,78,regular,0.1,100,4,0.05,1.0,9.0,0.1,10,20.0,0.4904690286436095,0.7586638413842721,0.5769673173154413,132.0,15,899
2b_digital_strong,78,superintelligent,0.9,100,4,0.05,1.0,9.0,0.1,10,20.0,0.4904690286436095,0.7586638413842721,0.5870093158881534,76.0,17,912
2b_digital_strong,78,oracle,1.0,100,4,0.05,1.0,9.0,0.1,10,20.0,0.4904690286436095,0.7586638413842721,0.5870093158881534,74.0,17,912
2b_digital_strong,78,naive,0.009,100,4,0.05,1.0,9.0,0.1,10,20.0,0.4904690286436095,0.7586638413842721,0.5707974774560198,988.0,14,897
2b_digital_strong,78,random,0.0009,100,4,0.05,1.0,9.0,0.1,10,20.0,0.4904690286436095,0.7586638413842721,0.5663712738621585,984.0,11,879
2b_digital_strong,79,regular,0.1,100,4,0.05,1.0,9.0,0.1,10,20.0,0.5203377650049602,0.7599484002430288,0.5760331062200289,75.0,7,876
2b_digital_strong,79,superintelligent,0.9,100,4,0.05,1.0,9.0,0.1,10,20.0,0.5203377650049602,0.7599484002430288,0.5760331062200289,26.0,7,914
2b_digital_strong,79,oracle,1.0,100,4,0.05,1.0,9.0,0.1,10,20.0,0.5203377650049602,0.7599484002430288,0.5760331062200289,26.0,7,914
2b_digital_strong,79,naive,0.009,100,4,0.05,1.0,9.0,0.1,10,20.0,0.5203377650049602,0.7599484002430288,0.5901431088669126,555.0,10,760
2b_digital_strong,79,random,0.0009,100,4,0.05,1.0,9.0,0.1,10,20.0,0.5203377650049602,0.7599484002430288,0.5820028032352523,1019.0,9,912
2b_digital_strong,80,regular,0.1,100,4,0.05,1.0,9.0,0.1,10,20.0,0.4871063886634445,0.7463580506081305,0.5464104051824964,151.0,8,874
2b_digital_strong,80,superintelligent,0.9,100,4,0.05,1.0,9.0,0.1,10,20.0,0.4871063886634445,0.7463580506081305,0.5464104051824964,103.0,8,917
2b_digital_strong,80,oracle,1.0,100,4,0.05,1.0,9.0,0.1,10,20.0,0.4871063886634445,0.7463580506081305,0.5464104051824964,103.0,8,917
2b_digital_strong,80,naive,0.009,100,4,0.05,1.0,9.0,0.1,10,20.0,0.4871063886634445,0.7463580506081305,0.5449024106383022,720.0,7,860
2b_digital_strong,80,random,0.0009,100,4,0.05,1.0,9.0,0.1,10,20.0,0.4871063886634445,0.7463580506081305,0.541160308281948,1000.0,8,904
2b_digital_strong,81,regular,0.1,100,4,0.05,1.0,9.0,0.1,10,20.0,0.4915399361050505,0.7579599787204951,0.5507436428058033,160.0,10,885
2b_digital_strong,81,superintelligent,0.9,100,4,0.05,1.0,9.0,0.1,10,20.0,0.4915399361050505,0.7579599787204951,0.5507436428058033,48.0,10,913
2b_digital_strong,81,oracle,1.0,100,4,0.05,1.0,9.0,0.1,10,20.0,0.4915399361050505,0.7579599787204951,0.5507436428058033,48.0,10,913
2b_digital_strong,81,naive,0.009,100,4,0.05,1.0,9.0,0.1,10,20.0,0.4915399361050505,0.7579599787204951,0.5391721363864284,879.0,8,911
2b_digital_strong,81,random,0.0009,100,4,0.05,1.0,9.0,0.1,10,20.0,0.4915399361050505,0.7579599787204951,0.5507436428058033,971.0,10,902
2b_digital_strong,82,regular,0.1,100,4,0.05,1.0,9.0,0.1,10,20.0,0.5098940100631218,0.7658276190478847,0.5739144095066789,86.0,6,891
2b_digital_strong,82,superintelligent,0.9,100,4,0.05,1.0,9.0,0.1,10,20.0,0.5098940100631218,0.7658276190478847,0.5739144095066789,46.0,6,909
2b_digital_strong,82,oracle,1.0,100,4,0.05,1.0,9.0,0.1,10,20.0,0.5098940100631218,0.7658276190478847,0.5739144095066789,44.0,6,909
2b_digital_strong,82,naive,0.009,100,4,0.05,1.0,9.0,0.1,10,20.0,0.5098940100631218,0.7658276190478847,0.5739144095066789,841.0,6,777
2b_digital_strong,82,random,0.0009,100,4,0.05,1.0,9.0,0.1,10,20.0,0.5098940100631218,0.7658276190478847,0.5739144095066789,927.0,6,837
2b_digital_strong,83,regular,0.1,100,4,0.05,1.0,9.0,0.1,10,20.0,0.4934547981154455,0.7513532109278417,0.5097292692237311,51.0,5,912
2b_digital_strong,83,superintelligent,0.9,100,4,0.05,1.0,9.0,0.1,10,20.0,0.4934547981154455,0.7513532109278417,0.5097292692237311,5.0,5,913
2b_digital_strong,83,oracle,1.0,100,4,0.05,1.0,9.0,0.1,10,20.0,0.4934547981154455,0.7513532109278417,0.5097292692237311,5.0,5,913
2b_digital_strong,83,naive,0.009,100,4,0.05,1.0,9.0,0.1,10,20.0,0.4934547981154455,0.7513532109278417,0.5624412796831066,1032.0,12,906
2b_digital_strong,83,random,0.0009,100,4,0.05,1.0,9.0,0.1,10,20.0,0.4934547981154455,0.7513532109278417,0.5172962822188796,838.0,6,903
2b_digital_strong,84,regular,0.1,100,4,0.05,1.0,9.0,0.1,10,20.0,0.4702298053548391,0.7478477577981172,0.5868325544349666,220.0,16,881
2b_digital_strong,84,superintelligent,0.9,100,4,0.05,1.0,9.0,0.1,10,20.0,0.4702298053548391,0.7478477577981172,0.5915007704628811,106.0,25,909
2b_digital_strong,84,oracle,1.0,100,4,0.05,1.0,9.0,0.1,10,20.0,0.4702298053548391,0.7478477577981172,0.5915007704628811,101.0,25,909
2b_digital_strong,84,naive,0.009,100,4,0.05,1.0,9.0,0.1,10,20.0,0.4702298053548391,0.7478477577981172,0.5389679248818701,846.0,10,871
2b_digital_strong,84,random,0.0009,100,4,0.05,1.0,9.0,0.1,10,20.0,0.4702298053548391,0.7478477577981172,0.5837799413536038,1033.0,16,903
2b_digital_strong,85,regular,0.1,100,4,0.05,1.0,9.0,0.1,10,20.0,0.4944134866625237,0.771833877309894,0.5753709877768454,134.0,9,907
2b_digital_strong,85,superintelligent,0.9,100,4,0.05,1.0,9.0,0.1,10,20.0,0.4944134866625237,0.771833877309894,0.5253964879402716,47.0,7,914
2b_digital_strong,85,oracle,1.0,100,4,0.05,1.0,9.0,0.1,10,20.0,0.4944134866625237,0.771833877309894,0.5253964879402716,45.0,7,914
2b_digital_strong,85,naive,0.009,100,4,0.05,1.0,9.0,0.1,10,20.0,0.4944134866625237,0.771833877309894,0.527211413792021,343.0,6,875
2b_digital_strong,85,random,0.0009,100,4,0.05,1.0,9.0,0.1,10,20.0,0.4944134866625237,0.771833877309894,0.5658146958512816,1021.0,9,912
2b_digital_strong,86,regular,0.1,100,4,0.05,1.0,9.0,0.1,10,20.0,0.49544927245072173,0.7651234887083052,0.5336790045669482,74.0,6,838
2b_digital_strong,86,superintelligent,0.9,100,4,0.05,1.0,9.0,0.1,10,20.0,0.49544927245072173,0.7651234887083052,0.5336790045669482,26.0,6,909
2b_digital_strong,86,oracle,1.0,100,4,0.05,1.0,9.0,0.1,10,20.0,0.49544927245072173,0.7651234887083052,0.5336790045669482,25.0,6,909
2b_digital_strong,86,naive,0.009,100,4,0.05,1.0,9.0,0.1,10,20.0,0.49544927245072173,0.7651234887083052,0.5327142148405335,687.0,7,845
2b_digital_strong,86,random,0.0009,100,4,0.05,1.0,9.0,0.1,10,20.0,0.49544927245072173,0.7651234887083052,0.5327142148405335,986.0,7,884
2b_digital_strong,87,regular,0.1,100,4,0.05,1.0,9.0,0.1,10,20.0,0.5170536184714881,0.7661707080151658,0.5825238307922193,98.0,11,771
2b_digital_strong,87,superintelligent,0.9,100,4,0.05,1.0,9.0,0.1,10,20.0,0.5170536184714881,0.7661707080151658,0.5825238307922193,12.0,11,911
2b_digital_strong,87,oracle,1.0,100,4,0.05,1.0,9.0,0.1,10,20.0,0.5170536184714881,0.7661707080151658,0.5825238307922193,11.0,11,911
2b_digital_strong,87,naive,0.009,100,4,0.05,1.0,9.0,0.1,10,20.0,0.5170536184714881,0.7661707080151658,0.5790595699296597,843.0,11,897
2b_digital_strong,87,random,0.0009,100,4,0.05,1.0,9.0,0.1,10,20.0,0.5170536184714881,0.7661707080151658,0.5697976191269882,889.0,11,829
2b_digital_strong,88,regular,0.1,100,4,0.05,1.0,9.0,0.1,10,20.0,0.501418338147503,0.7554076256192233,0.5649996604475469,100.0,8,776
2b_digital_strong,88,superintelligent,0.9,100,4,0.05,1.0,9.0,0.1,10,20.0,0.501418338147503,0.7554076256192233,0.5611280301422978,29.0,9,910
2b_digital_strong,88,oracle,1.0,100,4,0.05,1.0,9.0,0.1,10,20.0,0.501418338147503,0.7554076256192233,0.5611280301422978,28.0,9,910
2b_digital_strong,88,naive,0.009,100,4,0.05,1.0,9.0,0.1,10,20.0,0.501418338147503,0.7554076256192233,0.5611280301422978,534.0,9,826
2b_digital_strong,88,random,0.0009,100,4,0.05,1.0,9.0,0.1,10,20.0,0.501418338147503,0.7554076256192233,0.5664823407802063,901.0,9,878
2b_digital_strong,89,regular,0.1,100,4,0.05,1.0,9.0,0.1,10,20.0,0.47744992734014396,0.7432928103318223,0.5289497962434719,173.0,9,899
2b_digital_strong,89,superintelligent,0.9,100,4,0.05,1.0,9.0,0.1,10,20.0,0.47744992734014396,0.7432928103318223,0.5289497962434719,85.0,9,914
2b_digital_strong,89,oracle,1.0,100,4,0.05,1.0,9.0,0.1,10,20.0,0.47744992734014396,0.7432928103318223,0.5289497962434719,85.0,9,914
2b_digital_strong,89,naive,0.009,100,4,0.05,1.0,9.0,0.1,10,20.0,0.47744992734014396,0.7432928103318223,0.5289497962434719,626.0,9,865
2b_digital_strong,89,random,0.0009,100,4,0.05,1.0,9.0,0.1,10,20.0,0.47744992734014396,0.7432928103318223,0.5289497962434719,1041.0,9,899
2b_digital_strong,90,regular,0.1,100,4,0.05,1.0,9.0,0.1,10,20.0,0.4603981317909611,0.7648870534365301,0.5961621444332719,283.0,21,899
2b_digital_strong,90,superintelligent,0.9,100,4,0.05,1.0,9.0,0.1,10,20.0,0.4603981317909611,0.7648870534365301,0.5961621444332719,98.0,21,910
2b_digital_strong,90,oracle,1.0,100,4,0.05,1.0,9.0,0.1,10,20.0,0.4603981317909611,0.7648870534365301,0.5961621444332719,97.0,21,910
2b_digital_strong,90,naive,0.009,100,4,0.05,1.0,9.0,0.1,10,20.0,0.4603981317909611,0.7648870534365301,0.5843583861104804,1011.0,20,909
2b_digital_strong,90,random,0.0009,100,4,0.05,1.0,9.0,0.1,10,20.0,0.4603981317909611,0.7648870534365301,0.5623332658847668,1022.0,19,908
2b_digital_strong,91,regular,0.1,100,4,0.05,1.0,9.0,0.1,10,20.0,0.5076211430884665,0.747569865609433,0.5965874612460742,196.0,11,893
2b_digital_strong,91,superintelligent,0.9,100,4,0.05,1.0,9.0,0.1,10,20.0,0.5076211430884665,0.747569865609433,0.5965874612460742,106.0,11,915
2b_digital_strong,91,oracle,1.0,100,4,0.05,1.0,9.0,0.1,10,20.0,0.5076211430884665,0.747569865609433,0.5965874612460742,106.0,11,915
2b_digital_strong,91,naive,0.009,100,4,0.05,1.0,9.0,0.1,10,20.0,0.5076211430884665,0.747569865609433,0.5965874612460742,847.0,11,908
2b_digital_strong,91,random,0.0009,100,4,0.05,1.0,9.0,0.1,10,20.0,0.5076211430884665,0.747569865609433,0.5709356307416946,862.0,9,916
2b_digital_strong,92,regular,0.1,100,4,0.05,1.0,9.0,0.1,10,20.0,0.4625820984063006,0.7700226187135476,0.537631539212397,121.0,8,899
2b_digital_strong,92,superintelligent,0.9,100,4,0.05,1.0,9.0,0.1,10,20.0,0.4625820984063006,0.7700226187135476,0.537631539212397,47.0,8,913
2b_digital_strong,92,oracle,1.0,100,4,0.05,1.0,9.0,0.1,10,20.0,0.4625820984063006,0.7700226187135476,0.537631539212397,46.0,8,913
2b_digital_strong,92,naive,0.009,100,4,0.05,1.0,9.0,0.1,10,20.0,0.4625820984063006,0.7700226187135476,0.5554148333674785,489.0,11,856
2b_digital_strong,92,random,0.0009,100,4,0.05,1.0,9.0,0.1,10,20.0,0.4625820984063006,0.7700226187135476,0.5193578922858499,940.0,8,908
2b_digital_strong,93,regular,0.1,100,4,0.05,1.0,9.0,0.1,10,20.0,0.4871632082144767,0.7592719265094651,0.5413007573789952,49.0,6,869
2b_digital_strong,93,superintelligent,0.9,100,4,0.05,1.0,9.0,0.1,10,20.0,0.4871632082144767,0.7592719265094651,0.5413007573789952,6.0,6,907
2b_digital_strong,93,oracle,1.0,100,4,0.05,1.0,9.0,0.1,10,20.0,0.4871632082144767,0.7592719265094651,0.5413007573789952,6.0,6,907
2b_digital_strong,93,naive,0.009,100,4,0.05,1.0,9.0,0.1,10,20.0,0.4871632082144767,0.7592719265094651,0.5422452071918439,234.0,5,728
2b_digital_strong,93,random,0.0009,100,4,0.05,1.0,9.0,0.1,10,20.0,0.4871632082144767,0.7592719265094651,0.5394372897832146,899.0,6,852
2b_digital_strong,94,regular,0.1,100,4,0.05,1.0,9.0,0.1,10,20.0,0.5242186562203203,0.7589658481246659,0.5771509052091769,84.0,9,871
2b_digital_strong,94,superintelligent,0.9,100,4,0.05,1.0,9.0,0.1,10,20.0,0.5242186562203203,0.7589658481246659,0.5771509052091769,29.0,9,913
2b_digital_strong,94,oracle,1.0,100,4,0.05,1.0,9.0,0.1,10,20.0,0.5242186562203203,0.7589658481246659,0.5771509052091769,28.0,9,913
2b_digital_strong,94,naive,0.009,100,4,0.05,1.0,9.0,0.1,10,20.0,0.5242186562203203,0.7589658481246659,0.5834404857369171,850.0,11,888
2b_digital_strong,94,random,0.0009,100,4,0.05,1.0,9.0,0.1,10,20.0,0.5242186562203203,0.7589658481246659,0.577101773141283,795.0,9,867
2b_digital_strong,95,regular,0.1,100,4,0.05,1.0,9.0,0.1,10,20.0,0.48806604282848026,0.7589321586501624,0.5587044816931924,150.0,11,599
2b_digital_strong,95,superintelligent,0.9,100,4,0.05,1.0,9.0,0.1,10,20.0,0.48806604282848026,0.7589321586501624,0.5587044816931924,30.0,11,910
2b_digital_strong,95,oracle,1.0,100,4,0.05,1.0,9.0,0.1,10,20.0,0.48806604282848026,0.7589321586501624,0.5587044816931924,30.0,11,910
2b_digital_strong,95,naive,0.009,100,4,0.05,1.0,9.0,0.1,10,20.0,0.48806604282848026,0.7589321586501624,0.5625575047980426,690.0,11,839
2b_digital_strong,95,random,0.0009,100,4,0.05,1.0,9.0,0.1,10,20.0,0.48806604282848026,0.7589321586501624,0.5574994310130922,953.0,9,913
2b_digital_strong,96,regular,0.1,100,4,0.05,1.0,9.0,0.1,10,20.0,0.5044940390551286,0.7518513251713499,0.5654777739396888,104.0,8,885
2b_digital_strong,96,superintelligent,0.9,100,4,0.05,1.0,9.0,0.1,10,20.0,0.5044940390551286,0.7518513251713499,0.5654777739396888,29.0,8,913
2b_digital_strong,96,oracle,1.0,100,4,0.05,1.0,9.0,0.1,10,20.0,0.5044940390551286,0.7518513251713499,0.5654777739396888,27.0,8,913
2b_digital_strong,96,naive,0.009,100,4,0.05,1.0,9.0,0.1,10,20.0,0.5044940390551286,0.7518513251713499,0.5723125604646234,965.0,12,887
2b_digital_strong,96,random,0.0009,100,4,0.05,1.0,9.0,0.1,10,20.0,0.5044940390551286,0.7518513251713499,0.5654777739396888,931.0,8,913
2b_digital_strong,97,regular,0.1,100,4,0.05,1.0,9.0,0.1,10,20.0,0.5060411047673911,0.7636744115793328,0.5771411203710356,127.0,11,849
2b_digital_strong,97,superintelligent,0.9,100,4,0.05,1.0,9.0,0.1,10,20.0,0.5060411047673911,0.7636744115793328,0.5771411203710356,50.0,11,912
2b_digital_strong,97,oracle,1.0,100,4,0.05,1.0,9.0,0.1,10,20.0,0.5060411047673911,0.7636744115793328,0.5771411203710356,49.0,11,912
2b_digital_strong,97,naive,0.009,100,4,0.05,1.0,9.0,0.1,10,20.0,0.5060411047673911,0.7636744115793328,0.59274202975601,596.0,15,859
2b_digital_strong,97,random,0.0009,100,4,0.05,1.0,9.0,0.1,10,20.0,0.5060411047673911,0.7636744115793328,0.5789203645227349,876.0,13,862
2b_digital_strong,98,regular,0.1,100,4,0.05,1.0,9.0,0.1,10,20.0,0.5066249242764989,0.7497414542801621,0.5839233420620497,126.0,11,879
2b_digital_strong,98,superintelligent,0.9,100,4,0.05,1.0,9.0,0.1,10,20.0,0.5066249242764989,0.7497414542801621,0.5839233420620497,51.0,11,915
2b_digital_strong,98,oracle,1.0,100,4,0.05,1.0,9.0,0.1,10,20.0,0.5066249242764989,0.7497414542801621,0.5839233420620497,49.0,11,915
2b_digital_strong,98,naive,0.009,100,4,0.05,1.0,9.0,0.1,10,20.0,0.5066249242764989,0.7497414542801621,0.581625753030462,771.0,11,902
2b_digital_strong,98,random,0.0009,100,4,0.05,1.0,9.0,0.1,10,20.0,0.5066249242764989,0.7497414542801621,0.5626396320447941,956.0,9,908
2b_digital_strong,99,regular,0.1,100,4,0.05,1.0,9.0,0.1,10,20.0,0.5529049723635969,0.7592130778794711,0.6070978531685822,81.0,6,881
2b_digital_strong,99,superintelligent,0.9,100,4,0.05,1.0,9.0,0.1,10,20.0,0.5529049723635969,0.7592130778794711,0.6070978531685822,25.0,6,917
2b_digital_strong,99,oracle,1.0,100,4,0.05,1.0,9.0,0.1,10,20.0,0.5529049723635969,0.7592130778794711,0.6070978531685822,25.0,6,917
2b_digital_strong,99,naive,0.009,100,4,0.05,1.0,9.0,0.1,10,20.0,0.5529049723635969,0.7592130778794711,0.647581662747234,902.0,11,913
2b_digital_strong,99,random,0.0009,100,4,0.05,1.0,9.0,0.1,10,20.0,0.5529049723635969,0.7592130778794711,0.6076237490165082,911.0,8,916
3a_physical_weak,0,regular,0.1,100,6,0.05,100.0,9.0,0.1,0,1.0,0.48771301982958515,0.7601165413138985,0.590735041189151,12500.0,10,888
3a_physical_weak,0,superintelligent,0.9,100,6,0.05,100.0,9.0,0.1,0,1.0,0.48771301982958515,0.7601165413138985,0.590735041189151,1200.0,10,911
3a_physical_weak,0,oracle,1.0,100,6,0.05,100.0,9.0,0.1,0,1.0,0.48771301982958515,0.7601165413138985,0.590735041189151,1000.0,10,911
3a_physical_weak,0,naive,0.009,100,6,0.05,100.0,9.0,0.1,0,1.0,0.48771301982958515,0.7601165413138985,0.5823229165727836,85100.0,9,842
3a_physical_weak,0,random,0.0009,100,6,0.05,100.0,9.0,0.1,0,1.0,0.48771301982958515,0.7601165413138985,0.5561102933010256,80300.0,6,904
3a_physical_weak,1,regular,0.1,100,6,0.05,100.0,9.0,0.1,0,1.0,0.5097767715489957,0.7551671581892021,0.5720986215076479,3900.0,6,905
3a_physical_weak,1,superintelligent,0.9,100,6,0.05,100.0,9.0,0.1,0,1.0,0.5097767715489957,0.7551671581892021,0.5720986215076479,700.0,6,915
3a_physical_weak,1,oracle,1.0,100,6,0.05,100.0,9.0,0.1,0,1.0,0.5097767715489957,0.7551671581892021,0.5720986215076479,600.0,6,915
3a_physical_weak,1,naive,0.009,100,6,0.05,100.0,9.0,0.1,0,1.0,0.5097767715489957,0.7551671581892021,0.574481855580102,36600.0,8,799
3a_physical_weak,1,random,0.0009,100,6,0.05,100.0,9.0,0.1,0,1.0,0.5097767715489957,0.7551671581892021,0.5573942811251911,56300.0,6,750
3a_physical_weak,2,regular,0.1,100,6,0.05,100.0,9.0,0.1,0,1.0,0.5477758910428324,0.7584451585133878,0.5722806809218084,2900.0,3,858
3a_physical_weak,2,superintelligent,0.9,100,6,0.05,100.0,9.0,0.1,0,1.0,0.5477758910428324,0.7584451585133878,0.5722806809218084,300.0,3,916
3a_physical_weak,2,oracle,1.0,100,6,0.05,100.0,9.0,0.1,0,1.0,0.5477758910428324,0.7584451585133878,0.5722806809218084,300.0,3,916
3a_physical_weak,2,naive,0.009,100,6,0.05,100.0,9.0,0.1,0,1.0,0.5477758910428324,0.7584451585133878,0.5722806809218084,25100.0,3,910
3a_physical_weak,2,random,0.0009,100,6,0.05,100.0,9.0,0.1,0,1.0,0.5477758910428324,0.7584451585133878,0.5722806809218084,53400.0,3,879
3a_physical_weak,3,regular,0.1,100,6,0.05,100.0,9.0,0.1,0,1.0,0.48181570258742695,0.7471447997173495,0.6007365996296287,16200.0,16,743
3a_physical_weak,3,superintelligent,0.9,100,6,0.05,100.0,9.0,0.1,0,1.0,0.48181570258742695,0.7471447997173495,0.5874195006900613,1500.0,13,914
3a_physical_weak,3,oracle,1.0,100,6,0.05,100.0,9.0,0.1,0,1.0,0.48181570258742695,0.7471447997173495,0.5874195006900613,1300.0,13,914
3a_physical_weak,3,naive,0.009,100,6,0.05,100.0,9.0,0.1,0,1.0,0.48181570258742695,0.7471447997173495,0.5557397790116047,53800.0,9,780
3a_physical_weak,3,random,0.0009,100,6,0.05,100.0,9.0,0.1,0,1.0,0.48181570258742695,0.7471447997173495,0.5566088083276272,84200.0,8,888
3a_physical_weak,4,regular,0.1,100,6,0.05,100.0,9.0,0.1,0,1.0,0.4584268863733507,0.7554114652051079,0.5568970100900422,16700.0,13,765
3a_physical_weak,4,superintelligent,0.9,100,6,0.05,100.0,9.0,0.1,0,1.0,0.4584268863733507,0.7554114652051079,0.5414002646937345,1100.0,11,914
3a_physical_weak,4,oracle,1.0,100,6,0.05,100.0,9.0,0.1,0,1.0,0.4584268863733507,0.7554114652051079,0.5414002646937345,1100.0,11,914
3a_physical_weak,4,naive,0.009,100,6,0.05,100.0,9.0,0.1,0,1.0,0.4584268863733507,0.7554114652051079,0.5474934647235795,61100.0,11,822
3a_physical_weak,4,random,0.0009,100,6,0.05,100.0,9.0,0.1,0,1.0,0.4584268863733507,0.7554114652051079,0.5546129698342835,92200.0,11,912
3a_physical_weak,5,regular,0.1,100,6,0.05,100.0,9.0,0.1,0,1.0,0.489500493103838,0.744949058830143,0.5721329149665271,7800.0,8,781
3a_physical_weak,5,superintelligent,0.9,100,6,0.05,100.0,9.0,0.1,0,1.0,0.489500493103838,0.744949058830143,0.5721329149665271,800.0,8,914
3a_physical_weak,5,oracle,1.0,100,6,0.05,100.0,9.0,0.1,0,1.0,0.489500493103838,0.744949058830143,0.5721329149665271,800.0,8,914
3a_physical_weak,5,naive,0.009,100,6,0.05,100.0,9.0,0.1,0,1.0,0.489500493103838,0.744949058830143,0.5687156255633872,41900.0,7,841
3a_physical_weak,5,random,0.0009,100,6,0.05,100.0,9.0,0.1,0,1.0,0.489500493103838,0.744949058830143,0.5704048369352005,74600.0,8,881
3a_physical_weak,6,regular,0.1,100,6,0.05,100.0,9.0,0.1,0,1.0,0.5275175495184263,0.7574204160721973,0.5868296679374617,10200.0,13,806
3a_physical_weak,6,superintelligent,0.9,100,6,0.05,100.0,9.0,0.1,0,1.0,0.5275175495184263,0.7574204160721973,0.5868296679374617,1400.0,13,911
3a_physical_weak,6,oracle,1.0,100,6,0.05,100.0,9.0,0.1,0,1.0,0.5275175495184263,0.7574204160721973,0.5868296679374617,1300.0,13,911
3a_physical_weak,6,naive,0.009,100,6,0.05,100.0,9.0,0.1,0,1.0,0.5275175495184263,0.7574204160721973,0.5618137218020839,40900.0,7,890
3a_physical_weak,6,random,0.0009,100,6,0.05,100.0,9.0,0.1,0,1.0,0.5275175495184263,0.7574204160721973,0.5692427420046486,90000.0,10,911
3a_physical_weak,7,regular,0.1,100,6,0.05,100.0,9.0,0.1,0,1.0,0.5157506958372822,0.7568054801117126,0.6029680625208813,9300.0,12,854
3a_physical_weak,7,superintelligent,0.9,100,6,0.05,100.0,9.0,0.1,0,1.0,0.5157506958372822,0.7568054801117126,0.6029680625208813,1400.0,12,913
3a_physical_weak,7,oracle,1.0,100,6,0.05,100.0,9.0,0.1,0,1.0,0.5157506958372822,0.7568054801117126,0.6029680625208813,1200.0,12,913
3a_physical_weak,7,naive,0.009,100,6,0.05,100.0,9.0,0.1,0,1.0,0.5157506958372822,0.7568054801117126,0.5891546990173167,39400.0,9,803
3a_physical_weak,7,random,0.0009,100,6,0.05,100.0,9.0,0.1,0,1.0,0.5157506958372822,0.7568054801117126,0.6138381531149049,79700.0,14,876
3a_physical_weak,8,regular,0.1,100,6,0.05,100.0,9.0,0.1,0,1.0,0.547292058528847,0.7612115234077701,0.6012609138614315,6600.0,5,906
3a_physical_weak,8,superintelligent,0.9,100,6,0.05,100.0,9.0,0.1,0,1.0,0.547292058528847,0.7612115234077701,0.6012609138614315,500.0,5,918
3a_physical_weak,8,oracle,1.0,100,6,0.05,100.0,9.0,0.1,0,1.0,0.547292058528847,0.7612115234077701,0.6012609138614315,500.0,5,918
3a_physical_weak,8,naive,0.009,100,6,0.05,100.0,9.0,0.1,0,1.0,0.547292058528847,0.7612115234077701,0.6012609138614315,14400.0,5,888
3a_physical_weak,8,random,0.0009,100,6,0.05,100.0,9.0,0.1,0,1.0,0.547292058528847,0.7612115234077701,0.6037216420231699,86700.0,11,908
3a_physical_weak,9,regular,0.1,100,6,0.05,100.0,9.0,0.1,0,1.0,0.5422227404998481,0.7573923529436689,0.5809917064291491,3600.0,6,884
3a_physical_weak,9,superintelligent,0.9,100,6,0.05,100.0,9.0,0.1,0,1.0,0.5422227404998481,0.7573923529436689,0.5809917064291491,700.0,6,918
3a_physical_weak,9,oracle,1.0,100,6,0.05,100.0,9.0,0.1,0,1.0,0.5422227404998481,0.7573923529436689,0.5809917064291491,600.0,6,918
3a_physical_weak,9,naive,0.009,100,6,0.05,100.0,9.0,0.1,0,1.0,0.5422227404998481,0.7573923529436689,0.5810994087310418,56000.0,8,912
3a_physical_weak,9,random,0.0009,100,6,0.05,100.0,9.0,0.1,0,1.0,0.5422227404998481,0.7573923529436689,0.595025569795344,72100.0,10,904
3a_physical_weak,10,regular,0.1,100,6,0.05,100.0,9.0,0.1,0,1.0,0.5432002914128735,0.748288155478976,0.5907013683966967,3700.0,4,890
3a_physical_weak,10,superintelligent,0.9,100,6,0.05,100.0,9.0,0.1,0,1.0,0.5432002914128735,0.748288155478976,0.5907013683966967,500.0,4,912
3a_physical_weak,10,oracle,1.0,100,6,0.05,100.0,9.0,0.1,0,1.0,0.5432002914128735,0.748288155478976,0.5907013683966967,400.0,4,912
3a_physical_weak,10,naive,0.009,100,6,0.05,100.0,9.0,0.1,0,1.0,0.5432002914128735,0.748288155478976,0.5859509653252419,81100.0,5,871
3a_physical_weak,10,random,0.0009,100,6,0.05,100.0,9.0,0.1,0,1.0,0.5432002914128735,0.748288155478976,0.5859509653252419,87400.0,5,880
3a_physical_weak,11,regular,0.1,100,6,0.05,100.0,9.0,0.1,0,1.0,0.4901684483122265,0.7643382586629641,0.5872284059559171,7600.0,11,875
3a_physical_weak,11,superintelligent,0.9,100,6,0.05,100.0,9.0,0.1,0,1.0,0.4901684483122265,0.7643382586629641,0.5872284059559171,1300.0,11,917
3a_physical_weak,11,oracle,1.0,100,6,0.05,100.0,9.0,0.1,0,1.0,0.4901684483122265,0.7643382586629641,0.5872284059559171,1100.0,11,917
3a_physical_weak,11,naive,0.009,100,6,0.05,100.0,9.0,0.1,0,1.0,0.4901684483122265,0.7643382586629641,0.5747592502317205,40700.0,11,894
3a_physical_weak,11,random,0.0009,100,6,0.05,100.0,9.0,0.1,0,1.0,0.4901684483122265,0.7643382586629641,0.5632206230530735,90700.0,10,902
3a_physical_weak,12,regular,0.1,100,6,0.05,100.0,9.0,0.1,0,1.0,0.4854230761371027,0.7734301168720686,0.5800618706434597,16100.0,11,916
3a_physical_weak,12,superintelligent,0.9,100,6,0.05,100.0,9.0,0.1,0,1.0,0.4854230761371027,0.7734301168720686,0.5800618706434597,1400.0,11,916
3a_physical_weak,12,oracle,1.0,100,6,0.05,100.0,9.0,0.1,0,1.0,0.4854230761371027,0.7734301168720686,0.5800618706434597,1100.0,11,916
3a_physical_weak,12,naive,0.009,100,6,0.05,100.0,9.0,0.1,0,1.0,0.4854230761371027,0.7734301168720686,0.5687063640472609,55600.0,13,908
3a_physical_weak,12,random,0.0009,100,6,0.05,100.0,9.0,0.1,0,1.0,0.4854230761371027,0.7734301168720686,0.5668664323688994,91000.0,14,902
3a_physical_weak,13,regular,0.1,100,6,0.05,100.0,9.0,0.1,0,1.0,0.46048207013864384,0.7517329113162673,0.5751069162277069,17200.0,12,868
3a_physical_weak,13,superintelligent,0.9,100,6,0.05,100.0,9.0,0.1,0,1.0,0.46048207013864384,0.7517329113162673,0.5751069162277069,1200.0,12,918
3a_physical_weak,13,oracle,1.0,100,6,0.05,100.0,9.0,0.1,0,1.0,0.46048207013864384,0.7517329113162673,0.5751069162277069,1200.0,12,918
3a_physical_weak,13,naive,0.009,100,6,0.05,100.0,9.0,0.1,0,1.0,0.46048207013864384,0.7517329113162673,0.5808862431723701,70600.0,15,727
3a_physical_weak,13,random,0.0009,100,6,0.05,100.0,9.0,0.1,0,1.0,0.46048207013864384,0.7517329113162673,0.5870747596644638,82200.0,14,869
3a_physical_weak,14,regular,0.1,100,6,0.05,100.0,9.0,0.1,0,1.0,0.5179135089493792,0.7530744297733307,0.606424834438697,5600.0,9,874
3a_physical_weak,14,superintelligent,0.9,100,6,0.05,100.0,9.0,0.1,0,1.0,0.5179135089493792,0.7530744297733307,0.606424834438697,900.0,9,914
3a_physical_weak,14,oracle,1.0,100,6,0.05,100.0,9.0,0.1,0,1.0,0.5179135089493792,0.7530744297733307,0.606424834438697,900.0,9,914
3a_physical_weak,14,naive,0.009,100,6,0.05,100.0,9.0,0.1,0,1.0,0.5179135089493792,0.7530744297733307,0.606424834438697,49700.0,9,838
3a_physical_weak,14,random,0.0009,100,6,0.05,100.0,9.0,0.1,0,1.0,0.5179135089493792,0.7530744297733307,0.606424834438697,83800.0,9,894
3a_physical_weak,15,regular,0.1,100,6,0.05,100.0,9.0,0.1,0,1.0,0.48249201522854984,0.7422594806087413,0.5876973184084738,8900.0,13,866
3a_physical_weak,15,superintelligent,0.9,100,6,0.05,100.0,9.0,0.1,0,1.0,0.48249201522854984,0.7422594806087413,0.5876973184084738,1400.0,13,910
3a_physical_weak,15,oracle,1.0,100,6,0.05,100.0,9.0,0.1,0,1.0,0.48249201522854984,0.7422594806087413,0.5876973184084738,1300.0,13,910
3a_physical_weak,15,naive,0.009,100,6,0.05,100.0,9.0,0.1,0,1.0,0.48249201522854984,0.7422594806087413,0.57921088336592,80800.0,15,904
3a_physical_weak,15,random,0.0009,100,6,0.05,100.0,9.0,0.1,0,1.0,0.48249201522854984,0.7422594806087413,0.575773791196346,86400.0,11,903
3a_physical_weak,16,regular,0.1,100,6,0.05,100.0,9.0,0.1,0,1.0,0.5471177875514404,0.7684104211880447,0.586802969587035,6300.0,7,848
3a_physical_weak,16,superintelligent,0.9,100,6,0.05,100.0,9.0,0.1,0,1.0,0.5471177875514404,0.7684104211880447,0.586802969587035,900.0,7,912
3a_physical_weak,16,oracle,1.0,100,6,0.05,100.0,9.0,0.1,0,1.0,0.5471177875514404,0.7684104211880447,0.586802969587035,700.0,7,912
3a_physical_weak,16,naive,0.009,100,6,0.05,100.0,9.0,0.1,0,1.0,0.5471177875514404,0.7684104211880447,0.5857564454566375,39200.0,5,875
3a_physical_weak,16,random,0.0009,100,6,0.05,100.0,9.0,0.1,0,1.0,0.5471177875514404,0.7684104211880447,0.5866318765932224,87300.0,6,867
3a_physical_weak,17,regular,0.1,100,6,0.05,100.0,9.0,0.1,0,1.0,0.5012575659004899,0.7527424153681501,0.5655929006385947,2100.0,6,900
3a_physical_weak,17,superintelligent,0.9,100,6,0.05,100.0,9.0,0.1,0,1.0,0.5012575659004899,0.7527424153681501,0.5911791397115279,1000.0,9,913
3a_physical_weak,17,oracle,1.0,100,6,0.05,100.0,9.0,0.1,0,1.0,0.5012575659004899,0.7527424153681501,0.5911791397115279,900.0,9,913
3a_physical_weak,17,naive,0.009,100,6,0.05,100.0,9.0,0.1,0,1.0,0.5012575659004899,0.7527424153681501,0.5630375971372017,69200.0,8,885
3a_physical_weak,17,random,0.0009,100,6,0.05,100.0,9.0,0.1,0,1.0,0.5012575659004899,0.7527424153681501,0.5911791397115279,89500.0,9,886
3a_physical_weak,18,regular,0.1,100,6,0.05,100.0,9.0,0.1,0,1.0,0.479507840123885,0.7615118281830168,0.6016337147372367,13400.0,14,795
3a_physical_weak,18,superintelligent,0.9,100,6,0.05,100.0,9.0,0.1,0,1.0,0.479507840123885,0.7615118281830168,0.6126715788956265,1600.0,14,914
3a_physical_weak,18,oracle,1.0,100,6,0.05,100.0,9.0,0.1,0,1.0,0.479507840123885,0.7615118281830168,0.6126715788956265,1400.0,14,914
3a_physical_weak,18,naive,0.009,100,6,0.05,100.0,9.0,0.1,0,1.0,0.479507840123885,0.7615118281830168,0.6016337147372367,85000.0,14,902
3a_physical_weak,18,random,0.0009,100,6,0.05,100.0,9.0,0.1,0,1.0,0.479507840123885,0.7615118281830168,0.5736349389948888,91700.0,13,914
3a_physical_weak,19,regular,0.1,100,6,0.05,100.0,9.0,0.1,0,1.0,0.5237144761676679,0.7443666304105857,0.5981385681784104,6300.0,8,840
3a_physical_weak,19,superintelligent,0.9,100,6,0.05,100.0,9.0,0.1,0,1.0,0.5237144761676679,0.7443666304105857,0.5981385681784104,1000.0,8,916
3a_physical_weak,19,oracle,1.0,100,6,0.05,100.0,9.0,0.1,0,1.0,0.5237144761676679,0.7443666304105857,0.5981385681784104,800.0,8,916
3a_physical_weak,19,naive,0.009,100,6,0.05,100.0,9.0,0.1,0,1.0,0.5237144761676679,0.7443666304105857,0.6078730538110888,69900.0,11,907
3a_physical_weak,19,random,0.0009,100,6,0.05,100.0,9.0,0.1,0,1.0,0.5237144761676679,0.7443666304105857,0.5379822054055334,35500.0,3,891
3a_physical_weak,20,regular,0.1,100,6,0.05,100.0,9.0,0.1,0,1.0,0.5077799653174858,0.7504036993788612,0.5837482346536329,6600.0,7,795
3a_physical_weak,20,superintelligent,0.9,100,6,0.05,100.0,9.0,0.1,0,1.0,0.5077799653174858,0.7504036993788612,0.5904789444615501,1100.0,11,907
3a_physical_weak,20,oracle,1.0,100,6,0.05,100.0,9.0,0.1,0,1.0,0.5077799653174858,0.7504036993788612,0.5904789444615501,1100.0,11,907
3a_physical_weak,20,naive,0.009,100,6,0.05,100.0,9.0,0.1,0,1.0,0.5077799653174858,0.7504036993788612,0.5834380687024415,62400.0,6,659
3a_physical_weak,20,random,0.0009,100,6,0.05,100.0,9.0,0.1,0,1.0,0.5077799653174858,0.7504036993788612,0.5834380687024415,51900.0,6,906
3a_physical_weak,21,regular,0.1,100,6,0.05,100.0,9.0,0.1,0,1.0,0.49350313459743783,0.746185498193933,0.5720660113261425,14400.0,9,887
3a_physical_weak,21,superintelligent,0.9,100,6,0.05,100.0,9.0,0.1,0,1.0,0.49350313459743783,0.746185498193933,0.5720660113261425,1000.0,9,911
3a_physical_weak,21,oracle,1.0,100,6,0.05,100.0,9.0,0.1,0,1.0,0.49350313459743783,0.746185498193933,0.5720660113261425,900.0,9,911
3a_physical_weak,21,naive,0.009,100,6,0.05,100.0,9.0,0.1,0,1.0,0.49350313459743783,0.746185498193933,0.5512760541973919,39200.0,9,903
3a_physical_weak,21,random,0.0009,100,6,0.05,100.0,9.0,0.1,0,1.0,0.49350313459743783,0.746185498193933,0.595627074948399,92500.0,12,914
3a_physical_weak,22,regular,0.1,100,6,0.05,100.0,9.0,0.1,0,1.0,0.5583898218422407,0.7496823223644754,0.6269457781573767,10800.0,9,900
3a_physical_weak,22,superintelligent,0.9,100,6,0.05,100.0,9.0,0.1,0,1.0,0.5583898218422407,0.7496823223644754,0.6269457781573767,1200.0,9,911
3a_physical_weak,22,oracle,1.0,100,6,0.05,100.0,9.0,0.1,0,1.0,0.5583898218422407,0.7496823223644754,0.6269457781573767,900.0,9,911
3a_physical_weak,22,naive,0.009,100,6,0.05,100.0,9.0,0.1,0,1.0,0.5583898218422407,0.7496823223644754,0.6263850171537958,60300.0,10,876
3a_physical_weak,22,random,0.0009,100,6,0.05,100.0,9.0,0.1,0,1.0,0.5583898218422407,0.7496823223644754,0.6079601866838598,89900.0,7,892
3a_physical_weak,23,regular,0.1,100,6,0.05,100.0,9.0,0.1,0,1.0,0.45277862079363373,0.7488164418105115,0.5350477200126599,5400.0,6,885
3a_physical_weak,23,superintelligent,0.9,100,6,0.05,100.0,9.0,0.1,0,1.0,0.45277862079363373,0.7488164418105115,0.5350477200126599,600.0,6,911
3a_physical_weak,23,oracle,1.0,100,6,0.05,100.0,9.0,0.1,0,1.0,0.45277862079363373,0.7488164418105115,0.5350477200126599,600.0,6,911
3a_physical_weak,23,naive,0.009,100,6,0.05,100.0,9.0,0.1,0,1.0,0.45277862079363373,0.7488164418105115,0.5868243286279933,87900.0,14,873
3a_physical_weak,23,random,0.0009,100,6,0.05,100.0,9.0,0.1,0,1.0,0.45277862079363373,0.7488164418105115,0.5206838628553805,78800.0,8,874
3a_physical_weak,24,regular,0.1,100,6,0.05,100.0,9.0,0.1,0,1.0,0.5249421680112466,0.7469159409886487,0.5954470032532571,7600.0,7,880
3a_physical_weak,24,superintelligent,0.9,100,6,0.05,100.0,9.0,0.1,0,1.0,0.5249421680112466,0.7469159409886487,0.608760134949768,500.0,5,914
3a_physical_weak,24,oracle,1.0,100,6,0.05,100.0,9.0,0.1,0,1.0,0.5249421680112466,0.7469159409886487,0.608760134949768,500.0,5,914
3a_physical_weak,24,naive,0.009,100,6,0.05,100.0,9.0,0.1,0,1.0,0.5249421680112466,0.7469159409886487,0.608760134949768,25700.0,5,894
3a_physical_weak,24,random,0.0009,100,6,0.05,100.0,9.0,0.1,0,1.0,0.5249421680112466,0.7469159409886487,0.608760134949768,85100.0,5,870
3a_physical_weak,25,regular,0.1,100,6,0.05,100.0,9.0,0.1,0,1.0,0.45171525367383497,0.7526610953479762,0.5992470921625447,15000.0,16,911
3a_physical_weak,25,superintelligent,0.9,100,6,0.05,100.0,9.0,0.1,0,1.0,0.45171525367383497,0.7526610953479762,0.5918579466358429,1500.0,12,911
3a_physical_weak,25,oracle,1.0,100,6,0.05,100.0,9.0,0.1,0,1.0,0.45171525367383497,0.7526610953479762,0.5918579466358429,1200.0,12,911
3a_physical_weak,25,naive,0.009,100,6,0.05,100.0,9.0,0.1,0,1.0,0.45171525367383497,0.7526610953479762,0.5767056247163925,68800.0,10,905
3a_physical_weak,25,random,0.0009,100,6,0.05,100.0,9.0,0.1,0,1.0,0.45171525367383497,0.7526610953479762,0.5701670250346681,90500.0,18,912
3a_physical_weak,26,regular,0.1,100,6,0.05,100.0,9.0,0.1,0,1.0,0.5251066041957899,0.7528039851801325,0.5762034211385653,9000.0,7,767
3a_physical_weak,26,superintelligent,0.9,100,6,0.05,100.0,9.0,0.1,0,1.0,0.5251066041957899,0.7528039851801325,0.5762034211385653,800.0,7,910
3a_physical_weak,26,oracle,1.0,100,6,0.05,100.0,9.0,0.1,0,1.0,0.5251066041957899,0.7528039851801325,0.5762034211385653,700.0,7,910
3a_physical_weak,26,naive,0.009,100,6,0.05,100.0,9.0,0.1,0,1.0,0.5251066041957899,0.7528039851801325,0.5762034211385653,71400.0,7,878
3a_physical_weak,26,random,0.0009,100,6,0.05,100.0,9.0,0.1,0,1.0,0.5251066041957899,0.7528039851801325,0.5669072749498314,76300.0,8,889
3a_physical_weak,27,regular,0.1,100,6,0.05,100.0,9.0,0.1,0,1.0,0.4958478213497889,0.7472110508056145,0.5603569272494215,2200.0,6,904
3a_physical_weak,27,superintelligent,0.9,100,6,0.05,100.0,9.0,0.1,0,1.0,0.4958478213497889,0.7472110508056145,0.5603569272494215,600.0,6,913
3a_physical_weak,27,oracle,1.0,100,6,0.05,100.0,9.0,0.1,0,1.0,0.4958478213497889,0.7472110508056145,0.5603569272494215,600.0,6,913
3a_physical_weak,27,naive,0.009,100,6,0.05,100.0,9.0,0.1,0,1.0,0.4958478213497889,0.7472110508056145,0.5528131016383734,41300.0,5,900
3a_physical_weak,27,random,0.0009,100,6,0.05,100.0,9.0,0.1,0,1.0,0.4958478213497889,0.7472110508056145,0.5508818789618694,55800.0,5,830
3a_physical_weak,28,regular,0.1,100,6,0.05,100.0,9.0,0.1,0,1.0,0.47228096395063807,0.7642646308729268,0.5950867312697307,18400.0,19,809
3a_physical_weak,28,superintelligent,0.9,100,6,0.05,100.0,9.0,0.1,0,1.0,0.47228096395063807,0.7642646308729268,0.5712160998407945,1300.0,12,914
3a_physical_weak,28,oracle,1.0,100,6,0.05,100.0,9.0,0.1,0,1.0,0.47228096395063807,0.7642646308729268,0.5712160998407945,1200.0,12,914
3a_physical_weak,28,naive,0.009,100,6,0.05,100.0,9.0,0.1,0,1.0,0.47228096395063807,0.7642646308729268,0.5712160998407945,86100.0,12,884
3a_physical_weak,28,random,0.0009,100,6,0.05,100.0,9.0,0.1,0,1.0,0.47228096395063807,0.7642646308729268,0.5604773160558758,87000.0,12,909
3a_physical_weak,29,regular,0.1,100,6,0.05,100.0,9.0,0.1,0,1.0,0.4678534882050224,0.7578657595347502,0.5831165730527098,15400.0,12,896
3a_physical_weak,29,superintelligent,0.9,100,6,0.05,100.0,9.0,0.1,0,1.0,0.4678534882050224,0.7578657595347502,0.5874414943009483,1400.0,13,914
3a_physical_weak,29,oracle,1.0,100,6,0.05,100.0,9.0,0.1,0,1.0,0.4678534882050224,0.7578657595347502,0.5874414943009483,1300.0,13,914
3a_physical_weak,29,naive,0.009,100,6,0.05,100.0,9.0,0.1,0,1.0,0.4678534882050224,0.7578657595347502,0.5861527624301593,87700.0,14,865
3a_physical_weak,29,random,0.0009,100,6,0.05,100.0,9.0,0.1,0,1.0,0.4678534882050224,0.7578657595347502,0.562033726980989,91700.0,12,905
3a_physical_weak,30,regular,0.1,100,6,0.05,100.0,9.0,0.1,0,1.0,0.49937330779489036,0.7448838797927564,0.5754766936108631,2400.0,6,909
3a_physical_weak,30,superintelligent,0.9,100,6,0.05,100.0,9.0,0.1,0,1.0,0.49937330779489036,0.7448838797927564,0.5754766936108631,600.0,6,912
3a_physical_weak,30,oracle,1.0,100,6,0.05,100.0,9.0,0.1,0,1.0,0.49937330779489036,0.7448838797927564,0.5754766936108631,600.0,6,912
3a_physical_weak,30,naive,0.009,100,6,0.05,100.0,9.0,0.1,0,1.0,0.49937330779489036,0.7448838797927564,0.563085369256363,48000.0,5,911
3a_physical_weak,30,random,0.0009,100,6,0.05,100.0,9.0,0.1,0,1.0,0.49937330779489036,0.7448838797927564,0.5640562551284812,91700.0,6,911
3a_physical_weak,31,regular,0.1,100,6,0.05,100.0,9.0,0.1,0,1.0,0.4777413402570566,0.7524119108454606,0.5620160900892642,5500.0,6,906
3a_physical_weak,31,superintelligent,0.9,100,6,0.05,100.0,9.0,0.1,0,1.0,0.4777413402570566,0.7524119108454606,0.5620160900892642,600.0,6,915
3a_physical_weak,31,oracle,1.0,100,6,0.05,100.0,9.0,0.1,0,1.0,0.4777413402570566,0.7524119108454606,0.5620160900892642,600.0,6,915
3a_physical_weak,31,naive,0.009,100,6,0.05,100.0,9.0,0.1,0,1.0,0.4777413402570566,0.7524119108454606,0.5620160900892642,20800.0,6,709
3a_physical_weak,31,random,0.0009,100,6,0.05,100.0,9.0,0.1,0,1.0,0.4777413402570566,0.7524119108454606,0.5950521260752173,92200.0,12,910
3a_physical_weak,32,regular,0.1,100,6,0.05,100.0,9.0,0.1,0,1.0,0.43718348880021685,0.7680230360014455,0.552771699943784,6300.0,9,893
3a_physical_weak,32,superintelligent,0.9,100,6,0.05,100.0,9.0,0.1,0,1.0,0.43718348880021685,0.7680230360014455,0.5713335305952698,1400.0,14,913
3a_physical_weak,32,oracle,1.0,100,6,0.05,100.0,9.0,0.1,0,1.0,0.43718348880021685,0.7680230360014455,0.5713335305952698,1400.0,14,913
3a_physical_weak,32,naive,0.009,100,6,0.05,100.0,9.0,0.1,0,1.0,0.43718348880021685,0.7680230360014455,0.5703809210055023,58600.0,16,899
3a_physical_weak,32,random,0.0009,100,6,0.05,100.0,9.0,0.1,0,1.0,0.43718348880021685,0.7680230360014455,0.5634660779994114,86700.0,14,904
3a_physical_weak,33,regular,0.1,100,6,0.05,100.0,9.0,0.1,0,1.0,0.47192946539338854,0.7640018577202247,0.6038489872871181,18400.0,16,907
3a_physical_weak,33,superintelligent,0.9,100,6,0.05,100.0,9.0,0.1,0,1.0,0.47192946539338854,0.7640018577202247,0.6038489872871181,1800.0,16,914
3a_physical_weak,33,oracle,1.0,100,6,0.05,100.0,9.0,0.1,0,1.0,0.47192946539338854,0.7640018577202247,0.6038489872871181,1600.0,16,914
3a_physical_weak,33,naive,0.009,100,6,0.05,100.0,9.0,0.1,0,1.0,0.47192946539338854,0.7640018577202247,0.595095901679582,70800.0,16,881
3a_physical_weak,33,random,0.0009,100,6,0.05,100.0,9.0,0.1,0,1.0,0.47192946539338854,0.7640018577202247,0.5702045001886877,81700.0,14,803
3a_physical_weak,34,regular,0.1,100,6,0.05,100.0,9.0,0.1,0,1.0,0.507337173414402,0.7461039868080117,0.5671808402832361,6200.0,11,895
3a_physical_weak,34,superintelligent,0.9,100,6,0.05,100.0,9.0,0.1,0,1.0,0.507337173414402,0.7461039868080117,0.5698807467175531,1400.0,12,911
3a_physical_weak,34,oracle,1.0,100,6,0.05,100.0,9.0,0.1,0,1.0,0.507337173414402,0.7461039868080117,0.5698807467175531,1200.0,12,911
3a_physical_weak,34,naive,0.009,100,6,0.05,100.0,9.0,0.1,0,1.0,0.507337173414402,0.7461039868080117,0.5668828765858762,63800.0,10,899
3a_physical_weak,34,random,0.0009,100,6,0.05,100.0,9.0,0.1,0,1.0,0.507337173414402,0.7461039868080117,0.5676696817603891,92300.0,10,913
3a_physical_weak,35,regular,0.1,100,6,0.05,100.0,9.0,0.1,0,1.0,0.48932973746723235,0.7475532049654613,0.6149374850450703,7500.0,11,910
3a_physical_weak,35,superintelligent,0.9,100,6,0.05,100.0,9.0,0.1,0,1.0,0.48932973746723235,0.7475532049654613,0.6149374850450703,1200.0,11,919
3a_physical_weak,35,oracle,1.0,100,6,0.05,100.0,9.0,0.1,0,1.0,0.48932973746723235,0.7475532049654613,0.6149374850450703,1100.0,11,919
3a_physical_weak,35,naive,0.009,100,6,0.05,100.0,9.0,0.1,0,1.0,0.48932973746723235,0.7475532049654613,0.6016823035361135,56800.0,9,911
3a_physical_weak,35,random,0.0009,100,6,0.05,100.0,9.0,0.1,0,1.0,0.48932973746723235,0.7475532049654613,0.5834714413432976,79200.0,10,899
3a_physical_weak,36,regular,0.1,100,6,0.05,100.0,9.0,0.1,0,1.0,0.5297116489160234,0.7463691812796877,0.6460261905369155,10400.0,11,889
3a_physical_weak,36,superintelligent,0.9,100,6,0.05,100.0,9.0,0.1,0,1.0,0.5297116489160234,0.7463691812796877,0.6460261905369155,1300.0,11,913
3a_physical_weak,36,oracle,1.0,100,6,0.05,100.0,9.0,0.1,0,1.0,0.5297116489160234,0.7463691812796877,0.6460261905369155,1100.0,11,913
3a_physical_weak,36,naive,0.009,100,6,0.05,100.0,9.0,0.1,0,1.0,0.5297116489160234,0.7463691812796877,0.6460261905369155,70000.0,11,892
3a_physical_weak,36,random,0.0009,100,6,0.05,100.0,9.0,0.1,0,1.0,0.5297116489160234,0.7463691812796877,0.6361776798678549,89300.0,11,911
3a_physical_weak,37,regular,0.1,100,6,0.05,100.0,9.0,0.1,0,1.0,0.48077800454056635,0.7445608103251524,0.5487931240408418,4200.0,6,911
3a_physical_weak,37,superintelligent,0.9,100,6,0.05,100.0,9.0,0.1,0,1.0,0.48077800454056635,0.7445608103251524,0.5487931240408418,700.0,6,912
3a_physical_weak,37,oracle,1.0,100,6,0.05,100.0,9.0,0.1,0,1.0,0.48077800454056635,0.7445608103251524,0.5487931240408418,600.0,6,912
3a_physical_weak,37,naive,0.009,100,6,0.05,100.0,9.0,0.1,0,1.0,0.48077800454056635,0.7445608103251524,0.5487931240408418,28800.0,6,821
3a_physical_weak,37,random,0.0009,100,6,0.05,100.0,9.0,0.1,0,1.0,0.48077800454056635,0.7445608103251524,0.5398155396224777,59400.0,7,850
3a_physical_weak,38,regular,0.1,100,6,0.05,100.0,9.0,0.1,0,1.0,0.4820205277274616,0.7633532027900729,0.6011100391131174,17900.0,14,838
3a_physical_weak,38,superintelligent,0.9,100,6,0.05,100.0,9.0,0.1,0,1.0,0.4820205277274616,0.7633532027900729,0.6011100391131174,1800.0,14,914
3a_physical_weak,38,oracle,1.0,100,6,0.05,100.0,9.0,0.1,0,1.0,0.4820205277274616,0.7633532027900729,0.6011100391131174,1400.0,14,914
3a_physical_weak,38,naive,0.009,100,6,0.05,100.0,9.0,0.1,0,1.0,0.4820205277274616,0.7633532027900729,0.5599054064014699,56100.0,9,900
3a_physical_weak,38,random,0.0009,100,6,0.05,100.0,9.0,0.1,0,1.0,0.4820205277274616,0.7633532027900729,0.5597971681730207,82700.0,13,899
3a_physical_weak,39,regular,0.1,100,6,0.05,100.0,9.0,0.1,0,1.0,0.513380815663232,0.7485695954620456,0.5942226792859058,6700.0,8,916
3a_physical_weak,39,superintelligent,0.9,100,6,0.05,100.0,9.0,0.1,0,1.0,0.513380815663232,0.7485695954620456,0.5942226792859058,800.0,8,925
3a_physical_weak,39,oracle,1.0,100,6,0.05,100.0,9.0,0.1,0,1.0,0.513380815663232,0.7485695954620456,0.5942226792859058,800.0,8,925
3a_physical_weak,39,naive,0.009,100,6,0.05,100.0,9.0,0.1,0,1.0,0.513380815663232,0.7485695954620456,0.5906788761257811,80700.0,9,850
3a_physical_weak,39,random,0.0009,100,6,0.05,100.0,9.0,0.1,0,1.0,0.513380815663232,0.7485695954620456,0.5816278378642571,82200.0,7,871
3a_physical_weak,40,regular,0.1,100,6,0.05,100.0,9.0,0.1,0,1.0,0.5353349667595814,0.7640697798055117,0.609402961412231,12000.0,11,909
3a_physical_weak,40,superintelligent,0.9,100,6,0.05,100.0,9.0,0.1,0,1.0,0.5353349667595814,0.7640697798055117,0.609402961412231,1200.0,11,912
3a_physical_weak,40,oracle,1.0,100,6,0.05,100.0,9.0,0.1,0,1.0,0.5353349667595814,0.7640697798055117,0.609402961412231,1100.0,11,912
3a_physical_weak,40,naive,0.009,100,6,0.05,100.0,9.0,0.1,0,1.0,0.5353349667595814,0.7640697798055117,0.6185145057221149,64800.0,13,889
3a_physical_weak,40,random,0.0009,100,6,0.05,100.0,9.0,0.1,0,1.0,0.5353349667595814,0.7640697798055117,0.5778930738129637,86800.0,7,907
3a_physical_weak,41,regular,0.1,100,6,0.05,100.0,9.0,0.1,0,1.0,0.48644696091951756,0.753793524178125,0.5687962365806369,8700.0,7,868
3a_physical_weak,41,superintelligent,0.9,100,6,0.05,100.0,9.0,0.1,0,1.0,0.48644696091951756,0.753793524178125,0.5687962365806369,700.0,7,908
3a_physical_weak,41,oracle,1.0,100,6,0.05,100.0,9.0,0.1,0,1.0,0.48644696091951756,0.753793524178125,0.5687962365806369,700.0,7,908
3a_physical_weak,41,naive,0.009,100,6,0.05,100.0,9.0,0.1,0,1.0,0.48644696091951756,0.753793524178125,0.5646965067059534,61800.0,7,788
3a_physical_weak,41,random,0.0009,100,6,0.05,100.0,9.0,0.1,0,1.0,0.48644696091951756,0.753793524178125,0.5646965067059534,81100.0,7,894
3a_physical_weak,42,regular,0.1,100,6,0.05,100.0,9.0,0.1,0,1.0,0.515402621327023,0.7531085989967972,0.571906477674353,1300.0,4,912
3a_physical_weak,42,superintelligent,0.9,100,6,0.05,100.0,9.0,0.1,0,1.0,0.515402621327023,0.7531085989967972,0.571906477674353,600.0,4,915
3a_physical_weak,42,oracle,1.0,100,6,0.05,100.0,9.0,0.1,0,1.0,0.515402621327023,0.7531085989967972,0.571906477674353,400.0,4,915
3a_physical_weak,42,naive,0.009,100,6,0.05,100.0,9.0,0.1,0,1.0,0.515402621327023,0.7531085989967972,0.5681757850476973,30200.0,5,886
3a_physical_weak,42,random,0.0009,100,6,0.05,100.0,9.0,0.1,0,1.0,0.515402621327023,0.7531085989967972,0.5705534983159491,87900.0,5,902
3a_physical_weak,43,regular,0.1,100,6,0.05,100.0,9.0,0.1,0,1.0,0.5416854533184282,0.7567879977225239,0.6203418115766501,6000.0,8,916
3a_physical_weak,43,superintelligent,0.9,100,6,0.05,100.0,9.0,0.1,0,1.0,0.5416854533184282,0.7567879977225239,0.6203418115766501,900.0,8,917
3a_physical_weak,43,oracle,1.0,100,6,0.05,100.0,9.0,0.1,0,1.0,0.5416854533184282,0.7567879977225239,0.6203418115766501,800.0,8,917
3a_physical_weak,43,naive,0.009,100,6,0.05,100.0,9.0,0.1,0,1.0,0.5416854533184282,0.7567879977225239,0.6265585283783724,71300.0,9,916
3a_physical_weak,43,random,0.0009,100,6,0.05,100.0,9.0,0.1,0,1.0,0.5416854533184282,0.7567879977225239,0.6202487786131711,80000.0,9,904
3a_physical_weak,44,regular,0.1,100,6,0.05,100.0,9.0,0.1,0,1.0,0.48601433648549913,0.7577061766654457,0.6094440328561865,9200.0,12,899
3a_physical_weak,44,superintelligent,0.9,100,6,0.05,100.0,9.0,0.1,0,1.0,0.48601433648549913,0.7577061766654457,0.6094440328561865,1200.0,12,912
3a_physical_weak,44,oracle,1.0,100,6,0.05,100.0,9.0,0.1,0,1.0,0.48601433648549913,0.7577061766654457,0.6094440328561865,1200.0,12,912
3a_physical_weak,44,naive,0.009,100,6,0.05,100.0,9.0,0.1,0,1.0,0.48601433648549913,0.7577061766654457,0.6007558662381336,58300.0,11,687
3a_physical_weak,44,random,0.0009,100,6,0.05,100.0,9.0,0.1,0,1.0,0.48601433648549913,0.7577061766654457,0.5692710519384421,92200.0,15,907
3a_physical_weak,45,regular,0.1,100,6,0.05,100.0,9.0,0.1,0,1.0,0.4837583163814378,0.750027425301851,0.6059627540885367,8200.0,10,883
3a_physical_weak,45,superintelligent,0.9,100,6,0.05,100.0,9.0,0.1,0,1.0,0.4837583163814378,0.750027425301851,0.6059627540885367,1200.0,10,913
3a_physical_weak,45,oracle,1.0,100,6,0.05,100.0,9.0,0.1,0,1.0,0.4837583163814378,0.750027425301851,0.6059627540885367,1000.0,10,913
3a_physical_weak,45,naive,0.009,100,6,0.05,100.0,9.0,0.1,0,1.0,0.4837583163814378,0.750027425301851,0.604050061150745,86300.0,10,881
3a_physical_weak,45,random,0.0009,100,6,0.05,100.0,9.0,0.1,0,1.0,0.4837583163814378,0.750027425301851,0.5552611566485286,61000.0,8,898
3a_physical_weak,46,regular,0.1,100,6,0.05,100.0,9.0,0.1,0,1.0,0.46888497214456054,0.7753019724142085,0.5701953584237763,14300.0,13,903
3a_physical_weak,46,superintelligent,0.9,100,6,0.05,100.0,9.0,0.1,0,1.0,0.46888497214456054,0.7753019724142085,0.5701953584237763,1300.0,13,910
3a_physical_weak,46,oracle,1.0,100,6,0.05,100.0,9.0,0.1,0,1.0,0.46888497214456054,0.7753019724142085,0.5701953584237763,1300.0,13,910
3a_physical_weak,46,naive,0.009,100,6,0.05,100.0,9.0,0.1,0,1.0,0.46888497214456054,0.7753019724142085,0.5584737646308853,85900.0,11,884
3a_physical_weak,46,random,0.0009,100,6,0.05,100.0,9.0,0.1,0,1.0,0.46888497214456054,0.7753019724142085,0.5427255078911033,75000.0,11,910
3a_physical_weak,47,regular,0.1,100,6,0.05,100.0,9.0,0.1,0,1.0,0.48565670076875833,0.7683581290477126,0.6030310942966367,12900.0,10,911
3a_physical_weak,47,superintelligent,0.9,100,6,0.05,100.0,9.0,0.1,0,1.0,0.48565670076875833,0.7683581290477126,0.6030310942966367,1200.0,10,916
3a_physical_weak,47,oracle,1.0,100,6,0.05,100.0,9.0,0.1,0,1.0,0.48565670076875833,0.7683581290477126,0.6030310942966367,1000.0,10,916
3a_physical_weak,47,naive,0.009,100,6,0.05,100.0,9.0,0.1,0,1.0,0.48565670076875833,0.7683581290477126,0.6030310942966367,52200.0,10,855
3a_physical_weak,47,random,0.0009,100,6,0.05,100.0,9.0,0.1,0,1.0,0.48565670076875833,0.7683581290477126,0.6038739658277775,90300.0,14,908
3a_physical_weak,48,regular,0.1,100,6,0.05,100.0,9.0,0.1,0,1.0,0.5237610723390181,0.7450635463449059,0.5734893499948184,7600.0,7,799
3a_physical_weak,48,superintelligent,0.9,100,6,0.05,100.0,9.0,0.1,0,1.0,0.5237610723390181,0.7450635463449059,0.5734893499948184,700.0,7,910
3a_physical_weak,48,oracle,1.0,100,6,0.05,100.0,9.0,0.1,0,1.0,0.5237610723390181,0.7450635463449059,0.5734893499948184,700.0,7,910
3a_physical_weak,48,naive,0.009,100,6,0.05,100.0,9.0,0.1,0,1.0,0.5237610723390181,0.7450635463449059,0.5715727528317224,24600.0,8,878
3a_physical_weak,48,random,0.0009,100,6,0.05,100.0,9.0,0.1,0,1.0,0.5237610723390181,0.7450635463449059,0.5582774604094523,88700.0,5,882
3a_physical_weak,49,regular,0.1,100,6,0.05,100.0,9.0,0.1,0,1.0,0.4801369448549631,0.753818673651409,0.592326034074254,7500.0,11,787
3a_physical_weak,49,superintelligent,0.9,100,6,0.05,100.0,9.0,0.1,0,1.0,0.4801369448549631,0.753818673651409,0.592326034074254,1400.0,11,915
3a_physical_weak,49,oracle,1.0,100,6,0.05,100.0,9.0,0.1,0,1.0,0.4801369448549631,0.753818673651409,0.592326034074254,1100.0,11,915
3a_physical_weak,49,naive,0.009,100,6,0.05,100.0,9.0,0.1,0,1.0,0.4801369448549631,0.753818673651409,0.5743985261748169,43100.0,9,831
3a_physical_weak,49,random,0.0009,100,6,0.05,100.0,9.0,0.1,0,1.0,0.4801369448549631,0.753818673651409,0.5627103272332818,82600.0,9,874
3a_physical_weak,50,regular,0.1,100,6,0.05,100.0,9.0,0.1,0,1.0,0.47747076367886493,0.754997603092907,0.5406767974943666,4700.0,6,872
3a_physical_weak,50,superintelligent,0.9,100,6,0.05,100.0,9.0,0.1,0,1.0,0.47747076367886493,0.754997603092907,0.5406767974943666,700.0,6,910
3a_physical_weak,50,oracle,1.0,100,6,0.05,100.0,9.0,0.1,0,1.0,0.47747076367886493,0.754997603092907,0.5406767974943666,600.0,6,910
3a_physical_weak,50,naive,0.009,100,6,0.05,100.0,9.0,0.1,0,1.0,0.47747076367886493,0.754997603092907,0.5302339654985341,26800.0,6,821
3a_physical_weak,50,random,0.0009,100,6,0.05,100.0,9.0,0.1,0,1.0,0.47747076367886493,0.754997603092907,0.5378871544102874,86300.0,5,858
3a_physical_weak,51,regular,0.1,100,6,0.05,100.0,9.0,0.1,0,1.0,0.5406369629588278,0.7840077098511059,0.5600152373838896,3600.0,3,845
3a_physical_weak,51,superintelligent,0.9,100,6,0.05,100.0,9.0,0.1,0,1.0,0.5406369629588278,0.7840077098511059,0.5600152373838896,400.0,3,911
3a_physical_weak,51,oracle,1.0,100,6,0.05,100.0,9.0,0.1,0,1.0,0.5406369629588278,0.7840077098511059,0.5600152373838896,300.0,3,911
3a_physical_weak,51,naive,0.009,100,6,0.05,100.0,9.0,0.1,0,1.0,0.5406369629588278,0.7840077098511059,0.5600152373838896,23300.0,3,911
3a_physical_weak,51,random,0.0009,100,6,0.05,100.0,9.0,0.1,0,1.0,0.5406369629588278,0.7840077098511059,0.5600152373838896,78000.0,3,882
3a_physical_weak,52,regular,0.1,100,6,0.05,100.0,9.0,0.1,0,1.0,0.528791448045719,0.7488221944016166,0.5906229056810351,6600.0,8,861
3a_physical_weak,52,superintelligent,0.9,100,6,0.05,100.0,9.0,0.1,0,1.0,0.528791448045719,0.7488221944016166,0.5906229056810351,1000.0,8,914
3a_physical_weak,52,oracle,1.0,100,6,0.05,100.0,9.0,0.1,0,1.0,0.528791448045719,0.7488221944016166,0.5906229056810351,800.0,8,914
3a_physical_weak,52,naive,0.009,100,6,0.05,100.0,9.0,0.1,0,1.0,0.528791448045719,0.7488221944016166,0.5910848488138263,24800.0,7,859
3a_physical_weak,52,random,0.0009,100,6,0.05,100.0,9.0,0.1,0,1.0,0.528791448045719,0.7488221944016166,0.58782038972733,69500.0,8,825
3a_physical_weak,53,regular,0.1,100,6,0.05,100.0,9.0,0.1,0,1.0,0.5056971056414217,0.7547545545768857,0.5703975720578072,8600.0,9,909
3a_physical_weak,53,superintelligent,0.9,100,6,0.05,100.0,9.0,0.1,0,1.0,0.5056971056414217,0.7547545545768857,0.5703975720578072,900.0,9,914
3a_physical_weak,53,oracle,1.0,100,6,0.05,100.0,9.0,0.1,0,1.0,0.5056971056414217,0.7547545545768857,0.5703975720578072,900.0,9,914
3a_physical_weak,53,naive,0.009,100,6,0.05,100.0,9.0,0.1,0,1.0,0.5056971056414217,0.7547545545768857,0.5997797402233797,72200.0,14,911
3a_physical_weak,53,random,0.0009,100,6,0.05,100.0,9.0,0.1,0,1.0,0.5056971056414217,0.7547545545768857,0.5464128712275925,89500.0,8,892
3a_physical_weak,54,regular,0.1,100,6,0.05,100.0,9.0,0.1,0,1.0,0.5111078075062154,0.7499166855027836,0.5879506586461783,13500.0,9,858
3a_physical_weak,54,superintelligent,0.9,100,6,0.05,100.0,9.0,0.1,0,1.0,0.5111078075062154,0.7499166855027836,0.5879506586461783,900.0,9,912
3a_physical_weak,54,oracle,1.0,100,6,0.05,100.0,9.0,0.1,0,1.0,0.5111078075062154,0.7499166855027836,0.5879506586461783,900.0,9,912
3a_physical_weak,54,naive,0.009,100,6,0.05,100.0,9.0,0.1,0,1.0,0.5111078075062154,0.7499166855027836,0.5779612724965574,89600.0,9,887
3a_physical_weak,54,random,0.0009,100,6,0.05,100.0,9.0,0.1,0,1.0,0.5111078075062154,0.7499166855027836,0.5712740860539668,80100.0,10,893
3a_physical_weak,55,regular,0.1,100,6,0.05,100.0,9.0,0.1,0,1.0,0.5017944152563021,0.7495047104110761,0.5555603259378732,7500.0,7,832
3a_physical_weak,55,superintelligent,0.9,100,6,0.05,100.0,9.0,0.1,0,1.0,0.5017944152563021,0.7495047104110761,0.5555603259378732,800.0,7,909
3a_physical_weak,55,oracle,1.0,100,6,0.05,100.0,9.0,0.1,0,1.0,0.5017944152563021,0.7495047104110761,0.5555603259378732,700.0,7,909
3a_physical_weak,55,naive,0.009,100,6,0.05,100.0,9.0,0.1,0,1.0,0.5017944152563021,0.7495047104110761,0.5555603259378732,51700.0,7,772
3a_physical_weak,55,random,0.0009,100,6,0.05,100.0,9.0,0.1,0,1.0,0.5017944152563021,0.7495047104110761,0.5544375553591722,90300.0,8,900
3a_physical_weak,56,regular,0.1,100,6,0.05,100.0,9.0,0.1,0,1.0,0.4989815785770857,0.7597980189622343,0.5436857855748802,3600.0,3,846
3a_physical_weak,56,superintelligent,0.9,100,6,0.05,100.0,9.0,0.1,0,1.0,0.4989815785770857,0.7597980189622343,0.5436857855748802,300.0,3,911
3a_physical_weak,56,oracle,1.0,100,6,0.05,100.0,9.0,0.1,0,1.0,0.4989815785770857,0.7597980189622343,0.5436857855748802,300.0,3,911
3a_physical_weak,56,naive,0.009,100,6,0.05,100.0,9.0,0.1,0,1.0,0.4989815785770857,0.7597980189622343,0.5560058247619927,50700.0,8,894
3a_physical_weak,56,random,0.0009,100,6,0.05,100.0,9.0,0.1,0,1.0,0.4989815785770857,0.7597980189622343,0.5799190938550967,89100.0,7,906
3a_physical_weak,57,regular,0.1,100,6,0.05,100.0,9.0,0.1,0,1.0,0.4986823050690487,0.7549569298214074,0.6095289710260389,12700.0,13,898
3a_physical_weak,57,superintelligent,0.9,100,6,0.05,100.0,9.0,0.1,0,1.0,0.4986823050690487,0.7549569298214074,0.6087038341114538,1400.0,11,912
3a_physical_weak,57,oracle,1.0,100,6,0.05,100.0,9.0,0.1,0,1.0,0.4986823050690487,0.7549569298214074,0.6087038341114538,1100.0,11,912
3a_physical_weak,57,naive,0.009,100,6,0.05,100.0,9.0,0.1,0,1.0,0.4986823050690487,0.7549569298214074,0.6168932561261132,68400.0,12,772
3a_physical_weak,57,random,0.0009,100,6,0.05,100.0,9.0,0.1,0,1.0,0.4986823050690487,0.7549569298214074,0.6176986515445989,91400.0,16,898
3a_physical_weak,58,regular,0.1,100,6,0.05,100.0,9.0,0.1,0,1.0,0.5262575077847579,0.7644615487154917,0.6543318811588508,12800.0,11,893
3a_physical_weak,58,superintelligent,0.9,100,6,0.05,100.0,9.0,0.1,0,1.0,0.5262575077847579,0.7644615487154917,0.6543318811588508,1300.0,11,920
3a_physical_weak,58,oracle,1.0,100,6,0.05,100.0,9.0,0.1,0,1.0,0.5262575077847579,0.7644615487154917,0.6543318811588508,1100.0,11,920
3a_physical_weak,58,naive,0.009,100,6,0.05,100.0,9.0,0.1,0,1.0,0.5262575077847579,0.7644615487154917,0.6422150441532937,93000.0,14,919
3a_physical_weak,58,random,0.0009,100,6,0.05,100.0,9.0,0.1,0,1.0,0.5262575077847579,0.7644615487154917,0.6302120674685717,87500.0,11,900
3a_physical_weak,59,regular,0.1,100,6,0.05,100.0,9.0,0.1,0,1.0,0.5144611448482062,0.7554508031166192,0.5628142425594053,8700.0,8,794
3a_physical_weak,59,superintelligent,0.9,100,6,0.05,100.0,9.0,0.1,0,1.0,0.5144611448482062,0.7554508031166192,0.5628142425594053,800.0,8,912
3a_physical_weak,59,oracle,1.0,100,6,0.05,100.0,9.0,0.1,0,1.0,0.5144611448482062,0.7554508031166192,0.5628142425594053,800.0,8,912
3a_physical_weak,59,naive,0.009,100,6,0.05,100.0,9.0,0.1,0,1.0,0.5144611448482062,0.7554508031166192,0.5497480185642184,60300.0,7,894
3a_physical_weak,59,random,0.0009,100,6,0.05,100.0,9.0,0.1,0,1.0,0.5144611448482062,0.7554508031166192,0.5628142425594053,91300.0,8,905
3a_physical_weak,60,regular,0.1,100,6,0.05,100.0,9.0,0.1,0,1.0,0.5029722915862755,0.7539296100040791,0.597483737284938,4700.0,8,889
3a_physical_weak,60,superintelligent,0.9,100,6,0.05,100.0,9.0,0.1,0,1.0,0.5029722915862755,0.7539296100040791,0.597483737284938,800.0,8,914
3a_physical_weak,60,oracle,1.0,100,6,0.05,100.0,9.0,0.1,0,1.0,0.5029722915862755,0.7539296100040791,0.597483737284938,800.0,8,914
3a_physical_weak,60,naive,0.009,100,6,0.05,100.0,9.0,0.1,0,1.0,0.5029722915862755,0.7539296100040791,0.5842646042885217,22100.0,7,913
3a_physical_weak,60,random,0.0009,100,6,0.05,100.0,9.0,0.1,0,1.0,0.5029722915862755,0.7539296100040791,0.5708616012363005,86000.0,7,905
3a_physical_weak,61,regular,0.1,100,6,0.05,100.0,9.0,0.1,0,1.0,0.4896313569443185,0.7471889565446967,0.598098692428445,9200.0,13,901
3a_physical_weak,61,superintelligent,0.9,100,6,0.05,100.0,9.0,0.1,0,1.0,0.4896313569443185,0.7471889565446967,0.598098692428445,1400.0,13,913
3a_physical_weak,61,oracle,1.0,100,6,0.05,100.0,9.0,0.1,0,1.0,0.4896313569443185,0.7471889565446967,0.598098692428445,1300.0,13,913
3a_physical_weak,61,naive,0.009,100,6,0.05,100.0,9.0,0.1,0,1.0,0.4896313569443185,0.7471889565446967,0.5840245766014496,61700.0,10,780
3a_physical_weak,61,random,0.0009,100,6,0.05,100.0,9.0,0.1,0,1.0,0.4896313569443185,0.7471889565446967,0.5827981818915632,90700.0,9,898
3a_physical_weak,62,regular,0.1,100,6,0.05,100.0,9.0,0.1,0,1.0,0.5072955504998594,0.7565711209196674,0.5857828301701641,10100.0,9,885
3a_physical_weak,62,superintelligent,0.9,100,6,0.05,100.0,9.0,0.1,0,1.0,0.5072955504998594,0.7565711209196674,0.5857828301701641,1000.0,9,911
3a_physical_weak,62,oracle,1.0,100,6,0.05,100.0,9.0,0.1,0,1.0,0.5072955504998594,0.7565711209196674,0.5857828301701641,900.0,9,911
3a_physical_weak,62,naive,0.009,100,6,0.05,100.0,9.0,0.1,0,1.0,0.5072955504998594,0.7565711209196674,0.5602850519706597,56200.0,7,889
3a_physical_weak,62,random,0.0009,100,6,0.05,100.0,9.0,0.1,0,1.0,0.5072955504998594,0.7565711209196674,0.5716811676529858,88600.0,12,906
3a_physical_weak,63,regular,0.1,100,6,0.05,100.0,9.0,0.1,0,1.0,0.5445407207782763,0.7503931701319796,0.5704190712866476,4700.0,4,828
3a_physical_weak,63,superintelligent,0.9,100,6,0.05,100.0,9.0,0.1,0,1.0,0.5445407207782763,0.7503931701319796,0.5704190712866476,400.0,4,912
3a_physical_weak,63,oracle,1.0,100,6,0.05,100.0,9.0,0.1,0,1.0,0.5445407207782763,0.7503931701319796,0.5704190712866476,400.0,4,912
3a_physical_weak,63,naive,0.009,100,6,0.05,100.0,9.0,0.1,0,1.0,0.5445407207782763,0.7503931701319796,0.5704190712866476,26900.0,4,823
3a_physical_weak,63,random,0.0009,100,6,0.05,100.0,9.0,0.1,0,1.0,0.5445407207782763,0.7503931701319796,0.5581506061735929,79100.0,2,891
3a_physical_weak,64,regular,0.1,100,6,0.05,100.0,9.0,0.1,0,1.0,0.5166856463146734,0.7541111093217661,0.5620198459058516,2600.0,5,880
3a_physical_weak,64,superintelligent,0.9,100,6,0.05,100.0,9.0,0.1,0,1.0,0.5166856463146734,0.7541111093217661,0.5620198459058516,600.0,5,914
3a_physical_weak,64,oracle,1.0,100,6,0.05,100.0,9.0,0.1,0,1.0,0.5166856463146734,0.7541111093217661,0.5620198459058516,500.0,5,914
3a_physical_weak,64,naive,0.009,100,6,0.05,100.0,9.0,0.1,0,1.0,0.5166856463146734,0.7541111093217661,0.572072074785717,27000.0,7,913
3a_physical_weak,64,random,0.0009,100,6,0.05,100.0,9.0,0.1,0,1.0,0.5166856463146734,0.7541111093217661,0.570052256777678,78500.0,8,891
3a_physical_weak,65,regular,0.1,100,6,0.05,100.0,9.0,0.1,0,1.0,0.478781522811416,0.7473338474641372,0.48298100239055797,500.0,1,880
3a_physical_weak,65,superintelligent,0.9,100,6,0.05,100.0,9.0,0.1,0,1.0,0.478781522811416,0.7473338474641372,0.48298100239055797,100.0,1,908
3a_physical_weak,65,oracle,1.0,100,6,0.05,100.0,9.0,0.1,0,1.0,0.478781522811416,0.7473338474641372,0.48298100239055797,100.0,1,908
3a_physical_weak,65,naive,0.009,100,6,0.05,100.0,9.0,0.1,0,1.0,0.478781522811416,0.7473338474641372,0.48298100239055797,5100.0,1,756
3a_physical_weak,65,random,0.0009,100,6,0.05,100.0,9.0,0.1,0,1.0,0.478781522811416,0.7473338474641372,0.48298100239055797,89100.0,1,906
3a_physical_weak,66,regular,0.1,100,6,0.05,100.0,9.0,0.1,0,1.0,0.4940880842394725,0.7504420417711549,0.5954507894244767,18100.0,15,899
3a_physical_weak,66,superintelligent,0.9,100,6,0.05,100.0,9.0,0.1,0,1.0,0.4940880842394725,0.7504420417711549,0.5954507894244767,1600.0,15,913
3a_physical_weak,66,oracle,1.0,100,6,0.05,100.0,9.0,0.1,0,1.0,0.4940880842394725,0.7504420417711549,0.5954507894244767,1500.0,15,913
3a_physical_weak,66,naive,0.009,100,6,0.05,100.0,9.0,0.1,0,1.0,0.4940880842394725,0.7504420417711549,0.5770927177113391,80400.0,11,913
3a_physical_weak,66,random,0.0009,100,6,0.05,100.0,9.0,0.1,0,1.0,0.4940880842394725,0.7504420417711549,0.5922949077495201,90100.0,13,911
3a_physical_weak,67,regular,0.1,100,6,0.05,100.0,9.0,0.1,0,1.0,0.5035608830945548,0.7629685587598088,0.5682068864077816,6000.0,6,864
3a_physical_weak,67,superintelligent,0.9,100,6,0.05,100.0,9.0,0.1,0,1.0,0.5035608830945548,0.7629685587598088,0.5682068864077816,700.0,6,913
3a_physical_weak,67,oracle,1.0,100,6,0.05,100.0,9.0,0.1,0,1.0,0.5035608830945548,0.7629685587598088,0.5682068864077816,600.0,6,913
3a_physical_weak,67,naive,0.009,100,6,0.05,100.0,9.0,0.1,0,1.0,0.5035608830945548,0.7629685587598088,0.5682038714299449,21900.0,7,832
3a_physical_weak,67,random,0.0009,100,6,0.05,100.0,9.0,0.1,0,1.0,0.5035608830945548,0.7629685587598088,0.5716953725500372,91600.0,9,913
3a_physical_weak,68,regular,0.1,100,6,0.05,100.0,9.0,0.1,0,1.0,0.5077259119016249,0.7551325020355296,0.596894918526557,13900.0,14,894
3a_physical_weak,68,superintelligent,0.9,100,6,0.05,100.0,9.0,0.1,0,1.0,0.5077259119016249,0.7551325020355296,0.596894918526557,1600.0,14,913
3a_physical_weak,68,oracle,1.0,100,6,0.05,100.0,9.0,0.1,0,1.0,0.5077259119016249,0.7551325020355296,0.596894918526557,1400.0,14,913
3a_physical_weak,68,naive,0.009,100,6,0.05,100.0,9.0,0.1,0,1.0,0.5077259119016249,0.7551325020355296,0.5716412667840137,68800.0,8,833
3a_physical_weak,68,random,0.0009,100,6,0.05,100.0,9.0,0.1,0,1.0,0.5077259119016249,0.7551325020355296,0.5973067052593422,81300.0,14,874
3a_physical_weak,69,regular,0.1,100,6,0.05,100.0,9.0,0.1,0,1.0,0.5286342959051833,0.7564563457481741,0.6026170530940939,3200.0,6,882
3a_physical_weak,69,superintelligent,0.9,100,6,0.05,100.0,9.0,0.1,0,1.0,0.5286342959051833,0.7564563457481741,0.6026170530940939,600.0,6,915
3a_physical_weak,69,oracle,1.0,100,6,0.05,100.0,9.0,0.1,0,1.0,0.5286342959051833,0.7564563457481741,0.6026170530940939,600.0,6,915
3a_physical_weak,69,naive,0.009,100,6,0.05,100.0,9.0,0.1,0,1.0,0.5286342959051833,0.7564563457481741,0.6026170530940939,35400.0,6,865
3a_physical_weak,69,random,0.0009,100,6,0.05,100.0,9.0,0.1,0,1.0,0.5286342959051833,0.7564563457481741,0.597234459319973,68300.0,7,897
3a_physical_weak,70,regular,0.1,100,6,0.05,100.0,9.0,0.1,0,1.0,0.5234301111134979,0.7587607201011485,0.5550626407303332,5900.0,5,823
3a_physical_weak,70,superintelligent,0.9,100,6,0.05,100.0,9.0,0.1,0,1.0,0.5234301111134979,0.7587607201011485,0.5550626407303332,600.0,5,910
3a_physical_weak,70,oracle,1.0,100,6,0.05,100.0,9.0,0.1,0,1.0,0.5234301111134979,0.7587607201011485,0.5550626407303332,500.0,5,910
3a_physical_weak,70,naive,0.009,100,6,0.05,100.0,9.0,0.1,0,1.0,0.5234301111134979,0.7587607201011485,0.5550626407303332,26700.0,5,876
3a_physical_weak,70,random,0.0009,100,6,0.05,100.0,9.0,0.1,0,1.0,0.5234301111134979,0.7587607201011485,0.5550626407303332,72400.0,5,862
3a_physical_weak,71,regular,0.1,100,6,0.05,100.0,9.0,0.1,0,1.0,0.5085646064592461,0.7525096680309848,0.5607079857237527,6100.0,5,857
3a_physical_weak,71,superintelligent,0.9,100,6,0.05,100.0,9.0,0.1,0,1.0,0.5085646064592461,0.7525096680309848,0.5607079857237527,500.0,5,908
3a_physical_weak,71,oracle,1.0,100,6,0.05,100.0,9.0,0.1,0,1.0,0.5085646064592461,0.7525096680309848,0.5607079857237527,500.0,5,908
3a_physical_weak,71,naive,0.009,100,6,0.05,100.0,9.0,0.1,0,1.0,0.5085646064592461,0.7525096680309848,0.5607079857237527,86000.0,5,903
3a_physical_weak,71,random,0.0009,100,6,0.05,100.0,9.0,0.1,0,1.0,0.5085646064592461,0.7525096680309848,0.5607079857237527,91000.0,5,905
3a_physical_weak,72,regular,0.1,100,6,0.05,100.0,9.0,0.1,0,1.0,0.5047246154316274,0.7570978206593828,0.5540211388258561,4000.0,6,891
3a_physical_weak,72,superintelligent,0.9,100,6,0.05,100.0,9.0,0.1,0,1.0,0.5047246154316274,0.7570978206593828,0.5540211388258561,700.0,6,917
3a_physical_weak,72,oracle,1.0,100,6,0.05,100.0,9.0,0.1,0,1.0,0.5047246154316274,0.7570978206593828,0.5540211388258561,600.0,6,917
3a_physical_weak,72,naive,0.009,100,6,0.05,100.0,9.0,0.1,0,1.0,0.5047246154316274,0.7570978206593828,0.5540211388258561,40900.0,6,872
3a_physical_weak,72,random,0.0009,100,6,0.05,100.0,9.0,0.1,0,1.0,0.5047246154316274,0.7570978206593828,0.5491706268398352,84700.0,5,887
3a_physical_weak,73,regular,0.1,100,6,0.05,100.0,9.0,0.1,0,1.0,0.4798970434075472,0.761092477322004,0.5592344246718371,8600.0,9,836
3a_physical_weak,73,superintelligent,0.9,100,6,0.05,100.0,9.0,0.1,0,1.0,0.4798970434075472,0.761092477322004,0.5592344246718371,1000.0,9,915
3a_physical_weak,73,oracle,1.0,100,6,0.05,100.0,9.0,0.1,0,1.0,0.4798970434075472,0.761092477322004,0.5592344246718371,900.0,9,915
3a_physical_weak,73,naive,0.009,100,6,0.05,100.0,9.0,0.1,0,1.0,0.4798970434075472,0.761092477322004,0.5847396603632835,78100.0,14,902
3a_physical_weak,73,random,0.0009,100,6,0.05,100.0,9.0,0.1,0,1.0,0.4798970434075472,0.761092477322004,0.5517137389931959,87600.0,10,866
3a_physical_weak,74,regular,0.1,100,6,0.05,100.0,9.0,0.1,0,1.0,0.5130806288121621,0.7549408889319766,0.5579543541707342,5200.0,7,906
3a_physical_weak,74,superintelligent,0.9,100,6,0.05,100.0,9.0,0.1,0,1.0,0.5130806288121621,0.7549408889319766,0.5579543541707342,900.0,7,914
3a_physical_weak,74,oracle,1.0,100,6,0.05,100.0,9.0,0.1,0,1.0,0.5130806288121621,0.7549408889319766,0.5579543541707342,700.0,7,914
3a_physical_weak,74,naive,0.009,100,6,0.05,100.0,9.0,0.1,0,1.0,0.5130806288121621,0.7549408889319766,0.5579543541707342,19100.0,7,910
3a_physical_weak,74,random,0.0009,100,6,0.05,100.0,9.0,0.1,0,1.0,0.5130806288121621,0.7549408889319766,0.5616156390461627,88000.0,11,902
3a_physical_weak,75,regular,0.1,100,6,0.05,100.0,9.0,0.1,0,1.0,0.4652392268652871,0.7434493971821565,0.5945355659808615,9500.0,12,878
3a_physical_weak,75,superintelligent,0.9,100,6,0.05,100.0,9.0,0.1,0,1.0,0.4652392268652871,0.7434493971821565,0.5945355659808615,1400.0,12,909
3a_physical_weak,75,oracle,1.0,100,6,0.05,100.0,9.0,0.1,0,1.0,0.4652392268652871,0.7434493971821565,0.5945355659808615,1200.0,12,909
3a_physical_weak,75,naive,0.009,100,6,0.05,100.0,9.0,0.1,0,1.0,0.4652392268652871,0.7434493971821565,0.5945355659808615,79700.0,12,893
3a_physical_weak,75,random,0.0009,100,6,0.05,100.0,9.0,0.1,0,1.0,0.4652392268652871,0.7434493971821565,0.5945355659808615,85400.0,12,908
3a_physical_weak,76,regular,0.1,100,6,0.05,100.0,9.0,0.1,0,1.0,0.47636767209103775,0.7608687860036547,0.5765906222324645,7700.0,11,912
3a_physical_weak,76,superintelligent,0.9,100,6,0.05,100.0,9.0,0.1,0,1.0,0.47636767209103775,0.7608687860036547,0.5765906222324645,1500.0,11,914
3a_physical_weak,76,oracle,1.0,100,6,0.05,100.0,9.0,0.1,0,1.0,0.47636767209103775,0.7608687860036547,0.5765906222324645,1100.0,11,914
3a_physical_weak,76,naive,0.009,100,6,0.05,100.0,9.0,0.1,0,1.0,0.47636767209103775,0.7608687860036547,0.5722029582817924,71700.0,12,876
3a_physical_weak,76,random,0.0009,100,6,0.05,100.0,9.0,0.1,0,1.0,0.47636767209103775,0.7608687860036547,0.5659657810009332,91500.0,11,904
3a_physical_weak,77,regular,0.1,100,6,0.05,100.0,9.0,0.1,0,1.0,0.5325030293803202,0.7548023818555197,0.5943619745196497,10200.0,9,885
3a_physical_weak,77,superintelligent,0.9,100,6,0.05,100.0,9.0,0.1,0,1.0,0.5325030293803202,0.7548023818555197,0.5943619745196497,1000.0,9,914
3a_physical_weak,77,oracle,1.0,100,6,0.05,100.0,9.0,0.1,0,1.0,0.5325030293803202,0.7548023818555197,0.5943619745196497,900.0,9,914
3a_physical_weak,77,naive,0.009,100,6,0.05,100.0,9.0,0.1,0,1.0,0.5325030293803202,0.7548023818555197,0.5844779438576237,58900.0,7,893
3a_physical_weak,77,random,0.0009,100,6,0.05,100.0,9.0,0.1,0,1.0,0.5325030293803202,0.7548023818555197,0.5943619745196497,74100.0,9,797
3a_physical_weak,78,regular,0.1,100,6,0.05,100.0,9.0,0.1,0,1.0,0.5109413457781722,0.7564303885437971,0.586361451233814,11500.0,9,890
3a_physical_weak,78,superintelligent,0.9,100,6,0.05,100.0,9.0,0.1,0,1.0,0.5109413457781722,0.7564303885437971,0.586361451233814,900.0,9,918
3a_physical_weak,78,oracle,1.0,100,6,0.05,100.0,9.0,0.1,0,1.0,0.5109413457781722,0.7564303885437971,0.586361451233814,900.0,9,918
3a_physical_weak,78,naive,0.009,100,6,0.05,100.0,9.0,0.1,0,1.0,0.5109413457781722,0.7564303885437971,0.586361451233814,41600.0,9,917
3a_physical_weak,78,random,0.0009,100,6,0.05,100.0,9.0,0.1,0,1.0,0.5109413457781722,0.7564303885437971,0.5782749700152431,89600.0,9,887
3a_physical_weak,79,regular,0.1,100,6,0.05,100.0,9.0,0.1,0,1.0,0.48413113625784,0.7578592249038428,0.6151991575473106,19000.0,14,917
3a_physical_weak,79,superintelligent,0.9,100,6,0.05,100.0,9.0,0.1,0,1.0,0.48413113625784,0.7578592249038428,0.6151991575473106,1600.0,14,918
3a_physical_weak,79,oracle,1.0,100,6,0.05,100.0,9.0,0.1,0,1.0,0.48413113625784,0.7578592249038428,0.6151991575473106,1400.0,14,918
3a_physical_weak,79,naive,0.009,100,6,0.05,100.0,9.0,0.1,0,1.0,0.48413113625784,0.7578592249038428,0.6072699557584298,68400.0,17,844
3a_physical_weak,79,random,0.0009,100,6,0.05,100.0,9.0,0.1,0,1.0,0.48413113625784,0.7578592249038428,0.5991619195650258,91700.0,13,904
3a_physical_weak,80,regular,0.1,100,6,0.05,100.0,9.0,0.1,0,1.0,0.48786004266037947,0.7559489262761419,0.5264290498075622,3100.0,5,791
3a_physical_weak,80,superintelligent,0.9,100,6,0.05,100.0,9.0,0.1,0,1.0,0.48786004266037947,0.7559489262761419,0.5264290498075622,500.0,5,912
3a_physical_weak,80,oracle,1.0,100,6,0.05,100.0,9.0,0.1,0,1.0,0.48786004266037947,0.7559489262761419,0.5264290498075622,500.0,5,912
3a_physical_weak,80,naive,0.009,100,6,0.05,100.0,9.0,0.1,0,1.0,0.48786004266037947,0.7559489262761419,0.5264290498075622,10600.0,5,909
3a_physical_weak,80,random,0.0009,100,6,0.05,100.0,9.0,0.1,0,1.0,0.48786004266037947,0.7559489262761419,0.5131469413809342,59600.0,6,817
3a_physical_weak,81,regular,0.1,100,6,0.05,100.0,9.0,0.1,0,1.0,0.4993245222155249,0.7672944479663873,0.5859356822227859,9000.0,8,875
3a_physical_weak,81,superintelligent,0.9,100,6,0.05,100.0,9.0,0.1,0,1.0,0.4993245222155249,0.7672944479663873,0.5859356822227859,1000.0,8,914
3a_physical_weak,81,oracle,1.0,100,6,0.05,100.0,9.0,0.1,0,1.0,0.4993245222155249,0.7672944479663873,0.5859356822227859,800.0,8,914
3a_physical_weak,81,naive,0.009,100,6,0.05,100.0,9.0,0.1,0,1.0,0.4993245222155249,0.7672944479663873,0.5813612669487545,30200.0,7,867
3a_physical_weak,81,random,0.0009,100,6,0.05,100.0,9.0,0.1,0,1.0,0.4993245222155249,0.7672944479663873,0.5650084222184176,84900.0,10,874
3a_physical_weak,82,regular,0.1,100,6,0.05,100.0,9.0,0.1,0,1.0,0.5151429218717105,0.7576048450882115,0.580618025412006,5900.0,5,898
3a_physical_weak,82,superintelligent,0.9,100,6,0.05,100.0,9.0,0.1,0,1.0,0.5151429218717105,0.7576048450882115,0.5833905933082534,600.0,6,918
3a_physical_weak,82,oracle,1.0,100,6,0.05,100.0,9.0,0.1,0,1.0,0.5151429218717105,0.7576048450882115,0.5833905933082534,600.0,6,918
3a_physical_weak,82,naive,0.009,100,6,0.05,100.0,9.0,0.1,0,1.0,0.5151429218717105,0.7576048450882115,0.580618025412006,44100.0,5,852
3a_physical_weak,82,random,0.0009,100,6,0.05,100.0,9.0,0.1,0,1.0,0.5151429218717105,0.7576048450882115,0.5795872154130748,91900.0,7,917
3a_physical_weak,83,regular,0.1,100,6,0.05,100.0,9.0,0.1,0,1.0,0.47903000635503296,0.7570984462736636,0.5552220306146419,2800.0,9,744
3a_physical_weak,83,superintelligent,0.9,100,6,0.05,100.0,9.0,0.1,0,1.0,0.47903000635503296,0.7570984462736636,0.5552220306146419,1200.0,9,907
3a_physical_weak,83,oracle,1.0,100,6,0.05,100.0,9.0,0.1,0,1.0,0.47903000635503296,0.7570984462736636,0.5552220306146419,900.0,9,907
3a_physical_weak,83,naive,0.009,100,6,0.05,100.0,9.0,0.1,0,1.0,0.47903000635503296,0.7570984462736636,0.5552220306146419,62900.0,9,858
3a_physical_weak,83,random,0.0009,100,6,0.05,100.0,9.0,0.1,0,1.0,0.47903000635503296,0.7570984462736636,0.5552220306146419,56400.0,9,796
3a_physical_weak,84,regular,0.1,100,6,0.05,100.0,9.0,0.1,0,1.0,0.46687783987701215,0.7469670359065204,0.5562046494651566,5100.0,6,893
3a_physical_weak,84,superintelligent,0.9,100,6,0.05,100.0,9.0,0.1,0,1.0,0.46687783987701215,0.7469670359065204,0.5562046494651566,600.0,6,910
3a_physical_weak,84,oracle,1.0,100,6,0.05,100.0,9.0,0.1,0,1.0,0.46687783987701215,0.7469670359065204,0.5562046494651566,600.0,6,910
3a_physical_weak,84,naive,0.009,100,6,0.05,100.0,9.0,0.1,0,1.0,0.46687783987701215,0.7469670359065204,0.5942176258120512,48300.0,10,904
3a_physical_weak,84,random,0.0009,100,6,0.05,100.0,9.0,0.1,0,1.0,0.46687783987701215,0.7469670359065204,0.543484111445784,87000.0,7,863
3a_physical_weak,85,regular,0.1,100,6,0.05,100.0,9.0,0.1,0,1.0,0.44577132211365966,0.7491396785728792,0.6428661243067216,24000.0,20,876
3a_physical_weak,85,superintelligent,0.9,100,6,0.05,100.0,9.0,0.1,0,1.0,0.44577132211365966,0.7491396785728792,0.6428661243067216,2100.0,20,922
3a_physical_weak,85,oracle,1.0,100,6,0.05,100.0,9.0,0.1,0,1.0,0.44577132211365966,0.7491396785728792,0.6428661243067216,2000.0,20,922
3a_physical_weak,85,naive,0.009,100,6,0.05,100.0,9.0,0.1,0,1.0,0.44577132211365966,0.7491396785728792,0.6385176612529719,89300.0,23,885
3a_physical_weak,85,random,0.0009,100,6,0.05,100.0,9.0,0.1,0,1.0,0.44577132211365966,0.7491396785728792,0.5897607716009433,92600.0,13,913
3a_physical_weak,86,regular,0.1,100,6,0.05,100.0,9.0,0.1,0,1.0,0.5503144696204361,0.7545630836673023,0.5985918285725892,12700.0,9,874
3a_physical_weak,86,superintelligent,0.9,100,6,0.05,100.0,9.0,0.1,0,1.0,0.5503144696204361,0.7545630836673023,0.5985918285725892,1100.0,9,914
3a_physical_weak,86,oracle,1.0,100,6,0.05,100.0,9.0,0.1,0,1.0,0.5503144696204361,0.7545630836673023,0.5985918285725892,900.0,9,914
3a_physical_weak,86,naive,0.009,100,6,0.05,100.0,9.0,0.1,0,1.0,0.5503144696204361,0.7545630836673023,0.5931536323915383,25300.0,7,863
3a_physical_weak,86,random,0.0009,100,6,0.05,100.0,9.0,0.1,0,1.0,0.5503144696204361,0.7545630836673023,0.5843685827490432,86800.0,10,878
3a_physical_weak,87,regular,0.1,100,6,0.05,100.0,9.0,0.1,0,1.0,0.48664619497404454,0.7493297239814858,0.6327419428257014,19200.0,19,871
3a_physical_weak,87,superintelligent,0.9,100,6,0.05,100.0,9.0,0.1,0,1.0,0.48664619497404454,0.7493297239814858,0.6332364397431437,1900.0,18,910
3a_physical_weak,87,oracle,1.0,100,6,0.05,100.0,9.0,0.1,0,1.0,0.48664619497404454,0.7493297239814858,0.6332364397431437,1800.0,18,910
3a_physical_weak,87,naive,0.009,100,6,0.05,100.0,9.0,0.1,0,1.0,0.48664619497404454,0.7493297239814858,0.5438022089863678,28900.0,5,755
3a_physical_weak,87,random,0.0009,100,6,0.05,100.0,9.0,0.1,0,1.0,0.48664619497404454,0.7493297239814858,0.5438022089863678,72800.0,5,848
3a_physical_weak,88,regular,0.1,100,6,0.05,100.0,9.0,0.1,0,1.0,0.4983128464497066,0.7539751933721265,0.5870681314526606,5000.0,10,813
3a_physical_weak,88,superintelligent,0.9,100,6,0.05,100.0,9.0,0.1,0,1.0,0.4983128464497066,0.7539751933721265,0.5870681314526606,1300.0,10,917
3a_physical_weak,88,oracle,1.0,100,6,0.05,100.0,9.0,0.1,0,1.0,0.4983128464497066,0.7539751933721265,0.5870681314526606,1000.0,10,917
3a_physical_weak,88,naive,0.009,100,6,0.05,100.0,9.0,0.1,0,1.0,0.4983128464497066,0.7539751933721265,0.5704640181583499,40100.0,9,848
3a_physical_weak,88,random,0.0009,100,6,0.05,100.0,9.0,0.1,0,1.0,0.4983128464497066,0.7539751933721265,0.5671003135740954,76800.0,7,915
3a_physical_weak,89,regular,0.1,100,6,0.05,100.0,9.0,0.1,0,1.0,0.49393842544918415,0.7543020339281904,0.5865810679543323,4000.0,11,741
3a_physical_weak,89,superintelligent,0.9,100,6,0.05,100.0,9.0,0.1,0,1.0,0.49393842544918415,0.7543020339281904,0.5865810679543323,1400.0,11,912
3a_physical_weak,89,oracle,1.0,100,6,0.05,100.0,9.0,0.1,0,1.0,0.49393842544918415,0.7543020339281904,0.5865810679543323,1100.0,11,912
3a_physical_weak,89,naive,0.009,100,6,0.05,100.0,9.0,0.1,0,1.0,0.49393842544918415,0.7543020339281904,0.5885653635347032,62700.0,11,847
3a_physical_weak,89,random,0.0009,100,6,0.05,100.0,9.0,0.1,0,1.0,0.49393842544918415,0.7543020339281904,0.5935635672317139,88500.0,12,908
3a_physical_weak,90,regular,0.1,100,6,0.05,100.0,9.0,0.1,0,1.0,0.533917926725801,0.7608478953045835,0.5994564028631771,3200.0,4,890
3a_physical_weak,90,superintelligent,0.9,100,6,0.05,100.0,9.0,0.1,0,1.0,0.533917926725801,0.7608478953045835,0.5994564028631771,500.0,4,908
3a_physical_weak,90,oracle,1.0,100,6,0.05,100.0,9.0,0.1,0,1.0,0.533917926725801,0.7608478953045835,0.5994564028631771,400.0,4,908
3a_physical_weak,90,naive,0.009,100,6,0.05,100.0,9.0,0.1,0,1.0,0.533917926725801,0.7608478953045835,0.5994564028631771,47700.0,4,846
3a_physical_weak,90,random,0.0009,100,6,0.05,100.0,9.0,0.1,0,1.0,0.533917926725801,0.7608478953045835,0.5994564028631771,53300.0,4,738
3a_physical_weak,91,regular,0.1,100,6,0.05,100.0,9.0,0.1,0,1.0,0.5028241793114847,0.7542742680551107,0.6243832597406932,9600.0,12,890
3a_physical_weak,91,superintelligent,0.9,100,6,0.05,100.0,9.0,0.1,0,1.0,0.5028241793114847,0.7542742680551107,0.6243832597406932,1300.0,12,915
3a_physical_weak,91,oracle,1.0,100,6,0.05,100.0,9.0,0.1,0,1.0,0.5028241793114847,0.7542742680551107,0.6243832597406932,1200.0,12,915
3a_physical_weak,91,naive,0.009,100,6,0.05,100.0,9.0,0.1,0,1.0,0.5028241793114847,0.7542742680551107,0.6193194184059962,67500.0,12,881
3a_physical_weak,91,random,0.0009,100,6,0.05,100.0,9.0,0.1,0,1.0,0.5028241793114847,0.7542742680551107,0.6347213917909686,81600.0,14,835
3a_physical_weak,92,regular,0.1,100,6,0.05,100.0,9.0,0.1,0,1.0,0.5158899161542423,0.7427902712842748,0.5793126584490037,5100.0,7,902
3a_physical_weak,92,superintelligent,0.9,100,6,0.05,100.0,9.0,0.1,0,1.0,0.5158899161542423,0.7427902712842748,0.5793126584490037,700.0,7,919
3a_physical_weak,92,oracle,1.0,100,6,0.05,100.0,9.0,0.1,0,1.0,0.5158899161542423,0.7427902712842748,0.5793126584490037,700.0,7,919
3a_physical_weak,92,naive,0.009,100,6,0.05,100.0,9.0,0.1,0,1.0,0.5158899161542423,0.7427902712842748,0.5793126584490037,34000.0,7,878
3a_physical_weak,92,random,0.0009,100,6,0.05,100.0,9.0,0.1,0,1.0,0.5158899161542423,0.7427902712842748,0.5767011478280721,79600.0,9,875
3a_physical_weak,93,regular,0.1,100,6,0.05,100.0,9.0,0.1,0,1.0,0.4380022993923059,0.7731500930770251,0.5570224774303019,9900.0,14,837
3a_physical_weak,93,superintelligent,0.9,100,6,0.05,100.0,9.0,0.1,0,1.0,0.4380022993923059,0.7731500930770251,0.5570224774303019,1500.0,14,911
3a_physical_weak,93,oracle,1.0,100,6,0.05,100.0,9.0,0.1,0,1.0,0.4380022993923059,0.7731500930770251,0.5570224774303019,1400.0,14,911
3a_physical_weak,93,naive,0.009,100,6,0.05,100.0,9.0,0.1,0,1.0,0.4380022993923059,0.7731500930770251,0.5105867228305262,89400.0,11,883
3a_physical_weak,93,random,0.0009,100,6,0.05,100.0,9.0,0.1,0,1.0,0.4380022993923059,0.7731500930770251,0.5201916629149005,87600.0,11,897
3a_physical_weak,94,regular,0.1,100,6,0.05,100.0,9.0,0.1,0,1.0,0.5473951988300556,0.7479385064894988,0.6133716617211706,9900.0,9,863
3a_physical_weak,94,superintelligent,0.9,100,6,0.05,100.0,9.0,0.1,0,1.0,0.5473951988300556,0.7479385064894988,0.6133716617211706,1000.0,9,916
3a_physical_weak,94,oracle,1.0,100,6,0.05,100.0,9.0,0.1,0,1.0,0.5473951988300556,0.7479385064894988,0.6133716617211706,900.0,9,916
3a_physical_weak,94,naive,0.009,100,6,0.05,100.0,9.0,0.1,0,1.0,0.5473951988300556,0.7479385064894988,0.6133716617211706,57800.0,9,871
3a_physical_weak,94,random,0.0009,100,6,0.05,100.0,9.0,0.1,0,1.0,0.5473951988300556,0.7479385064894988,0.576786323240044,77300.0,7,902
3a_physical_weak,95,regular,0.1,100,6,0.05,100.0,9.0,0.1,0,1.0,0.46760844282620134,0.755514885746828,0.5454341604516746,13200.0,7,823
3a_physical_weak,95,superintelligent,0.9,100,6,0.05,100.0,9.0,0.1,0,1.0,0.46760844282620134,0.755514885746828,0.5454341604516746,700.0,7,915
3a_physical_weak,95,oracle,1.0,100,6,0.05,100.0,9.0,0.1,0,1.0,0.46760844282620134,0.755514885746828,0.5454341604516746,700.0,7,915
3a_physical_weak,95,naive,0.009,100,6,0.05,100.0,9.0,0.1,0,1.0,0.46760844282620134,0.755514885746828,0.541919601518822,33600.0,8,902
3a_physical_weak,95,random,0.0009,100,6,0.05,100.0,9.0,0.1,0,1.0,0.46760844282620134,0.755514885746828,0.5465959885664874,78200.0,14,832
3a_physical_weak,96,regular,0.1,100,6,0.05,100.0,9.0,0.1,0,1.0,0.5071939171549543,0.753950605244258,0.5483281281037663,5100.0,5,890
3a_physical_weak,96,superintelligent,0.9,100,6,0.05,100.0,9.0,0.1,0,1.0,0.5071939171549543,0.753950605244258,0.5483281281037663,500.0,5,913
3a_physical_weak,96,oracle,1.0,100,6,0.05,100.0,9.0,0.1,0,1.0,0.5071939171549543,0.753950605244258,0.5483281281037663,500.0,5,913
3a_physical_weak,96,naive,0.009,100,6,0.05,100.0,9.0,0.1,0,1.0,0.5071939171549543,0.753950605244258,0.5467493522495985,49900.0,6,865
3a_physical_weak,96,random,0.0009,100,6,0.05,100.0,9.0,0.1,0,1.0,0.5071939171549543,0.753950605244258,0.5497519409561675,90200.0,8,894
3a_physical_weak,97,regular,0.1,100,6,0.05,100.0,9.0,0.1,0,1.0,0.5147441528398164,0.774716111282661,0.5710322166284315,4200.0,4,790
3a_physical_weak,97,superintelligent,0.9,100,6,0.05,100.0,9.0,0.1,0,1.0,0.5147441528398164,0.774716111282661,0.5710322166284315,400.0,4,909
3a_physical_weak,97,oracle,1.0,100,6,0.05,100.0,9.0,0.1,0,1.0,0.5147441528398164,0.774716111282661,0.5710322166284315,400.0,4,909
3a_physical_weak,97,naive,0.009,100,6,0.05,100.0,9.0,0.1,0,1.0,0.5147441528398164,0.774716111282661,0.5710322166284315,32700.0,4,873
3a_physical_weak,97,random,0.0009,100,6,0.05,100.0,9.0,0.1,0,1.0,0.5147441528398164,0.774716111282661,0.5664392165398637,77300.0,5,900
3a_physical_weak,98,regular,0.1,100,6,0.05,100.0,9.0,0.1,0,1.0,0.5324505747843857,0.7448258195972053,0.6086385562182233,6000.0,10,909
3a_physical_weak,98,superintelligent,0.9,100,6,0.05,100.0,9.0,0.1,0,1.0,0.5324505747843857,0.7448258195972053,0.6086385562182233,1000.0,10,921
3a_physical_weak,98,oracle,1.0,100,6,0.05,100.0,9.0,0.1,0,1.0,0.5324505747843857,0.7448258195972053,0.6086385562182233,1000.0,10,921
3a_physical_weak,98,naive,0.009,100,6,0.05,100.0,9.0,0.1,0,1.0,0.5324505747843857,0.7448258195972053,0.6124450463637611,61000.0,11,859
3a_physical_weak,98,random,0.0009,100,6,0.05,100.0,9.0,0.1,0,1.0,0.5324505747843857,0.7448258195972053,0.5937864270228688,71500.0,8,898
3a_physical_weak,99,regular,0.1,100,6,0.05,100.0,9.0,0.1,0,1.0,0.44490228446840946,0.7487132905714912,0.5315693426305971,12200.0,6,714
3a_physical_weak,99,superintelligent,0.9,100,6,0.05,100.0,9.0,0.1,0,1.0,0.44490228446840946,0.7487132905714912,0.5315693426305971,700.0,6,908
3a_physical_weak,99,oracle,1.0,100,6,0.05,100.0,9.0,0.1,0,1.0,0.44490228446840946,0.7487132905714912,0.5315693426305971,600.0,6,908
3a_physical_weak,99,naive,0.009,100,6,0.05,100.0,9.0,0.1,0,1.0,0.44490228446840946,0.7487132905714912,0.5315693426305971,43000.0,6,899
3a_physical_weak,99,random,0.0009,100,6,0.05,100.0,9.0,0.1,0,1.0,0.44490228446840946,0.7487132905714912,0.5220883393156687,86300.0,6,857
3b_physical_strong,0,regular,0.1,100,6,0.05,100.0,9.0,0.1,10,5.0,0.5049632709740205,0.757342648081686,0.5537917239349897,4400.0,6,816
3b_physical_strong,0,superintelligent,0.9,100,6,0.05,100.0,9.0,0.1,10,5.0,0.5049632709740205,0.757342648081686,0.5537917239349897,1000.0,6,909
3b_physical_strong,0,oracle,1.0,100,6,0.05,100.0,9.0,0.1,10,5.0,0.5049632709740205,0.757342648081686,0.5537917239349897,1000.0,6,909
3b_physical_strong,0,naive,0.009,100,6,0.05,100.0,9.0,0.1,10,5.0,0.5049632709740205,0.757342648081686,0.550005944545417,60900.0,6,822
3b_physical_strong,0,random,0.0009,100,6,0.05,100.0,9.0,0.1,10,5.0,0.5049632709740205,0.757342648081686,0.550005944545417,68000.0,6,901
3b_physical_strong,1,regular,0.1,100,6,0.05,100.0,9.0,0.1,10,5.0,0.489371319016999,0.7530542194884609,0.5862447302283602,9500.0,11,884
3b_physical_strong,1,superintelligent,0.9,100,6,0.05,100.0,9.0,0.1,10,5.0,0.489371319016999,0.7530542194884609,0.5862447302283602,1500.0,11,914
3b_physical_strong,1,oracle,1.0,100,6,0.05,100.0,9.0,0.1,10,5.0,0.489371319016999,0.7530542194884609,0.5862447302283602,1500.0,11,914
3b_physical_strong,1,naive,0.009,100,6,0.05,100.0,9.0,0.1,10,5.0,0.489371319016999,0.7530542194884609,0.5809450116543212,52200.0,10,834
3b_physical_strong,1,random,0.0009,100,6,0.05,100.0,9.0,0.1,10,5.0,0.489371319016999,0.7530542194884609,0.5845689458663893,89600.0,13,904
3b_physical_strong,2,regular,0.1,100,6,0.05,100.0,9.0,0.1,10,5.0,0.5216670863660409,0.7391680303119396,0.5949055128696541,8500.0,9,902
3b_physical_strong,2,superintelligent,0.9,100,6,0.05,100.0,9.0,0.1,10,5.0,0.5216670863660409,0.7391680303119396,0.5989453230102594,1500.0,11,912
3b_physical_strong,2,oracle,1.0,100,6,0.05,100.0,9.0,0.1,10,5.0,0.5216670863660409,0.7391680303119396,0.5989453230102594,1500.0,11,912
3b_physical_strong,2,naive,0.009,100,6,0.05,100.0,9.0,0.1,10,5.0,0.5216670863660409,0.7391680303119396,0.5880175386169599,49900.0,7,909
3b_physical_strong,2,random,0.0009,100,6,0.05,100.0,9.0,0.1,10,5.0,0.5216670863660409,0.7391680303119396,0.5791333011797097,49000.0,5,914
3b_physical_strong,3,regular,0.1,100,6,0.05,100.0,9.0,0.1,10,5.0,0.5054103202955693,0.7838950050332606,0.5496655308722205,8800.0,8,866
3b_physical_strong,3,superintelligent,0.9,100,6,0.05,100.0,9.0,0.1,10,5.0,0.5054103202955693,0.7838950050332606,0.5496655308722205,1200.0,8,915
3b_physical_strong,3,oracle,1.0,100,6,0.05,100.0,9.0,0.1,10,5.0,0.5054103202955693,0.7838950050332606,0.5496655308722205,1200.0,8,915
3b_physical_strong,3,naive,0.009,100,6,0.05,100.0,9.0,0.1,10,5.0,0.5054103202955693,0.7838950050332606,0.5570876768791396,48000.0,8,830
3b_physical_strong,3,random,0.0009,100,6,0.05,100.0,9.0,0.1,10,5.0,0.5054103202955693,0.7838950050332606,0.5416770242346233,74800.0,6,886
3b_physical_strong,4,regular,0.1,100,6,0.05,100.0,9.0,0.1,10,5.0,0.575030052164458,0.7534120176202767,0.5925808097609788,2500.0,3,879
3b_physical_strong,4,superintelligent,0.9,100,6,0.05,100.0,9.0,0.1,10,5.0,0.575030052164458,0.7534120176202767,0.5925808097609788,700.0,3,909
3b_physical_strong,4,oracle,1.0,100,6,0.05,100.0,9.0,0.1,10,5.0,0.575030052164458,0.7534120176202767,0.5925808097609788,700.0,3,909
3b_physical_strong,4,naive,0.009,100,6,0.05,100.0,9.0,0.1,10,5.0,0.575030052164458,0.7534120176202767,0.5925808097609788,11800.0,3,908
3b_physical_strong,4,random,0.0009,100,6,0.05,100.0,9.0,0.1,10,5.0,0.575030052164458,0.7534120176202767,0.5925808097609788,87300.0,3,854
3b_physical_strong,5,regular,0.1,100,6,0.05,100.0,9.0,0.1,10,5.0,0.4885894086426732,0.7578162498551259,0.5724240218793352,9100.0,10,862
3b_physical_strong,5,superintelligent,0.9,100,6,0.05,100.0,9.0,0.1,10,5.0,0.4885894086426732,0.7578162498551259,0.5724240218793352,1400.0,10,910
3b_physical_strong,5,oracle,1.0,100,6,0.05,100.0,9.0,0.1,10,5.0,0.4885894086426732,0.7578162498551259,0.5724240218793352,1400.0,10,910
3b_physical_strong,5,naive,0.009,100,6,0.05,100.0,9.0,0.1,10,5.0,0.4885894086426732,0.7578162498551259,0.5592300240719725,61300.0,10,838
3b_physical_strong,5,random,0.0009,100,6,0.05,100.0,9.0,0.1,10,5.0,0.4885894086426732,0.7578162498551259,0.5724240218793352,78200.0,10,881
3b_physical_strong,6,regular,0.1,100,6,0.05,100.0,9.0,0.1,10,5.0,0.5049022834743674,0.7570817824841791,0.545277782952126,4000.0,7,774
3b_physical_strong,6,superintelligent,0.9,100,6,0.05,100.0,9.0,0.1,10,5.0,0.5049022834743674,0.7570817824841791,0.545277782952126,1100.0,7,907
3b_physical_strong,6,oracle,1.0,100,6,0.05,100.0,9.0,0.1,10,5.0,0.5049022834743674,0.7570817824841791,0.545277782952126,1100.0,7,907
3b_physical_strong,6,naive,0.009,100,6,0.05,100.0,9.0,0.1,10,5.0,0.5049022834743674,0.7570817824841791,0.5404218523842683,45700.0,6,899
3b_physical_strong,6,random,0.0009,100,6,0.05,100.0,9.0,0.1,10,5.0,0.5049022834743674,0.7570817824841791,0.5313056177784067,82100.0,5,901
3b_physical_strong,7,regular,0.1,100,6,0.05,100.0,9.0,0.1,10,5.0,0.5157146429648816,0.7693307371891276,0.6315243704897464,18000.0,15,871
3b_physical_strong,7,superintelligent,0.9,100,6,0.05,100.0,9.0,0.1,10,5.0,0.5157146429648816,0.7693307371891276,0.6315243704897464,3100.0,15,916
3b_physical_strong,7,oracle,1.0,100,6,0.05,100.0,9.0,0.1,10,5.0,0.5157146429648816,0.7693307371891276,0.6315243704897464,2700.0,15,916
3b_physical_strong,7,naive,0.009,100,6,0.05,100.0,9.0,0.1,10,5.0,0.5157146429648816,0.7693307371891276,0.6128756091212604,85200.0,11,916
3b_physical_strong,7,random,0.0009,100,6,0.05,100.0,9.0,0.1,10,5.0,0.5157146429648816,0.7693307371891276,0.6248374987328374,89900.0,14,904
3b_physical_strong,8,regular,0.1,100,6,0.05,100.0,9.0,0.1,10,5.0,0.49570352487791847,0.7676408855505501,0.6196226340788725,8000.0,11,909
3b_physical_strong,8,superintelligent,0.9,100,6,0.05,100.0,9.0,0.1,10,5.0,0.49570352487791847,0.7676408855505501,0.614496769288953,1300.0,12,911
3b_physical_strong,8,oracle,1.0,100,6,0.05,100.0,9.0,0.1,10,5.0,0.49570352487791847,0.7676408855505501,0.614496769288953,1200.0,12,911
3b_physical_strong,8,naive,0.009,100,6,0.05,100.0,9.0,0.1,10,5.0,0.49570352487791847,0.7676408855505501,0.614496769288953,66300.0,12,911
3b_physical_strong,8,random,0.0009,100,6,0.05,100.0,9.0,0.1,10,5.0,0.49570352487791847,0.7676408855505501,0.5918891079846363,61100.0,8,874
3b_physical_strong,9,regular,0.1,100,6,0.05,100.0,9.0,0.1,10,5.0,0.5020594171160816,0.7545724855657174,0.626560777535255,14500.0,12,812
3b_physical_strong,9,superintelligent,0.9,100,6,0.05,100.0,9.0,0.1,10,5.0,0.5020594171160816,0.7545724855657174,0.626560777535255,2400.0,12,911
3b_physical_strong,9,oracle,1.0,100,6,0.05,100.0,9.0,0.1,10,5.0,0.5020594171160816,0.7545724855657174,0.626560777535255,2400.0,12,911
3b_physical_strong,9,naive,0.009,100,6,0.05,100.0,9.0,0.1,10,5.0,0.5020594171160816,0.7545724855657174,0.626560777535255,61400.0,12,888
3b_physical_strong,9,random,0.0009,100,6,0.05,100.0,9.0,0.1,10,5.0,0.5020594171160816,0.7545724855657174,0.6245722103378671,84500.0,10,811
3b_physical_strong,10,regular,0.1,100,6,0.05,100.0,9.0,0.1,10,5.0,0.4813488910530998,0.7448825800718011,0.6182972264779089,11500.0,10,829
3b_physical_strong,10,superintelligent,0.9,100,6,0.05,100.0,9.0,0.1,10,5.0,0.4813488910530998,0.7448825800718011,0.6182972264779089,1700.0,10,911
3b_physical_strong,10,oracle,1.0,100,6,0.05,100.0,9.0,0.1,10,5.0,0.4813488910530998,0.7448825800718011,0.6182972264779089,1400.0,10,911
3b_physical_strong,10,naive,0.009,100,6,0.05,100.0,9.0,0.1,10,5.0,0.4813488910530998,0.7448825800718011,0.6163296000366897,73500.0,10,908
3b_physical_strong,10,random,0.0009,100,6,0.05,100.0,9.0,0.1,10,5.0,0.4813488910530998,0.7448825800718011,0.5885244372801983,79300.0,12,895
3b_physical_strong,11,regular,0.1,100,6,0.05,100.0,9.0,0.1,10,5.0,0.500118045390473,0.7804967208738769,0.5798828898462821,19900.0,13,642
3b_physical_strong,11,superintelligent,0.9,100,6,0.05,100.0,9.0,0.1,10,5.0,0.500118045390473,0.7804967208738769,0.5798828898462821,3000.0,13,912
3b_physical_strong,11,oracle,1.0,100,6,0.05,100.0,9.0,0.1,10,5.0,0.500118045390473,0.7804967208738769,0.5798828898462821,2900.0,13,912
3b_physical_strong,11,naive,0.009,100,6,0.05,100.0,9.0,0.1,10,5.0,0.500118045390473,0.7804967208738769,0.5669981509277775,68500.0,10,826
3b_physical_strong,11,random,0.0009,100,6,0.05,100.0,9.0,0.1,10,5.0,0.500118045390473,0.7804967208738769,0.5713436524912695,94200.0,13,913
3b_physical_strong,12,regular,0.1,100,6,0.05,100.0,9.0,0.1,10,5.0,0.49364261850707924,0.7612912158392565,0.5388516581103208,10300.0,8,864
3b_physical_strong,12,superintelligent,0.9,100,6,0.05,100.0,9.0,0.1,10,5.0,0.49364261850707924,0.7612912158392565,0.5480003050983194,1800.0,9,911
3b_physical_strong,12,oracle,1.0,100,6,0.05,100.0,9.0,0.1,10,5.0,0.49364261850707924,0.7612912158392565,0.5480003050983194,1700.0,9,911
3b_physical_strong,12,naive,0.009,100,6,0.05,100.0,9.0,0.1,10,5.0,0.49364261850707924,0.7612912158392565,0.5480003050983194,28600.0,9,749
3b_physical_strong,12,random,0.0009,100,6,0.05,100.0,9.0,0.1,10,5.0,0.49364261850707924,0.7612912158392565,0.5562358351470047,93000.0,10,905
3b_physical_strong,13,regular,0.1,100,6,0.05,100.0,9.0,0.1,10,5.0,0.49472771136190746,0.7522785688813001,0.5766498616359131,7300.0,7,905
3b_physical_strong,13,superintelligent,0.9,100,6,0.05,100.0,9.0,0.1,10,5.0,0.49472771136190746,0.7522785688813001,0.5779624845056499,1000.0,8,918
3b_physical_strong,13,oracle,1.0,100,6,0.05,100.0,9.0,0.1,10,5.0,0.49472771136190746,0.7522785688813001,0.5779624845056499,800.0,8,918
3b_physical_strong,13,naive,0.009,100,6,0.05,100.0,9.0,0.1,10,5.0,0.49472771136190746,0.7522785688813001,0.5651262791043054,40500.0,10,916
3b_physical_strong,13,random,0.0009,100,6,0.05,100.0,9.0,0.1,10,5.0,0.49472771136190746,0.7522785688813001,0.558668841047552,86700.0,7,860
3b_physical_strong,14,regular,0.1,100,6,0.05,100.0,9.0,0.1,10,5.0,0.5112972043026148,0.7518985762655362,0.5706867684473503,9200.0,11,904
3b_physical_strong,14,superintelligent,0.9,100,6,0.05,100.0,9.0,0.1,10,5.0,0.5112972043026148,0.7518985762655362,0.5706867684473503,2300.0,11,915
3b_physical_strong,14,oracle,1.0,100,6,0.05,100.0,9.0,0.1,10,5.0,0.5112972043026148,0.7518985762655362,0.5706867684473503,2300.0,11,915
3b_physical_strong,14,naive,0.009,100,6,0.05,100.0,9.0,0.1,10,5.0,0.5112972043026148,0.7518985762655362,0.5470769927758032,8700.0,5,749
3b_physical_strong,14,random,0.0009,100,6,0.05,100.0,9.0,0.1,10,5.0,0.5112972043026148,0.7518985762655362,0.5470769927758032,41100.0,5,894
3b_physical_strong,15,regular,0.1,100,6,0.05,100.0,9.0,0.1,10,5.0,0.4903258058360656,0.7546476567180079,0.5237442383025794,3500.0,3,827
3b_physical_strong,15,superintelligent,0.9,100,6,0.05,100.0,9.0,0.1,10,5.0,0.4903258058360656,0.7546476567180079,0.5237442383025794,300.0,3,911
3b_physical_strong,15,oracle,1.0,100,6,0.05,100.0,9.0,0.1,10,5.0,0.4903258058360656,0.7546476567180079,0.5237442383025794,300.0,3,911
3b_physical_strong,15,naive,0.009,100,6,0.05,100.0,9.0,0.1,10,5.0,0.4903258058360656,0.7546476567180079,0.5237442383025794,20200.0,3,791
3b_physical_strong,15,random,0.0009,100,6,0.05,100.0,9.0,0.1,10,5.0,0.4903258058360656,0.7546476567180079,0.566603810977293,91900.0,12,885
3b_physical_strong,16,regular,0.1,100,6,0.05,100.0,9.0,0.1,10,5.0,0.5049273428146297,0.7487065206700192,0.5726064749363081,9300.0,11,828
3b_physical_strong,16,superintelligent,0.9,100,6,0.05,100.0,9.0,0.1,10,5.0,0.5049273428146297,0.7487065206700192,0.5726064749363081,2500.0,11,910
3b_physical_strong,16,oracle,1.0,100,6,0.05,100.0,9.0,0.1,10,5.0,0.5049273428146297,0.7487065206700192,0.5726064749363081,2300.0,11,910
3b_physical_strong,16,naive,0.009,100,6,0.05,100.0,9.0,0.1,10,5.0,0.5049273428146297,0.7487065206700192,0.5532866741602465,67100.0,8,871
3b_physical_strong,16,random,0.0009,100,6,0.05,100.0,9.0,0.1,10,5.0,0.5049273428146297,0.7487065206700192,0.577375754624422,79600.0,10,910
3b_physical_strong,17,regular,0.1,100,6,0.05,100.0,9.0,0.1,10,5.0,0.5366012724167765,0.7522456726510212,0.5813245405257152,8300.0,6,886
3b_physical_strong,17,superintelligent,0.9,100,6,0.05,100.0,9.0,0.1,10,5.0,0.5366012724167765,0.7522456726510212,0.5813245405257152,1000.0,6,914
3b_physical_strong,17,oracle,1.0,100,6,0.05,100.0,9.0,0.1,10,5.0,0.5366012724167765,0.7522456726510212,0.5813245405257152,1000.0,6,914
3b_physical_strong,17,naive,0.009,100,6,0.05,100.0,9.0,0.1,10,5.0,0.5366012724167765,0.7522456726510212,0.5773114705573291,31700.0,5,825
3b_physical_strong,17,random,0.0009,100,6,0.05,100.0,9.0,0.1,10,5.0,0.5366012724167765,0.7522456726510212,0.5891281035856317,79000.0,8,857
3b_physical_strong,18,regular,0.1,100,6,0.05,100.0,9.0,0.1,10,5.0,0.48461715206074524,0.7505943237182661,0.5893142443374603,10500.0,13,916
3b_physical_strong,18,superintelligent,0.9,100,6,0.05,100.0,9.0,0.1,10,5.0,0.48461715206074524,0.7505943237182661,0.5893142443374603,1900.0,13,918
3b_physical_strong,18,oracle,1.0,100,6,0.05,100.0,9.0,0.1,10,5.0,0.48461715206074524,0.7505943237182661,0.5893142443374603,1700.0,13,918
3b_physical_strong,18,naive,0.009,100,6,0.05,100.0,9.0,0.1,10,5.0,0.48461715206074524,0.7505943237182661,0.5777018205791649,51500.0,12,899
3b_physical_strong,18,random,0.0009,100,6,0.05,100.0,9.0,0.1,10,5.0,0.48461715206074524,0.7505943237182661,0.5766502001108376,90800.0,12,909
3b_physical_strong,19,regular,0.1,100,6,0.05,100.0,9.0,0.1,10,5.0,0.4882745168539995,0.7494912764244676,0.5772699033414675,18300.0,14,908
3b_physical_strong,19,superintelligent,0.9,100,6,0.05,100.0,9.0,0.1,10,5.0,0.4882745168539995,0.7494912764244676,0.5772699033414675,2700.0,14,911
3b_physical_strong,19,oracle,1.0,100,6,0.05,100.0,9.0,0.1,10,5.0,0.4882745168539995,0.7494912764244676,0.5772699033414675,2600.0,14,911
3b_physical_strong,19,naive,0.009,100,6,0.05,100.0,9.0,0.1,10,5.0,0.4882745168539995,0.7494912764244676,0.5632583304726659,60600.0,10,908
3b_physical_strong,19,random,0.0009,100,6,0.05,100.0,9.0,0.1,10,5.0,0.4882745168539995,0.7494912764244676,0.5671148009604604,65600.0,13,907
3b_physical_strong,20,regular,0.1,100,6,0.05,100.0,9.0,0.1,10,5.0,0.48231102828091177,0.7519446581315925,0.5690687551187744,11600.0,13,857
3b_physical_strong,20,superintelligent,0.9,100,6,0.05,100.0,9.0,0.1,10,5.0,0.48231102828091177,0.7519446581315925,0.5690687551187744,2100.0,13,915
3b_physical_strong,20,oracle,1.0,100,6,0.05,100.0,9.0,0.1,10,5.0,0.48231102828091177,0.7519446581315925,0.5690687551187744,1700.0,13,915
3b_physical_strong,20,naive,0.009,100,6,0.05,100.0,9.0,0.1,10,5.0,0.48231102828091177,0.7519446581315925,0.5699418734630539,49000.0,11,881
3b_physical_strong,20,random,0.0009,100,6,0.05,100.0,9.0,0.1,10,5.0,0.48231102828091177,0.7519446581315925,0.539123307583382,91700.0,8,897
3b_physical_strong,21,regular,0.1,100,6,0.05,100.0,9.0,0.1,10,5.0,0.4977293470620725,0.747491239445987,0.5694035877386855,6300.0,7,834
3b_physical_strong,21,superintelligent,0.9,100,6,0.05,100.0,9.0,0.1,10,5.0,0.4977293470620725,0.747491239445987,0.5694035877386855,1600.0,7,913
3b_physical_strong,21,oracle,1.0,100,6,0.05,100.0,9.0,0.1,10,5.0,0.4977293470620725,0.747491239445987,0.5694035877386855,1500.0,7,913
3b_physical_strong,21,naive,0.009,100,6,0.05,100.0,9.0,0.1,10,5.0,0.4977293470620725,0.747491239445987,0.5694035877386855,72200.0,7,851
3b_physical_strong,21,random,0.0009,100,6,0.05,100.0,9.0,0.1,10,5.0,0.4977293470620725,0.747491239445987,0.5696151691323285,92900.0,9,913
3b_physical_strong,22,regular,0.1,100,6,0.05,100.0,9.0,0.1,10,5.0,0.5016941241389635,0.746469501943902,0.6190199820558251,10500.0,11,916
3b_physical_strong,22,superintelligent,0.9,100,6,0.05,100.0,9.0,0.1,10,5.0,0.5016941241389635,0.746469501943902,0.6190199820558251,1900.0,11,918
3b_physical_strong,22,oracle,1.0,100,6,0.05,100.0,9.0,0.1,10,5.0,0.5016941241389635,0.746469501943902,0.6190199820558251,1900.0,11,918
3b_physical_strong,22,naive,0.009,100,6,0.05,100.0,9.0,0.1,10,5.0,0.5016941241389635,0.746469501943902,0.6109366087001816,68100.0,14,895
3b_physical_strong,22,random,0.0009,100,6,0.05,100.0,9.0,0.1,10,5.0,0.5016941241389635,0.746469501943902,0.6038070220123798,80300.0,17,822
3b_physical_strong,23,regular,0.1,100,6,0.05,100.0,9.0,0.1,10,5.0,0.5006362539627786,0.7667891501922572,0.5718797622876548,11000.0,10,917
3b_physical_strong,23,superintelligent,0.9,100,6,0.05,100.0,9.0,0.1,10,5.0,0.5006362539627786,0.7667891501922572,0.5718797622876548,1800.0,10,918
3b_physical_strong,23,oracle,1.0,100,6,0.05,100.0,9.0,0.1,10,5.0,0.5006362539627786,0.7667891501922572,0.5718797622876548,1800.0,10,918
3b_physical_strong,23,naive,0.009,100,6,0.05,100.0,9.0,0.1,10,5.0,0.5006362539627786,0.7667891501922572,0.5628244642492833,72300.0,10,879
3b_physical_strong,23,random,0.0009,100,6,0.05,100.0,9.0,0.1,10,5.0,0.5006362539627786,0.7667891501922572,0.5651662918377336,91600.0,8,916
3b_physical_strong,24,regular,0.1,100,6,0.05,100.0,9.0,0.1,10,5.0,0.5284345803444525,0.7505905713084728,0.5765552167998653,9800.0,8,841
3b_physical_strong,24,superintelligent,0.9,100,6,0.05,100.0,9.0,0.1,10,5.0,0.5284345803444525,0.7505905713084728,0.5765552167998653,1600.0,8,915
3b_physical_strong,24,oracle,1.0,100,6,0.05,100.0,9.0,0.1,10,5.0,0.5284345803444525,0.7505905713084728,0.5765552167998653,1600.0,8,915
3b_physical_strong,24,naive,0.009,100,6,0.05,100.0,9.0,0.1,10,5.0,0.5284345803444525,0.7505905713084728,0.5720902207989004,74500.0,7,880
3b_physical_strong,24,random,0.0009,100,6,0.05,100.0,9.0,0.1,10,5.0,0.5284345803444525,0.7505905713084728,0.5629478333570662,68200.0,6,904
3b_physical_strong,25,regular,0.1,100,6,0.05,100.0,9.0,0.1,10,5.0,0.5352340121081394,0.748047764590082,0.5991107672907686,16200.0,12,911
3b_physical_strong,25,superintelligent,0.9,100,6,0.05,100.0,9.0,0.1,10,5.0,0.5352340121081394,0.748047764590082,0.5991107672907686,2600.0,12,911
3b_physical_strong,25,oracle,1.0,100,6,0.05,100.0,9.0,0.1,10,5.0,0.5352340121081394,0.748047764590082,0.5991107672907686,2400.0,12,911
3b_physical_strong,25,naive,0.009,100,6,0.05,100.0,9.0,0.1,10,5.0,0.5352340121081394,0.748047764590082,0.6335359797112786,32500.0,8,882
3b_physical_strong,25,random,0.0009,100,6,0.05,100.0,9.0,0.1,10,5.0,0.5352340121081394,0.748047764590082,0.593880695518871,85300.0,10,823
3b_physical_strong,26,regular,0.1,100,6,0.05,100.0,9.0,0.1,10,5.0,0.55775998721031,0.7730214631091222,0.5830641953314033,4900.0,4,854
3b_physical_strong,26,superintelligent,0.9,100,6,0.05,100.0,9.0,0.1,10,5.0,0.55775998721031,0.7730214631091222,0.5830641953314033,400.0,4,915
3b_physical_strong,26,oracle,1.0,100,6,0.05,100.0,9.0,0.1,10,5.0,0.55775998721031,0.7730214631091222,0.5830641953314033,400.0,4,915
3b_physical_strong,26,naive,0.009,100,6,0.05,100.0,9.0,0.1,10,5.0,0.55775998721031,0.7730214631091222,0.5830641953314033,32500.0,4,862
3b_physical_strong,26,random,0.0009,100,6,0.05,100.0,9.0,0.1,10,5.0,0.55775998721031,0.7730214631091222,0.5983271350127088,88600.0,8,867
3b_physical_strong,27,regular,0.1,100,6,0.05,100.0,9.0,0.1,10,5.0,0.47887759875714425,0.746080109457578,0.5896682338232515,14700.0,14,908
3b_physical_strong,27,superintelligent,0.9,100,6,0.05,100.0,9.0,0.1,10,5.0,0.47887759875714425,0.746080109457578,0.5959378066328551,2100.0,12,913
3b_physical_strong,27,oracle,1.0,100,6,0.05,100.0,9.0,0.1,10,5.0,0.47887759875714425,0.746080109457578,0.5959378066328551,2000.0,12,913
3b_physical_strong,27,naive,0.009,100,6,0.05,100.0,9.0,0.1,10,5.0,0.47887759875714425,0.746080109457578,0.5864400838943494,69000.0,13,890
3b_physical_strong,27,random,0.0009,100,6,0.05,100.0,9.0,0.1,10,5.0,0.47887759875714425,0.746080109457578,0.5854881433507119,85400.0,11,909
3b_physical_strong,28,regular,0.1,100,6,0.05,100.0,9.0,0.1,10,5.0,0.5207231829306437,0.7571628043768889,0.5915312240176628,6300.0,8,881
3b_physical_strong,28,superintelligent,0.9,100,6,0.05,100.0,9.0,0.1,10,5.0,0.5207231829306437,0.7571628043768889,0.5915312240176628,1800.0,8,912
3b_physical_strong,28,oracle,1.0,100,6,0.05,100.0,9.0,0.1,10,5.0,0.5207231829306437,0.7571628043768889,0.5915312240176628,1600.0,8,912
3b_physical_strong,28,naive,0.009,100,6,0.05,100.0,9.0,0.1,10,5.0,0.5207231829306437,0.7571628043768889,0.5915312240176628,34300.0,8,891
3b_physical_strong,28,random,0.0009,100,6,0.05,100.0,9.0,0.1,10,5.0,0.5207231829306437,0.7571628043768889,0.5915312240176628,93500.0,8,912
3b_physical_strong,29,regular,0.1,100,6,0.05,100.0,9.0,0.1,10,5.0,0.5392259041424979,0.7500526642247213,0.6235114696446332,8900.0,8,905
3b_physical_strong,29,superintelligent,0.9,100,6,0.05,100.0,9.0,0.1,10,5.0,0.5392259041424979,0.7500526642247213,0.6235114696446332,1300.0,8,919
3b_physical_strong,29,oracle,1.0,100,6,0.05,100.0,9.0,0.1,10,5.0,0.5392259041424979,0.7500526642247213,0.6235114696446332,1200.0,8,919
3b_physical_strong,29,naive,0.009,100,6,0.05,100.0,9.0,0.1,10,5.0,0.5392259041424979,0.7500526642247213,0.6079828588218856,30800.0,8,823
3b_physical_strong,29,random,0.0009,100,6,0.05,100.0,9.0,0.1,10,5.0,0.5392259041424979,0.7500526642247213,0.6250625706041579,81000.0,8,882
3b_physical_strong,30,regular,0.1,100,6,0.05,100.0,9.0,0.1,10,5.0,0.49753578096313966,0.7429032649508884,0.5821049847378884,19200.0,13,894
3b_physical_strong,30,superintelligent,0.9,100,6,0.05,100.0,9.0,0.1,10,5.0,0.49753578096313966,0.7429032649508884,0.5821049847378884,2300.0,13,911
3b_physical_strong,30,oracle,1.0,100,6,0.05,100.0,9.0,0.1,10,5.0,0.49753578096313966,0.7429032649508884,0.5821049847378884,2100.0,13,911
3b_physical_strong,30,naive,0.009,100,6,0.05,100.0,9.0,0.1,10,5.0,0.49753578096313966,0.7429032649508884,0.5819769790704648,79100.0,12,905
3b_physical_strong,30,random,0.0009,100,6,0.05,100.0,9.0,0.1,10,5.0,0.49753578096313966,0.7429032649508884,0.5821049847378884,84100.0,13,885
3b_physical_strong,31,regular,0.1,100,6,0.05,100.0,9.0,0.1,10,5.0,0.46970953028175927,0.7501209284032088,0.572598405305164,13300.0,14,904
3b_physical_strong,31,superintelligent,0.9,100,6,0.05,100.0,9.0,0.1,10,5.0,0.46970953028175927,0.7501209284032088,0.572598405305164,3600.0,14,916
3b_physical_strong,31,oracle,1.0,100,6,0.05,100.0,9.0,0.1,10,5.0,0.46970953028175927,0.7501209284032088,0.572598405305164,3400.0,14,916
3b_physical_strong,31,naive,0.009,100,6,0.05,100.0,9.0,0.1,10,5.0,0.46970953028175927,0.7501209284032088,0.5608108851279209,85600.0,12,905
3b_physical_strong,31,random,0.0009,100,6,0.05,100.0,9.0,0.1,10,5.0,0.46970953028175927,0.7501209284032088,0.5648985079586398,91600.0,12,912
3b_physical_strong,32,regular,0.1,100,6,0.05,100.0,9.0,0.1,10,5.0,0.4831377385528626,0.7508438463094884,0.5724469634151168,11300.0,14,906
3b_physical_strong,32,superintelligent,0.9,100,6,0.05,100.0,9.0,0.1,10,5.0,0.4831377385528626,0.7508438463094884,0.5724469634151168,2700.0,14,912
3b_physical_strong,32,oracle,1.0,100,6,0.05,100.0,9.0,0.1,10,5.0,0.4831377385528626,0.7508438463094884,0.5724469634151168,2600.0,14,912
3b_physical_strong,32,naive,0.009,100,6,0.05,100.0,9.0,0.1,10,5.0,0.4831377385528626,0.7508438463094884,0.5559511366975304,62500.0,11,905
3b_physical_strong,32,random,0.0009,100,6,0.05,100.0,9.0,0.1,10,5.0,0.4831377385528626,0.7508438463094884,0.5559511366975304,93600.0,11,901
3b_physical_strong,33,regular,0.1,100,6,0.05,100.0,9.0,0.1,10,5.0,0.4673449501180978,0.7587077258494839,0.5366205163370048,9400.0,8,884
3b_physical_strong,33,superintelligent,0.9,100,6,0.05,100.0,9.0,0.1,10,5.0,0.4673449501180978,0.7587077258494839,0.5366205163370048,1300.0,8,912
3b_physical_strong,33,oracle,1.0,100,6,0.05,100.0,9.0,0.1,10,5.0,0.4673449501180978,0.7587077258494839,0.5366205163370048,1200.0,8,912
3b_physical_strong,33,naive,0.009,100,6,0.05,100.0,9.0,0.1,10,5.0,0.4673449501180978,0.7587077258494839,0.5367334100426128,63900.0,12,896
3b_physical_strong,33,random,0.0009,100,6,0.05,100.0,9.0,0.1,10,5.0,0.4673449501180978,0.7587077258494839,0.5211824907136725,84100.0,10,899
3b_physical_strong,34,regular,0.1,100,6,0.05,100.0,9.0,0.1,10,5.0,0.48861096005247295,0.7553424264914406,0.570435082713333,3800.0,9,870
3b_physical_strong,34,superintelligent,0.9,100,6,0.05,100.0,9.0,0.1,10,5.0,0.48861096005247295,0.7553424264914406,0.570435082713333,1200.0,9,911
3b_physical_strong,34,oracle,1.0,100,6,0.05,100.0,9.0,0.1,10,5.0,0.48861096005247295,0.7553424264914406,0.570435082713333,900.0,9,911
3b_physical_strong,34,naive,0.009,100,6,0.05,100.0,9.0,0.1,10,5.0,0.48861096005247295,0.7553424264914406,0.5643863632959613,62500.0,10,830
3b_physical_strong,34,random,0.0009,100,6,0.05,100.0,9.0,0.1,10,5.0,0.48861096005247295,0.7553424264914406,0.568713718332878,80200.0,8,903
3b_physical_strong,35,regular,0.1,100,6,0.05,100.0,9.0,0.1,10,5.0,0.45299284927950423,0.7590934307296501,0.5148172983769447,8600.0,8,912
3b_physical_strong,35,superintelligent,0.9,100,6,0.05,100.0,9.0,0.1,10,5.0,0.45299284927950423,0.7590934307296501,0.5266772522020151,1700.0,8,915
3b_physical_strong,35,oracle,1.0,100,6,0.05,100.0,9.0,0.1,10,5.0,0.45299284927950423,0.7590934307296501,0.5266772522020151,1600.0,8,915
3b_physical_strong,35,naive,0.009,100,6,0.05,100.0,9.0,0.1,10,5.0,0.45299284927950423,0.7590934307296501,0.5266772522020151,69800.0,8,876
3b_physical_strong,35,random,0.0009,100,6,0.05,100.0,9.0,0.1,10,5.0,0.45299284927950423,0.7590934307296501,0.5145830482101931,87700.0,8,889
3b_physical_strong,36,regular,0.1,100,6,0.05,100.0,9.0,0.1,10,5.0,0.5284469936059715,0.7503734459147702,0.5923618955414963,9400.0,8,912
3b_physical_strong,36,superintelligent,0.9,100,6,0.05,100.0,9.0,0.1,10,5.0,0.5284469936059715,0.7503734459147702,0.5923618955414963,1700.0,8,913
3b_physical_strong,36,oracle,1.0,100,6,0.05,100.0,9.0,0.1,10,5.0,0.5284469936059715,0.7503734459147702,0.5923618955414963,1600.0,8,913
3b_physical_strong,36,naive,0.009,100,6,0.05,100.0,9.0,0.1,10,5.0,0.5284469936059715,0.7503734459147702,0.5965572227881273,76700.0,13,907
3b_physical_strong,36,random,0.0009,100,6,0.05,100.0,9.0,0.1,10,5.0,0.5284469936059715,0.7503734459147702,0.5923618955414963,91300.0,8,881
3b_physical_strong,37,regular,0.1,100,6,0.05,100.0,9.0,0.1,10,5.0,0.49673640414521364,0.7726568924953289,0.5654768021080115,12300.0,11,896
3b_physical_strong,37,superintelligent,0.9,100,6,0.05,100.0,9.0,0.1,10,5.0,0.49673640414521364,0.7726568924953289,0.5654768021080115,2500.0,11,913
3b_physical_strong,37,oracle,1.0,100,6,0.05,100.0,9.0,0.1,10,5.0,0.49673640414521364,0.7726568924953289,0.5654768021080115,2300.0,11,913
3b_physical_strong,37,naive,0.009,100,6,0.05,100.0,9.0,0.1,10,5.0,0.49673640414521364,0.7726568924953289,0.5471632996849067,59100.0,8,890
3b_physical_strong,37,random,0.0009,100,6,0.05,100.0,9.0,0.1,10,5.0,0.49673640414521364,0.7726568924953289,0.566916825950511,93500.0,10,909
3b_physical_strong,38,regular,0.1,100,6,0.05,100.0,9.0,0.1,10,5.0,0.5195542237991613,0.7646902718209583,0.5782552233400721,13100.0,5,865
3b_physical_strong,38,superintelligent,0.9,100,6,0.05,100.0,9.0,0.1,10,5.0,0.5195542237991613,0.7646902718209583,0.5782552233400721,1400.0,5,914
3b_physical_strong,38,oracle,1.0,100,6,0.05,100.0,9.0,0.1,10,5.0,0.5195542237991613,0.7646902718209583,0.5782552233400721,1300.0,5,914
3b_physical_strong,38,naive,0.009,100,6,0.05,100.0,9.0,0.1,10,5.0,0.5195542237991613,0.7646902718209583,0.5782552233400721,21300.0,5,869
3b_physical_strong,38,random,0.0009,100,6,0.05,100.0,9.0,0.1,10,5.0,0.5195542237991613,0.7646902718209583,0.5763013306135772,88100.0,5,899
3b_physical_strong,39,regular,0.1,100,6,0.05,100.0,9.0,0.1,10,5.0,0.5501762360941423,0.7511633870644141,0.6113492710272245,12500.0,9,912
3b_physical_strong,39,superintelligent,0.9,100,6,0.05,100.0,9.0,0.1,10,5.0,0.5501762360941423,0.7511633870644141,0.6113492710272245,2100.0,9,918
3b_physical_strong,39,oracle,1.0,100,6,0.05,100.0,9.0,0.1,10,5.0,0.5501762360941423,0.7511633870644141,0.6113492710272245,2100.0,9,918
3b_physical_strong,39,naive,0.009,100,6,0.05,100.0,9.0,0.1,10,5.0,0.5501762360941423,0.7511633870644141,0.6114713356202577,69800.0,9,849
3b_physical_strong,39,random,0.0009,100,6,0.05,100.0,9.0,0.1,10,5.0,0.5501762360941423,0.7511633870644141,0.5977324768180471,51000.0,6,841
3b_physical_strong,40,regular,0.1,100,6,0.05,100.0,9.0,0.1,10,5.0,0.4931565095179844,0.7562638175383326,0.5704108599212541,4600.0,6,907
3b_physical_strong,40,superintelligent,0.9,100,6,0.05,100.0,9.0,0.1,10,5.0,0.4931565095179844,0.7562638175383326,0.5704108599212541,700.0,6,914
3b_physical_strong,40,oracle,1.0,100,6,0.05,100.0,9.0,0.1,10,5.0,0.4931565095179844,0.7562638175383326,0.5704108599212541,600.0,6,914
3b_physical_strong,40,naive,0.009,100,6,0.05,100.0,9.0,0.1,10,5.0,0.4931565095179844,0.7562638175383326,0.5764327008707663,59700.0,8,815
3b_physical_strong,40,random,0.0009,100,6,0.05,100.0,9.0,0.1,10,5.0,0.4931565095179844,0.7562638175383326,0.5533174954390662,78000.0,8,898
3b_physical_strong,41,regular,0.1,100,6,0.05,100.0,9.0,0.1,10,5.0,0.5190081474639638,0.7658013249696349,0.5694243325568682,8700.0,6,884
3b_physical_strong,41,superintelligent,0.9,100,6,0.05,100.0,9.0,0.1,10,5.0,0.5190081474639638,0.7658013249696349,0.5694243325568682,1500.0,6,910
3b_physical_strong,41,oracle,1.0,100,6,0.05,100.0,9.0,0.1,10,5.0,0.5190081474639638,0.7658013249696349,0.5694243325568682,1400.0,6,910
3b_physical_strong,41,naive,0.009,100,6,0.05,100.0,9.0,0.1,10,5.0,0.5190081474639638,0.7658013249696349,0.5676672576999704,88100.0,6,875
3b_physical_strong,41,random,0.0009,100,6,0.05,100.0,9.0,0.1,10,5.0,0.5190081474639638,0.7658013249696349,0.5431658163491752,93100.0,6,909
3b_physical_strong,42,regular,0.1,100,6,0.05,100.0,9.0,0.1,10,5.0,0.4927945998470108,0.7544622629492634,0.5989118408637559,9300.0,8,898
3b_physical_strong,42,superintelligent,0.9,100,6,0.05,100.0,9.0,0.1,10,5.0,0.4927945998470108,0.7544622629492634,0.5989118408637559,1400.0,8,912
3b_physical_strong,42,oracle,1.0,100,6,0.05,100.0,9.0,0.1,10,5.0,0.4927945998470108,0.7544622629492634,0.5989118408637559,1200.0,8,912
3b_physical_strong,42,naive,0.009,100,6,0.05,100.0,9.0,0.1,10,5.0,0.4927945998470108,0.7544622629492634,0.5989118408637559,43500.0,8,843
3b_physical_strong,42,random,0.0009,100,6,0.05,100.0,9.0,0.1,10,5.0,0.4927945998470108,0.7544622629492634,0.5768034218741597,80200.0,11,894
3b_physical_strong,43,regular,0.1,100,6,0.05,100.0,9.0,0.1,10,5.0,0.514336689291603,0.7371727620357599,0.6073141062474634,8500.0,13,875
3b_physical_strong,43,superintelligent,0.9,100,6,0.05,100.0,9.0,0.1,10,5.0,0.514336689291603,0.7371727620357599,0.6073141062474634,2600.0,13,917
3b_physical_strong,43,oracle,1.0,100,6,0.05,100.0,9.0,0.1,10,5.0,0.514336689291603,0.7371727620357599,0.6073141062474634,2500.0,13,917
3b_physical_strong,43,naive,0.009,100,6,0.05,100.0,9.0,0.1,10,5.0,0.514336689291603,0.7371727620357599,0.5931503910339121,60300.0,11,848
3b_physical_strong,43,random,0.0009,100,6,0.05,100.0,9.0,0.1,10,5.0,0.514336689291603,0.7371727620357599,0.6021106490668071,87400.0,9,888
3b_physical_strong,44,regular,0.1,100,6,0.05,100.0,9.0,0.1,10,5.0,0.41836619330682173,0.7530551609566184,0.5520794540362793,14900.0,15,906
3b_physical_strong,44,superintelligent,0.9,100,6,0.05,100.0,9.0,0.1,10,5.0,0.41836619330682173,0.7530551609566184,0.5520794540362793,2100.0,15,913
3b_physical_strong,44,oracle,1.0,100,6,0.05,100.0,9.0,0.1,10,5.0,0.41836619330682173,0.7530551609566184,0.5520794540362793,1500.0,15,913
3b_physical_strong,44,naive,0.009,100,6,0.05,100.0,9.0,0.1,10,5.0,0.41836619330682173,0.7530551609566184,0.5359391300656533,67100.0,14,865
3b_physical_strong,44,random,0.0009,100,6,0.05,100.0,9.0,0.1,10,5.0,0.41836619330682173,0.7530551609566184,0.5237433158500672,82600.0,12,828
3b_physical_strong,45,regular,0.1,100,6,0.05,100.0,9.0,0.1,10,5.0,0.4730624543866909,0.7574871512014735,0.6091847388344418,7400.0,10,904
3b_physical_strong,45,superintelligent,0.9,100,6,0.05,100.0,9.0,0.1,10,5.0,0.4730624543866909,0.7574871512014735,0.6091847388344418,2300.0,10,914
3b_physical_strong,45,oracle,1.0,100,6,0.05,100.0,9.0,0.1,10,5.0,0.4730624543866909,0.7574871512014735,0.6091847388344418,2200.0,10,914
3b_physical_strong,45,naive,0.009,100,6,0.05,100.0,9.0,0.1,10,5.0,0.4730624543866909,0.7574871512014735,0.5785272272825271,80900.0,11,910
3b_physical_strong,45,random,0.0009,100,6,0.05,100.0,9.0,0.1,10,5.0,0.4730624543866909,0.7574871512014735,0.6046238135559211,74400.0,10,837
3b_physical_strong,46,regular,0.1,100,6,0.05,100.0,9.0,0.1,10,5.0,0.4862586286062538,0.7675461476412992,0.5922640650269828,9000.0,11,853
3b_physical_strong,46,superintelligent,0.9,100,6,0.05,100.0,9.0,0.1,10,5.0,0.4862586286062538,0.7675461476412992,0.5922640650269828,1600.0,11,913
3b_physical_strong,46,oracle,1.0,100,6,0.05,100.0,9.0,0.1,10,5.0,0.4862586286062538,0.7675461476412992,0.5922640650269828,1500.0,11,913
3b_physical_strong,46,naive,0.009,100,6,0.05,100.0,9.0,0.1,10,5.0,0.4862586286062538,0.7675461476412992,0.6005985686491138,79200.0,14,903
3b_physical_strong,46,random,0.0009,100,6,0.05,100.0,9.0,0.1,10,5.0,0.4862586286062538,0.7675461476412992,0.5782948236658502,84900.0,10,904
3b_physical_strong,47,regular,0.1,100,6,0.05,100.0,9.0,0.1,10,5.0,0.49941715515505797,0.7439685767651698,0.6250023465764958,7400.0,13,883
3b_physical_strong,47,superintelligent,0.9,100,6,0.05,100.0,9.0,0.1,10,5.0,0.49941715515505797,0.7439685767651698,0.6250023465764958,1400.0,13,910
3b_physical_strong,47,oracle,1.0,100,6,0.05,100.0,9.0,0.1,10,5.0,0.49941715515505797,0.7439685767651698,0.6250023465764958,1300.0,13,910
3b_physical_strong,47,naive,0.009,100,6,0.05,100.0,9.0,0.1,10,5.0,0.49941715515505797,0.7439685767651698,0.6007325039401455,52300.0,10,796
3b_physical_strong,47,random,0.0009,100,6,0.05,100.0,9.0,0.1,10,5.0,0.49941715515505797,0.7439685767651698,0.5491544970354635,92800.0,5,903
3b_physical_strong,48,regular,0.1,100,6,0.05,100.0,9.0,0.1,10,5.0,0.5038371809390965,0.7543574759560665,0.5661107915988921,8000.0,8,891
3b_physical_strong,48,superintelligent,0.9,100,6,0.05,100.0,9.0,0.1,10,5.0,0.5038371809390965,0.7543574759560665,0.578221213603083,1100.0,10,913
3b_physical_strong,48,oracle,1.0,100,6,0.05,100.0,9.0,0.1,10,5.0,0.5038371809390965,0.7543574759560665,0.578221213603083,1000.0,10,913
3b_physical_strong,48,naive,0.009,100,6,0.05,100.0,9.0,0.1,10,5.0,0.5038371809390965,0.7543574759560665,0.5567445958234866,48000.0,5,896
3b_physical_strong,48,random,0.0009,100,6,0.05,100.0,9.0,0.1,10,5.0,0.5038371809390965,0.7543574759560665,0.580340875835869,82200.0,13,869
3b_physical_strong,49,regular,0.1,100,6,0.05,100.0,9.0,0.1,10,5.0,0.4898021423112315,0.7627485045853307,0.5399407800981829,5400.0,6,886
3b_physical_strong,49,superintelligent,0.9,100,6,0.05,100.0,9.0,0.1,10,5.0,0.4898021423112315,0.7627485045853307,0.5399407800981829,1400.0,6,915
3b_physical_strong,49,oracle,1.0,100,6,0.05,100.0,9.0,0.1,10,5.0,0.4898021423112315,0.7627485045853307,0.5399407800981829,1400.0,6,915
3b_physical_strong,49,naive,0.009,100,6,0.05,100.0,9.0,0.1,10,5.0,0.4898021423112315,0.7627485045853307,0.5985015372263903,90200.0,10,907
3b_physical_strong,49,random,0.0009,100,6,0.05,100.0,9.0,0.1,10,5.0,0.4898021423112315,0.7627485045853307,0.5427926931303222,84000.0,7,873
3b_physical_strong,50,regular,0.1,100,6,0.05,100.0,9.0,0.1,10,5.0,0.4925706430320252,0.7510096655283603,0.5490576297412997,10200.0,9,904
3b_physical_strong,50,superintelligent,0.9,100,6,0.05,100.0,9.0,0.1,10,5.0,0.4925706430320252,0.7510096655283603,0.5490576297412997,2300.0,9,911
3b_physical_strong,50,oracle,1.0,100,6,0.05,100.0,9.0,0.1,10,5.0,0.4925706430320252,0.7510096655283603,0.5490576297412997,2100.0,9,911
3b_physical_strong,50,naive,0.009,100,6,0.05,100.0,9.0,0.1,10,5.0,0.4925706430320252,0.7510096655283603,0.5490576297412997,45700.0,9,872
3b_physical_strong,50,random,0.0009,100,6,0.05,100.0,9.0,0.1,10,5.0,0.4925706430320252,0.7510096655283603,0.5606653543306237,94400.0,12,908
3b_physical_strong,51,regular,0.1,100,6,0.05,100.0,9.0,0.1,10,5.0,0.4885637768955875,0.7504346620994978,0.5648401035003692,11400.0,10,897
3b_physical_strong,51,superintelligent,0.9,100,6,0.05,100.0,9.0,0.1,10,5.0,0.4885637768955875,0.7504346620994978,0.5648401035003692,2200.0,10,912
3b_physical_strong,51,oracle,1.0,100,6,0.05,100.0,9.0,0.1,10,5.0,0.4885637768955875,0.7504346620994978,0.5648401035003692,2200.0,10,912
3b_physical_strong,51,naive,0.009,100,6,0.05,100.0,9.0,0.1,10,5.0,0.4885637768955875,0.7504346620994978,0.5745114462849624,86100.0,13,874
3b_physical_strong,51,random,0.0009,100,6,0.05,100.0,9.0,0.1,10,5.0,0.4885637768955875,0.7504346620994978,0.5699035927420534,82800.0,14,908
3b_physical_strong,52,regular,0.1,100,6,0.05,100.0,9.0,0.1,10,5.0,0.47804083912541573,0.7512891302519206,0.6025864705167336,14000.0,14,891
3b_physical_strong,52,superintelligent,0.9,100,6,0.05,100.0,9.0,0.1,10,5.0,0.47804083912541573,0.7512891302519206,0.6033145771571727,2000.0,15,911
3b_physical_strong,52,oracle,1.0,100,6,0.05,100.0,9.0,0.1,10,5.0,0.47804083912541573,0.7512891302519206,0.6033145771571727,1900.0,15,911
3b_physical_strong,52,naive,0.009,100,6,0.05,100.0,9.0,0.1,10,5.0,0.47804083912541573,0.7512891302519206,0.5898394563200468,83600.0,10,879
3b_physical_strong,52,random,0.0009,100,6,0.05,100.0,9.0,0.1,10,5.0,0.47804083912541573,0.7512891302519206,0.5717321395316088,78600.0,13,913
3b_physical_strong,53,regular,0.1,100,6,0.05,100.0,9.0,0.1,10,5.0,0.5106943352116766,0.7473179774351133,0.5719307321971645,6900.0,9,899
3b_physical_strong,53,superintelligent,0.9,100,6,0.05,100.0,9.0,0.1,10,5.0,0.5106943352116766,0.7473179774351133,0.5719307321971645,1300.0,9,916
3b_physical_strong,53,oracle,1.0,100,6,0.05,100.0,9.0,0.1,10,5.0,0.5106943352116766,0.7473179774351133,0.5719307321971645,1300.0,9,916
3b_physical_strong,53,naive,0.009,100,6,0.05,100.0,9.0,0.1,10,5.0,0.5106943352116766,0.7473179774351133,0.565258404620496,45400.0,9,875
3b_physical_strong,53,random,0.0009,100,6,0.05,100.0,9.0,0.1,10,5.0,0.5106943352116766,0.7473179774351133,0.5933967619716592,63400.0,11,911
3b_physical_strong,54,regular,0.1,100,6,0.05,100.0,9.0,0.1,10,5.0,0.5472174007162914,0.767314509476953,0.5766092897782835,12100.0,7,849
3b_physical_strong,54,superintelligent,0.9,100,6,0.05,100.0,9.0,0.1,10,5.0,0.5472174007162914,0.767314509476953,0.5766092897782835,1200.0,7,912
3b_physical_strong,54,oracle,1.0,100,6,0.05,100.0,9.0,0.1,10,5.0,0.5472174007162914,0.767314509476953,0.5766092897782835,1100.0,7,912
3b_physical_strong,54,naive,0.009,100,6,0.05,100.0,9.0,0.1,10,5.0,0.5472174007162914,0.767314509476953,0.5969618610599247,91400.0,11,883
3b_physical_strong,54,random,0.0009,100,6,0.05,100.0,9.0,0.1,10,5.0,0.5472174007162914,0.767314509476953,0.5876580587577275,90200.0,8,892
3b_physical_strong,55,regular,0.1,100,6,0.05,100.0,9.0,0.1,10,5.0,0.5198492272278179,0.7564408139651949,0.579829494470407,10500.0,9,902
3b_physical_strong,55,superintelligent,0.9,100,6,0.05,100.0,9.0,0.1,10,5.0,0.5198492272278179,0.7564408139651949,0.579829494470407,1700.0,9,916
3b_physical_strong,55,oracle,1.0,100,6,0.05,100.0,9.0,0.1,10,5.0,0.5198492272278179,0.7564408139651949,0.579829494470407,1700.0,9,916
3b_physical_strong,55,naive,0.009,100,6,0.05,100.0,9.0,0.1,10,5.0,0.5198492272278179,0.7564408139651949,0.6078395053729084,62200.0,13,853
3b_physical_strong,55,random,0.0009,100,6,0.05,100.0,9.0,0.1,10,5.0,0.5198492272278179,0.7564408139651949,0.5842658136177477,92500.0,10,903
3b_physical_strong,56,regular,0.1,100,6,0.05,100.0,9.0,0.1,10,5.0,0.5219512422483178,0.752995795076888,0.5817138065275651,8700.0,8,869
3b_physical_strong,56,superintelligent,0.9,100,6,0.05,100.0,9.0,0.1,10,5.0,0.5219512422483178,0.752995795076888,0.5817138065275651,2000.0,8,913
3b_physical_strong,56,oracle,1.0,100,6,0.05,100.0,9.0,0.1,10,5.0,0.5219512422483178,0.752995795076888,0.5817138065275651,2000.0,8,913
3b_physical_strong,56,naive,0.009,100,6,0.05,100.0,9.0,0.1,10,5.0,0.5219512422483178,0.752995795076888,0.5774217167176283,46900.0,7,865
3b_physical_strong,56,random,0.0009,100,6,0.05,100.0,9.0,0.1,10,5.0,0.5219512422483178,0.752995795076888,0.5629237282918855,73400.0,7,809
3b_physical_strong,57,regular,0.1,100,6,0.05,100.0,9.0,0.1,10,5.0,0.4837789092703572,0.7504029659007978,0.5839115615259836,15200.0,12,873
3b_physical_strong,57,superintelligent,0.9,100,6,0.05,100.0,9.0,0.1,10,5.0,0.4837789092703572,0.7504029659007978,0.5839115615259836,3600.0,12,916
3b_physical_strong,57,oracle,1.0,100,6,0.05,100.0,9.0,0.1,10,5.0,0.4837789092703572,0.7504029659007978,0.5839115615259836,3600.0,12,916
3b_physical_strong,57,naive,0.009,100,6,0.05,100.0,9.0,0.1,10,5.0,0.4837789092703572,0.7504029659007978,0.5626389576197957,49800.0,9,744
3b_physical_strong,57,random,0.0009,100,6,0.05,100.0,9.0,0.1,10,5.0,0.4837789092703572,0.7504029659007978,0.5620196013988515,95600.0,11,913
3b_physical_strong,58,regular,0.1,100,6,0.05,100.0,9.0,0.1,10,5.0,0.4541861378608013,0.7607821329425665,0.6406827006053541,24000.0,21,823
3b_physical_strong,58,superintelligent,0.9,100,6,0.05,100.0,9.0,0.1,10,5.0,0.4541861378608013,0.7607821329425665,0.6585129070213123,3300.0,21,918
3b_physical_strong,58,oracle,1.0,100,6,0.05,100.0,9.0,0.1,10,5.0,0.4541861378608013,0.7607821329425665,0.6585129070213123,2900.0,21,918
3b_physical_strong,58,naive,0.009,100,6,0.05,100.0,9.0,0.1,10,5.0,0.4541861378608013,0.7607821329425665,0.5972636432140233,79000.0,14,917
3b_physical_strong,58,random,0.0009,100,6,0.05,100.0,9.0,0.1,10,5.0,0.4541861378608013,0.7607821329425665,0.6312735816272991,93200.0,24,893
3b_physical_strong,59,regular,0.1,100,6,0.05,100.0,9.0,0.1,10,5.0,0.4940206316773774,0.7561824283466936,0.5598145164246116,6900.0,9,745
3b_physical_strong,59,superintelligent,0.9,100,6,0.05,100.0,9.0,0.1,10,5.0,0.4940206316773774,0.7561824283466936,0.5598145164246116,1400.0,9,913
3b_physical_strong,59,oracle,1.0,100,6,0.05,100.0,9.0,0.1,10,5.0,0.4940206316773774,0.7561824283466936,0.5598145164246116,1300.0,9,913
3b_physical_strong,59,naive,0.009,100,6,0.05,100.0,9.0,0.1,10,5.0,0.4940206316773774,0.7561824283466936,0.5848725355250608,71900.0,11,866
3b_physical_strong,59,random,0.0009,100,6,0.05,100.0,9.0,0.1,10,5.0,0.4940206316773774,0.7561824283466936,0.5517565796459264,75700.0,9,846
3b_physical_strong,60,regular,0.1,100,6,0.05,100.0,9.0,0.1,10,5.0,0.44094520543805177,0.7457202086231505,0.5342074730851992,7600.0,10,904
3b_physical_strong,60,superintelligent,0.9,100,6,0.05,100.0,9.0,0.1,10,5.0,0.44094520543805177,0.7457202086231505,0.5342074730851992,2000.0,10,908
3b_physical_strong,60,oracle,1.0,100,6,0.05,100.0,9.0,0.1,10,5.0,0.44094520543805177,0.7457202086231505,0.5342074730851992,1800.0,10,908
3b_physical_strong,60,naive,0.009,100,6,0.05,100.0,9.0,0.1,10,5.0,0.44094520543805177,0.7457202086231505,0.5582247598433155,91700.0,16,882
3b_physical_strong,60,random,0.0009,100,6,0.05,100.0,9.0,0.1,10,5.0,0.44094520543805177,0.7457202086231505,0.5030127868421288,93400.0,6,904
3b_physical_strong,61,regular,0.1,100,6,0.05,100.0,9.0,0.1,10,5.0,0.5403044219312174,0.7573976160724215,0.602788417242655,3600.0,5,867
3b_physical_strong,61,superintelligent,0.9,100,6,0.05,100.0,9.0,0.1,10,5.0,0.5403044219312174,0.7573976160724215,0.602788417242655,800.0,5,913
3b_physical_strong,61,oracle,1.0,100,6,0.05,100.0,9.0,0.1,10,5.0,0.5403044219312174,0.7573976160724215,0.602788417242655,500.0,5,913
3b_physical_strong,61,naive,0.009,100,6,0.05,100.0,9.0,0.1,10,5.0,0.5403044219312174,0.7573976160724215,0.6004220408501165,54100.0,8,833
3b_physical_strong,61,random,0.0009,100,6,0.05,100.0,9.0,0.1,10,5.0,0.5403044219312174,0.7573976160724215,0.602788417242655,75900.0,5,885
3b_physical_strong,62,regular,0.1,100,6,0.05,100.0,9.0,0.1,10,5.0,0.4902051678785426,0.7467282143950392,0.5702631282130359,9100.0,9,783
3b_physical_strong,62,superintelligent,0.9,100,6,0.05,100.0,9.0,0.1,10,5.0,0.4902051678785426,0.7467282143950392,0.5702631282130359,1800.0,9,913
3b_physical_strong,62,oracle,1.0,100,6,0.05,100.0,9.0,0.1,10,5.0,0.4902051678785426,0.7467282143950392,0.5702631282130359,1700.0,9,913
3b_physical_strong,62,naive,0.009,100,6,0.05,100.0,9.0,0.1,10,5.0,0.4902051678785426,0.7467282143950392,0.5520396106567458,65600.0,7,909
3b_physical_strong,62,random,0.0009,100,6,0.05,100.0,9.0,0.1,10,5.0,0.4902051678785426,0.7467282143950392,0.5581662373990186,91700.0,11,911
3b_physical_strong,63,regular,0.1,100,6,0.05,100.0,9.0,0.1,10,5.0,0.4893190140476981,0.760380461826966,0.5625256351921064,10100.0,7,896
3b_physical_strong,63,superintelligent,0.9,100,6,0.05,100.0,9.0,0.1,10,5.0,0.4893190140476981,0.760380461826966,0.5625256351921064,1900.0,7,915
3b_physical_strong,63,oracle,1.0,100,6,0.05,100.0,9.0,0.1,10,5.0,0.4893190140476981,0.760380461826966,0.5625256351921064,1900.0,7,915
3b_physical_strong,63,naive,0.009,100,6,0.05,100.0,9.0,0.1,10,5.0,0.4893190140476981,0.760380461826966,0.5520065351657718,43600.0,6,838
3b_physical_strong,63,random,0.0009,100,6,0.05,100.0,9.0,0.1,10,5.0,0.4893190140476981,0.760380461826966,0.5661676404184484,87100.0,7,906
3b_physical_strong,64,regular,0.1,100,6,0.05,100.0,9.0,0.1,10,5.0,0.4666342080287288,0.7521780653057553,0.6026608973798254,8400.0,16,876
3b_physical_strong,64,superintelligent,0.9,100,6,0.05,100.0,9.0,0.1,10,5.0,0.4666342080287288,0.7521780653057553,0.6026608973798254,3800.0,16,914
3b_physical_strong,64,oracle,1.0,100,6,0.05,100.0,9.0,0.1,10,5.0,0.4666342080287288,0.7521780653057553,0.6026608973798254,3600.0,16,914
3b_physical_strong,64,naive,0.009,100,6,0.05,100.0,9.0,0.1,10,5.0,0.4666342080287288,0.7521780653057553,0.5868287737299692,49100.0,12,839
3b_physical_strong,64,random,0.0009,100,6,0.05,100.0,9.0,0.1,10,5.0,0.4666342080287288,0.7521780653057553,0.5737010525862809,93700.0,11,908
3b_physical_strong,65,regular,0.1,100,6,0.05,100.0,9.0,0.1,10,5.0,0.5019821811205235,0.7571383663067485,0.5908856517503664,20300.0,12,698
3b_physical_strong,65,superintelligent,0.9,100,6,0.05,100.0,9.0,0.1,10,5.0,0.5019821811205235,0.7571383663067485,0.5908856517503664,2100.0,12,907
3b_physical_strong,65,oracle,1.0,100,6,0.05,100.0,9.0,0.1,10,5.0,0.5019821811205235,0.7571383663067485,0.5908856517503664,2000.0,12,907
3b_physical_strong,65,naive,0.009,100,6,0.05,100.0,9.0,0.1,10,5.0,0.5019821811205235,0.7571383663067485,0.5751740904580624,29400.0,8,884
3b_physical_strong,65,random,0.0009,100,6,0.05,100.0,9.0,0.1,10,5.0,0.5019821811205235,0.7571383663067485,0.5818725279184963,78600.0,9,761
3b_physical_strong,66,regular,0.1,100,6,0.05,100.0,9.0,0.1,10,5.0,0.49202497160956044,0.7485894320907666,0.6081910141569447,8800.0,10,868
3b_physical_strong,66,superintelligent,0.9,100,6,0.05,100.0,9.0,0.1,10,5.0,0.49202497160956044,0.7485894320907666,0.609557872754536,2900.0,11,911
3b_physical_strong,66,oracle,1.0,100,6,0.05,100.0,9.0,0.1,10,5.0,0.49202497160956044,0.7485894320907666,0.609557872754536,2700.0,11,911
3b_physical_strong,66,naive,0.009,100,6,0.05,100.0,9.0,0.1,10,5.0,0.49202497160956044,0.7485894320907666,0.5980169521884529,62800.0,11,873
3b_physical_strong,66,random,0.0009,100,6,0.05,100.0,9.0,0.1,10,5.0,0.49202497160956044,0.7485894320907666,0.5946096919740497,77100.0,9,880
3b_physical_strong,67,regular,0.1,100,6,0.05,100.0,9.0,0.1,10,5.0,0.5198657357884452,0.7465701064206824,0.5751560538280486,5600.0,8,915
3b_physical_strong,67,superintelligent,0.9,100,6,0.05,100.0,9.0,0.1,10,5.0,0.5198657357884452,0.7465701064206824,0.5751560538280486,800.0,8,916
3b_physical_strong,67,oracle,1.0,100,6,0.05,100.0,9.0,0.1,10,5.0,0.5198657357884452,0.7465701064206824,0.5751560538280486,800.0,8,916
3b_physical_strong,67,naive,0.009,100,6,0.05,100.0,9.0,0.1,10,5.0,0.5198657357884452,0.7465701064206824,0.5731384214588754,46700.0,7,866
3b_physical_strong,67,random,0.0009,100,6,0.05,100.0,9.0,0.1,10,5.0,0.5198657357884452,0.7465701064206824,0.5805046247176178,90300.0,12,914
3b_physical_strong,68,regular,0.1,100,6,0.05,100.0,9.0,0.1,10,5.0,0.49791138829471804,0.752127198539145,0.6146846376355346,19000.0,18,875
3b_physical_strong,68,superintelligent,0.9,100,6,0.05,100.0,9.0,0.1,10,5.0,0.49791138829471804,0.752127198539145,0.6146846376355346,4100.0,18,915
3b_physical_strong,68,oracle,1.0,100,6,0.05,100.0,9.0,0.1,10,5.0,0.49791138829471804,0.752127198539145,0.6146846376355346,3800.0,18,915
3b_physical_strong,68,naive,0.009,100,6,0.05,100.0,9.0,0.1,10,5.0,0.49791138829471804,0.752127198539145,0.6006096873104979,77400.0,13,894
3b_physical_strong,68,random,0.0009,100,6,0.05,100.0,9.0,0.1,10,5.0,0.49791138829471804,0.752127198539145,0.6007231975157531,95300.0,14,915
3b_physical_strong,69,regular,0.1,100,6,0.05,100.0,9.0,0.1,10,5.0,0.4949732959747336,0.7510173244426693,0.5775231553838934,18800.0,14,857
3b_physical_strong,69,superintelligent,0.9,100,6,0.05,100.0,9.0,0.1,10,5.0,0.4949732959747336,0.7510173244426693,0.5775231553838934,1900.0,14,916
3b_physical_strong,69,oracle,1.0,100,6,0.05,100.0,9.0,0.1,10,5.0,0.4949732959747336,0.7510173244426693,0.5775231553838934,1800.0,14,916
3b_physical_strong,69,naive,0.009,100,6,0.05,100.0,9.0,0.1,10,5.0,0.4949732959747336,0.7510173244426693,0.5544134730597458,34900.0,7,869
3b_physical_strong,69,random,0.0009,100,6,0.05,100.0,9.0,0.1,10,5.0,0.4949732959747336,0.7510173244426693,0.5537657094190762,81100.0,9,907
3b_physical_strong,70,regular,0.1,100,6,0.05,100.0,9.0,0.1,10,5.0,0.49699816056528207,0.746747447920913,0.5282128379634956,2400.0,3,742
3b_physical_strong,70,superintelligent,0.9,100,6,0.05,100.0,9.0,0.1,10,5.0,0.49699816056528207,0.746747447920913,0.5282128379634956,700.0,3,914
3b_physical_strong,70,oracle,1.0,100,6,0.05,100.0,9.0,0.1,10,5.0,0.49699816056528207,0.746747447920913,0.5282128379634956,700.0,3,914
3b_physical_strong,70,naive,0.009,100,6,0.05,100.0,9.0,0.1,10,5.0,0.49699816056528207,0.746747447920913,0.5282128379634956,15200.0,3,863
3b_physical_strong,70,random,0.0009,100,6,0.05,100.0,9.0,0.1,10,5.0,0.49699816056528207,0.746747447920913,0.5440440459150124,70200.0,6,826
3b_physical_strong,71,regular,0.1,100,6,0.05,100.0,9.0,0.1,10,5.0,0.5346194881830415,0.7438853226859669,0.5865473814987368,13200.0,9,884
3b_physical_strong,71,superintelligent,0.9,100,6,0.05,100.0,9.0,0.1,10,5.0,0.5346194881830415,0.7438853226859669,0.5865473814987368,2500.0,9,914
3b_physical_strong,71,oracle,1.0,100,6,0.05,100.0,9.0,0.1,10,5.0,0.5346194881830415,0.7438853226859669,0.5865473814987368,2500.0,9,914
3b_physical_strong,71,naive,0.009,100,6,0.05,100.0,9.0,0.1,10,5.0,0.5346194881830415,0.7438853226859669,0.5902514973533642,92500.0,8,889
3b_physical_strong,71,random,0.0009,100,6,0.05,100.0,9.0,0.1,10,5.0,0.5346194881830415,0.7438853226859669,0.5864414052844882,91200.0,6,904
3b_physical_strong,72,regular,0.1,100,6,0.05,100.0,9.0,0.1,10,5.0,0.4703900900950606,0.7632386201578183,0.6005780931408399,16500.0,14,910
3b_physical_strong,72,superintelligent,0.9,100,6,0.05,100.0,9.0,0.1,10,5.0,0.4703900900950606,0.7632386201578183,0.5988422547558505,2300.0,15,910
3b_physical_strong,72,oracle,1.0,100,6,0.05,100.0,9.0,0.1,10,5.0,0.4703900900950606,0.7632386201578183,0.5988422547558505,2300.0,15,910
3b_physical_strong,72,naive,0.009,100,6,0.05,100.0,9.0,0.1,10,5.0,0.4703900900950606,0.7632386201578183,0.5988422547558505,77200.0,15,829
3b_physical_strong,72,random,0.0009,100,6,0.05,100.0,9.0,0.1,10,5.0,0.4703900900950606,0.7632386201578183,0.576481666312253,82400.0,11,861
3b_physical_strong,73,regular,0.1,100,6,0.05,100.0,9.0,0.1,10,5.0,0.5011804553265989,0.7600375964899712,0.6158877466514814,10900.0,11,879
3b_physical_strong,73,superintelligent,0.9,100,6,0.05,100.0,9.0,0.1,10,5.0,0.5011804553265989,0.7600375964899712,0.6158877466514814,2800.0,11,915
3b_physical_strong,73,oracle,1.0,100,6,0.05,100.0,9.0,0.1,10,5.0,0.5011804553265989,0.7600375964899712,0.6158877466514814,2700.0,11,915
3b_physical_strong,73,naive,0.009,100,6,0.05,100.0,9.0,0.1,10,5.0,0.5011804553265989,0.7600375964899712,0.6235071730362928,66500.0,14,797
3b_physical_strong,73,random,0.0009,100,6,0.05,100.0,9.0,0.1,10,5.0,0.5011804553265989,0.7600375964899712,0.6135048756554042,83600.0,11,869
3b_physical_strong,74,regular,0.1,100,6,0.05,100.0,9.0,0.1,10,5.0,0.514676543939313,0.7587483184321197,0.5364075373412183,1600.0,3,893
3b_physical_strong,74,superintelligent,0.9,100,6,0.05,100.0,9.0,0.1,10,5.0,0.514676543939313,0.7587483184321197,0.5364075373412183,300.0,3,908
3b_physical_strong,74,oracle,1.0,100,6,0.05,100.0,9.0,0.1,10,5.0,0.514676543939313,0.7587483184321197,0.5364075373412183,300.0,3,908
3b_physical_strong,74,naive,0.009,100,6,0.05,100.0,9.0,0.1,10,5.0,0.514676543939313,0.7587483184321197,0.5653689335648399,61800.0,5,877
3b_physical_strong,74,random,0.0009,100,6,0.05,100.0,9.0,0.1,10,5.0,0.514676543939313,0.7587483184321197,0.5730327643152797,86800.0,7,905
3b_physical_strong,75,regular,0.1,100,6,0.05,100.0,9.0,0.1,10,5.0,0.46834095871770054,0.7592208407762024,0.5408843510017372,18500.0,11,910
3b_physical_strong,75,superintelligent,0.9,100,6,0.05,100.0,9.0,0.1,10,5.0,0.46834095871770054,0.7592208407762024,0.5408843510017372,2300.0,11,913
3b_physical_strong,75,oracle,1.0,100,6,0.05,100.0,9.0,0.1,10,5.0,0.46834095871770054,0.7592208407762024,0.5408843510017372,1900.0,11,913
3b_physical_strong,75,naive,0.009,100,6,0.05,100.0,9.0,0.1,10,5.0,0.46834095871770054,0.7592208407762024,0.5343003354021107,91100.0,10,885
3b_physical_strong,75,random,0.0009,100,6,0.05,100.0,9.0,0.1,10,5.0,0.46834095871770054,0.7592208407762024,0.53768632566863,89100.0,9,888
3b_physical_strong,76,regular,0.1,100,6,0.05,100.0,9.0,0.1,10,5.0,0.5149763025659049,0.7532551114010262,0.6282946703376102,7400.0,10,769
3b_physical_strong,76,superintelligent,0.9,100,6,0.05,100.0,9.0,0.1,10,5.0,0.5149763025659049,0.7532551114010262,0.6587393097095124,1600.0,12,913
3b_physical_strong,76,oracle,1.0,100,6,0.05,100.0,9.0,0.1,10,5.0,0.5149763025659049,0.7532551114010262,0.6587393097095124,1600.0,12,913
3b_physical_strong,76,naive,0.009,100,6,0.05,100.0,9.0,0.1,10,5.0,0.5149763025659049,0.7532551114010262,0.638084732947974,63300.0,9,908
3b_physical_strong,76,random,0.0009,100,6,0.05,100.0,9.0,0.1,10,5.0,0.5149763025659049,0.7532551114010262,0.6228476401881254,76400.0,9,900
3b_physical_strong,77,regular,0.1,100,6,0.05,100.0,9.0,0.1,10,5.0,0.5171853395456815,0.7711515809771677,0.5435140167988295,3800.0,3,908
3b_physical_strong,77,superintelligent,0.9,100,6,0.05,100.0,9.0,0.1,10,5.0,0.5171853395456815,0.7711515809771677,0.5435140167988295,700.0,3,912
3b_physical_strong,77,oracle,1.0,100,6,0.05,100.0,9.0,0.1,10,5.0,0.5171853395456815,0.7711515809771677,0.5435140167988295,700.0,3,912
3b_physical_strong,77,naive,0.009,100,6,0.05,100.0,9.0,0.1,10,5.0,0.5171853395456815,0.7711515809771677,0.5435140167988295,12900.0,3,904
3b_physical_strong,77,random,0.0009,100,6,0.05,100.0,9.0,0.1,10,5.0,0.5171853395456815,0.7711515809771677,0.5435140167988295,76100.0,3,815
3b_physical_strong,78,regular,0.1,100,6,0.05,100.0,9.0,0.1,10,5.0,0.5158753497794447,0.7592684877884297,0.5448795882715135,3200.0,5,911
3b_physical_strong,78,superintelligent,0.9,100,6,0.05,100.0,9.0,0.1,10,5.0,0.5158753497794447,0.7592684877884297,0.5448795882715135,900.0,5,912
3b_physical_strong,78,oracle,1.0,100,6,0.05,100.0,9.0,0.1,10,5.0,0.5158753497794447,0.7592684877884297,0.5448795882715135,900.0,5,912
3b_physical_strong,78,naive,0.009,100,6,0.05,100.0,9.0,0.1,10,5.0,0.5158753497794447,0.7592684877884297,0.5448795882715135,28200.0,5,862
3b_physical_strong,78,random,0.0009,100,6,0.05,100.0,9.0,0.1,10,5.0,0.5158753497794447,0.7592684877884297,0.5374282502035889,63500.0,5,904
3b_physical_strong,79,regular,0.1,100,6,0.05,100.0,9.0,0.1,10,5.0,0.482752658747999,0.7532824966465657,0.5266402908469352,6000.0,8,745
3b_physical_strong,79,superintelligent,0.9,100,6,0.05,100.0,9.0,0.1,10,5.0,0.482752658747999,0.7532824966465657,0.5355964225601608,1100.0,6,909
3b_physical_strong,79,oracle,1.0,100,6,0.05,100.0,9.0,0.1,10,5.0,0.482752658747999,0.7532824966465657,0.5355964225601608,1000.0,6,909
3b_physical_strong,79,naive,0.009,100,6,0.05,100.0,9.0,0.1,10,5.0,0.482752658747999,0.7532824966465657,0.5319374904620744,44500.0,5,902
3b_physical_strong,79,random,0.0009,100,6,0.05,100.0,9.0,0.1,10,5.0,0.482752658747999,0.7532824966465657,0.5196505336060281,74200.0,5,895
3b_physical_strong,80,regular,0.1,100,6,0.05,100.0,9.0,0.1,10,5.0,0.4954271554030047,0.7534125544510252,0.5880542708988118,14400.0,13,908
3b_physical_strong,80,superintelligent,0.9,100,6,0.05,100.0,9.0,0.1,10,5.0,0.4954271554030047,0.7534125544510252,0.6095396537636705,3300.0,17,916
3b_physical_strong,80,oracle,1.0,100,6,0.05,100.0,9.0,0.1,10,5.0,0.4954271554030047,0.7534125544510252,0.6095396537636705,3300.0,17,916
3b_physical_strong,80,naive,0.009,100,6,0.05,100.0,9.0,0.1,10,5.0,0.4954271554030047,0.7534125544510252,0.5704026869637145,67000.0,12,839
3b_physical_strong,80,random,0.0009,100,6,0.05,100.0,9.0,0.1,10,5.0,0.4954271554030047,0.7534125544510252,0.6129024537606129,94900.0,18,913
3b_physical_strong,81,regular,0.1,100,6,0.05,100.0,9.0,0.1,10,5.0,0.49199901985228245,0.7660170323257618,0.5774444935231071,8700.0,7,915
3b_physical_strong,81,superintelligent,0.9,100,6,0.05,100.0,9.0,0.1,10,5.0,0.49199901985228245,0.7660170323257618,0.5774444935231071,900.0,7,918
3b_physical_strong,81,oracle,1.0,100,6,0.05,100.0,9.0,0.1,10,5.0,0.49199901985228245,0.7660170323257618,0.5774444935231071,700.0,7,918
3b_physical_strong,81,naive,0.009,100,6,0.05,100.0,9.0,0.1,10,5.0,0.49199901985228245,0.7660170323257618,0.565435682635275,66800.0,11,778
3b_physical_strong,81,random,0.0009,100,6,0.05,100.0,9.0,0.1,10,5.0,0.49199901985228245,0.7660170323257618,0.5787898803627212,76300.0,10,896
3b_physical_strong,82,regular,0.1,100,6,0.05,100.0,9.0,0.1,10,5.0,0.5323026791464612,0.766684948356429,0.5710470844283269,6100.0,6,794
3b_physical_strong,82,superintelligent,0.9,100,6,0.05,100.0,9.0,0.1,10,5.0,0.5323026791464612,0.766684948356429,0.5710470844283269,1000.0,6,909
3b_physical_strong,82,oracle,1.0,100,6,0.05,100.0,9.0,0.1,10,5.0,0.5323026791464612,0.766684948356429,0.5710470844283269,1000.0,6,909
3b_physical_strong,82,naive,0.009,100,6,0.05,100.0,9.0,0.1,10,5.0,0.5323026791464612,0.766684948356429,0.5700005058391461,75000.0,7,879
3b_physical_strong,82,random,0.0009,100,6,0.05,100.0,9.0,0.1,10,5.0,0.5323026791464612,0.766684948356429,0.5674357733820794,86600.0,10,832
3b_physical_strong,83,regular,0.1,100,6,0.05,100.0,9.0,0.1,10,5.0,0.509924252746481,0.7544261080517557,0.5611455979374204,8500.0,9,878
3b_physical_strong,83,superintelligent,0.9,100,6,0.05,100.0,9.0,0.1,10,5.0,0.509924252746481,0.7544261080517557,0.5611455979374204,2500.0,9,910
3b_physical_strong,83,oracle,1.0,100,6,0.05,100.0,9.0,0.1,10,5.0,0.509924252746481,0.7544261080517557,0.5611455979374204,2500.0,9,910
3b_physical_strong,83,naive,0.009,100,6,0.05,100.0,9.0,0.1,10,5.0,0.509924252746481,0.7544261080517557,0.5853351218715214,89100.0,11,904
3b_physical_strong,83,random,0.0009,100,6,0.05,100.0,9.0,0.1,10,5.0,0.509924252746481,0.7544261080517557,0.5513225058712806,91800.0,7,911
3b_physical_strong,84,regular,0.1,100,6,0.05,100.0,9.0,0.1,10,5.0,0.46409468190422287,0.7530254551762682,0.5240038936262209,2700.0,6,894
3b_physical_strong,84,superintelligent,0.9,100,6,0.05,100.0,9.0,0.1,10,5.0,0.46409468190422287,0.7530254551762682,0.5240038936262209,600.0,6,909
3b_physical_strong,84,oracle,1.0,100,6,0.05,100.0,9.0,0.1,10,5.0,0.46409468190422287,0.7530254551762682,0.5240038936262209,600.0,6,909
3b_physical_strong,84,naive,0.009,100,6,0.05,100.0,9.0,0.1,10,5.0,0.46409468190422287,0.7530254551762682,0.5240038936262209,27500.0,6,861
3b_physical_strong,84,random,0.0009,100,6,0.05,100.0,9.0,0.1,10,5.0,0.46409468190422287,0.7530254551762682,0.5567786607808957,84300.0,10,886
3b_physical_strong,85,regular,0.1,100,6,0.05,100.0,9.0,0.1,10,5.0,0.5465408528953941,0.7478127619577566,0.5925781380043679,8000.0,7,893
3b_physical_strong,85,superintelligent,0.9,100,6,0.05,100.0,9.0,0.1,10,5.0,0.5465408528953941,0.7478127619577566,0.5925781380043679,1600.0,7,915
3b_physical_strong,85,oracle,1.0,100,6,0.05,100.0,9.0,0.1,10,5.0,0.5465408528953941,0.7478127619577566,0.5925781380043679,1500.0,7,915
3b_physical_strong,85,naive,0.009,100,6,0.05,100.0,9.0,0.1,10,5.0,0.5465408528953941,0.7478127619577566,0.5925781380043679,38100.0,7,864
3b_physical_strong,85,random,0.0009,100,6,0.05,100.0,9.0,0.1,10,5.0,0.5465408528953941,0.7478127619577566,0.6048921895193635,92500.0,10,918
3b_physical_strong,86,regular,0.1,100,6,0.05,100.0,9.0,0.1,10,5.0,0.469072205574825,0.7521332899793803,0.5273906294807156,9600.0,8,769
3b_physical_strong,86,superintelligent,0.9,100,6,0.05,100.0,9.0,0.1,10,5.0,0.469072205574825,0.7521332899793803,0.5273906294807156,1300.0,8,910
3b_physical_strong,86,oracle,1.0,100,6,0.05,100.0,9.0,0.1,10,5.0,0.469072205574825,0.7521332899793803,0.5273906294807156,1200.0,8,910
3b_physical_strong,86,naive,0.009,100,6,0.05,100.0,9.0,0.1,10,5.0,0.469072205574825,0.7521332899793803,0.5273906294807156,41000.0,8,816
3b_physical_strong,86,random,0.0009,100,6,0.05,100.0,9.0,0.1,10,5.0,0.469072205574825,0.7521332899793803,0.5257728317915891,90200.0,6,903
3b_physical_strong,87,regular,0.1,100,6,0.05,100.0,9.0,0.1,10,5.0,0.5454657107038807,0.7649294831281515,0.6309509964246984,7600.0,13,868
3b_physical_strong,87,superintelligent,0.9,100,6,0.05,100.0,9.0,0.1,10,5.0,0.5454657107038807,0.7649294831281515,0.6309509964246984,1800.0,13,911
3b_physical_strong,87,oracle,1.0,100,6,0.05,100.0,9.0,0.1,10,5.0,0.5454657107038807,0.7649294831281515,0.6309509964246984,1700.0,13,911
3b_physical_strong,87,naive,0.009,100,6,0.05,100.0,9.0,0.1,10,5.0,0.5454657107038807,0.7649294831281515,0.60799478564046,74900.0,10,900
3b_physical_strong,87,random,0.0009,100,6,0.05,100.0,9.0,0.1,10,5.0,0.5454657107038807,0.7649294831281515,0.5785478173366281,71300.0,7,913
3b_physical_strong,88,regular,0.1,100,6,0.05,100.0,9.0,0.1,10,5.0,0.48677624763699096,0.7497609111915192,0.5465566709284584,7500.0,9,881
3b_physical_strong,88,superintelligent,0.9,100,6,0.05,100.0,9.0,0.1,10,5.0,0.48677624763699096,0.7497609111915192,0.5465566709284584,2600.0,9,913
3b_physical_strong,88,oracle,1.0,100,6,0.05,100.0,9.0,0.1,10,5.0,0.48677624763699096,0.7497609111915192,0.5465566709284584,2500.0,9,913
3b_physical_strong,88,naive,0.009,100,6,0.05,100.0,9.0,0.1,10,5.0,0.48677624763699096,0.7497609111915192,0.5465566709284584,78900.0,9,890
3b_physical_strong,88,random,0.0009,100,6,0.05,100.0,9.0,0.1,10,5.0,0.48677624763699096,0.7497609111915192,0.5380542207464777,83200.0,7,853
3b_physical_strong,89,regular,0.1,100,6,0.05,100.0,9.0,0.1,10,5.0,0.5019941322812703,0.7531897757745797,0.5764859459353056,6800.0,9,855
3b_physical_strong,89,superintelligent,0.9,100,6,0.05,100.0,9.0,0.1,10,5.0,0.5019941322812703,0.7531897757745797,0.5764859459353056,2200.0,9,912
3b_physical_strong,89,oracle,1.0,100,6,0.05,100.0,9.0,0.1,10,5.0,0.5019941322812703,0.7531897757745797,0.5764859459353056,2100.0,9,912
3b_physical_strong,89,naive,0.009,100,6,0.05,100.0,9.0,0.1,10,5.0,0.5019941322812703,0.7531897757745797,0.5637210453243903,66500.0,12,852
3b_physical_strong,89,random,0.0009,100,6,0.05,100.0,9.0,0.1,10,5.0,0.5019941322812703,0.7531897757745797,0.57564575607076,56200.0,7,837
3b_physical_strong,90,regular,0.1,100,6,0.05,100.0,9.0,0.1,10,5.0,0.5150627051176958,0.761252247372236,0.5860038185525708,15300.0,8,917
3b_physical_strong,90,superintelligent,0.9,100,6,0.05,100.0,9.0,0.1,10,5.0,0.5150627051176958,0.761252247372236,0.5860038185525708,1800.0,8,917
3b_physical_strong,90,oracle,1.0,100,6,0.05,100.0,9.0,0.1,10,5.0,0.5150627051176958,0.761252247372236,0.5860038185525708,1600.0,8,917
3b_physical_strong,90,naive,0.009,100,6,0.05,100.0,9.0,0.1,10,5.0,0.5150627051176958,0.761252247372236,0.5766043229108256,74500.0,9,898
3b_physical_strong,90,random,0.0009,100,6,0.05,100.0,9.0,0.1,10,5.0,0.5150627051176958,0.761252247372236,0.5582330617517386,74200.0,6,825
3b_physical_strong,91,regular,0.1,100,6,0.05,100.0,9.0,0.1,10,5.0,0.47303583540222094,0.7459900643093677,0.5660528073312932,16400.0,14,860
3b_physical_strong,91,superintelligent,0.9,100,6,0.05,100.0,9.0,0.1,10,5.0,0.47303583540222094,0.7459900643093677,0.5708013770912368,2400.0,15,909
3b_physical_strong,91,oracle,1.0,100,6,0.05,100.0,9.0,0.1,10,5.0,0.47303583540222094,0.7459900643093677,0.5708013770912368,2300.0,15,909
3b_physical_strong,91,naive,0.009,100,6,0.05,100.0,9.0,0.1,10,5.0,0.47303583540222094,0.7459900643093677,0.5495692742240719,68300.0,11,814
3b_physical_strong,91,random,0.0009,100,6,0.05,100.0,9.0,0.1,10,5.0,0.47303583540222094,0.7459900643093677,0.539605268266619,84000.0,11,865
3b_physical_strong,92,regular,0.1,100,6,0.05,100.0,9.0,0.1,10,5.0,0.5536712818988316,0.7391719064374862,0.5928873529471538,3600.0,4,662
3b_physical_strong,92,superintelligent,0.9,100,6,0.05,100.0,9.0,0.1,10,5.0,0.5536712818988316,0.7391719064374862,0.5928873529471538,1400.0,4,910
3b_physical_strong,92,oracle,1.0,100,6,0.05,100.0,9.0,0.1,10,5.0,0.5536712818988316,0.7391719064374862,0.5928873529471538,1200.0,4,910
3b_physical_strong,92,naive,0.009,100,6,0.05,100.0,9.0,0.1,10,5.0,0.5536712818988316,0.7391719064374862,0.5928873529471538,54600.0,4,899
3b_physical_strong,92,random,0.0009,100,6,0.05,100.0,9.0,0.1,10,5.0,0.5536712818988316,0.7391719064374862,0.5928873529471538,81200.0,4,863
3b_physical_strong,93,regular,0.1,100,6,0.05,100.0,9.0,0.1,10,5.0,0.44908693368595687,0.7547507685699811,0.5382369171000603,12300.0,9,910
3b_physical_strong,93,superintelligent,0.9,100,6,0.05,100.0,9.0,0.1,10,5.0,0.44908693368595687,0.7547507685699811,0.5382369171000603,1000.0,9,910
3b_physical_strong,93,oracle,1.0,100,6,0.05,100.0,9.0,0.1,10,5.0,0.44908693368595687,0.7547507685699811,0.5382369171000603,900.0,9,910
3b_physical_strong,93,naive,0.009,100,6,0.05,100.0,9.0,0.1,10,5.0,0.44908693368595687,0.7547507685699811,0.5304494094228134,88500.0,11,888
3b_physical_strong,93,random,0.0009,100,6,0.05,100.0,9.0,0.1,10,5.0,0.44908693368595687,0.7547507685699811,0.5289530496861476,70000.0,12,764
3b_physical_strong,94,regular,0.1,100,6,0.05,100.0,9.0,0.1,10,5.0,0.5402461651253622,0.7561264553919874,0.5887268650513144,9900.0,6,856
3b_physical_strong,94,superintelligent,0.9,100,6,0.05,100.0,9.0,0.1,10,5.0,0.5402461651253622,0.7561264553919874,0.6065177748712832,1400.0,9,917
3b_physical_strong,94,oracle,1.0,100,6,0.05,100.0,9.0,0.1,10,5.0,0.5402461651253622,0.7561264553919874,0.6065177748712832,1300.0,9,917
3b_physical_strong,94,naive,0.009,100,6,0.05,100.0,9.0,0.1,10,5.0,0.5402461651253622,0.7561264553919874,0.6065177748712832,44800.0,9,858
3b_physical_strong,94,random,0.0009,100,6,0.05,100.0,9.0,0.1,10,5.0,0.5402461651253622,0.7561264553919874,0.5969535311259349,92400.0,7,907
3b_physical_strong,95,regular,0.1,100,6,0.05,100.0,9.0,0.1,10,5.0,0.48551410784519083,0.7661601711414646,0.6180929540283515,9200.0,14,894
3b_physical_strong,95,superintelligent,0.9,100,6,0.05,100.0,9.0,0.1,10,5.0,0.48551410784519083,0.7661601711414646,0.6180929540283515,2700.0,14,914
3b_physical_strong,95,oracle,1.0,100,6,0.05,100.0,9.0,0.1,10,5.0,0.48551410784519083,0.7661601711414646,0.6180929540283515,2600.0,14,914
3b_physical_strong,95,naive,0.009,100,6,0.05,100.0,9.0,0.1,10,5.0,0.48551410784519083,0.7661601711414646,0.6180929540283515,85800.0,14,866
3b_physical_strong,95,random,0.0009,100,6,0.05,100.0,9.0,0.1,10,5.0,0.48551410784519083,0.7661601711414646,0.5915855904764193,91800.0,13,909
3b_physical_strong,96,regular,0.1,100,6,0.05,100.0,9.0,0.1,10,5.0,0.4934699133658957,0.7529810983864494,0.5791213126002688,6300.0,8,909
3b_physical_strong,96,superintelligent,0.9,100,6,0.05,100.0,9.0,0.1,10,5.0,0.4934699133658957,0.7529810983864494,0.5791213126002688,2000.0,8,913
3b_physical_strong,96,oracle,1.0,100,6,0.05,100.0,9.0,0.1,10,5.0,0.4934699133658957,0.7529810983864494,0.5791213126002688,2000.0,8,913
3b_physical_strong,96,naive,0.009,100,6,0.05,100.0,9.0,0.1,10,5.0,0.4934699133658957,0.7529810983864494,0.5684135828715122,72200.0,8,908
3b_physical_strong,96,random,0.0009,100,6,0.05,100.0,9.0,0.1,10,5.0,0.4934699133658957,0.7529810983864494,0.5772495074200825,93900.0,10,909
3b_physical_strong,97,regular,0.1,100,6,0.05,100.0,9.0,0.1,10,5.0,0.49273885214154234,0.7637399746492404,0.5377486431132232,14400.0,12,900
3b_physical_strong,97,superintelligent,0.9,100,6,0.05,100.0,9.0,0.1,10,5.0,0.49273885214154234,0.7637399746492404,0.5377486431132232,3100.0,12,909
3b_physical_strong,97,oracle,1.0,100,6,0.05,100.0,9.0,0.1,10,5.0,0.49273885214154234,0.7637399746492404,0.5377486431132232,2800.0,12,909
3b_physical_strong,97,naive,0.009,100,6,0.05,100.0,9.0,0.1,10,5.0,0.49273885214154234,0.7637399746492404,0.5377486431132232,94600.0,12,906
3b_physical_strong,97,random,0.0009,100,6,0.05,100.0,9.0,0.1,10,5.0,0.49273885214154234,0.7637399746492404,0.5320988433455875,94300.0,11,904
3b_physical_strong,98,regular,0.1,100,6,0.05,100.0,9.0,0.1,10,5.0,0.5250025872911731,0.757314128603726,0.5475234969399092,1200.0,3,833
3b_physical_strong,98,superintelligent,0.9,100,6,0.05,100.0,9.0,0.1,10,5.0,0.5250025872911731,0.757314128603726,0.5475234969399092,300.0,3,913
3b_physical_strong,98,oracle,1.0,100,6,0.05,100.0,9.0,0.1,10,5.0,0.5250025872911731,0.757314128603726,0.5475234969399092,300.0,3,913
3b_physical_strong,98,naive,0.009,100,6,0.05,100.0,9.0,0.1,10,5.0,0.5250025872911731,0.757314128603726,0.5475234969399092,24900.0,3,865
3b_physical_strong,98,random,0.0009,100,6,0.05,100.0,9.0,0.1,10,5.0,0.5250025872911731,0.757314128603726,0.541323407395571,61100.0,2,911
3b_physical_strong,99,regular,0.1,100,6,0.05,100.0,9.0,0.1,10,5.0,0.4754092810496365,0.7438331049366987,0.5623735908277238,13100.0,12,884
3b_physical_strong,99,superintelligent,0.9,100,6,0.05,100.0,9.0,0.1,10,5.0,0.4754092810496365,0.7438331049366987,0.5623735908277238,1800.0,12,911
3b_physical_strong,99,oracle,1.0,100,6,0.05,100.0,9.0,0.1,10,5.0,0.4754092810496365,0.7438331049366987,0.5623735908277238,1600.0,12,911
3b_physical_strong,99,naive,0.009,100,6,0.05,100.0,9.0,0.1,10,5.0,0.4754092810496365,0.7438331049366987,0.5774145896531302,92200.0,14,884
3b_physical_strong,99,random,0.0009,100,6,0.05,100.0,9.0,0.1,10,5.0,0.4754092810496365,0.7438331049366987,0.5415915130734483,94400.0,9,911
