scenario,replication,beta_label,beta,N,K_NK,dag_density,tau_test,noise_ratio,kappa_0,n_choke,tau_auth,initial_fitness,landscape_max,final_fitness,time_to_final_fitness,total_confirmed,total_refuted
0_trivial,0,regular,0.1,100,2,0.01,1.0,0.0,0.7,0,1.0,0.5052510349571896,0.7312545888525528,0.581227095866797,22.0,13,14
0_trivial,0,superintelligent,0.9,100,2,0.01,1.0,0.0,0.7,0,1.0,0.5052510349571896,0.7312545888525528,0.58810465731571,12.0,12,15
0_trivial,0,oracle,1.0,100,2,0.01,1.0,0.0,0.7,0,1.0,0.5052510349571896,0.7312545888525528,0.58810465731571,12.0,12,15
0_trivial,0,naive,0.009,100,2,0.01,1.0,0.0,0.7,0,1.0,0.5052510349571896,0.7312545888525528,0.5841315052816385,25.0,12,14
0_trivial,0,random,0.0009,100,2,0.01,1.0,0.0,0.7,0,1.0,0.5052510349571896,0.7312545888525528,0.5741316099010425,24.0,14,13
0_trivial,1,regular,0.1,100,2,0.01,1.0,0.0,0.7,0,1.0,0.5444676063809769,0.734356419651275,0.6118199409054251,22.0,9,15
0_trivial,1,superintelligent,0.9,100,2,0.01,1.0,0.0,0.7,0,1.0,0.5444676063809769,0.734356419651275,0.6118199409054251,9.0,9,15
0_trivial,1,oracle,1.0,100,2,0.01,1.0,0.0,0.7,0,1.0,0.5444676063809769,0.734356419651275,0.6118199409054251,9.0,9,15
0_trivial,1,naive,0.009,100,2,0.01,1.0,0.0,0.7,0,1.0,0.5444676063809769,0.734356419651275,0.6080915243890489,23.0,10,14
0_trivial,1,random,0.0009,100,2,0.01,1.0,0.0,0.7,0,1.0,0.5444676063809769,0.734356419651275,0.6080915243890489,23.0,10,14
0_trivial,2,regular,0.1,100,2,0.01,1.0,0.0,0.7,0,1.0,0.5419757805361914,0.7461146548667965,0.5757028823123113,19.0,10,10
0_trivial,2,superintelligent,0.9,100,2,0.01,1.0,0.0,0.7,0,1.0,0.5419757805361914,0.7461146548667965,0.5744316965786173,8.0,8,12
0_trivial,2,oracle,1.0,100,2,0.01,1.0,0.0,0.7,0,1.0,0.5419757805361914,0.7461146548667965,0.5744316965786173,8.0,8,12
0_trivial,2,naive,0.009,100,2,0.01,1.0,0.0,0.7,0,1.0,0.5419757805361914,0.7461146548667965,0.5744316965786173,15.0,8,12
0_trivial,2,random,0.0009,100,2,0.01,1.0,0.0,0.7,0,1.0,0.5419757805361914,0.7461146548667965,0.5744316965786173,20.0,8,12
0_trivial,3,regular,0.1,100,2,0.01,1.0,0.0,0.7,0,1.0,0.4880020754078194,0.7424314011442487,0.5401719761110992,21.0,11,12
0_trivial,3,superintelligent,0.9,100,2,0.01,1.0,0.0,0.7,0,1.0,0.4880020754078194,0.7424314011442487,0.540881261404868,13.0,12,11
0_trivial,3,oracle,1.0,100,2,0.01,1.0,0.0,0.7,0,1.0,0.4880020754078194,0.7424314011442487,0.540881261404868,12.0,12,11
0_trivial,3,naive,0.009,100,2,0.01,1.0,0.0,0.7,0,1.0,0.4880020754078194,0.7424314011442487,0.5314291590472081,22.0,11,13
0_trivial,3,random,0.0009,100,2,0.01,1.0,0.0,0.7,0,1.0,0.4880020754078194,0.7424314011442487,0.540881261404868,23.0,12,11
0_trivial,4,regular,0.1,100,2,0.01,1.0,0.0,0.7,0,1.0,0.4725387516622375,0.708860599088063,0.5185814595868584,15.0,8,9
0_trivial,4,superintelligent,0.9,100,2,0.01,1.0,0.0,0.7,0,1.0,0.4725387516622375,0.708860599088063,0.5185814595868584,8.0,8,9
0_trivial,4,oracle,1.0,100,2,0.01,1.0,0.0,0.7,0,1.0,0.4725387516622375,0.708860599088063,0.5185814595868584,8.0,8,9
0_trivial,4,naive,0.009,100,2,0.01,1.0,0.0,0.7,0,1.0,0.4725387516622375,0.708860599088063,0.5185814595868584,16.0,8,9
0_trivial,4,random,0.0009,100,2,0.01,1.0,0.0,0.7,0,1.0,0.4725387516622375,0.708860599088063,0.5185814595868584,15.0,8,9
0_trivial,5,regular,0.1,100,2,0.01,1.0,0.0,0.7,0,1.0,0.4965531994979737,0.7384234148868674,0.535815470070353,21.0,12,13
0_trivial,5,superintelligent,0.9,100,2,0.01,1.0,0.0,0.7,0,1.0,0.4965531994979737,0.7384234148868674,0.5434832906020924,11.0,10,15
0_trivial,5,oracle,1.0,100,2,0.01,1.0,0.0,0.7,0,1.0,0.4965531994979737,0.7384234148868674,0.5434832906020924,10.0,10,15
0_trivial,5,naive,0.009,100,2,0.01,1.0,0.0,0.7,0,1.0,0.4965531994979737,0.7384234148868674,0.5341483850801856,21.0,11,14
0_trivial,5,random,0.0009,100,2,0.01,1.0,0.0,0.7,0,1.0,0.4965531994979737,0.7384234148868674,0.5408441097959983,24.0,10,15
0_trivial,6,regular,0.1,100,2,0.01,1.0,0.0,0.7,0,1.0,0.486004562085817,0.7350100548003061,0.5509006295301525,19.0,10,11
0_trivial,6,superintelligent,0.9,100,2,0.01,1.0,0.0,0.7,0,1.0,0.486004562085817,0.7350100548003061,0.5509006295301525,11.0,10,11
0_trivial,6,oracle,1.0,100,2,0.01,1.0,0.0,0.7,0,1.0,0.486004562085817,0.7350100548003061,0.5509006295301525,10.0,10,11
0_trivial,6,naive,0.009,100,2,0.01,1.0,0.0,0.7,0,1.0,0.486004562085817,0.7350100548003061,0.5509006295301525,20.0,10,11
0_trivial,6,random,0.0009,100,2,0.01,1.0,0.0,0.7,0,1.0,0.486004562085817,0.7350100548003061,0.5509006295301525,21.0,10,11
0_trivial,7,regular,0.1,100,2,0.01,1.0,0.0,0.7,0,1.0,0.49470147676853543,0.7305304503295786,0.5650735567568623,25.0,12,13
0_trivial,7,superintelligent,0.9,100,2,0.01,1.0,0.0,0.7,0,1.0,0.49470147676853543,0.7305304503295786,0.5669280969342283,11.0,10,15
0_trivial,7,oracle,1.0,100,2,0.01,1.0,0.0,0.7,0,1.0,0.49470147676853543,0.7305304503295786,0.5669280969342283,10.0,10,15
0_trivial,7,naive,0.009,100,2,0.01,1.0,0.0,0.7,0,1.0,0.49470147676853543,0.7305304503295786,0.5569918123568931,24.0,12,13
0_trivial,7,random,0.0009,100,2,0.01,1.0,0.0,0.7,0,1.0,0.49470147676853543,0.7305304503295786,0.5548323500400516,25.0,9,16
0_trivial,8,regular,0.1,100,2,0.01,1.0,0.0,0.7,0,1.0,0.4773645105940077,0.7399200263357631,0.5586079014672977,26.0,17,10
0_trivial,8,superintelligent,0.9,100,2,0.01,1.0,0.0,0.7,0,1.0,0.4773645105940077,0.7399200263357631,0.5748310290143217,16.0,15,12
0_trivial,8,oracle,1.0,100,2,0.01,1.0,0.0,0.7,0,1.0,0.4773645105940077,0.7399200263357631,0.5742653449361166,14.0,14,14
0_trivial,8,naive,0.009,100,2,0.01,1.0,0.0,0.7,0,1.0,0.4773645105940077,0.7399200263357631,0.5586440951305846,28.0,13,15
0_trivial,8,random,0.0009,100,2,0.01,1.0,0.0,0.7,0,1.0,0.4773645105940077,0.7399200263357631,0.5582312818104901,24.0,14,13
0_trivial,9,regular,0.1,100,2,0.01,1.0,0.0,0.7,0,1.0,0.5133774607146969,0.7170461711384065,0.5700237182169253,24.0,11,16
0_trivial,9,superintelligent,0.9,100,2,0.01,1.0,0.0,0.7,0,1.0,0.5133774607146969,0.7170461711384065,0.5700965330513053,11.0,10,16
0_trivial,9,oracle,1.0,100,2,0.01,1.0,0.0,0.7,0,1.0,0.5133774607146969,0.7170461711384065,0.5700965330513053,10.0,10,16
0_trivial,9,naive,0.009,100,2,0.01,1.0,0.0,0.7,0,1.0,0.5133774607146969,0.7170461711384065,0.5680751910380506,26.0,9,17
0_trivial,9,random,0.0009,100,2,0.01,1.0,0.0,0.7,0,1.0,0.5133774607146969,0.7170461711384065,0.5640303190288068,26.0,10,16
0_trivial,10,regular,0.1,100,2,0.01,1.0,0.0,0.7,0,1.0,0.5038551568857297,0.740447109215329,0.5428154856144723,24.0,11,13
0_trivial,10,superintelligent,0.9,100,2,0.01,1.0,0.0,0.7,0,1.0,0.5038551568857297,0.740447109215329,0.5456109354221528,11.0,10,13
0_trivial,10,oracle,1.0,100,2,0.01,1.0,0.0,0.7,0,1.0,0.5038551568857297,0.740447109215329,0.5456109354221528,10.0,10,13
0_trivial,10,naive,0.009,100,2,0.01,1.0,0.0,0.7,0,1.0,0.5038551568857297,0.740447109215329,0.5428154856144723,21.0,11,13
0_trivial,10,random,0.0009,100,2,0.01,1.0,0.0,0.7,0,1.0,0.5038551568857297,0.740447109215329,0.5428154856144723,24.0,11,13
0_trivial,11,regular,0.1,100,2,0.01,1.0,0.0,0.7,0,1.0,0.5070792553265419,0.72833049584487,0.516695178162133,19.0,6,17
0_trivial,11,superintelligent,0.9,100,2,0.01,1.0,0.0,0.7,0,1.0,0.5070792553265419,0.72833049584487,0.5186248814913615,5.0,5,17
0_trivial,11,oracle,1.0,100,2,0.01,1.0,0.0,0.7,0,1.0,0.5070792553265419,0.72833049584487,0.5186248814913615,5.0,5,17
0_trivial,11,naive,0.009,100,2,0.01,1.0,0.0,0.7,0,1.0,0.5070792553265419,0.72833049584487,0.516695178162133,17.0,6,17
0_trivial,11,random,0.0009,100,2,0.01,1.0,0.0,0.7,0,1.0,0.5070792553265419,0.72833049584487,0.5186248814913615,18.0,5,17
0_trivial,12,regular,0.1,100,2,0.01,1.0,0.0,0.7,0,1.0,0.47966806711124776,0.7323529216404456,0.5524267164814195,24.0,12,14
0_trivial,12,superintelligent,0.9,100,2,0.01,1.0,0.0,0.7,0,1.0,0.47966806711124776,0.7323529216404456,0.5492137873130138,13.0,12,14
0_trivial,12,oracle,1.0,100,2,0.01,1.0,0.0,0.7,0,1.0,0.47966806711124776,0.7323529216404456,0.5522638386406629,12.0,12,14
0_trivial,12,naive,0.009,100,2,0.01,1.0,0.0,0.7,0,1.0,0.47966806711124776,0.7323529216404456,0.5492137873130138,26.0,12,14
0_trivial,12,random,0.0009,100,2,0.01,1.0,0.0,0.7,0,1.0,0.47966806711124776,0.7323529216404456,0.5524267164814195,26.0,12,14
0_trivial,13,regular,0.1,100,2,0.01,1.0,0.0,0.7,0,1.0,0.4542644422944743,0.730132178182135,0.5810142036455149,26.0,18,8
0_trivial,13,superintelligent,0.9,100,2,0.01,1.0,0.0,0.7,0,1.0,0.4542644422944743,0.730132178182135,0.5856022275759729,17.0,17,9
0_trivial,13,oracle,1.0,100,2,0.01,1.0,0.0,0.7,0,1.0,0.4542644422944743,0.730132178182135,0.5856022275759729,17.0,17,9
0_trivial,13,naive,0.009,100,2,0.01,1.0,0.0,0.7,0,1.0,0.4542644422944743,0.730132178182135,0.5831637975794984,26.0,18,8
0_trivial,13,random,0.0009,100,2,0.01,1.0,0.0,0.7,0,1.0,0.4542644422944743,0.730132178182135,0.578553648813555,26.0,17,9
0_trivial,14,regular,0.1,100,2,0.01,1.0,0.0,0.7,0,1.0,0.551338247570751,0.7565598419040942,0.6060485524680823,23.0,7,16
0_trivial,14,superintelligent,0.9,100,2,0.01,1.0,0.0,0.7,0,1.0,0.551338247570751,0.7565598419040942,0.6060485524680823,8.0,7,16
0_trivial,14,oracle,1.0,100,2,0.01,1.0,0.0,0.7,0,1.0,0.551338247570751,0.7565598419040942,0.6060485524680823,7.0,7,16
0_trivial,14,naive,0.009,100,2,0.01,1.0,0.0,0.7,0,1.0,0.551338247570751,0.7565598419040942,0.6005551572790429,20.0,6,17
0_trivial,14,random,0.0009,100,2,0.01,1.0,0.0,0.7,0,1.0,0.551338247570751,0.7565598419040942,0.6005551572790429,19.0,6,17
0_trivial,15,regular,0.1,100,2,0.01,1.0,0.0,0.7,0,1.0,0.5240209745932473,0.7419491467748766,0.600805243118862,23.0,14,12
0_trivial,15,superintelligent,0.9,100,2,0.01,1.0,0.0,0.7,0,1.0,0.5240209745932473,0.7419491467748766,0.600805243118862,16.0,14,12
0_trivial,15,oracle,1.0,100,2,0.01,1.0,0.0,0.7,0,1.0,0.5240209745932473,0.7419491467748766,0.600805243118862,14.0,14,12
0_trivial,15,naive,0.009,100,2,0.01,1.0,0.0,0.7,0,1.0,0.5240209745932473,0.7419491467748766,0.6027291686366455,25.0,14,12
0_trivial,15,random,0.0009,100,2,0.01,1.0,0.0,0.7,0,1.0,0.5240209745932473,0.7419491467748766,0.6006208310080033,25.0,15,11
0_trivial,16,regular,0.1,100,2,0.01,1.0,0.0,0.7,0,1.0,0.49942073830384887,0.7403910530154708,0.5644907428187032,22.0,10,17
0_trivial,16,superintelligent,0.9,100,2,0.01,1.0,0.0,0.7,0,1.0,0.49942073830384887,0.7403910530154708,0.5672133192740909,12.0,10,17
0_trivial,16,oracle,1.0,100,2,0.01,1.0,0.0,0.7,0,1.0,0.49942073830384887,0.7403910530154708,0.5672133192740909,10.0,10,17
0_trivial,16,naive,0.009,100,2,0.01,1.0,0.0,0.7,0,1.0,0.49942073830384887,0.7403910530154708,0.5630577613611006,27.0,10,17
0_trivial,16,random,0.0009,100,2,0.01,1.0,0.0,0.7,0,1.0,0.49942073830384887,0.7403910530154708,0.5649758163704814,21.0,9,18
0_trivial,17,regular,0.1,100,2,0.01,1.0,0.0,0.7,0,1.0,0.5058326059846828,0.7378343350846946,0.5690005418081258,23.0,14,10
0_trivial,17,superintelligent,0.9,100,2,0.01,1.0,0.0,0.7,0,1.0,0.5058326059846828,0.7378343350846946,0.5714969726361798,18.0,15,9
0_trivial,17,oracle,1.0,100,2,0.01,1.0,0.0,0.7,0,1.0,0.5058326059846828,0.7378343350846946,0.5714969726361798,15.0,15,9
0_trivial,17,naive,0.009,100,2,0.01,1.0,0.0,0.7,0,1.0,0.5058326059846828,0.7378343350846946,0.5690005418081258,24.0,14,10
0_trivial,17,random,0.0009,100,2,0.01,1.0,0.0,0.7,0,1.0,0.5058326059846828,0.7378343350846946,0.5690005418081258,24.0,14,10
0_trivial,18,regular,0.1,100,2,0.01,1.0,0.0,0.7,0,1.0,0.4797018398751277,0.7550295715468688,0.5452661598823711,17.0,10,7
0_trivial,18,superintelligent,0.9,100,2,0.01,1.0,0.0,0.7,0,1.0,0.4797018398751277,0.7550295715468688,0.5452661598823711,11.0,10,7
0_trivial,18,oracle,1.0,100,2,0.01,1.0,0.0,0.7,0,1.0,0.4797018398751277,0.7550295715468688,0.5452661598823711,10.0,10,7
0_trivial,18,naive,0.009,100,2,0.01,1.0,0.0,0.7,0,1.0,0.4797018398751277,0.7550295715468688,0.5452661598823711,17.0,10,7
0_trivial,18,random,0.0009,100,2,0.01,1.0,0.0,0.7,0,1.0,0.4797018398751277,0.7550295715468688,0.5452661598823711,17.0,10,7
0_trivial,19,regular,0.1,100,2,0.01,1.0,0.0,0.7,0,1.0,0.500307998391817,0.7243174055597762,0.5615316872119397,21.0,11,15
0_trivial,19,superintelligent,0.9,100,2,0.01,1.0,0.0,0.7,0,1.0,0.500307998391817,0.7243174055597762,0.564235116341796,12.0,11,15
0_trivial,19,oracle,1.0,100,2,0.01,1.0,0.0,0.7,0,1.0,0.500307998391817,0.7243174055597762,0.564235116341796,11.0,11,15
0_trivial,19,naive,0.009,100,2,0.01,1.0,0.0,0.7,0,1.0,0.500307998391817,0.7243174055597762,0.5556751596769423,23.0,12,14
0_trivial,19,random,0.0009,100,2,0.01,1.0,0.0,0.7,0,1.0,0.500307998391817,0.7243174055597762,0.5569868029259074,21.0,9,15
0_trivial,20,regular,0.1,100,2,0.01,1.0,0.0,0.7,0,1.0,0.55119914657439,0.7310410029800347,0.6261334798720728,17.0,9,10
0_trivial,20,superintelligent,0.9,100,2,0.01,1.0,0.0,0.7,0,1.0,0.55119914657439,0.7310410029800347,0.6261334798720728,10.0,9,10
0_trivial,20,oracle,1.0,100,2,0.01,1.0,0.0,0.7,0,1.0,0.55119914657439,0.7310410029800347,0.6261334798720728,9.0,9,10
0_trivial,20,naive,0.009,100,2,0.01,1.0,0.0,0.7,0,1.0,0.55119914657439,0.7310410029800347,0.6261334798720728,19.0,9,10
0_trivial,20,random,0.0009,100,2,0.01,1.0,0.0,0.7,0,1.0,0.55119914657439,0.7310410029800347,0.6261334798720728,18.0,9,10
0_trivial,21,regular,0.1,100,2,0.01,1.0,0.0,0.7,0,1.0,0.533915307255028,0.7465736565914345,0.5972638621486223,24.0,15,10
0_trivial,21,superintelligent,0.9,100,2,0.01,1.0,0.0,0.7,0,1.0,0.533915307255028,0.7465736565914345,0.6075526742895503,12.0,12,12
0_trivial,21,oracle,1.0,100,2,0.01,1.0,0.0,0.7,0,1.0,0.533915307255028,0.7465736565914345,0.6075526742895503,12.0,12,12
0_trivial,21,naive,0.009,100,2,0.01,1.0,0.0,0.7,0,1.0,0.533915307255028,0.7465736565914345,0.6115872739943903,24.0,14,11
0_trivial,21,random,0.0009,100,2,0.01,1.0,0.0,0.7,0,1.0,0.533915307255028,0.7465736565914345,0.6075144341945862,24.0,13,11
0_trivial,22,regular,0.1,100,2,0.01,1.0,0.0,0.7,0,1.0,0.5236896397770202,0.7415636484174651,0.5804523743355223,25.0,14,14
0_trivial,22,superintelligent,0.9,100,2,0.01,1.0,0.0,0.7,0,1.0,0.5236896397770202,0.7415636484174651,0.6002404819768842,15.0,14,14
0_trivial,22,oracle,1.0,100,2,0.01,1.0,0.0,0.7,0,1.0,0.5236896397770202,0.7415636484174651,0.6002404819768842,14.0,14,14
0_trivial,22,naive,0.009,100,2,0.01,1.0,0.0,0.7,0,1.0,0.5236896397770202,0.7415636484174651,0.5868107146059004,28.0,14,14
0_trivial,22,random,0.0009,100,2,0.01,1.0,0.0,0.7,0,1.0,0.5236896397770202,0.7415636484174651,0.5868107146059004,27.0,14,14
0_trivial,23,regular,0.1,100,2,0.01,1.0,0.0,0.7,0,1.0,0.48569915197181124,0.741930115861235,0.5052331150797756,12.0,5,10
0_trivial,23,superintelligent,0.9,100,2,0.01,1.0,0.0,0.7,0,1.0,0.48569915197181124,0.741930115861235,0.5315737964578358,8.0,7,10
0_trivial,23,oracle,1.0,100,2,0.01,1.0,0.0,0.7,0,1.0,0.48569915197181124,0.741930115861235,0.5315737964578358,7.0,7,10
0_trivial,23,naive,0.009,100,2,0.01,1.0,0.0,0.7,0,1.0,0.48569915197181124,0.741930115861235,0.522067363517218,17.0,9,8
0_trivial,23,random,0.0009,100,2,0.01,1.0,0.0,0.7,0,1.0,0.48569915197181124,0.741930115861235,0.5129453062180991,17.0,8,9
0_trivial,24,regular,0.1,100,2,0.01,1.0,0.0,0.7,0,1.0,0.5025772602659043,0.7445545623286183,0.5621815726994758,27.0,12,16
0_trivial,24,superintelligent,0.9,100,2,0.01,1.0,0.0,0.7,0,1.0,0.5025772602659043,0.7445545623286183,0.5650968125718612,12.0,12,16
0_trivial,24,oracle,1.0,100,2,0.01,1.0,0.0,0.7,0,1.0,0.5025772602659043,0.7445545623286183,0.5650968125718612,12.0,12,16
0_trivial,24,naive,0.009,100,2,0.01,1.0,0.0,0.7,0,1.0,0.5025772602659043,0.7445545623286183,0.5629848689660706,24.0,11,17
0_trivial,24,random,0.0009,100,2,0.01,1.0,0.0,0.7,0,1.0,0.5025772602659043,0.7445545623286183,0.5658184231969604,22.0,12,16
0_trivial,25,regular,0.1,100,2,0.01,1.0,0.0,0.7,0,1.0,0.49051770706211206,0.7515968195709488,0.5608694195758217,18.0,11,11
0_trivial,25,superintelligent,0.9,100,2,0.01,1.0,0.0,0.7,0,1.0,0.49051770706211206,0.7515968195709488,0.5627331672100563,11.0,11,10
0_trivial,25,oracle,1.0,100,2,0.01,1.0,0.0,0.7,0,1.0,0.49051770706211206,0.7515968195709488,0.5627331672100563,11.0,11,10
0_trivial,25,naive,0.009,100,2,0.01,1.0,0.0,0.7,0,1.0,0.49051770706211206,0.7515968195709488,0.5578458466180717,15.0,12,10
0_trivial,25,random,0.0009,100,2,0.01,1.0,0.0,0.7,0,1.0,0.49051770706211206,0.7515968195709488,0.569972414321102,25.0,15,10
0_trivial,26,regular,0.1,100,2,0.01,1.0,0.0,0.7,0,1.0,0.47929630813260427,0.7299884747431594,0.53483263148233,17.0,10,9
0_trivial,26,superintelligent,0.9,100,2,0.01,1.0,0.0,0.7,0,1.0,0.47929630813260427,0.7299884747431594,0.5411979351657714,12.0,11,8
0_trivial,26,oracle,1.0,100,2,0.01,1.0,0.0,0.7,0,1.0,0.47929630813260427,0.7299884747431594,0.5411979351657714,11.0,11,8
0_trivial,26,naive,0.009,100,2,0.01,1.0,0.0,0.7,0,1.0,0.47929630813260427,0.7299884747431594,0.53483263148233,18.0,10,9
0_trivial,26,random,0.0009,100,2,0.01,1.0,0.0,0.7,0,1.0,0.47929630813260427,0.7299884747431594,0.53483263148233,19.0,10,9
0_trivial,27,regular,0.1,100,2,0.01,1.0,0.0,0.7,0,1.0,0.46546948674665223,0.7147650988443804,0.5250452359975532,29.0,13,16
0_trivial,27,superintelligent,0.9,100,2,0.01,1.0,0.0,0.7,0,1.0,0.46546948674665223,0.7147650988443804,0.5301442865611261,12.0,12,16
0_trivial,27,oracle,1.0,100,2,0.01,1.0,0.0,0.7,0,1.0,0.46546948674665223,0.7147650988443804,0.5301442865611261,12.0,12,16
0_trivial,27,naive,0.009,100,2,0.01,1.0,0.0,0.7,0,1.0,0.46546948674665223,0.7147650988443804,0.5321770003428078,27.0,15,15
0_trivial,27,random,0.0009,100,2,0.01,1.0,0.0,0.7,0,1.0,0.46546948674665223,0.7147650988443804,0.5268081192587656,27.0,13,16
0_trivial,28,regular,0.1,100,2,0.01,1.0,0.0,0.7,0,1.0,0.5247566365733537,0.7442152928696181,0.5995039068520827,22.0,9,14
0_trivial,28,superintelligent,0.9,100,2,0.01,1.0,0.0,0.7,0,1.0,0.5247566365733537,0.7442152928696181,0.6025001959468456,11.0,11,12
0_trivial,28,oracle,1.0,100,2,0.01,1.0,0.0,0.7,0,1.0,0.5247566365733537,0.7442152928696181,0.6025001959468456,11.0,11,12
0_trivial,28,naive,0.009,100,2,0.01,1.0,0.0,0.7,0,1.0,0.5247566365733537,0.7442152928696181,0.6037211423546054,24.0,13,11
0_trivial,28,random,0.0009,100,2,0.01,1.0,0.0,0.7,0,1.0,0.5247566365733537,0.7442152928696181,0.6037211423546054,24.0,13,11
0_trivial,29,regular,0.1,100,2,0.01,1.0,0.0,0.7,0,1.0,0.5270317466781737,0.7320218724043254,0.5799852964262083,29.0,10,19
0_trivial,29,superintelligent,0.9,100,2,0.01,1.0,0.0,0.7,0,1.0,0.5270317466781737,0.7320218724043254,0.5799852964262083,10.0,10,19
0_trivial,29,oracle,1.0,100,2,0.01,1.0,0.0,0.7,0,1.0,0.5270317466781737,0.7320218724043254,0.5799852964262083,10.0,10,19
0_trivial,29,naive,0.009,100,2,0.01,1.0,0.0,0.7,0,1.0,0.5270317466781737,0.7320218724043254,0.5799852964262083,27.0,10,19
0_trivial,29,random,0.0009,100,2,0.01,1.0,0.0,0.7,0,1.0,0.5270317466781737,0.7320218724043254,0.5799852964262083,25.0,10,19
0_trivial,30,regular,0.1,100,2,0.01,1.0,0.0,0.7,0,1.0,0.4305455996283329,0.7445225365990683,0.5381069559174245,23.0,14,11
0_trivial,30,superintelligent,0.9,100,2,0.01,1.0,0.0,0.7,0,1.0,0.4305455996283329,0.7445225365990683,0.5424773003192476,16.0,15,10
0_trivial,30,oracle,1.0,100,2,0.01,1.0,0.0,0.7,0,1.0,0.4305455996283329,0.7445225365990683,0.5424773003192476,15.0,15,10
0_trivial,30,naive,0.009,100,2,0.01,1.0,0.0,0.7,0,1.0,0.4305455996283329,0.7445225365990683,0.5349600757904641,24.0,14,11
0_trivial,30,random,0.0009,100,2,0.01,1.0,0.0,0.7,0,1.0,0.4305455996283329,0.7445225365990683,0.5349600757904641,25.0,14,11
0_trivial,31,regular,0.1,100,2,0.01,1.0,0.0,0.7,0,1.0,0.5493727173879769,0.7392915295026828,0.6009354373501633,25.0,11,15
0_trivial,31,superintelligent,0.9,100,2,0.01,1.0,0.0,0.7,0,1.0,0.5493727173879769,0.7392915295026828,0.6008677443426783,12.0,12,15
0_trivial,31,oracle,1.0,100,2,0.01,1.0,0.0,0.7,0,1.0,0.5493727173879769,0.7392915295026828,0.6008677443426783,12.0,12,15
0_trivial,31,naive,0.009,100,2,0.01,1.0,0.0,0.7,0,1.0,0.5493727173879769,0.7392915295026828,0.6054099181288566,24.0,12,14
0_trivial,31,random,0.0009,100,2,0.01,1.0,0.0,0.7,0,1.0,0.5493727173879769,0.7392915295026828,0.6008677443426783,26.0,12,15
0_trivial,32,regular,0.1,100,2,0.01,1.0,0.0,0.7,0,1.0,0.5196286201591538,0.7412027571602812,0.5704021026221379,19.0,11,12
0_trivial,32,superintelligent,0.9,100,2,0.01,1.0,0.0,0.7,0,1.0,0.5196286201591538,0.7412027571602812,0.5726989952431747,12.0,10,13
0_trivial,32,oracle,1.0,100,2,0.01,1.0,0.0,0.7,0,1.0,0.5196286201591538,0.7412027571602812,0.5726989952431747,10.0,10,13
0_trivial,32,naive,0.009,100,2,0.01,1.0,0.0,0.7,0,1.0,0.5196286201591538,0.7412027571602812,0.5637169583262812,20.0,8,15
0_trivial,32,random,0.0009,100,2,0.01,1.0,0.0,0.7,0,1.0,0.5196286201591538,0.7412027571602812,0.5683965769626499,23.0,9,14
0_trivial,33,regular,0.1,100,2,0.01,1.0,0.0,0.7,0,1.0,0.528866117516084,0.7411394155087181,0.5731174495205915,17.0,9,12
0_trivial,33,superintelligent,0.9,100,2,0.01,1.0,0.0,0.7,0,1.0,0.528866117516084,0.7411394155087181,0.570119719562122,9.0,9,10
0_trivial,33,oracle,1.0,100,2,0.01,1.0,0.0,0.7,0,1.0,0.528866117516084,0.7411394155087181,0.570119719562122,9.0,9,10
0_trivial,33,naive,0.009,100,2,0.01,1.0,0.0,0.7,0,1.0,0.528866117516084,0.7411394155087181,0.5743385420204278,16.0,10,11
0_trivial,33,random,0.0009,100,2,0.01,1.0,0.0,0.7,0,1.0,0.528866117516084,0.7411394155087181,0.570119719562122,19.0,9,10
0_trivial,34,regular,0.1,100,2,0.01,1.0,0.0,0.7,0,1.0,0.5524288151135258,0.7503248957262533,0.5864163942621632,21.0,8,14
0_trivial,34,superintelligent,0.9,100,2,0.01,1.0,0.0,0.7,0,1.0,0.5524288151135258,0.7503248957262533,0.5869784387085083,9.0,9,13
0_trivial,34,oracle,1.0,100,2,0.01,1.0,0.0,0.7,0,1.0,0.5524288151135258,0.7503248957262533,0.5869784387085083,9.0,9,13
0_trivial,34,naive,0.009,100,2,0.01,1.0,0.0,0.7,0,1.0,0.5524288151135258,0.7503248957262533,0.5864163942621632,19.0,8,14
0_trivial,34,random,0.0009,100,2,0.01,1.0,0.0,0.7,0,1.0,0.5524288151135258,0.7503248957262533,0.5869784387085083,19.0,9,13
0_trivial,35,regular,0.1,100,2,0.01,1.0,0.0,0.7,0,1.0,0.5484311068332556,0.7361594115247857,0.6014723939189328,25.0,11,15
0_trivial,35,superintelligent,0.9,100,2,0.01,1.0,0.0,0.7,0,1.0,0.5484311068332556,0.7361594115247857,0.6014723939189328,11.0,11,15
0_trivial,35,oracle,1.0,100,2,0.01,1.0,0.0,0.7,0,1.0,0.5484311068332556,0.7361594115247857,0.6014723939189328,11.0,11,15
0_trivial,35,naive,0.009,100,2,0.01,1.0,0.0,0.7,0,1.0,0.5484311068332556,0.7361594115247857,0.6014723939189328,26.0,11,15
0_trivial,35,random,0.0009,100,2,0.01,1.0,0.0,0.7,0,1.0,0.5484311068332556,0.7361594115247857,0.6014723939189328,25.0,11,15
0_trivial,36,regular,0.1,100,2,0.01,1.0,0.0,0.7,0,1.0,0.508767068121373,0.7346840918807825,0.5660930973058164,23.0,12,13
0_trivial,36,superintelligent,0.9,100,2,0.01,1.0,0.0,0.7,0,1.0,0.508767068121373,0.7346840918807825,0.5660930973058164,13.0,12,13
0_trivial,36,oracle,1.0,100,2,0.01,1.0,0.0,0.7,0,1.0,0.508767068121373,0.7346840918807825,0.5660930973058164,12.0,12,13
0_trivial,36,naive,0.009,100,2,0.01,1.0,0.0,0.7,0,1.0,0.508767068121373,0.7346840918807825,0.5660930973058164,23.0,12,13
0_trivial,36,random,0.0009,100,2,0.01,1.0,0.0,0.7,0,1.0,0.508767068121373,0.7346840918807825,0.5660930973058164,24.0,12,13
0_trivial,37,regular,0.1,100,2,0.01,1.0,0.0,0.7,0,1.0,0.4709074841571197,0.7436509985776604,0.5753007685099729,26.0,13,13
0_trivial,37,superintelligent,0.9,100,2,0.01,1.0,0.0,0.7,0,1.0,0.4709074841571197,0.7436509985776604,0.5754225559247954,13.0,13,13
0_trivial,37,oracle,1.0,100,2,0.01,1.0,0.0,0.7,0,1.0,0.4709074841571197,0.7436509985776604,0.5754225559247954,13.0,13,13
0_trivial,37,naive,0.009,100,2,0.01,1.0,0.0,0.7,0,1.0,0.4709074841571197,0.7436509985776604,0.542311781674056,25.0,12,14
0_trivial,37,random,0.0009,100,2,0.01,1.0,0.0,0.7,0,1.0,0.4709074841571197,0.7436509985776604,0.547472399124981,26.0,12,14
0_trivial,38,regular,0.1,100,2,0.01,1.0,0.0,0.7,0,1.0,0.5326740382717265,0.7415869460428183,0.5506533699726166,14.0,6,11
0_trivial,38,superintelligent,0.9,100,2,0.01,1.0,0.0,0.7,0,1.0,0.5326740382717265,0.7415869460428183,0.5566002715254321,5.0,5,12
0_trivial,38,oracle,1.0,100,2,0.01,1.0,0.0,0.7,0,1.0,0.5326740382717265,0.7415869460428183,0.5566002715254321,5.0,5,12
0_trivial,38,naive,0.009,100,2,0.01,1.0,0.0,0.7,0,1.0,0.5326740382717265,0.7415869460428183,0.5566002715254321,16.0,5,12
0_trivial,38,random,0.0009,100,2,0.01,1.0,0.0,0.7,0,1.0,0.5326740382717265,0.7415869460428183,0.5506533699726166,17.0,6,11
0_trivial,39,regular,0.1,100,2,0.01,1.0,0.0,0.7,0,1.0,0.4375949390377962,0.7207494143888394,0.5576007165033076,25.0,17,9
0_trivial,39,superintelligent,0.9,100,2,0.01,1.0,0.0,0.7,0,1.0,0.4375949390377962,0.7207494143888394,0.5576007165033076,17.0,17,9
0_trivial,39,oracle,1.0,100,2,0.01,1.0,0.0,0.7,0,1.0,0.4375949390377962,0.7207494143888394,0.5598891075624871,17.0,17,11
0_trivial,39,naive,0.009,100,2,0.01,1.0,0.0,0.7,0,1.0,0.4375949390377962,0.7207494143888394,0.5576007165033076,26.0,17,9
0_trivial,39,random,0.0009,100,2,0.01,1.0,0.0,0.7,0,1.0,0.4375949390377962,0.7207494143888394,0.5482067405423696,25.0,16,12
0_trivial,40,regular,0.1,100,2,0.01,1.0,0.0,0.7,0,1.0,0.5217693304271727,0.7192154192962632,0.5897509691420704,22.0,8,15
0_trivial,40,superintelligent,0.9,100,2,0.01,1.0,0.0,0.7,0,1.0,0.5217693304271727,0.7192154192962632,0.5897509691420704,9.0,8,15
0_trivial,40,oracle,1.0,100,2,0.01,1.0,0.0,0.7,0,1.0,0.5217693304271727,0.7192154192962632,0.5897509691420704,8.0,8,15
0_trivial,40,naive,0.009,100,2,0.01,1.0,0.0,0.7,0,1.0,0.5217693304271727,0.7192154192962632,0.5897509691420704,20.0,8,15
0_trivial,40,random,0.0009,100,2,0.01,1.0,0.0,0.7,0,1.0,0.5217693304271727,0.7192154192962632,0.5886010611000415,17.0,7,16
0_trivial,41,regular,0.1,100,2,0.01,1.0,0.0,0.7,0,1.0,0.4809286682109344,0.7335701358714647,0.5515385110601168,20.0,14,6
0_trivial,41,superintelligent,0.9,100,2,0.01,1.0,0.0,0.7,0,1.0,0.4809286682109344,0.7335701358714647,0.5527112712530405,13.0,12,8
0_trivial,41,oracle,1.0,100,2,0.01,1.0,0.0,0.7,0,1.0,0.4809286682109344,0.7335701358714647,0.5527112712530405,12.0,12,8
0_trivial,41,naive,0.009,100,2,0.01,1.0,0.0,0.7,0,1.0,0.4809286682109344,0.7335701358714647,0.5515385110601168,20.0,14,6
0_trivial,41,random,0.0009,100,2,0.01,1.0,0.0,0.7,0,1.0,0.4809286682109344,0.7335701358714647,0.5527112712530405,19.0,12,8
0_trivial,42,regular,0.1,100,2,0.01,1.0,0.0,0.7,0,1.0,0.5133331187442388,0.759906798359868,0.5843724134957846,22.0,10,13
0_trivial,42,superintelligent,0.9,100,2,0.01,1.0,0.0,0.7,0,1.0,0.5133331187442388,0.759906798359868,0.586687754158153,10.0,10,13
0_trivial,42,oracle,1.0,100,2,0.01,1.0,0.0,0.7,0,1.0,0.5133331187442388,0.759906798359868,0.586687754158153,10.0,10,13
0_trivial,42,naive,0.009,100,2,0.01,1.0,0.0,0.7,0,1.0,0.5133331187442388,0.759906798359868,0.5699344455618056,24.0,10,15
0_trivial,42,random,0.0009,100,2,0.01,1.0,0.0,0.7,0,1.0,0.5133331187442388,0.759906798359868,0.5737415018641268,23.0,11,14
0_trivial,43,regular,0.1,100,2,0.01,1.0,0.0,0.7,0,1.0,0.4973273302755009,0.7251341120671794,0.5858965104739695,15.0,11,12
0_trivial,43,superintelligent,0.9,100,2,0.01,1.0,0.0,0.7,0,1.0,0.4973273302755009,0.7251341120671794,0.5892267317019276,13.0,13,12
0_trivial,43,oracle,1.0,100,2,0.01,1.0,0.0,0.7,0,1.0,0.4973273302755009,0.7251341120671794,0.5892267317019276,13.0,13,12
0_trivial,43,naive,0.009,100,2,0.01,1.0,0.0,0.7,0,1.0,0.4973273302755009,0.7251341120671794,0.5806477048404279,21.0,11,12
0_trivial,43,random,0.0009,100,2,0.01,1.0,0.0,0.7,0,1.0,0.4973273302755009,0.7251341120671794,0.5851919886283068,22.0,10,13
0_trivial,44,regular,0.1,100,2,0.01,1.0,0.0,0.7,0,1.0,0.47658205610967763,0.7076438618311895,0.5377329823397914,19.0,11,10
0_trivial,44,superintelligent,0.9,100,2,0.01,1.0,0.0,0.7,0,1.0,0.47658205610967763,0.7076438618311895,0.5377329823397914,11.0,11,10
0_trivial,44,oracle,1.0,100,2,0.01,1.0,0.0,0.7,0,1.0,0.47658205610967763,0.7076438618311895,0.5377329823397914,11.0,11,10
0_trivial,44,naive,0.009,100,2,0.01,1.0,0.0,0.7,0,1.0,0.47658205610967763,0.7076438618311895,0.5334647727384867,21.0,11,10
0_trivial,44,random,0.0009,100,2,0.01,1.0,0.0,0.7,0,1.0,0.47658205610967763,0.7076438618311895,0.5334554944727505,20.0,10,11
0_trivial,45,regular,0.1,100,2,0.01,1.0,0.0,0.7,0,1.0,0.5616928383871548,0.7582715880617004,0.6217950664650741,21.0,11,16
0_trivial,45,superintelligent,0.9,100,2,0.01,1.0,0.0,0.7,0,1.0,0.5616928383871548,0.7582715880617004,0.6330838001997301,11.0,10,17
0_trivial,45,oracle,1.0,100,2,0.01,1.0,0.0,0.7,0,1.0,0.5616928383871548,0.7582715880617004,0.6330838001997301,10.0,10,17
0_trivial,45,naive,0.009,100,2,0.01,1.0,0.0,0.7,0,1.0,0.5616928383871548,0.7582715880617004,0.6232281545347561,27.0,12,15
0_trivial,45,random,0.0009,100,2,0.01,1.0,0.0,0.7,0,1.0,0.5616928383871548,0.7582715880617004,0.6232281545347561,27.0,12,15
0_trivial,46,regular,0.1,100,2,0.01,1.0,0.0,0.7,0,1.0,0.4866782392822832,0.7390746860568096,0.5301265293485418,21.0,8,13
0_trivial,46,superintelligent,0.9,100,2,0.01,1.0,0.0,0.7,0,1.0,0.4866782392822832,0.7390746860568096,0.5301265293485418,9.0,8,13
0_trivial,46,oracle,1.0,100,2,0.01,1.0,0.0,0.7,0,1.0,0.4866782392822832,0.7390746860568096,0.5301265293485418,8.0,8,13
0_trivial,46,naive,0.009,100,2,0.01,1.0,0.0,0.7,0,1.0,0.4866782392822832,0.7390746860568096,0.5301265293485418,20.0,8,13
0_trivial,46,random,0.0009,100,2,0.01,1.0,0.0,0.7,0,1.0,0.4866782392822832,0.7390746860568096,0.5298026043334807,20.0,7,14
0_trivial,47,regular,0.1,100,2,0.01,1.0,0.0,0.7,0,1.0,0.48405153767214765,0.7498769667706896,0.5663225477740961,24.0,17,8
0_trivial,47,superintelligent,0.9,100,2,0.01,1.0,0.0,0.7,0,1.0,0.48405153767214765,0.7498769667706896,0.5613694242995743,15.0,14,10
0_trivial,47,oracle,1.0,100,2,0.01,1.0,0.0,0.7,0,1.0,0.48405153767214765,0.7498769667706896,0.5613694242995743,14.0,14,10
0_trivial,47,naive,0.009,100,2,0.01,1.0,0.0,0.7,0,1.0,0.48405153767214765,0.7498769667706896,0.5463033118953002,21.0,11,11
0_trivial,47,random,0.0009,100,2,0.01,1.0,0.0,0.7,0,1.0,0.48405153767214765,0.7498769667706896,0.5591674926757418,23.0,15,9
0_trivial,48,regular,0.1,100,2,0.01,1.0,0.0,0.7,0,1.0,0.4998707711771887,0.7361791618682015,0.5730383857000886,25.0,12,14
0_trivial,48,superintelligent,0.9,100,2,0.01,1.0,0.0,0.7,0,1.0,0.4998707711771887,0.7361791618682015,0.5772883075571381,12.0,11,15
0_trivial,48,oracle,1.0,100,2,0.01,1.0,0.0,0.7,0,1.0,0.4998707711771887,0.7361791618682015,0.5772883075571381,11.0,11,15
0_trivial,48,naive,0.009,100,2,0.01,1.0,0.0,0.7,0,1.0,0.4998707711771887,0.7361791618682015,0.5575053652185686,27.0,14,13
0_trivial,48,random,0.0009,100,2,0.01,1.0,0.0,0.7,0,1.0,0.4998707711771887,0.7361791618682015,0.5738182287578144,26.0,11,15
0_trivial,49,regular,0.1,100,2,0.01,1.0,0.0,0.7,0,1.0,0.47662955718943545,0.7415078478770102,0.5549301167921378,25.0,11,15
0_trivial,49,superintelligent,0.9,100,2,0.01,1.0,0.0,0.7,0,1.0,0.47662955718943545,0.7415078478770102,0.5573263629669049,13.0,12,14
0_trivial,49,oracle,1.0,100,2,0.01,1.0,0.0,0.7,0,1.0,0.47662955718943545,0.7415078478770102,0.5573263629669049,12.0,12,14
0_trivial,49,naive,0.009,100,2,0.01,1.0,0.0,0.7,0,1.0,0.47662955718943545,0.7415078478770102,0.5525298693095659,24.0,11,15
0_trivial,49,random,0.0009,100,2,0.01,1.0,0.0,0.7,0,1.0,0.47662955718943545,0.7415078478770102,0.5525298693095659,26.0,11,15
0_trivial,50,regular,0.1,100,2,0.01,1.0,0.0,0.7,0,1.0,0.49023723782928663,0.7345482880768437,0.5406561520288788,26.0,10,16
0_trivial,50,superintelligent,0.9,100,2,0.01,1.0,0.0,0.7,0,1.0,0.49023723782928663,0.7345482880768437,0.564997012833659,14.0,13,13
0_trivial,50,oracle,1.0,100,2,0.01,1.0,0.0,0.7,0,1.0,0.49023723782928663,0.7345482880768437,0.564997012833659,13.0,13,13
0_trivial,50,naive,0.009,100,2,0.01,1.0,0.0,0.7,0,1.0,0.49023723782928663,0.7345482880768437,0.5525760089946565,24.0,11,14
0_trivial,50,random,0.0009,100,2,0.01,1.0,0.0,0.7,0,1.0,0.49023723782928663,0.7345482880768437,0.554476611467971,26.0,12,15
0_trivial,51,regular,0.1,100,2,0.01,1.0,0.0,0.7,0,1.0,0.49107588137599145,0.7309412557214128,0.5179131062639958,16.0,5,15
0_trivial,51,superintelligent,0.9,100,2,0.01,1.0,0.0,0.7,0,1.0,0.49107588137599145,0.7309412557214128,0.5179131062639958,5.0,5,15
0_trivial,51,oracle,1.0,100,2,0.01,1.0,0.0,0.7,0,1.0,0.49107588137599145,0.7309412557214128,0.5179131062639958,5.0,5,15
0_trivial,51,naive,0.009,100,2,0.01,1.0,0.0,0.7,0,1.0,0.49107588137599145,0.7309412557214128,0.5166692755935314,21.0,7,14
0_trivial,51,random,0.0009,100,2,0.01,1.0,0.0,0.7,0,1.0,0.49107588137599145,0.7309412557214128,0.5170199676780581,16.0,7,14
0_trivial,52,regular,0.1,100,2,0.01,1.0,0.0,0.7,0,1.0,0.4585598331967955,0.7361757896946447,0.5488879555308528,24.0,18,7
0_trivial,52,superintelligent,0.9,100,2,0.01,1.0,0.0,0.7,0,1.0,0.4585598331967955,0.7361757896946447,0.5488879555308528,19.0,18,7
0_trivial,52,oracle,1.0,100,2,0.01,1.0,0.0,0.7,0,1.0,0.4585598331967955,0.7361757896946447,0.5488879555308528,18.0,18,7
0_trivial,52,naive,0.009,100,2,0.01,1.0,0.0,0.7,0,1.0,0.4585598331967955,0.7361757896946447,0.5492624722379843,26.0,20,6
0_trivial,52,random,0.0009,100,2,0.01,1.0,0.0,0.7,0,1.0,0.4585598331967955,0.7361757896946447,0.5498180684130592,26.0,19,7
0_trivial,53,regular,0.1,100,2,0.01,1.0,0.0,0.7,0,1.0,0.48804681899680596,0.7162404496338525,0.5707295988663641,25.0,15,13
0_trivial,53,superintelligent,0.9,100,2,0.01,1.0,0.0,0.7,0,1.0,0.48804681899680596,0.7162404496338525,0.5749142030581791,12.0,12,16
0_trivial,53,oracle,1.0,100,2,0.01,1.0,0.0,0.7,0,1.0,0.48804681899680596,0.7162404496338525,0.5749142030581791,12.0,12,16
0_trivial,53,naive,0.009,100,2,0.01,1.0,0.0,0.7,0,1.0,0.48804681899680596,0.7162404496338525,0.563370636807748,28.0,16,12
0_trivial,53,random,0.0009,100,2,0.01,1.0,0.0,0.7,0,1.0,0.48804681899680596,0.7162404496338525,0.5675552409995629,24.0,13,15
0_trivial,54,regular,0.1,100,2,0.01,1.0,0.0,0.7,0,1.0,0.4790561330246323,0.7529941679029102,0.5939315993066263,27.0,17,10
0_trivial,54,superintelligent,0.9,100,2,0.01,1.0,0.0,0.7,0,1.0,0.4790561330246323,0.7529941679029102,0.5995955505672513,21.0,19,8
0_trivial,54,oracle,1.0,100,2,0.01,1.0,0.0,0.7,0,1.0,0.4790561330246323,0.7529941679029102,0.5995955505672513,19.0,19,8
0_trivial,54,naive,0.009,100,2,0.01,1.0,0.0,0.7,0,1.0,0.4790561330246323,0.7529941679029102,0.5850261137654588,27.0,17,10
0_trivial,54,random,0.0009,100,2,0.01,1.0,0.0,0.7,0,1.0,0.4790561330246323,0.7529941679029102,0.5885201867900867,26.0,18,9
0_trivial,55,regular,0.1,100,2,0.01,1.0,0.0,0.7,0,1.0,0.46219416000512276,0.7263024898757154,0.520052166028893,24.0,10,14
0_trivial,55,superintelligent,0.9,100,2,0.01,1.0,0.0,0.7,0,1.0,0.46219416000512276,0.7263024898757154,0.5332355509694766,15.0,14,14
0_trivial,55,oracle,1.0,100,2,0.01,1.0,0.0,0.7,0,1.0,0.46219416000512276,0.7263024898757154,0.5332355509694766,14.0,14,14
0_trivial,55,naive,0.009,100,2,0.01,1.0,0.0,0.7,0,1.0,0.46219416000512276,0.7263024898757154,0.5206846525525088,24.0,11,13
0_trivial,55,random,0.0009,100,2,0.01,1.0,0.0,0.7,0,1.0,0.46219416000512276,0.7263024898757154,0.5195372117699523,23.0,11,13
0_trivial,56,regular,0.1,100,2,0.01,1.0,0.0,0.7,0,1.0,0.4748096860246522,0.730234456612534,0.5016687071628652,15.0,5,11
0_trivial,56,superintelligent,0.9,100,2,0.01,1.0,0.0,0.7,0,1.0,0.4748096860246522,0.730234456612534,0.5016687071628652,5.0,5,11
0_trivial,56,oracle,1.0,100,2,0.01,1.0,0.0,0.7,0,1.0,0.4748096860246522,0.730234456612534,0.5016687071628652,5.0,5,11
0_trivial,56,naive,0.009,100,2,0.01,1.0,0.0,0.7,0,1.0,0.4748096860246522,0.730234456612534,0.5016687071628652,15.0,5,11
0_trivial,56,random,0.0009,100,2,0.01,1.0,0.0,0.7,0,1.0,0.4748096860246522,0.730234456612534,0.5016687071628652,14.0,5,11
0_trivial,57,regular,0.1,100,2,0.01,1.0,0.0,0.7,0,1.0,0.482852051091889,0.7286530262988651,0.5679161205664773,26.0,21,9
0_trivial,57,superintelligent,0.9,100,2,0.01,1.0,0.0,0.7,0,1.0,0.482852051091889,0.7286530262988651,0.575864969773869,18.0,18,10
0_trivial,57,oracle,1.0,100,2,0.01,1.0,0.0,0.7,0,1.0,0.482852051091889,0.7286530262988651,0.5885577437128604,19.0,19,10
0_trivial,57,naive,0.009,100,2,0.01,1.0,0.0,0.7,0,1.0,0.482852051091889,0.7286530262988651,0.5716786473689563,28.0,18,10
0_trivial,57,random,0.0009,100,2,0.01,1.0,0.0,0.7,0,1.0,0.482852051091889,0.7286530262988651,0.5827639061122181,28.0,19,10
0_trivial,58,regular,0.1,100,2,0.01,1.0,0.0,0.7,0,1.0,0.5036040167961204,0.7209349305853672,0.5631220191067418,20.0,13,9
0_trivial,58,superintelligent,0.9,100,2,0.01,1.0,0.0,0.7,0,1.0,0.5036040167961204,0.7209349305853672,0.5561377255066193,12.0,11,11
0_trivial,58,oracle,1.0,100,2,0.01,1.0,0.0,0.7,0,1.0,0.5036040167961204,0.7209349305853672,0.5561377255066193,11.0,11,11
0_trivial,58,naive,0.009,100,2,0.01,1.0,0.0,0.7,0,1.0,0.5036040167961204,0.7209349305853672,0.5561377255066193,19.0,11,11
0_trivial,58,random,0.0009,100,2,0.01,1.0,0.0,0.7,0,1.0,0.5036040167961204,0.7209349305853672,0.5505113118988334,22.0,10,12
0_trivial,59,regular,0.1,100,2,0.01,1.0,0.0,0.7,0,1.0,0.502344104836467,0.7354833009496258,0.5400130672042078,24.0,8,17
0_trivial,59,superintelligent,0.9,100,2,0.01,1.0,0.0,0.7,0,1.0,0.502344104836467,0.7354833009496258,0.5496016682748359,14.0,12,13
0_trivial,59,oracle,1.0,100,2,0.01,1.0,0.0,0.7,0,1.0,0.502344104836467,0.7354833009496258,0.5400130672042078,8.0,8,17
0_trivial,59,naive,0.009,100,2,0.01,1.0,0.0,0.7,0,1.0,0.502344104836467,0.7354833009496258,0.5390128277688896,21.0,9,16
0_trivial,59,random,0.0009,100,2,0.01,1.0,0.0,0.7,0,1.0,0.502344104836467,0.7354833009496258,0.5460103909468413,24.0,11,14
0_trivial,60,regular,0.1,100,2,0.01,1.0,0.0,0.7,0,1.0,0.48588904586079623,0.7171754104719118,0.5670749331818228,26.0,12,16
0_trivial,60,superintelligent,0.9,100,2,0.01,1.0,0.0,0.7,0,1.0,0.48588904586079623,0.7171754104719118,0.5667485248297072,11.0,10,15
0_trivial,60,oracle,1.0,100,2,0.01,1.0,0.0,0.7,0,1.0,0.48588904586079623,0.7171754104719118,0.5667485248297072,10.0,10,15
0_trivial,60,naive,0.009,100,2,0.01,1.0,0.0,0.7,0,1.0,0.48588904586079623,0.7171754104719118,0.5670749331818228,27.0,12,16
0_trivial,60,random,0.0009,100,2,0.01,1.0,0.0,0.7,0,1.0,0.48588904586079623,0.7171754104719118,0.5670749331818228,25.0,12,16
0_trivial,61,regular,0.1,100,2,0.01,1.0,0.0,0.7,0,1.0,0.49312482581026273,0.7343250438588236,0.5345583139499371,15.0,7,13
0_trivial,61,superintelligent,0.9,100,2,0.01,1.0,0.0,0.7,0,1.0,0.49312482581026273,0.7343250438588236,0.5361512423778795,7.0,7,12
0_trivial,61,oracle,1.0,100,2,0.01,1.0,0.0,0.7,0,1.0,0.49312482581026273,0.7343250438588236,0.5361512423778795,7.0,7,12
0_trivial,61,naive,0.009,100,2,0.01,1.0,0.0,0.7,0,1.0,0.49312482581026273,0.7343250438588236,0.5361512423778795,19.0,7,12
0_trivial,61,random,0.0009,100,2,0.01,1.0,0.0,0.7,0,1.0,0.49312482581026273,0.7343250438588236,0.5345583139499371,19.0,7,13
0_trivial,62,regular,0.1,100,2,0.01,1.0,0.0,0.7,0,1.0,0.5144130102126523,0.7255727356862359,0.5471789675980981,17.0,9,9
0_trivial,62,superintelligent,0.9,100,2,0.01,1.0,0.0,0.7,0,1.0,0.5144130102126523,0.7255727356862359,0.5478281825822205,7.0,7,10
0_trivial,62,oracle,1.0,100,2,0.01,1.0,0.0,0.7,0,1.0,0.5144130102126523,0.7255727356862359,0.5478281825822205,7.0,7,10
0_trivial,62,naive,0.009,100,2,0.01,1.0,0.0,0.7,0,1.0,0.5144130102126523,0.7255727356862359,0.5618936538913719,20.0,11,10
0_trivial,62,random,0.0009,100,2,0.01,1.0,0.0,0.7,0,1.0,0.5144130102126523,0.7255727356862359,0.5618936538913719,20.0,11,10
0_trivial,63,regular,0.1,100,2,0.01,1.0,0.0,0.7,0,1.0,0.47828058190277367,0.729768740260669,0.5712336969400194,23.0,17,8
0_trivial,63,superintelligent,0.9,100,2,0.01,1.0,0.0,0.7,0,1.0,0.47828058190277367,0.729768740260669,0.5796387275514585,18.0,18,6
0_trivial,63,oracle,1.0,100,2,0.01,1.0,0.0,0.7,0,1.0,0.47828058190277367,0.729768740260669,0.5796387275514585,18.0,18,6
0_trivial,63,naive,0.009,100,2,0.01,1.0,0.0,0.7,0,1.0,0.47828058190277367,0.729768740260669,0.5504368319112395,22.0,14,8
0_trivial,63,random,0.0009,100,2,0.01,1.0,0.0,0.7,0,1.0,0.47828058190277367,0.729768740260669,0.5530968249717759,20.0,13,8
0_trivial,64,regular,0.1,100,2,0.01,1.0,0.0,0.7,0,1.0,0.5348327610972345,0.7549779246542012,0.602993098673341,26.0,14,14
0_trivial,64,superintelligent,0.9,100,2,0.01,1.0,0.0,0.7,0,1.0,0.5348327610972345,0.7549779246542012,0.613358182897764,12.0,12,16
0_trivial,64,oracle,1.0,100,2,0.01,1.0,0.0,0.7,0,1.0,0.5348327610972345,0.7549779246542012,0.613358182897764,12.0,12,16
0_trivial,64,naive,0.009,100,2,0.01,1.0,0.0,0.7,0,1.0,0.5348327610972345,0.7549779246542012,0.6103799423718418,28.0,12,16
0_trivial,64,random,0.0009,100,2,0.01,1.0,0.0,0.7,0,1.0,0.5348327610972345,0.7549779246542012,0.6010435402790316,28.0,14,14
0_trivial,65,regular,0.1,100,2,0.01,1.0,0.0,0.7,0,1.0,0.48699499154148546,0.7402751647381464,0.562701396287746,27.0,13,15
0_trivial,65,superintelligent,0.9,100,2,0.01,1.0,0.0,0.7,0,1.0,0.48699499154148546,0.7402751647381464,0.563143082150621,13.0,13,14
0_trivial,65,oracle,1.0,100,2,0.01,1.0,0.0,0.7,0,1.0,0.48699499154148546,0.7402751647381464,0.563143082150621,13.0,13,14
0_trivial,65,naive,0.009,100,2,0.01,1.0,0.0,0.7,0,1.0,0.48699499154148546,0.7402751647381464,0.5695758195363033,29.0,14,15
0_trivial,65,random,0.0009,100,2,0.01,1.0,0.0,0.7,0,1.0,0.48699499154148546,0.7402751647381464,0.5650221536305534,27.0,15,13
0_trivial,66,regular,0.1,100,2,0.01,1.0,0.0,0.7,0,1.0,0.45762911059039524,0.73244065745913,0.5501905974715805,28.0,17,11
0_trivial,66,superintelligent,0.9,100,2,0.01,1.0,0.0,0.7,0,1.0,0.45762911059039524,0.73244065745913,0.5501905974715805,18.0,17,11
0_trivial,66,oracle,1.0,100,2,0.01,1.0,0.0,0.7,0,1.0,0.45762911059039524,0.73244065745913,0.5501905974715805,17.0,17,11
0_trivial,66,naive,0.009,100,2,0.01,1.0,0.0,0.7,0,1.0,0.45762911059039524,0.73244065745913,0.5501905974715805,28.0,17,11
0_trivial,66,random,0.0009,100,2,0.01,1.0,0.0,0.7,0,1.0,0.45762911059039524,0.73244065745913,0.5461962912680918,28.0,16,12
0_trivial,67,regular,0.1,100,2,0.01,1.0,0.0,0.7,0,1.0,0.5347190002921688,0.7310665870369115,0.5925795299994853,20.0,11,11
0_trivial,67,superintelligent,0.9,100,2,0.01,1.0,0.0,0.7,0,1.0,0.5347190002921688,0.7310665870369115,0.5951428715627677,10.0,10,12
0_trivial,67,oracle,1.0,100,2,0.01,1.0,0.0,0.7,0,1.0,0.5347190002921688,0.7310665870369115,0.5951428715627677,10.0,10,12
0_trivial,67,naive,0.009,100,2,0.01,1.0,0.0,0.7,0,1.0,0.5347190002921688,0.7310665870369115,0.5951428715627677,18.0,10,12
0_trivial,67,random,0.0009,100,2,0.01,1.0,0.0,0.7,0,1.0,0.5347190002921688,0.7310665870369115,0.5925795299994853,18.0,11,11
0_trivial,68,regular,0.1,100,2,0.01,1.0,0.0,0.7,0,1.0,0.4770125826932203,0.7104914699218157,0.5390825747820449,28.0,12,16
0_trivial,68,superintelligent,0.9,100,2,0.01,1.0,0.0,0.7,0,1.0,0.4770125826932203,0.7104914699218157,0.5390825747820449,12.0,12,16
0_trivial,68,oracle,1.0,100,2,0.01,1.0,0.0,0.7,0,1.0,0.4770125826932203,0.7104914699218157,0.5390825747820449,12.0,12,16
0_trivial,68,naive,0.009,100,2,0.01,1.0,0.0,0.7,0,1.0,0.4770125826932203,0.7104914699218157,0.5390825747820449,24.0,12,16
0_trivial,68,random,0.0009,100,2,0.01,1.0,0.0,0.7,0,1.0,0.4770125826932203,0.7104914699218157,0.5390825747820449,27.0,12,16
0_trivial,69,regular,0.1,100,2,0.01,1.0,0.0,0.7,0,1.0,0.4867876532382976,0.7218434683195467,0.5285760099179411,16.0,9,16
0_trivial,69,superintelligent,0.9,100,2,0.01,1.0,0.0,0.7,0,1.0,0.4867876532382976,0.7218434683195467,0.5285760099179411,10.0,9,16
0_trivial,69,oracle,1.0,100,2,0.01,1.0,0.0,0.7,0,1.0,0.4867876532382976,0.7218434683195467,0.5285760099179411,9.0,9,16
0_trivial,69,naive,0.009,100,2,0.01,1.0,0.0,0.7,0,1.0,0.4867876532382976,0.7218434683195467,0.5285760099179411,25.0,9,16
0_trivial,69,random,0.0009,100,2,0.01,1.0,0.0,0.7,0,1.0,0.4867876532382976,0.7218434683195467,0.524885350278962,22.0,7,17
0_trivial,70,regular,0.1,100,2,0.01,1.0,0.0,0.7,0,1.0,0.482047388246579,0.7360931512893341,0.5444773444469786,22.0,11,14
0_trivial,70,superintelligent,0.9,100,2,0.01,1.0,0.0,0.7,0,1.0,0.482047388246579,0.7360931512893341,0.5432312472693258,9.0,8,12
0_trivial,70,oracle,1.0,100,2,0.01,1.0,0.0,0.7,0,1.0,0.482047388246579,0.7360931512893341,0.5432312472693258,8.0,8,12
0_trivial,70,naive,0.009,100,2,0.01,1.0,0.0,0.7,0,1.0,0.482047388246579,0.7360931512893341,0.5392470932123399,17.0,9,12
0_trivial,70,random,0.0009,100,2,0.01,1.0,0.0,0.7,0,1.0,0.482047388246579,0.7360931512893341,0.5329883453736846,18.0,7,11
0_trivial,71,regular,0.1,100,2,0.01,1.0,0.0,0.7,0,1.0,0.4742266481291088,0.7404569837425952,0.559068766211744,24.0,18,9
0_trivial,71,superintelligent,0.9,100,2,0.01,1.0,0.0,0.7,0,1.0,0.4742266481291088,0.7404569837425952,0.5738667412003592,19.0,18,10
0_trivial,71,oracle,1.0,100,2,0.01,1.0,0.0,0.7,0,1.0,0.4742266481291088,0.7404569837425952,0.5738667412003592,18.0,18,10
0_trivial,71,naive,0.009,100,2,0.01,1.0,0.0,0.7,0,1.0,0.4742266481291088,0.7404569837425952,0.5634905631339282,25.0,18,9
0_trivial,71,random,0.0009,100,2,0.01,1.0,0.0,0.7,0,1.0,0.4742266481291088,0.7404569837425952,0.5651784412130892,25.0,16,10
0_trivial,72,regular,0.1,100,2,0.01,1.0,0.0,0.7,0,1.0,0.4733469819450351,0.7609489411818892,0.5579589427473765,25.0,14,12
0_trivial,72,superintelligent,0.9,100,2,0.01,1.0,0.0,0.7,0,1.0,0.4733469819450351,0.7609489411818892,0.5597315163903261,16.0,16,12
0_trivial,72,oracle,1.0,100,2,0.01,1.0,0.0,0.7,0,1.0,0.4733469819450351,0.7609489411818892,0.5597315163903261,16.0,16,12
0_trivial,72,naive,0.009,100,2,0.01,1.0,0.0,0.7,0,1.0,0.4733469819450351,0.7609489411818892,0.5579589427473765,24.0,14,12
0_trivial,72,random,0.0009,100,2,0.01,1.0,0.0,0.7,0,1.0,0.4733469819450351,0.7609489411818892,0.5566904811199832,24.0,16,10
0_trivial,73,regular,0.1,100,2,0.01,1.0,0.0,0.7,0,1.0,0.5314239327327933,0.7639171435928721,0.5894251006212738,23.0,10,15
0_trivial,73,superintelligent,0.9,100,2,0.01,1.0,0.0,0.7,0,1.0,0.5314239327327933,0.7639171435928721,0.5894251006212738,11.0,10,15
0_trivial,73,oracle,1.0,100,2,0.01,1.0,0.0,0.7,0,1.0,0.5314239327327933,0.7639171435928721,0.5894251006212738,10.0,10,15
0_trivial,73,naive,0.009,100,2,0.01,1.0,0.0,0.7,0,1.0,0.5314239327327933,0.7639171435928721,0.5894251006212738,22.0,10,15
0_trivial,73,random,0.0009,100,2,0.01,1.0,0.0,0.7,0,1.0,0.5314239327327933,0.7639171435928721,0.5894251006212738,23.0,10,15
0_trivial,74,regular,0.1,100,2,0.01,1.0,0.0,0.7,0,1.0,0.5506548555500659,0.7579014818171457,0.6102882572272098,18.0,9,17
0_trivial,74,superintelligent,0.9,100,2,0.01,1.0,0.0,0.7,0,1.0,0.5506548555500659,0.7579014818171457,0.6102882572272098,9.0,9,17
0_trivial,74,oracle,1.0,100,2,0.01,1.0,0.0,0.7,0,1.0,0.5506548555500659,0.7579014818171457,0.6102882572272098,9.0,9,17
0_trivial,74,naive,0.009,100,2,0.01,1.0,0.0,0.7,0,1.0,0.5506548555500659,0.7579014818171457,0.6102882572272098,24.0,9,17
0_trivial,74,random,0.0009,100,2,0.01,1.0,0.0,0.7,0,1.0,0.5506548555500659,0.7579014818171457,0.6102882572272098,26.0,9,17
0_trivial,75,regular,0.1,100,2,0.01,1.0,0.0,0.7,0,1.0,0.5105525324473699,0.7324337526398753,0.5839553396435699,27.0,14,14
0_trivial,75,superintelligent,0.9,100,2,0.01,1.0,0.0,0.7,0,1.0,0.5105525324473699,0.7324337526398753,0.5842314764610019,17.0,13,15
0_trivial,75,oracle,1.0,100,2,0.01,1.0,0.0,0.7,0,1.0,0.5105525324473699,0.7324337526398753,0.5842314764610019,13.0,13,15
0_trivial,75,naive,0.009,100,2,0.01,1.0,0.0,0.7,0,1.0,0.5105525324473699,0.7324337526398753,0.5714258429851524,28.0,14,14
0_trivial,75,random,0.0009,100,2,0.01,1.0,0.0,0.7,0,1.0,0.5105525324473699,0.7324337526398753,0.5839553396435699,27.0,14,14
0_trivial,76,regular,0.1,100,2,0.01,1.0,0.0,0.7,0,1.0,0.4992630083339825,0.7361680831350518,0.5538633204743776,20.0,7,20
0_trivial,76,superintelligent,0.9,100,2,0.01,1.0,0.0,0.7,0,1.0,0.4992630083339825,0.7361680831350518,0.5627265295415116,8.0,8,19
0_trivial,76,oracle,1.0,100,2,0.01,1.0,0.0,0.7,0,1.0,0.4992630083339825,0.7361680831350518,0.5627265295415116,8.0,8,19
0_trivial,76,naive,0.009,100,2,0.01,1.0,0.0,0.7,0,1.0,0.4992630083339825,0.7361680831350518,0.5621363078418367,28.0,10,18
0_trivial,76,random,0.0009,100,2,0.01,1.0,0.0,0.7,0,1.0,0.4992630083339825,0.7361680831350518,0.5538633204743776,25.0,7,20
0_trivial,77,regular,0.1,100,2,0.01,1.0,0.0,0.7,0,1.0,0.5040115034020588,0.7592230051152172,0.5634627260301732,27.0,13,14
0_trivial,77,superintelligent,0.9,100,2,0.01,1.0,0.0,0.7,0,1.0,0.5040115034020588,0.7592230051152172,0.5705188363860667,13.0,13,14
0_trivial,77,oracle,1.0,100,2,0.01,1.0,0.0,0.7,0,1.0,0.5040115034020588,0.7592230051152172,0.5705188363860667,13.0,13,14
0_trivial,77,naive,0.009,100,2,0.01,1.0,0.0,0.7,0,1.0,0.5040115034020588,0.7592230051152172,0.5550601361314897,26.0,11,15
0_trivial,77,random,0.0009,100,2,0.01,1.0,0.0,0.7,0,1.0,0.5040115034020588,0.7592230051152172,0.5570595725851278,25.0,14,14
0_trivial,78,regular,0.1,100,2,0.01,1.0,0.0,0.7,0,1.0,0.4552594908607399,0.7127596677543367,0.5557836875478241,25.0,16,11
0_trivial,78,superintelligent,0.9,100,2,0.01,1.0,0.0,0.7,0,1.0,0.4552594908607399,0.7127596677543367,0.5567502387801117,19.0,17,10
0_trivial,78,oracle,1.0,100,2,0.01,1.0,0.0,0.7,0,1.0,0.4552594908607399,0.7127596677543367,0.5567502387801117,17.0,17,10
0_trivial,78,naive,0.009,100,2,0.01,1.0,0.0,0.7,0,1.0,0.4552594908607399,0.7127596677543367,0.5570316317934229,28.0,19,10
0_trivial,78,random,0.0009,100,2,0.01,1.0,0.0,0.7,0,1.0,0.4552594908607399,0.7127596677543367,0.5476334359394084,24.0,17,11
0_trivial,79,regular,0.1,100,2,0.01,1.0,0.0,0.7,0,1.0,0.5029687807400522,0.7343866121886964,0.5689625111037823,24.0,15,12
0_trivial,79,superintelligent,0.9,100,2,0.01,1.0,0.0,0.7,0,1.0,0.5029687807400522,0.7343866121886964,0.5747131036775371,15.0,15,12
0_trivial,79,oracle,1.0,100,2,0.01,1.0,0.0,0.7,0,1.0,0.5029687807400522,0.7343866121886964,0.5747131036775371,15.0,15,12
0_trivial,79,naive,0.009,100,2,0.01,1.0,0.0,0.7,0,1.0,0.5029687807400522,0.7343866121886964,0.5779131112882309,26.0,16,11
0_trivial,79,random,0.0009,100,2,0.01,1.0,0.0,0.7,0,1.0,0.5029687807400522,0.7343866121886964,0.5777489122848375,24.0,17,10
0_trivial,80,regular,0.1,100,2,0.01,1.0,0.0,0.7,0,1.0,0.5171717324896694,0.735557635811463,0.594426095933057,23.0,13,12
0_trivial,80,superintelligent,0.9,100,2,0.01,1.0,0.0,0.7,0,1.0,0.5171717324896694,0.735557635811463,0.594426095933057,14.0,13,12
0_trivial,80,oracle,1.0,100,2,0.01,1.0,0.0,0.7,0,1.0,0.5171717324896694,0.735557635811463,0.594426095933057,13.0,13,12
0_trivial,80,naive,0.009,100,2,0.01,1.0,0.0,0.7,0,1.0,0.5171717324896694,0.735557635811463,0.5903777530129374,25.0,14,11
0_trivial,80,random,0.0009,100,2,0.01,1.0,0.0,0.7,0,1.0,0.5171717324896694,0.735557635811463,0.5903777530129374,25.0,14,11
0_trivial,81,regular,0.1,100,2,0.01,1.0,0.0,0.7,0,1.0,0.508171315659985,0.7410111248858929,0.5607801946214743,20.0,11,13
0_trivial,81,superintelligent,0.9,100,2,0.01,1.0,0.0,0.7,0,1.0,0.508171315659985,0.7410111248858929,0.5712418648103782,15.0,13,12
0_trivial,81,oracle,1.0,100,2,0.01,1.0,0.0,0.7,0,1.0,0.508171315659985,0.7410111248858929,0.5712418648103782,13.0,13,12
0_trivial,81,naive,0.009,100,2,0.01,1.0,0.0,0.7,0,1.0,0.508171315659985,0.7410111248858929,0.5666648733329751,21.0,11,13
0_trivial,81,random,0.0009,100,2,0.01,1.0,0.0,0.7,0,1.0,0.508171315659985,0.7410111248858929,0.5551230958660736,22.0,11,13
0_trivial,82,regular,0.1,100,2,0.01,1.0,0.0,0.7,0,1.0,0.5156112828874555,0.7278047156733974,0.5680883577275121,24.0,12,14
0_trivial,82,superintelligent,0.9,100,2,0.01,1.0,0.0,0.7,0,1.0,0.5156112828874555,0.7278047156733974,0.586473483267845,13.0,12,13
0_trivial,82,oracle,1.0,100,2,0.01,1.0,0.0,0.7,0,1.0,0.5156112828874555,0.7278047156733974,0.586473483267845,12.0,12,13
0_trivial,82,naive,0.009,100,2,0.01,1.0,0.0,0.7,0,1.0,0.5156112828874555,0.7278047156733974,0.5768558869870812,25.0,13,13
0_trivial,82,random,0.0009,100,2,0.01,1.0,0.0,0.7,0,1.0,0.5156112828874555,0.7278047156733974,0.5592851214081161,26.0,13,13
0_trivial,83,regular,0.1,100,2,0.01,1.0,0.0,0.7,0,1.0,0.4803000936455952,0.7289804288724342,0.5348524248433754,20.0,10,12
0_trivial,83,superintelligent,0.9,100,2,0.01,1.0,0.0,0.7,0,1.0,0.4803000936455952,0.7289804288724342,0.541714795254664,12.0,11,13
0_trivial,83,oracle,1.0,100,2,0.01,1.0,0.0,0.7,0,1.0,0.4803000936455952,0.7289804288724342,0.541714795254664,11.0,11,13
0_trivial,83,naive,0.009,100,2,0.01,1.0,0.0,0.7,0,1.0,0.4803000936455952,0.7289804288724342,0.5364805518123713,23.0,10,13
0_trivial,83,random,0.0009,100,2,0.01,1.0,0.0,0.7,0,1.0,0.4803000936455952,0.7289804288724342,0.5335910306253607,24.0,11,13
0_trivial,84,regular,0.1,100,2,0.01,1.0,0.0,0.7,0,1.0,0.4709035917137946,0.7402593494768477,0.546369005542967,24.0,17,10
0_trivial,84,superintelligent,0.9,100,2,0.01,1.0,0.0,0.7,0,1.0,0.4709035917137946,0.7402593494768477,0.5457123104904344,16.0,15,10
0_trivial,84,oracle,1.0,100,2,0.01,1.0,0.0,0.7,0,1.0,0.4709035917137946,0.7402593494768477,0.5457123104904344,15.0,15,10
0_trivial,84,naive,0.009,100,2,0.01,1.0,0.0,0.7,0,1.0,0.4709035917137946,0.7402593494768477,0.5457123104904344,25.0,15,10
0_trivial,84,random,0.0009,100,2,0.01,1.0,0.0,0.7,0,1.0,0.4709035917137946,0.7402593494768477,0.5454545918256692,27.0,16,11
0_trivial,85,regular,0.1,100,2,0.01,1.0,0.0,0.7,0,1.0,0.5004513160654723,0.7361605646463559,0.5889043970293202,25.0,12,14
0_trivial,85,superintelligent,0.9,100,2,0.01,1.0,0.0,0.7,0,1.0,0.5004513160654723,0.7361605646463559,0.5848970760029251,11.0,10,14
0_trivial,85,oracle,1.0,100,2,0.01,1.0,0.0,0.7,0,1.0,0.5004513160654723,0.7361605646463559,0.5848970760029251,10.0,10,14
0_trivial,85,naive,0.009,100,2,0.01,1.0,0.0,0.7,0,1.0,0.5004513160654723,0.7361605646463559,0.5896636940055467,26.0,12,14
0_trivial,85,random,0.0009,100,2,0.01,1.0,0.0,0.7,0,1.0,0.5004513160654723,0.7361605646463559,0.5848970760029251,24.0,10,14
0_trivial,86,regular,0.1,100,2,0.01,1.0,0.0,0.7,0,1.0,0.4774493908436412,0.7277472989060946,0.5715888619302114,28.0,16,12
0_trivial,86,superintelligent,0.9,100,2,0.01,1.0,0.0,0.7,0,1.0,0.4774493908436412,0.7277472989060946,0.5715888619302114,16.0,16,12
0_trivial,86,oracle,1.0,100,2,0.01,1.0,0.0,0.7,0,1.0,0.4774493908436412,0.7277472989060946,0.5715888619302114,16.0,16,12
0_trivial,86,naive,0.009,100,2,0.01,1.0,0.0,0.7,0,1.0,0.4774493908436412,0.7277472989060946,0.5683031750096305,27.0,17,11
0_trivial,86,random,0.0009,100,2,0.01,1.0,0.0,0.7,0,1.0,0.4774493908436412,0.7277472989060946,0.5715888619302114,26.0,16,12
0_trivial,87,regular,0.1,100,2,0.01,1.0,0.0,0.7,0,1.0,0.5082651178282014,0.7202307022942912,0.5333506614851771,10.0,5,18
0_trivial,87,superintelligent,0.9,100,2,0.01,1.0,0.0,0.7,0,1.0,0.5082651178282014,0.7202307022942912,0.5334926537279009,6.0,5,17
0_trivial,87,oracle,1.0,100,2,0.01,1.0,0.0,0.7,0,1.0,0.5082651178282014,0.7202307022942912,0.5334926537279009,5.0,5,17
0_trivial,87,naive,0.009,100,2,0.01,1.0,0.0,0.7,0,1.0,0.5082651178282014,0.7202307022942912,0.5333506614851771,14.0,5,18
0_trivial,87,random,0.0009,100,2,0.01,1.0,0.0,0.7,0,1.0,0.5082651178282014,0.7202307022942912,0.5334926537279009,20.0,5,17
0_trivial,88,regular,0.1,100,2,0.01,1.0,0.0,0.7,0,1.0,0.509896362373507,0.7351582016643173,0.5923257834224305,24.0,11,13
0_trivial,88,superintelligent,0.9,100,2,0.01,1.0,0.0,0.7,0,1.0,0.509896362373507,0.7351582016643173,0.5929336777689993,15.0,14,10
0_trivial,88,oracle,1.0,100,2,0.01,1.0,0.0,0.7,0,1.0,0.509896362373507,0.7351582016643173,0.5929336777689993,14.0,14,10
0_trivial,88,naive,0.009,100,2,0.01,1.0,0.0,0.7,0,1.0,0.509896362373507,0.7351582016643173,0.5776778516234647,24.0,10,14
0_trivial,88,random,0.0009,100,2,0.01,1.0,0.0,0.7,0,1.0,0.509896362373507,0.7351582016643173,0.5890208979414706,23.0,12,12
0_trivial,89,regular,0.1,100,2,0.01,1.0,0.0,0.7,0,1.0,0.5273378242601878,0.76353764444441,0.5968067490878997,24.0,11,14
0_trivial,89,superintelligent,0.9,100,2,0.01,1.0,0.0,0.7,0,1.0,0.5273378242601878,0.76353764444441,0.6088215119188972,13.0,13,13
0_trivial,89,oracle,1.0,100,2,0.01,1.0,0.0,0.7,0,1.0,0.5273378242601878,0.76353764444441,0.6088215119188972,13.0,13,13
0_trivial,89,naive,0.009,100,2,0.01,1.0,0.0,0.7,0,1.0,0.5273378242601878,0.76353764444441,0.5968067490878997,25.0,11,14
0_trivial,89,random,0.0009,100,2,0.01,1.0,0.0,0.7,0,1.0,0.5273378242601878,0.76353764444441,0.5871504973016585,23.0,12,13
0_trivial,90,regular,0.1,100,2,0.01,1.0,0.0,0.7,0,1.0,0.4932656595229738,0.7485391496476301,0.5752225391860472,26.0,11,15
0_trivial,90,superintelligent,0.9,100,2,0.01,1.0,0.0,0.7,0,1.0,0.4932656595229738,0.7485391496476301,0.5860575714471011,13.0,12,14
0_trivial,90,oracle,1.0,100,2,0.01,1.0,0.0,0.7,0,1.0,0.4932656595229738,0.7485391496476301,0.5860575714471011,12.0,12,14
0_trivial,90,naive,0.009,100,2,0.01,1.0,0.0,0.7,0,1.0,0.4932656595229738,0.7485391496476301,0.5778210646236129,27.0,13,14
0_trivial,90,random,0.0009,100,2,0.01,1.0,0.0,0.7,0,1.0,0.4932656595229738,0.7485391496476301,0.5778210646236129,24.0,13,14
0_trivial,91,regular,0.1,100,2,0.01,1.0,0.0,0.7,0,1.0,0.5257974565963713,0.7512078480186304,0.5596443340670373,17.0,9,15
0_trivial,91,superintelligent,0.9,100,2,0.01,1.0,0.0,0.7,0,1.0,0.5257974565963713,0.7512078480186304,0.5643678996664999,10.0,9,15
0_trivial,91,oracle,1.0,100,2,0.01,1.0,0.0,0.7,0,1.0,0.5257974565963713,0.7512078480186304,0.5646304566221282,9.0,9,14
0_trivial,91,naive,0.009,100,2,0.01,1.0,0.0,0.7,0,1.0,0.5257974565963713,0.7512078480186304,0.5596443340670373,18.0,9,15
0_trivial,91,random,0.0009,100,2,0.01,1.0,0.0,0.7,0,1.0,0.5257974565963713,0.7512078480186304,0.5602580015896047,14.0,8,16
0_trivial,92,regular,0.1,100,2,0.01,1.0,0.0,0.7,0,1.0,0.4883733942433863,0.7345549054510839,0.5491007061031538,22.0,13,11
0_trivial,92,superintelligent,0.9,100,2,0.01,1.0,0.0,0.7,0,1.0,0.4883733942433863,0.7345549054510839,0.5491007061031538,15.0,13,11
0_trivial,92,oracle,1.0,100,2,0.01,1.0,0.0,0.7,0,1.0,0.4883733942433863,0.7345549054510839,0.5491007061031538,13.0,13,11
0_trivial,92,naive,0.009,100,2,0.01,1.0,0.0,0.7,0,1.0,0.4883733942433863,0.7345549054510839,0.5341412993107267,22.0,11,12
0_trivial,92,random,0.0009,100,2,0.01,1.0,0.0,0.7,0,1.0,0.4883733942433863,0.7345549054510839,0.5404294126151494,24.0,13,11
0_trivial,93,regular,0.1,100,2,0.01,1.0,0.0,0.7,0,1.0,0.5014641199895494,0.7308390584781319,0.5701247956569676,21.0,14,9
0_trivial,93,superintelligent,0.9,100,2,0.01,1.0,0.0,0.7,0,1.0,0.5014641199895494,0.7308390584781319,0.5720878733303496,13.0,13,10
0_trivial,93,oracle,1.0,100,2,0.01,1.0,0.0,0.7,0,1.0,0.5014641199895494,0.7308390584781319,0.5720878733303496,13.0,13,10
0_trivial,93,naive,0.009,100,2,0.01,1.0,0.0,0.7,0,1.0,0.5014641199895494,0.7308390584781319,0.5669748795302667,22.0,12,11
0_trivial,93,random,0.0009,100,2,0.01,1.0,0.0,0.7,0,1.0,0.5014641199895494,0.7308390584781319,0.5654640001103475,20.0,12,10
0_trivial,94,regular,0.1,100,2,0.01,1.0,0.0,0.7,0,1.0,0.46302164237085924,0.7305887623454744,0.515865200016765,18.0,12,6
0_trivial,94,superintelligent,0.9,100,2,0.01,1.0,0.0,0.7,0,1.0,0.46302164237085924,0.7305887623454744,0.5078583588253257,11.0,10,7
0_trivial,94,oracle,1.0,100,2,0.01,1.0,0.0,0.7,0,1.0,0.46302164237085924,0.7305887623454744,0.5078583588253257,10.0,10,7
0_trivial,94,naive,0.009,100,2,0.01,1.0,0.0,0.7,0,1.0,0.46302164237085924,0.7305887623454744,0.5023360229141005,17.0,9,8
0_trivial,94,random,0.0009,100,2,0.01,1.0,0.0,0.7,0,1.0,0.46302164237085924,0.7305887623454744,0.515865200016765,18.0,12,6
0_trivial,95,regular,0.1,100,2,0.01,1.0,0.0,0.7,0,1.0,0.5565414515389786,0.7580418215037485,0.5914370001670389,17.0,4,19
0_trivial,95,superintelligent,0.9,100,2,0.01,1.0,0.0,0.7,0,1.0,0.5565414515389786,0.7580418215037485,0.5914370001670389,4.0,4,19
0_trivial,95,oracle,1.0,100,2,0.01,1.0,0.0,0.7,0,1.0,0.5565414515389786,0.7580418215037485,0.5914370001670389,4.0,4,19
0_trivial,95,naive,0.009,100,2,0.01,1.0,0.0,0.7,0,1.0,0.5565414515389786,0.7580418215037485,0.5975257544987186,22.0,6,18
0_trivial,95,random,0.0009,100,2,0.01,1.0,0.0,0.7,0,1.0,0.5565414515389786,0.7580418215037485,0.5914370001670389,16.0,4,19
0_trivial,96,regular,0.1,100,2,0.01,1.0,0.0,0.7,0,1.0,0.4878966090616096,0.7467035893770165,0.5608012833824624,25.0,12,13
0_trivial,96,superintelligent,0.9,100,2,0.01,1.0,0.0,0.7,0,1.0,0.4878966090616096,0.7467035893770165,0.5843413385691669,16.0,15,12
0_trivial,96,oracle,1.0,100,2,0.01,1.0,0.0,0.7,0,1.0,0.4878966090616096,0.7467035893770165,0.5843413385691669,15.0,15,12
0_trivial,96,naive,0.009,100,2,0.01,1.0,0.0,0.7,0,1.0,0.4878966090616096,0.7467035893770165,0.5837751941231355,24.0,14,13
0_trivial,96,random,0.0009,100,2,0.01,1.0,0.0,0.7,0,1.0,0.4878966090616096,0.7467035893770165,0.5843413385691669,27.0,15,12
0_trivial,97,regular,0.1,100,2,0.01,1.0,0.0,0.7,0,1.0,0.4934696407752701,0.7267459807457776,0.5524656118577836,17.0,10,11
0_trivial,97,superintelligent,0.9,100,2,0.01,1.0,0.0,0.7,0,1.0,0.4934696407752701,0.7267459807457776,0.5525908663720585,10.0,10,12
0_trivial,97,oracle,1.0,100,2,0.01,1.0,0.0,0.7,0,1.0,0.4934696407752701,0.7267459807457776,0.5525908663720585,10.0,10,12
0_trivial,97,naive,0.009,100,2,0.01,1.0,0.0,0.7,0,1.0,0.4934696407752701,0.7267459807457776,0.5525908663720585,17.0,10,12
0_trivial,97,random,0.0009,100,2,0.01,1.0,0.0,0.7,0,1.0,0.4934696407752701,0.7267459807457776,0.5511136008946361,21.0,10,11
0_trivial,98,regular,0.1,100,2,0.01,1.0,0.0,0.7,0,1.0,0.4942257898030585,0.7356811735985279,0.5481385419927596,19.0,12,15
0_trivial,98,superintelligent,0.9,100,2,0.01,1.0,0.0,0.7,0,1.0,0.4942257898030585,0.7356811735985279,0.5518878673658656,11.0,11,16
0_trivial,98,oracle,1.0,100,2,0.01,1.0,0.0,0.7,0,1.0,0.4942257898030585,0.7356811735985279,0.5518878673658656,11.0,11,16
0_trivial,98,naive,0.009,100,2,0.01,1.0,0.0,0.7,0,1.0,0.4942257898030585,0.7356811735985279,0.5434090885315724,27.0,13,14
0_trivial,98,random,0.0009,100,2,0.01,1.0,0.0,0.7,0,1.0,0.4942257898030585,0.7356811735985279,0.5436610687122219,27.0,12,15
0_trivial,99,regular,0.1,100,2,0.01,1.0,0.0,0.7,0,1.0,0.46465578579495853,0.7321281631622664,0.5534796964853425,21.0,12,11
0_trivial,99,superintelligent,0.9,100,2,0.01,1.0,0.0,0.7,0,1.0,0.46465578579495853,0.7321281631622664,0.557855519679477,14.0,14,10
0_trivial,99,oracle,1.0,100,2,0.01,1.0,0.0,0.7,0,1.0,0.46465578579495853,0.7321281631622664,0.557855519679477,14.0,14,10
0_trivial,99,naive,0.009,100,2,0.01,1.0,0.0,0.7,0,1.0,0.46465578579495853,0.7321281631622664,0.557855519679477,24.0,14,10
0_trivial,99,random,0.0009,100,2,0.01,1.0,0.0,0.7,0,1.0,0.46465578579495853,0.7321281631622664,0.5572086764525224,23.0,13,10
1_disaster,0,regular,0.1,100,2,0.01,1.0,3.0,0.7,0,1.0,0.5220800638502133,0.7410385965522908,0.5508483122924129,58.0,6,292
1_disaster,0,superintelligent,0.9,100,2,0.01,1.0,3.0,0.7,0,1.0,0.5220800638502133,0.7410385965522908,0.5508483122924129,6.0,6,316
1_disaster,0,oracle,1.0,100,2,0.01,1.0,3.0,0.7,0,1.0,0.5220800638502133,0.7410385965522908,0.5508483122924129,6.0,6,316
1_disaster,0,naive,0.009,100,2,0.01,1.0,3.0,0.7,0,1.0,0.5220800638502133,0.7410385965522908,0.5508483122924129,268.0,6,262
1_disaster,0,random,0.0009,100,2,0.01,1.0,3.0,0.7,0,1.0,0.5220800638502133,0.7410385965522908,0.5508483122924129,145.0,6,310
1_disaster,1,regular,0.1,100,2,0.01,1.0,3.0,0.7,0,1.0,0.51646358185176,0.7379449301267818,0.5716283435064856,66.0,11,279
1_disaster,1,superintelligent,0.9,100,2,0.01,1.0,3.0,0.7,0,1.0,0.51646358185176,0.7379449301267818,0.5716283435064856,12.0,11,318
1_disaster,1,oracle,1.0,100,2,0.01,1.0,3.0,0.7,0,1.0,0.51646358185176,0.7379449301267818,0.5716283435064856,11.0,11,318
1_disaster,1,naive,0.009,100,2,0.01,1.0,3.0,0.7,0,1.0,0.51646358185176,0.7379449301267818,0.5716283435064856,270.0,11,290
1_disaster,1,random,0.0009,100,2,0.01,1.0,3.0,0.7,0,1.0,0.51646358185176,0.7379449301267818,0.5777565293118405,278.0,12,298
1_disaster,2,regular,0.1,100,2,0.01,1.0,3.0,0.7,0,1.0,0.4796846730396163,0.7375434479190274,0.5424655381982211,118.0,14,312
1_disaster,2,superintelligent,0.9,100,2,0.01,1.0,3.0,0.7,0,1.0,0.4796846730396163,0.7375434479190274,0.5424655381982211,16.0,14,313
1_disaster,2,oracle,1.0,100,2,0.01,1.0,3.0,0.7,0,1.0,0.4796846730396163,0.7375434479190274,0.5424655381982211,14.0,14,313
1_disaster,2,naive,0.009,100,2,0.01,1.0,3.0,0.7,0,1.0,0.4796846730396163,0.7375434479190274,0.5394212793464066,306.0,14,312
1_disaster,2,random,0.0009,100,2,0.01,1.0,3.0,0.7,0,1.0,0.4796846730396163,0.7375434479190274,0.5385542820283572,278.0,14,309
1_disaster,3,regular,0.1,100,2,0.01,1.0,3.0,0.7,0,1.0,0.5102403930638758,0.7310488074020016,0.5682881257238802,125.0,11,312
1_disaster,3,superintelligent,0.9,100,2,0.01,1.0,3.0,0.7,0,1.0,0.5102403930638758,0.7310488074020016,0.5682881257238802,12.0,11,314
1_disaster,3,oracle,1.0,100,2,0.01,1.0,3.0,0.7,0,1.0,0.5102403930638758,0.7310488074020016,0.5682881257238802,11.0,11,314
1_disaster,3,naive,0.009,100,2,0.01,1.0,3.0,0.7,0,1.0,0.5102403930638758,0.7310488074020016,0.5682881257238802,324.0,11,313
1_disaster,3,random,0.0009,100,2,0.01,1.0,3.0,0.7,0,1.0,0.5102403930638758,0.7310488074020016,0.5682881257238802,318.0,11,311
1_disaster,4,regular,0.1,100,2,0.01,1.0,3.0,0.7,0,1.0,0.4971150345289661,0.717280175068598,0.5646833201815271,113.0,16,264
1_disaster,4,superintelligent,0.9,100,2,0.01,1.0,3.0,0.7,0,1.0,0.4971150345289661,0.717280175068598,0.5646833201815271,18.0,16,311
1_disaster,4,oracle,1.0,100,2,0.01,1.0,3.0,0.7,0,1.0,0.4971150345289661,0.717280175068598,0.5646833201815271,16.0,16,311
1_disaster,4,naive,0.009,100,2,0.01,1.0,3.0,0.7,0,1.0,0.4971150345289661,0.717280175068598,0.568851865913492,316.0,21,308
1_disaster,4,random,0.0009,100,2,0.01,1.0,3.0,0.7,0,1.0,0.4971150345289661,0.717280175068598,0.5626834852063956,316.0,17,303
1_disaster,5,regular,0.1,100,2,0.01,1.0,3.0,0.7,0,1.0,0.445592051722765,0.7451213377741955,0.5629239283844073,108.0,12,308
1_disaster,5,superintelligent,0.9,100,2,0.01,1.0,3.0,0.7,0,1.0,0.445592051722765,0.7451213377741955,0.5629239283844073,12.0,12,312
1_disaster,5,oracle,1.0,100,2,0.01,1.0,3.0,0.7,0,1.0,0.445592051722765,0.7451213377741955,0.5629239283844073,12.0,12,312
1_disaster,5,naive,0.009,100,2,0.01,1.0,3.0,0.7,0,1.0,0.445592051722765,0.7451213377741955,0.5629239283844073,318.0,12,306
1_disaster,5,random,0.0009,100,2,0.01,1.0,3.0,0.7,0,1.0,0.445592051722765,0.7451213377741955,0.5507383161309961,321.0,13,308
1_disaster,6,regular,0.1,100,2,0.01,1.0,3.0,0.7,0,1.0,0.46130910585600565,0.7506110452711512,0.520368674038143,151.0,17,290
1_disaster,6,superintelligent,0.9,100,2,0.01,1.0,3.0,0.7,0,1.0,0.46130910585600565,0.7506110452711512,0.520078490638016,15.0,15,312
1_disaster,6,oracle,1.0,100,2,0.01,1.0,3.0,0.7,0,1.0,0.46130910585600565,0.7506110452711512,0.520078490638016,15.0,15,312
1_disaster,6,naive,0.009,100,2,0.01,1.0,3.0,0.7,0,1.0,0.46130910585600565,0.7506110452711512,0.5159784137170319,326.0,16,310
1_disaster,6,random,0.0009,100,2,0.01,1.0,3.0,0.7,0,1.0,0.46130910585600565,0.7506110452711512,0.5144196251791118,324.0,14,312
1_disaster,7,regular,0.1,100,2,0.01,1.0,3.0,0.7,0,1.0,0.4709542459932916,0.739763395085743,0.5660145794407955,143.0,15,304
1_disaster,7,superintelligent,0.9,100,2,0.01,1.0,3.0,0.7,0,1.0,0.4709542459932916,0.739763395085743,0.5660145794407955,18.0,15,313
1_disaster,7,oracle,1.0,100,2,0.01,1.0,3.0,0.7,0,1.0,0.4709542459932916,0.739763395085743,0.5660145794407955,15.0,15,313
1_disaster,7,naive,0.009,100,2,0.01,1.0,3.0,0.7,0,1.0,0.4709542459932916,0.739763395085743,0.5576771608815355,234.0,16,300
1_disaster,7,random,0.0009,100,2,0.01,1.0,3.0,0.7,0,1.0,0.4709542459932916,0.739763395085743,0.5604249645078805,319.0,14,312
1_disaster,8,regular,0.1,100,2,0.01,1.0,3.0,0.7,0,1.0,0.5113540332329188,0.7421839266297562,0.5844233172037379,107.0,15,300
1_disaster,8,superintelligent,0.9,100,2,0.01,1.0,3.0,0.7,0,1.0,0.5113540332329188,0.7421839266297562,0.5844233172037379,19.0,15,311
1_disaster,8,oracle,1.0,100,2,0.01,1.0,3.0,0.7,0,1.0,0.5113540332329188,0.7421839266297562,0.5844233172037379,15.0,15,311
1_disaster,8,naive,0.009,100,2,0.01,1.0,3.0,0.7,0,1.0,0.5113540332329188,0.7421839266297562,0.5844233172037379,279.0,15,299
1_disaster,8,random,0.0009,100,2,0.01,1.0,3.0,0.7,0,1.0,0.5113540332329188,0.7421839266297562,0.5751069800151875,324.0,14,310
1_disaster,9,regular,0.1,100,2,0.01,1.0,3.0,0.7,0,1.0,0.4951106057379709,0.7339227120113666,0.5389114874961387,62.0,8,309
1_disaster,9,superintelligent,0.9,100,2,0.01,1.0,3.0,0.7,0,1.0,0.4951106057379709,0.7339227120113666,0.5389114874961387,9.0,8,314
1_disaster,9,oracle,1.0,100,2,0.01,1.0,3.0,0.7,0,1.0,0.4951106057379709,0.7339227120113666,0.5389114874961387,8.0,8,314
1_disaster,9,naive,0.009,100,2,0.01,1.0,3.0,0.7,0,1.0,0.4951106057379709,0.7339227120113666,0.5458097289547623,261.0,11,282
1_disaster,9,random,0.0009,100,2,0.01,1.0,3.0,0.7,0,1.0,0.4951106057379709,0.7339227120113666,0.5389114874961387,259.0,8,291
1_disaster,10,regular,0.1,100,2,0.01,1.0,3.0,0.7,0,1.0,0.5194282976376642,0.7135311352524298,0.5806982511638753,153.0,12,304
1_disaster,10,superintelligent,0.9,100,2,0.01,1.0,3.0,0.7,0,1.0,0.5194282976376642,0.7135311352524298,0.5806982511638753,15.0,12,312
1_disaster,10,oracle,1.0,100,2,0.01,1.0,3.0,0.7,0,1.0,0.5194282976376642,0.7135311352524298,0.5806982511638753,12.0,12,312
1_disaster,10,naive,0.009,100,2,0.01,1.0,3.0,0.7,0,1.0,0.5194282976376642,0.7135311352524298,0.5783464483541435,266.0,11,258
1_disaster,10,random,0.0009,100,2,0.01,1.0,3.0,0.7,0,1.0,0.5194282976376642,0.7135311352524298,0.5806982511638753,306.0,12,294
1_disaster,11,regular,0.1,100,2,0.01,1.0,3.0,0.7,0,1.0,0.5397194855947864,0.7549036222745902,0.594431815905802,69.0,8,311
1_disaster,11,superintelligent,0.9,100,2,0.01,1.0,3.0,0.7,0,1.0,0.5397194855947864,0.7549036222745902,0.594431815905802,9.0,8,317
1_disaster,11,oracle,1.0,100,2,0.01,1.0,3.0,0.7,0,1.0,0.5397194855947864,0.7549036222745902,0.594431815905802,8.0,8,317
1_disaster,11,naive,0.009,100,2,0.01,1.0,3.0,0.7,0,1.0,0.5397194855947864,0.7549036222745902,0.594431815905802,262.0,8,289
1_disaster,11,random,0.0009,100,2,0.01,1.0,3.0,0.7,0,1.0,0.5397194855947864,0.7549036222745902,0.594431815905802,311.0,8,316
1_disaster,12,regular,0.1,100,2,0.01,1.0,3.0,0.7,0,1.0,0.49027890455859496,0.7545254903135707,0.5572532901901701,51.0,12,289
1_disaster,12,superintelligent,0.9,100,2,0.01,1.0,3.0,0.7,0,1.0,0.49027890455859496,0.7545254903135707,0.5572532901901701,13.0,12,314
1_disaster,12,oracle,1.0,100,2,0.01,1.0,3.0,0.7,0,1.0,0.49027890455859496,0.7545254903135707,0.5572532901901701,12.0,12,314
1_disaster,12,naive,0.009,100,2,0.01,1.0,3.0,0.7,0,1.0,0.49027890455859496,0.7545254903135707,0.5587575506918977,285.0,12,314
1_disaster,12,random,0.0009,100,2,0.01,1.0,3.0,0.7,0,1.0,0.49027890455859496,0.7545254903135707,0.5587575506918977,306.0,12,309
1_disaster,13,regular,0.1,100,2,0.01,1.0,3.0,0.7,0,1.0,0.4812853338359582,0.7398190274520206,0.538052622811981,78.0,9,309
1_disaster,13,superintelligent,0.9,100,2,0.01,1.0,3.0,0.7,0,1.0,0.4812853338359582,0.7398190274520206,0.538052622811981,12.0,9,312
1_disaster,13,oracle,1.0,100,2,0.01,1.0,3.0,0.7,0,1.0,0.4812853338359582,0.7398190274520206,0.538052622811981,9.0,9,312
1_disaster,13,naive,0.009,100,2,0.01,1.0,3.0,0.7,0,1.0,0.4812853338359582,0.7398190274520206,0.538052622811981,237.0,9,275
1_disaster,13,random,0.0009,100,2,0.01,1.0,3.0,0.7,0,1.0,0.4812853338359582,0.7398190274520206,0.533459720254849,280.0,10,311
1_disaster,14,regular,0.1,100,2,0.01,1.0,3.0,0.7,0,1.0,0.4636709585221332,0.7323022884516666,0.5203134748468259,106.0,9,312
1_disaster,14,superintelligent,0.9,100,2,0.01,1.0,3.0,0.7,0,1.0,0.4636709585221332,0.7323022884516666,0.5203134748468259,10.0,9,313
1_disaster,14,oracle,1.0,100,2,0.01,1.0,3.0,0.7,0,1.0,0.4636709585221332,0.7323022884516666,0.5203134748468259,9.0,9,313
1_disaster,14,naive,0.009,100,2,0.01,1.0,3.0,0.7,0,1.0,0.4636709585221332,0.7323022884516666,0.5203134748468259,304.0,9,295
1_disaster,14,random,0.0009,100,2,0.01,1.0,3.0,0.7,0,1.0,0.4636709585221332,0.7323022884516666,0.5203134748468259,284.0,9,275
1_disaster,15,regular,0.1,100,2,0.01,1.0,3.0,0.7,0,1.0,0.5126999547660104,0.7385484731232915,0.5772345669718734,138.0,12,285
1_disaster,15,superintelligent,0.9,100,2,0.01,1.0,3.0,0.7,0,1.0,0.5126999547660104,0.7385484731232915,0.5772345669718734,13.0,12,313
1_disaster,15,oracle,1.0,100,2,0.01,1.0,3.0,0.7,0,1.0,0.5126999547660104,0.7385484731232915,0.5772345669718734,12.0,12,313
1_disaster,15,naive,0.009,100,2,0.01,1.0,3.0,0.7,0,1.0,0.5126999547660104,0.7385484731232915,0.5713573790310635,310.0,10,313
1_disaster,15,random,0.0009,100,2,0.01,1.0,3.0,0.7,0,1.0,0.5126999547660104,0.7385484731232915,0.5707307994810121,325.0,11,314
1_disaster,16,regular,0.1,100,2,0.01,1.0,3.0,0.7,0,1.0,0.48911381121292136,0.7221468241274738,0.5466727017883962,83.0,10,310
1_disaster,16,superintelligent,0.9,100,2,0.01,1.0,3.0,0.7,0,1.0,0.48911381121292136,0.7221468241274738,0.5466727017883962,12.0,10,312
1_disaster,16,oracle,1.0,100,2,0.01,1.0,3.0,0.7,0,1.0,0.48911381121292136,0.7221468241274738,0.5466727017883962,10.0,10,312
1_disaster,16,naive,0.009,100,2,0.01,1.0,3.0,0.7,0,1.0,0.48911381121292136,0.7221468241274738,0.542426815613432,316.0,11,305
1_disaster,16,random,0.0009,100,2,0.01,1.0,3.0,0.7,0,1.0,0.48911381121292136,0.7221468241274738,0.5466362483750244,319.0,12,309
1_disaster,17,regular,0.1,100,2,0.01,1.0,3.0,0.7,0,1.0,0.5748586239539616,0.7744668461836792,0.6114852774635128,61.0,6,307
1_disaster,17,superintelligent,0.9,100,2,0.01,1.0,3.0,0.7,0,1.0,0.5748586239539616,0.7744668461836792,0.6114852774635128,8.0,6,317
1_disaster,17,oracle,1.0,100,2,0.01,1.0,3.0,0.7,0,1.0,0.5748586239539616,0.7744668461836792,0.6114852774635128,6.0,6,317
1_disaster,17,naive,0.009,100,2,0.01,1.0,3.0,0.7,0,1.0,0.5748586239539616,0.7744668461836792,0.6106398482845852,234.0,6,304
1_disaster,17,random,0.0009,100,2,0.01,1.0,3.0,0.7,0,1.0,0.5748586239539616,0.7744668461836792,0.6114852774635128,296.0,6,305
1_disaster,18,regular,0.1,100,2,0.01,1.0,3.0,0.7,0,1.0,0.4778462373460202,0.7269140728711686,0.5404740893699841,198.0,13,280
1_disaster,18,superintelligent,0.9,100,2,0.01,1.0,3.0,0.7,0,1.0,0.4778462373460202,0.7269140728711686,0.5404740893699841,13.0,13,309
1_disaster,18,oracle,1.0,100,2,0.01,1.0,3.0,0.7,0,1.0,0.4778462373460202,0.7269140728711686,0.5404740893699841,13.0,13,309
1_disaster,18,naive,0.009,100,2,0.01,1.0,3.0,0.7,0,1.0,0.4778462373460202,0.7269140728711686,0.57330916494087,318.0,18,300
1_disaster,18,random,0.0009,100,2,0.01,1.0,3.0,0.7,0,1.0,0.4778462373460202,0.7269140728711686,0.57330916494087,328.0,18,310
1_disaster,19,regular,0.1,100,2,0.01,1.0,3.0,0.7,0,1.0,0.507791310684479,0.7354422336481008,0.5972954015468271,169.0,15,286
1_disaster,19,superintelligent,0.9,100,2,0.01,1.0,3.0,0.7,0,1.0,0.507791310684479,0.7354422336481008,0.6037032526961894,16.0,16,308
1_disaster,19,oracle,1.0,100,2,0.01,1.0,3.0,0.7,0,1.0,0.507791310684479,0.7354422336481008,0.6037032526961894,16.0,16,308
1_disaster,19,naive,0.009,100,2,0.01,1.0,3.0,0.7,0,1.0,0.507791310684479,0.7354422336481008,0.5958850321052589,222.0,13,306
1_disaster,19,random,0.0009,100,2,0.01,1.0,3.0,0.7,0,1.0,0.507791310684479,0.7354422336481008,0.6024293950221488,324.0,15,309
1_disaster,20,regular,0.1,100,2,0.01,1.0,3.0,0.7,0,1.0,0.5052131127207565,0.7299231777987796,0.5930542979973342,134.0,13,304
1_disaster,20,superintelligent,0.9,100,2,0.01,1.0,3.0,0.7,0,1.0,0.5052131127207565,0.7299231777987796,0.5930542979973342,16.0,13,316
1_disaster,20,oracle,1.0,100,2,0.01,1.0,3.0,0.7,0,1.0,0.5052131127207565,0.7299231777987796,0.5930542979973342,13.0,13,316
1_disaster,20,naive,0.009,100,2,0.01,1.0,3.0,0.7,0,1.0,0.5052131127207565,0.7299231777987796,0.5930542979973342,307.0,13,309
1_disaster,20,random,0.0009,100,2,0.01,1.0,3.0,0.7,0,1.0,0.5052131127207565,0.7299231777987796,0.59109720825943,320.0,14,306
1_disaster,21,regular,0.1,100,2,0.01,1.0,3.0,0.7,0,1.0,0.4925619556164088,0.7209053026796819,0.5407123968653004,95.0,10,308
1_disaster,21,superintelligent,0.9,100,2,0.01,1.0,3.0,0.7,0,1.0,0.4925619556164088,0.7209053026796819,0.5407123968653004,12.0,10,310
1_disaster,21,oracle,1.0,100,2,0.01,1.0,3.0,0.7,0,1.0,0.4925619556164088,0.7209053026796819,0.5407123968653004,10.0,10,310
1_disaster,21,naive,0.009,100,2,0.01,1.0,3.0,0.7,0,1.0,0.4925619556164088,0.7209053026796819,0.5407123968653004,202.0,10,306
1_disaster,21,random,0.0009,100,2,0.01,1.0,3.0,0.7,0,1.0,0.4925619556164088,0.7209053026796819,0.5407123968653004,268.0,10,274
1_disaster,22,regular,0.1,100,2,0.01,1.0,3.0,0.7,0,1.0,0.5058435599072519,0.7606570003807346,0.5724234500815265,92.0,13,269
1_disaster,22,superintelligent,0.9,100,2,0.01,1.0,3.0,0.7,0,1.0,0.5058435599072519,0.7606570003807346,0.5858328333553104,15.0,13,313
1_disaster,22,oracle,1.0,100,2,0.01,1.0,3.0,0.7,0,1.0,0.5058435599072519,0.7606570003807346,0.5858328333553104,13.0,13,313
1_disaster,22,naive,0.009,100,2,0.01,1.0,3.0,0.7,0,1.0,0.5058435599072519,0.7606570003807346,0.5821422927981984,266.0,14,292
1_disaster,22,random,0.0009,100,2,0.01,1.0,3.0,0.7,0,1.0,0.5058435599072519,0.7606570003807346,0.5821422927981984,305.0,14,291
1_disaster,23,regular,0.1,100,2,0.01,1.0,3.0,0.7,0,1.0,0.4654088625082224,0.7335651223562919,0.5330555208172587,83.0,13,308
1_disaster,23,superintelligent,0.9,100,2,0.01,1.0,3.0,0.7,0,1.0,0.4654088625082224,0.7335651223562919,0.5330555208172587,13.0,13,309
1_disaster,23,oracle,1.0,100,2,0.01,1.0,3.0,0.7,0,1.0,0.4654088625082224,0.7335651223562919,0.5330555208172587,13.0,13,309
1_disaster,23,naive,0.009,100,2,0.01,1.0,3.0,0.7,0,1.0,0.4654088625082224,0.7335651223562919,0.528870002551348,318.0,11,307
1_disaster,23,random,0.0009,100,2,0.01,1.0,3.0,0.7,0,1.0,0.4654088625082224,0.7335651223562919,0.528870002551348,301.0,11,302
1_disaster,24,regular,0.1,100,2,0.01,1.0,3.0,0.7,0,1.0,0.500503734695633,0.7396757293228817,0.5680642232174642,74.0,11,259
1_disaster,24,superintelligent,0.9,100,2,0.01,1.0,3.0,0.7,0,1.0,0.500503734695633,0.7396757293228817,0.5665584085590684,11.0,11,316
1_disaster,24,oracle,1.0,100,2,0.01,1.0,3.0,0.7,0,1.0,0.500503734695633,0.7396757293228817,0.5665584085590684,11.0,11,316
1_disaster,24,naive,0.009,100,2,0.01,1.0,3.0,0.7,0,1.0,0.500503734695633,0.7396757293228817,0.5680642232174642,236.0,11,306
1_disaster,24,random,0.0009,100,2,0.01,1.0,3.0,0.7,0,1.0,0.500503734695633,0.7396757293228817,0.5440152851546063,301.0,9,299
1_disaster,25,regular,0.1,100,2,0.01,1.0,3.0,0.7,0,1.0,0.5203655305051876,0.733802912866137,0.5791597904417167,89.0,12,278
1_disaster,25,superintelligent,0.9,100,2,0.01,1.0,3.0,0.7,0,1.0,0.5203655305051876,0.733802912866137,0.5791597904417167,13.0,12,311
1_disaster,25,oracle,1.0,100,2,0.01,1.0,3.0,0.7,0,1.0,0.5203655305051876,0.733802912866137,0.5791597904417167,12.0,12,311
1_disaster,25,naive,0.009,100,2,0.01,1.0,3.0,0.7,0,1.0,0.5203655305051876,0.733802912866137,0.5791597904417167,293.0,12,306
1_disaster,25,random,0.0009,100,2,0.01,1.0,3.0,0.7,0,1.0,0.5203655305051876,0.733802912866137,0.5791597904417167,315.0,12,304
1_disaster,26,regular,0.1,100,2,0.01,1.0,3.0,0.7,0,1.0,0.44136401369378936,0.7240918589620785,0.5622941825192218,99.0,15,306
1_disaster,26,superintelligent,0.9,100,2,0.01,1.0,3.0,0.7,0,1.0,0.44136401369378936,0.7240918589620785,0.5622941825192218,15.0,15,310
1_disaster,26,oracle,1.0,100,2,0.01,1.0,3.0,0.7,0,1.0,0.44136401369378936,0.7240918589620785,0.5622941825192218,15.0,15,310
1_disaster,26,naive,0.009,100,2,0.01,1.0,3.0,0.7,0,1.0,0.44136401369378936,0.7240918589620785,0.5591002147777975,262.0,15,311
1_disaster,26,random,0.0009,100,2,0.01,1.0,3.0,0.7,0,1.0,0.44136401369378936,0.7240918589620785,0.5591002147777975,314.0,15,307
1_disaster,27,regular,0.1,100,2,0.01,1.0,3.0,0.7,0,1.0,0.4799644582593693,0.7317257315519932,0.5490082711212309,126.0,14,293
1_disaster,27,superintelligent,0.9,100,2,0.01,1.0,3.0,0.7,0,1.0,0.4799644582593693,0.7317257315519932,0.5490082711212309,18.0,14,313
1_disaster,27,oracle,1.0,100,2,0.01,1.0,3.0,0.7,0,1.0,0.4799644582593693,0.7317257315519932,0.5490082711212309,14.0,14,313
1_disaster,27,naive,0.009,100,2,0.01,1.0,3.0,0.7,0,1.0,0.4799644582593693,0.7317257315519932,0.5414263086220994,314.0,14,300
1_disaster,27,random,0.0009,100,2,0.01,1.0,3.0,0.7,0,1.0,0.4799644582593693,0.7317257315519932,0.5456208261991511,302.0,15,300
1_disaster,28,regular,0.1,100,2,0.01,1.0,3.0,0.7,0,1.0,0.5235880523899923,0.7737359839480414,0.5897381033129847,145.0,16,297
1_disaster,28,superintelligent,0.9,100,2,0.01,1.0,3.0,0.7,0,1.0,0.5235880523899923,0.7737359839480414,0.5897381033129847,18.0,16,312
1_disaster,28,oracle,1.0,100,2,0.01,1.0,3.0,0.7,0,1.0,0.5235880523899923,0.7737359839480414,0.5897381033129847,16.0,16,312
1_disaster,28,naive,0.009,100,2,0.01,1.0,3.0,0.7,0,1.0,0.5235880523899923,0.7737359839480414,0.5895554683534647,288.0,15,305
1_disaster,28,random,0.0009,100,2,0.01,1.0,3.0,0.7,0,1.0,0.5235880523899923,0.7737359839480414,0.5867890843315923,315.0,14,307
1_disaster,29,regular,0.1,100,2,0.01,1.0,3.0,0.7,0,1.0,0.4788463556473059,0.7564734895180149,0.5306937940019513,112.0,8,299
1_disaster,29,superintelligent,0.9,100,2,0.01,1.0,3.0,0.7,0,1.0,0.4788463556473059,0.7564734895180149,0.5306937940019513,12.0,8,315
1_disaster,29,oracle,1.0,100,2,0.01,1.0,3.0,0.7,0,1.0,0.4788463556473059,0.7564734895180149,0.5306937940019513,8.0,8,315
1_disaster,29,naive,0.009,100,2,0.01,1.0,3.0,0.7,0,1.0,0.4788463556473059,0.7564734895180149,0.5306937940019513,202.0,8,299
1_disaster,29,random,0.0009,100,2,0.01,1.0,3.0,0.7,0,1.0,0.4788463556473059,0.7564734895180149,0.5285878137582999,317.0,9,312
1_disaster,30,regular,0.1,100,2,0.01,1.0,3.0,0.7,0,1.0,0.5010052395939194,0.7523833154076534,0.5656265911627794,99.0,10,315
1_disaster,30,superintelligent,0.9,100,2,0.01,1.0,3.0,0.7,0,1.0,0.5010052395939194,0.7523833154076534,0.5656265911627794,12.0,10,315
1_disaster,30,oracle,1.0,100,2,0.01,1.0,3.0,0.7,0,1.0,0.5010052395939194,0.7523833154076534,0.5656265911627794,10.0,10,315
1_disaster,30,naive,0.009,100,2,0.01,1.0,3.0,0.7,0,1.0,0.5010052395939194,0.7523833154076534,0.5646268755753016,319.0,9,310
1_disaster,30,random,0.0009,100,2,0.01,1.0,3.0,0.7,0,1.0,0.5010052395939194,0.7523833154076534,0.5646268755753016,305.0,9,308
1_disaster,31,regular,0.1,100,2,0.01,1.0,3.0,0.7,0,1.0,0.4850437832048511,0.7375847461486434,0.5714537046042021,132.0,14,307
1_disaster,31,superintelligent,0.9,100,2,0.01,1.0,3.0,0.7,0,1.0,0.4850437832048511,0.7375847461486434,0.5714537046042021,16.0,14,313
1_disaster,31,oracle,1.0,100,2,0.01,1.0,3.0,0.7,0,1.0,0.4850437832048511,0.7375847461486434,0.5714537046042021,14.0,14,313
1_disaster,31,naive,0.009,100,2,0.01,1.0,3.0,0.7,0,1.0,0.4850437832048511,0.7375847461486434,0.5673015206200019,285.0,15,288
1_disaster,31,random,0.0009,100,2,0.01,1.0,3.0,0.7,0,1.0,0.4850437832048511,0.7375847461486434,0.562968456350734,322.0,16,310
1_disaster,32,regular,0.1,100,2,0.01,1.0,3.0,0.7,0,1.0,0.4747069921609322,0.7294405173304426,0.5745324629800446,133.0,15,312
1_disaster,32,superintelligent,0.9,100,2,0.01,1.0,3.0,0.7,0,1.0,0.4747069921609322,0.7294405173304426,0.5745324629800446,20.0,15,313
1_disaster,32,oracle,1.0,100,2,0.01,1.0,3.0,0.7,0,1.0,0.4747069921609322,0.7294405173304426,0.5745324629800446,15.0,15,313
1_disaster,32,naive,0.009,100,2,0.01,1.0,3.0,0.7,0,1.0,0.4747069921609322,0.7294405173304426,0.5740455092939297,320.0,16,308
1_disaster,32,random,0.0009,100,2,0.01,1.0,3.0,0.7,0,1.0,0.4747069921609322,0.7294405173304426,0.5715716162420517,327.0,17,310
1_disaster,33,regular,0.1,100,2,0.01,1.0,3.0,0.7,0,1.0,0.47972839152025293,0.7362314427693528,0.5700822322507363,85.0,14,292
1_disaster,33,superintelligent,0.9,100,2,0.01,1.0,3.0,0.7,0,1.0,0.47972839152025293,0.7362314427693528,0.5700822322507363,16.0,14,309
1_disaster,33,oracle,1.0,100,2,0.01,1.0,3.0,0.7,0,1.0,0.47972839152025293,0.7362314427693528,0.5700822322507363,14.0,14,309
1_disaster,33,naive,0.009,100,2,0.01,1.0,3.0,0.7,0,1.0,0.47972839152025293,0.7362314427693528,0.5700822322507363,300.0,14,302
1_disaster,33,random,0.0009,100,2,0.01,1.0,3.0,0.7,0,1.0,0.47972839152025293,0.7362314427693528,0.5670902952440902,299.0,14,298
1_disaster,34,regular,0.1,100,2,0.01,1.0,3.0,0.7,0,1.0,0.5171909405697196,0.7589815587980387,0.6031451290503935,123.0,12,314
1_disaster,34,superintelligent,0.9,100,2,0.01,1.0,3.0,0.7,0,1.0,0.5171909405697196,0.7589815587980387,0.6031451290503935,12.0,12,315
1_disaster,34,oracle,1.0,100,2,0.01,1.0,3.0,0.7,0,1.0,0.5171909405697196,0.7589815587980387,0.6031451290503935,12.0,12,315
1_disaster,34,naive,0.009,100,2,0.01,1.0,3.0,0.7,0,1.0,0.5171909405697196,0.7589815587980387,0.6031451290503935,327.0,12,315
1_disaster,34,random,0.0009,100,2,0.01,1.0,3.0,0.7,0,1.0,0.5171909405697196,0.7589815587980387,0.5959679753413628,325.0,11,314
1_disaster,35,regular,0.1,100,2,0.01,1.0,3.0,0.7,0,1.0,0.5341537122780489,0.7397445971799456,0.5711709544122757,122.0,11,302
1_disaster,35,superintelligent,0.9,100,2,0.01,1.0,3.0,0.7,0,1.0,0.5341537122780489,0.7397445971799456,0.5711709544122757,13.0,11,315
1_disaster,35,oracle,1.0,100,2,0.01,1.0,3.0,0.7,0,1.0,0.5341537122780489,0.7397445971799456,0.5711709544122757,11.0,11,315
1_disaster,35,naive,0.009,100,2,0.01,1.0,3.0,0.7,0,1.0,0.5341537122780489,0.7397445971799456,0.551964557919648,302.0,7,295
1_disaster,35,random,0.0009,100,2,0.01,1.0,3.0,0.7,0,1.0,0.5341537122780489,0.7397445971799456,0.5620783447101825,287.0,11,302
1_disaster,36,regular,0.1,100,2,0.01,1.0,3.0,0.7,0,1.0,0.45850286188428413,0.747994909209323,0.5417979231914463,115.0,13,299
1_disaster,36,superintelligent,0.9,100,2,0.01,1.0,3.0,0.7,0,1.0,0.45850286188428413,0.747994909209323,0.5417979231914463,17.0,13,311
1_disaster,36,oracle,1.0,100,2,0.01,1.0,3.0,0.7,0,1.0,0.45850286188428413,0.747994909209323,0.5417979231914463,13.0,13,311
1_disaster,36,naive,0.009,100,2,0.01,1.0,3.0,0.7,0,1.0,0.45850286188428413,0.747994909209323,0.5417979231914463,319.0,13,306
1_disaster,36,random,0.0009,100,2,0.01,1.0,3.0,0.7,0,1.0,0.45850286188428413,0.747994909209323,0.5417979231914463,317.0,13,307
1_disaster,37,regular,0.1,100,2,0.01,1.0,3.0,0.7,0,1.0,0.5008773612257442,0.7355796864107578,0.5470296902329298,31.0,7,309
1_disaster,37,superintelligent,0.9,100,2,0.01,1.0,3.0,0.7,0,1.0,0.5008773612257442,0.7355796864107578,0.5470296902329298,8.0,7,317
1_disaster,37,oracle,1.0,100,2,0.01,1.0,3.0,0.7,0,1.0,0.5008773612257442,0.7355796864107578,0.5470296902329298,7.0,7,317
1_disaster,37,naive,0.009,100,2,0.01,1.0,3.0,0.7,0,1.0,0.5008773612257442,0.7355796864107578,0.5455583855731391,272.0,9,314
1_disaster,37,random,0.0009,100,2,0.01,1.0,3.0,0.7,0,1.0,0.5008773612257442,0.7355796864107578,0.5454317847137733,312.0,10,314
1_disaster,38,regular,0.1,100,2,0.01,1.0,3.0,0.7,0,1.0,0.5142576980958966,0.7364193030315916,0.5631108133680971,109.0,10,315
1_disaster,38,superintelligent,0.9,100,2,0.01,1.0,3.0,0.7,0,1.0,0.5142576980958966,0.7364193030315916,0.5631108133680971,11.0,10,317
1_disaster,38,oracle,1.0,100,2,0.01,1.0,3.0,0.7,0,1.0,0.5142576980958966,0.7364193030315916,0.5631108133680971,10.0,10,317
1_disaster,38,naive,0.009,100,2,0.01,1.0,3.0,0.7,0,1.0,0.5142576980958966,0.7364193030315916,0.557298533007459,318.0,10,317
1_disaster,38,random,0.0009,100,2,0.01,1.0,3.0,0.7,0,1.0,0.5142576980958966,0.7364193030315916,0.5595515848019375,234.0,10,311
1_disaster,39,regular,0.1,100,2,0.01,1.0,3.0,0.7,0,1.0,0.47032535911410706,0.7433493975374218,0.54447355403816,95.0,13,311
1_disaster,39,superintelligent,0.9,100,2,0.01,1.0,3.0,0.7,0,1.0,0.47032535911410706,0.7433493975374218,0.54447355403816,13.0,13,313
1_disaster,39,oracle,1.0,100,2,0.01,1.0,3.0,0.7,0,1.0,0.47032535911410706,0.7433493975374218,0.54447355403816,13.0,13,313
1_disaster,39,naive,0.009,100,2,0.01,1.0,3.0,0.7,0,1.0,0.47032535911410706,0.7433493975374218,0.5251968183564744,255.0,11,312
1_disaster,39,random,0.0009,100,2,0.01,1.0,3.0,0.7,0,1.0,0.47032535911410706,0.7433493975374218,0.54447355403816,315.0,13,302
1_disaster,40,regular,0.1,100,2,0.01,1.0,3.0,0.7,0,1.0,0.46382937258571283,0.7555017857087768,0.5611120705220061,76.0,13,301
1_disaster,40,superintelligent,0.9,100,2,0.01,1.0,3.0,0.7,0,1.0,0.46382937258571283,0.7555017857087768,0.5663161517779152,17.0,15,313
1_disaster,40,oracle,1.0,100,2,0.01,1.0,3.0,0.7,0,1.0,0.46382937258571283,0.7555017857087768,0.5663161517779152,15.0,15,313
1_disaster,40,naive,0.009,100,2,0.01,1.0,3.0,0.7,0,1.0,0.46382937258571283,0.7555017857087768,0.5580842412513132,304.0,16,288
1_disaster,40,random,0.0009,100,2,0.01,1.0,3.0,0.7,0,1.0,0.46382937258571283,0.7555017857087768,0.5481440547927936,304.0,12,309
1_disaster,41,regular,0.1,100,2,0.01,1.0,3.0,0.7,0,1.0,0.5331103807546029,0.7650982559622557,0.60423789046148,67.0,9,296
1_disaster,41,superintelligent,0.9,100,2,0.01,1.0,3.0,0.7,0,1.0,0.5331103807546029,0.7650982559622557,0.60423789046148,9.0,9,318
1_disaster,41,oracle,1.0,100,2,0.01,1.0,3.0,0.7,0,1.0,0.5331103807546029,0.7650982559622557,0.60423789046148,9.0,9,318
1_disaster,41,naive,0.009,100,2,0.01,1.0,3.0,0.7,0,1.0,0.5331103807546029,0.7650982559622557,0.6109958714591333,169.0,11,313
1_disaster,41,random,0.0009,100,2,0.01,1.0,3.0,0.7,0,1.0,0.5331103807546029,0.7650982559622557,0.60423789046148,325.0,9,317
1_disaster,42,regular,0.1,100,2,0.01,1.0,3.0,0.7,0,1.0,0.5413854792360718,0.7478844101193453,0.572884352690392,46.0,6,317
1_disaster,42,superintelligent,0.9,100,2,0.01,1.0,3.0,0.7,0,1.0,0.5413854792360718,0.7478844101193453,0.572884352690392,8.0,6,317
1_disaster,42,oracle,1.0,100,2,0.01,1.0,3.0,0.7,0,1.0,0.5413854792360718,0.7478844101193453,0.572884352690392,6.0,6,317
1_disaster,42,naive,0.009,100,2,0.01,1.0,3.0,0.7,0,1.0,0.5413854792360718,0.7478844101193453,0.5728755774897724,183.0,7,304
1_disaster,42,random,0.0009,100,2,0.01,1.0,3.0,0.7,0,1.0,0.5413854792360718,0.7478844101193453,0.568196523772202,315.0,9,306
1_disaster,43,regular,0.1,100,2,0.01,1.0,3.0,0.7,0,1.0,0.5528013999977044,0.7299877769712448,0.6128658386613574,100.0,12,299
1_disaster,43,superintelligent,0.9,100,2,0.01,1.0,3.0,0.7,0,1.0,0.5528013999977044,0.7299877769712448,0.6128658386613574,12.0,12,312
1_disaster,43,oracle,1.0,100,2,0.01,1.0,3.0,0.7,0,1.0,0.5528013999977044,0.7299877769712448,0.6128658386613574,12.0,12,312
1_disaster,43,naive,0.009,100,2,0.01,1.0,3.0,0.7,0,1.0,0.5528013999977044,0.7299877769712448,0.6115915086804222,314.0,11,303
1_disaster,43,random,0.0009,100,2,0.01,1.0,3.0,0.7,0,1.0,0.5528013999977044,0.7299877769712448,0.6110750471561147,278.0,10,305
1_disaster,44,regular,0.1,100,2,0.01,1.0,3.0,0.7,0,1.0,0.4760354609402148,0.7302764561210481,0.5434064441347195,65.0,11,311
1_disaster,44,superintelligent,0.9,100,2,0.01,1.0,3.0,0.7,0,1.0,0.4760354609402148,0.7302764561210481,0.5395023739648268,10.0,9,313
1_disaster,44,oracle,1.0,100,2,0.01,1.0,3.0,0.7,0,1.0,0.4760354609402148,0.7302764561210481,0.5395023739648268,9.0,9,313
1_disaster,44,naive,0.009,100,2,0.01,1.0,3.0,0.7,0,1.0,0.4760354609402148,0.7302764561210481,0.5408838275489581,280.0,14,281
1_disaster,44,random,0.0009,100,2,0.01,1.0,3.0,0.7,0,1.0,0.4760354609402148,0.7302764561210481,0.5404749179073015,310.0,11,307
1_disaster,45,regular,0.1,100,2,0.01,1.0,3.0,0.7,0,1.0,0.4836271615605701,0.7228940817034517,0.5608169061697444,85.0,11,298
1_disaster,45,superintelligent,0.9,100,2,0.01,1.0,3.0,0.7,0,1.0,0.4836271615605701,0.7228940817034517,0.5608169061697444,11.0,11,312
1_disaster,45,oracle,1.0,100,2,0.01,1.0,3.0,0.7,0,1.0,0.4836271615605701,0.7228940817034517,0.5608169061697444,11.0,11,312
1_disaster,45,naive,0.009,100,2,0.01,1.0,3.0,0.7,0,1.0,0.4836271615605701,0.7228940817034517,0.5520251916247039,278.0,10,307
1_disaster,45,random,0.0009,100,2,0.01,1.0,3.0,0.7,0,1.0,0.4836271615605701,0.7228940817034517,0.5520251916247039,319.0,10,310
1_disaster,46,regular,0.1,100,2,0.01,1.0,3.0,0.7,0,1.0,0.4886941416349716,0.7613759553320236,0.5840741524750019,101.0,14,289
1_disaster,46,superintelligent,0.9,100,2,0.01,1.0,3.0,0.7,0,1.0,0.4886941416349716,0.7613759553320236,0.5840741524750019,14.0,14,313
1_disaster,46,oracle,1.0,100,2,0.01,1.0,3.0,0.7,0,1.0,0.4886941416349716,0.7613759553320236,0.5840741524750019,14.0,14,313
1_disaster,46,naive,0.009,100,2,0.01,1.0,3.0,0.7,0,1.0,0.4886941416349716,0.7613759553320236,0.5765459089512086,264.0,15,272
1_disaster,46,random,0.0009,100,2,0.01,1.0,3.0,0.7,0,1.0,0.4886941416349716,0.7613759553320236,0.5729784948962015,320.0,14,310
1_disaster,47,regular,0.1,100,2,0.01,1.0,3.0,0.7,0,1.0,0.4929554332871603,0.7581417243650644,0.5611119666020166,104.0,15,304
1_disaster,47,superintelligent,0.9,100,2,0.01,1.0,3.0,0.7,0,1.0,0.4929554332871603,0.7581417243650644,0.5611119666020166,15.0,15,311
1_disaster,47,oracle,1.0,100,2,0.01,1.0,3.0,0.7,0,1.0,0.4929554332871603,0.7581417243650644,0.5611119666020166,15.0,15,311
1_disaster,47,naive,0.009,100,2,0.01,1.0,3.0,0.7,0,1.0,0.4929554332871603,0.7581417243650644,0.5603948818431785,309.0,16,293
1_disaster,47,random,0.0009,100,2,0.01,1.0,3.0,0.7,0,1.0,0.4929554332871603,0.7581417243650644,0.5572806087228775,317.0,15,304
1_disaster,48,regular,0.1,100,2,0.01,1.0,3.0,0.7,0,1.0,0.5386836736489825,0.7340786529258551,0.572826174209129,55.0,8,298
1_disaster,48,superintelligent,0.9,100,2,0.01,1.0,3.0,0.7,0,1.0,0.5386836736489825,0.7340786529258551,0.572826174209129,9.0,8,314
1_disaster,48,oracle,1.0,100,2,0.01,1.0,3.0,0.7,0,1.0,0.5386836736489825,0.7340786529258551,0.572826174209129,8.0,8,314
1_disaster,48,naive,0.009,100,2,0.01,1.0,3.0,0.7,0,1.0,0.5386836736489825,0.7340786529258551,0.572826174209129,310.0,8,302
1_disaster,48,random,0.0009,100,2,0.01,1.0,3.0,0.7,0,1.0,0.5386836736489825,0.7340786529258551,0.5687819691789995,268.0,8,313
1_disaster,49,regular,0.1,100,2,0.01,1.0,3.0,0.7,0,1.0,0.5873852211698686,0.739673124154919,0.6472147145265298,67.0,11,306
1_disaster,49,superintelligent,0.9,100,2,0.01,1.0,3.0,0.7,0,1.0,0.5873852211698686,0.739673124154919,0.6472147145265298,11.0,11,314
1_disaster,49,oracle,1.0,100,2,0.01,1.0,3.0,0.7,0,1.0,0.5873852211698686,0.739673124154919,0.6472147145265298,11.0,11,314
1_disaster,49,naive,0.009,100,2,0.01,1.0,3.0,0.7,0,1.0,0.5873852211698686,0.739673124154919,0.6359681250909143,268.0,9,313
1_disaster,49,random,0.0009,100,2,0.01,1.0,3.0,0.7,0,1.0,0.5873852211698686,0.739673124154919,0.6324128631984103,323.0,10,315
1_disaster,50,regular,0.1,100,2,0.01,1.0,3.0,0.7,0,1.0,0.48421667190451506,0.7272484786431892,0.5416685798105378,101.0,9,312
1_disaster,50,superintelligent,0.9,100,2,0.01,1.0,3.0,0.7,0,1.0,0.48421667190451506,0.7272484786431892,0.5416685798105378,11.0,9,316
1_disaster,50,oracle,1.0,100,2,0.01,1.0,3.0,0.7,0,1.0,0.48421667190451506,0.7272484786431892,0.5416685798105378,9.0,9,316
1_disaster,50,naive,0.009,100,2,0.01,1.0,3.0,0.7,0,1.0,0.48421667190451506,0.7272484786431892,0.5416685798105378,251.0,9,312
1_disaster,50,random,0.0009,100,2,0.01,1.0,3.0,0.7,0,1.0,0.48421667190451506,0.7272484786431892,0.5416685798105378,289.0,9,296
1_disaster,51,regular,0.1,100,2,0.01,1.0,3.0,0.7,0,1.0,0.497571130134232,0.7402725344346863,0.5902795845287746,64.0,14,311
1_disaster,51,superintelligent,0.9,100,2,0.01,1.0,3.0,0.7,0,1.0,0.497571130134232,0.7402725344346863,0.5902795845287746,15.0,14,312
1_disaster,51,oracle,1.0,100,2,0.01,1.0,3.0,0.7,0,1.0,0.497571130134232,0.7402725344346863,0.5902795845287746,14.0,14,312
1_disaster,51,naive,0.009,100,2,0.01,1.0,3.0,0.7,0,1.0,0.497571130134232,0.7402725344346863,0.5923698132269787,312.0,15,304
1_disaster,51,random,0.0009,100,2,0.01,1.0,3.0,0.7,0,1.0,0.497571130134232,0.7402725344346863,0.5954378738057615,306.0,14,310
1_disaster,52,regular,0.1,100,2,0.01,1.0,3.0,0.7,0,1.0,0.4892272840023255,0.712063586292244,0.5594187511264471,60.0,12,238
1_disaster,52,superintelligent,0.9,100,2,0.01,1.0,3.0,0.7,0,1.0,0.4892272840023255,0.712063586292244,0.5612173449626546,14.0,13,310
1_disaster,52,oracle,1.0,100,2,0.01,1.0,3.0,0.7,0,1.0,0.4892272840023255,0.712063586292244,0.5612173449626546,13.0,13,310
1_disaster,52,naive,0.009,100,2,0.01,1.0,3.0,0.7,0,1.0,0.4892272840023255,0.712063586292244,0.5587116171483882,283.0,13,285
1_disaster,52,random,0.0009,100,2,0.01,1.0,3.0,0.7,0,1.0,0.4892272840023255,0.712063586292244,0.5612173449626546,293.0,13,294
1_disaster,53,regular,0.1,100,2,0.01,1.0,3.0,0.7,0,1.0,0.4648215923659459,0.7647079262403972,0.5310075366489707,75.0,14,294
1_disaster,53,superintelligent,0.9,100,2,0.01,1.0,3.0,0.7,0,1.0,0.4648215923659459,0.7647079262403972,0.5310075366489707,17.0,14,309
1_disaster,53,oracle,1.0,100,2,0.01,1.0,3.0,0.7,0,1.0,0.4648215923659459,0.7647079262403972,0.5310075366489707,14.0,14,309
1_disaster,53,naive,0.009,100,2,0.01,1.0,3.0,0.7,0,1.0,0.4648215923659459,0.7647079262403972,0.5281793524622257,320.0,15,305
1_disaster,53,random,0.0009,100,2,0.01,1.0,3.0,0.7,0,1.0,0.4648215923659459,0.7647079262403972,0.5281793524622257,320.0,15,305
1_disaster,54,regular,0.1,100,2,0.01,1.0,3.0,0.7,0,1.0,0.48362328255729253,0.7493291578269246,0.589323585854916,142.0,17,285
1_disaster,54,superintelligent,0.9,100,2,0.01,1.0,3.0,0.7,0,1.0,0.48362328255729253,0.7493291578269246,0.589323585854916,18.0,17,311
1_disaster,54,oracle,1.0,100,2,0.01,1.0,3.0,0.7,0,1.0,0.48362328255729253,0.7493291578269246,0.589323585854916,17.0,17,311
1_disaster,54,naive,0.009,100,2,0.01,1.0,3.0,0.7,0,1.0,0.48362328255729253,0.7493291578269246,0.5775228164285651,326.0,17,309
1_disaster,54,random,0.0009,100,2,0.01,1.0,3.0,0.7,0,1.0,0.48362328255729253,0.7493291578269246,0.582900900107441,291.0,17,309
1_disaster,55,regular,0.1,100,2,0.01,1.0,3.0,0.7,0,1.0,0.4319227852536693,0.7155514063455136,0.48464949326532436,132.0,12,301
1_disaster,55,superintelligent,0.9,100,2,0.01,1.0,3.0,0.7,0,1.0,0.4319227852536693,0.7155514063455136,0.4912669121642552,17.0,15,313
1_disaster,55,oracle,1.0,100,2,0.01,1.0,3.0,0.7,0,1.0,0.4319227852536693,0.7155514063455136,0.4912669121642552,15.0,15,313
1_disaster,55,naive,0.009,100,2,0.01,1.0,3.0,0.7,0,1.0,0.4319227852536693,0.7155514063455136,0.4850026705886004,302.0,14,310
1_disaster,55,random,0.0009,100,2,0.01,1.0,3.0,0.7,0,1.0,0.4319227852536693,0.7155514063455136,0.48589911561731525,247.0,14,298
1_disaster,56,regular,0.1,100,2,0.01,1.0,3.0,0.7,0,1.0,0.5211611988940613,0.7487846573082915,0.5588345789682762,29.0,8,304
1_disaster,56,superintelligent,0.9,100,2,0.01,1.0,3.0,0.7,0,1.0,0.5211611988940613,0.7487846573082915,0.5588345789682762,9.0,8,317
1_disaster,56,oracle,1.0,100,2,0.01,1.0,3.0,0.7,0,1.0,0.5211611988940613,0.7487846573082915,0.5588345789682762,8.0,8,317
1_disaster,56,naive,0.009,100,2,0.01,1.0,3.0,0.7,0,1.0,0.5211611988940613,0.7487846573082915,0.5623239410347645,290.0,12,286
1_disaster,56,random,0.0009,100,2,0.01,1.0,3.0,0.7,0,1.0,0.5211611988940613,0.7487846573082915,0.5607966926686876,324.0,11,313
1_disaster,57,regular,0.1,100,2,0.01,1.0,3.0,0.7,0,1.0,0.4963709973505664,0.7358481157999806,0.5596926835750389,122.0,8,311
1_disaster,57,superintelligent,0.9,100,2,0.01,1.0,3.0,0.7,0,1.0,0.4963709973505664,0.7358481157999806,0.5745232099805027,11.0,11,312
1_disaster,57,oracle,1.0,100,2,0.01,1.0,3.0,0.7,0,1.0,0.4963709973505664,0.7358481157999806,0.5745232099805027,11.0,11,312
1_disaster,57,naive,0.009,100,2,0.01,1.0,3.0,0.7,0,1.0,0.4963709973505664,0.7358481157999806,0.5669970087826812,208.0,11,311
1_disaster,57,random,0.0009,100,2,0.01,1.0,3.0,0.7,0,1.0,0.4963709973505664,0.7358481157999806,0.5745232099805027,307.0,11,296
1_disaster,58,regular,0.1,100,2,0.01,1.0,3.0,0.7,0,1.0,0.47532376924248465,0.7745877083303389,0.5200047473150626,50.0,7,318
1_disaster,58,superintelligent,0.9,100,2,0.01,1.0,3.0,0.7,0,1.0,0.47532376924248465,0.7745877083303389,0.5200047473150626,7.0,7,318
1_disaster,58,oracle,1.0,100,2,0.01,1.0,3.0,0.7,0,1.0,0.47532376924248465,0.7745877083303389,0.5200047473150626,7.0,7,318
1_disaster,58,naive,0.009,100,2,0.01,1.0,3.0,0.7,0,1.0,0.47532376924248465,0.7745877083303389,0.5200047473150626,312.0,7,311
1_disaster,58,random,0.0009,100,2,0.01,1.0,3.0,0.7,0,1.0,0.47532376924248465,0.7745877083303389,0.5200047473150626,324.0,7,317
1_disaster,59,regular,0.1,100,2,0.01,1.0,3.0,0.7,0,1.0,0.5005831916671526,0.7600408736611501,0.5597729744113179,154.0,12,312
1_disaster,59,superintelligent,0.9,100,2,0.01,1.0,3.0,0.7,0,1.0,0.5005831916671526,0.7600408736611501,0.5597729744113179,14.0,12,312
1_disaster,59,oracle,1.0,100,2,0.01,1.0,3.0,0.7,0,1.0,0.5005831916671526,0.7600408736611501,0.5597729744113179,12.0,12,312
1_disaster,59,naive,0.009,100,2,0.01,1.0,3.0,0.7,0,1.0,0.5005831916671526,0.7600408736611501,0.5647454199370234,232.0,11,305
1_disaster,59,random,0.0009,100,2,0.01,1.0,3.0,0.7,0,1.0,0.5005831916671526,0.7600408736611501,0.5648812947314232,322.0,12,310
1_disaster,60,regular,0.1,100,2,0.01,1.0,3.0,0.7,0,1.0,0.4809619663176185,0.7523980188814914,0.5641068338466362,80.0,14,304
1_disaster,60,superintelligent,0.9,100,2,0.01,1.0,3.0,0.7,0,1.0,0.4809619663176185,0.7523980188814914,0.5641068338466362,14.0,14,312
1_disaster,60,oracle,1.0,100,2,0.01,1.0,3.0,0.7,0,1.0,0.4809619663176185,0.7523980188814914,0.5641068338466362,14.0,14,312
1_disaster,60,naive,0.009,100,2,0.01,1.0,3.0,0.7,0,1.0,0.4809619663176185,0.7523980188814914,0.567585998790764,325.0,16,309
1_disaster,60,random,0.0009,100,2,0.01,1.0,3.0,0.7,0,1.0,0.4809619663176185,0.7523980188814914,0.5621719278489768,312.0,17,300
1_disaster,61,regular,0.1,100,2,0.01,1.0,3.0,0.7,0,1.0,0.4879555897979762,0.7362246767121803,0.584346008108222,119.0,13,304
1_disaster,61,superintelligent,0.9,100,2,0.01,1.0,3.0,0.7,0,1.0,0.4879555897979762,0.7362246767121803,0.584346008108222,14.0,13,313
1_disaster,61,oracle,1.0,100,2,0.01,1.0,3.0,0.7,0,1.0,0.4879555897979762,0.7362246767121803,0.584346008108222,13.0,13,313
1_disaster,61,naive,0.009,100,2,0.01,1.0,3.0,0.7,0,1.0,0.4879555897979762,0.7362246767121803,0.5767599902956717,298.0,14,284
1_disaster,61,random,0.0009,100,2,0.01,1.0,3.0,0.7,0,1.0,0.4879555897979762,0.7362246767121803,0.5803434941768668,264.0,12,307
1_disaster,62,regular,0.1,100,2,0.01,1.0,3.0,0.7,0,1.0,0.5564674088583089,0.7311489085551588,0.6125524978215106,135.0,10,307
1_disaster,62,superintelligent,0.9,100,2,0.01,1.0,3.0,0.7,0,1.0,0.5564674088583089,0.7311489085551588,0.6125524978215106,12.0,10,308
1_disaster,62,oracle,1.0,100,2,0.01,1.0,3.0,0.7,0,1.0,0.5564674088583089,0.7311489085551588,0.6125524978215106,10.0,10,308
1_disaster,62,naive,0.009,100,2,0.01,1.0,3.0,0.7,0,1.0,0.5564674088583089,0.7311489085551588,0.608339115208988,280.0,9,287
1_disaster,62,random,0.0009,100,2,0.01,1.0,3.0,0.7,0,1.0,0.5564674088583089,0.7311489085551588,0.6125524978215106,311.0,10,301
1_disaster,63,regular,0.1,100,2,0.01,1.0,3.0,0.7,0,1.0,0.5025057217104049,0.7595794030231245,0.5506144557695524,53.0,8,298
1_disaster,63,superintelligent,0.9,100,2,0.01,1.0,3.0,0.7,0,1.0,0.5025057217104049,0.7595794030231245,0.5510905872987841,10.0,9,313
1_disaster,63,oracle,1.0,100,2,0.01,1.0,3.0,0.7,0,1.0,0.5025057217104049,0.7595794030231245,0.5510905872987841,9.0,9,313
1_disaster,63,naive,0.009,100,2,0.01,1.0,3.0,0.7,0,1.0,0.5025057217104049,0.7595794030231245,0.5510905872987841,203.0,9,292
1_disaster,63,random,0.0009,100,2,0.01,1.0,3.0,0.7,0,1.0,0.5025057217104049,0.7595794030231245,0.5506144557695524,235.0,8,294
1_disaster,64,regular,0.1,100,2,0.01,1.0,3.0,0.7,0,1.0,0.5169766380266094,0.7311550483561963,0.5504499166598733,100.0,8,312
1_disaster,64,superintelligent,0.9,100,2,0.01,1.0,3.0,0.7,0,1.0,0.5169766380266094,0.7311550483561963,0.5545116006748744,10.0,10,311
1_disaster,64,oracle,1.0,100,2,0.01,1.0,3.0,0.7,0,1.0,0.5169766380266094,0.7311550483561963,0.5545116006748744,10.0,10,311
1_disaster,64,naive,0.009,100,2,0.01,1.0,3.0,0.7,0,1.0,0.5169766380266094,0.7311550483561963,0.5527171160544886,274.0,9,305
1_disaster,64,random,0.0009,100,2,0.01,1.0,3.0,0.7,0,1.0,0.5169766380266094,0.7311550483561963,0.5486072237912399,310.0,9,301
1_disaster,65,regular,0.1,100,2,0.01,1.0,3.0,0.7,0,1.0,0.49847470958658086,0.7399090493573576,0.582293585636683,83.0,13,309
1_disaster,65,superintelligent,0.9,100,2,0.01,1.0,3.0,0.7,0,1.0,0.49847470958658086,0.7399090493573576,0.5805102083471935,16.0,14,313
1_disaster,65,oracle,1.0,100,2,0.01,1.0,3.0,0.7,0,1.0,0.49847470958658086,0.7399090493573576,0.5805102083471935,14.0,14,313
1_disaster,65,naive,0.009,100,2,0.01,1.0,3.0,0.7,0,1.0,0.49847470958658086,0.7399090493573576,0.5695200516116518,304.0,12,313
1_disaster,65,random,0.0009,100,2,0.01,1.0,3.0,0.7,0,1.0,0.49847470958658086,0.7399090493573576,0.5669311018616053,327.0,13,314
1_disaster,66,regular,0.1,100,2,0.01,1.0,3.0,0.7,0,1.0,0.46110382320901594,0.749339851066625,0.5602666976082631,83.0,17,274
1_disaster,66,superintelligent,0.9,100,2,0.01,1.0,3.0,0.7,0,1.0,0.46110382320901594,0.749339851066625,0.5642912017175891,20.0,16,311
1_disaster,66,oracle,1.0,100,2,0.01,1.0,3.0,0.7,0,1.0,0.46110382320901594,0.749339851066625,0.5642912017175891,16.0,16,311
1_disaster,66,naive,0.009,100,2,0.01,1.0,3.0,0.7,0,1.0,0.46110382320901594,0.749339851066625,0.5510157792123864,318.0,16,308
1_disaster,66,random,0.0009,100,2,0.01,1.0,3.0,0.7,0,1.0,0.46110382320901594,0.749339851066625,0.5602666976082631,321.0,17,309
1_disaster,67,regular,0.1,100,2,0.01,1.0,3.0,0.7,0,1.0,0.5283292542799498,0.7767576297989957,0.5719306629256757,67.0,7,316
1_disaster,67,superintelligent,0.9,100,2,0.01,1.0,3.0,0.7,0,1.0,0.5283292542799498,0.7767576297989957,0.5719306629256757,9.0,7,316
1_disaster,67,oracle,1.0,100,2,0.01,1.0,3.0,0.7,0,1.0,0.5283292542799498,0.7767576297989957,0.5719306629256757,7.0,7,316
1_disaster,67,naive,0.009,100,2,0.01,1.0,3.0,0.7,0,1.0,0.5283292542799498,0.7767576297989957,0.5588344494775209,134.0,5,298
1_disaster,67,random,0.0009,100,2,0.01,1.0,3.0,0.7,0,1.0,0.5283292542799498,0.7767576297989957,0.5699031727860313,194.0,7,305
1_disaster,68,regular,0.1,100,2,0.01,1.0,3.0,0.7,0,1.0,0.5103335467191669,0.7608261904967075,0.5768206679040426,210.0,20,285
1_disaster,68,superintelligent,0.9,100,2,0.01,1.0,3.0,0.7,0,1.0,0.5103335467191669,0.7608261904967075,0.5768206679040426,23.0,20,310
1_disaster,68,oracle,1.0,100,2,0.01,1.0,3.0,0.7,0,1.0,0.5103335467191669,0.7608261904967075,0.5768206679040426,20.0,20,310
1_disaster,68,naive,0.009,100,2,0.01,1.0,3.0,0.7,0,1.0,0.5103335467191669,0.7608261904967075,0.5741485788931486,330.0,19,311
1_disaster,68,random,0.0009,100,2,0.01,1.0,3.0,0.7,0,1.0,0.5103335467191669,0.7608261904967075,0.5732896837929441,325.0,19,310
1_disaster,69,regular,0.1,100,2,0.01,1.0,3.0,0.7,0,1.0,0.5004262041156016,0.7119164298196176,0.552527622519409,54.0,10,307
1_disaster,69,superintelligent,0.9,100,2,0.01,1.0,3.0,0.7,0,1.0,0.5004262041156016,0.7119164298196176,0.552527622519409,11.0,10,316
1_disaster,69,oracle,1.0,100,2,0.01,1.0,3.0,0.7,0,1.0,0.5004262041156016,0.7119164298196176,0.552527622519409,10.0,10,316
1_disaster,69,naive,0.009,100,2,0.01,1.0,3.0,0.7,0,1.0,0.5004262041156016,0.7119164298196176,0.5394196344868234,180.0,8,305
1_disaster,69,random,0.0009,100,2,0.01,1.0,3.0,0.7,0,1.0,0.5004262041156016,0.7119164298196176,0.5408370026992396,248.0,9,314
1_disaster,70,regular,0.1,100,2,0.01,1.0,3.0,0.7,0,1.0,0.5124319724686298,0.7333542695193774,0.5753749338783443,94.0,10,312
1_disaster,70,superintelligent,0.9,100,2,0.01,1.0,3.0,0.7,0,1.0,0.5124319724686298,0.7333542695193774,0.5753749338783443,10.0,10,314
1_disaster,70,oracle,1.0,100,2,0.01,1.0,3.0,0.7,0,1.0,0.5124319724686298,0.7333542695193774,0.5753749338783443,10.0,10,314
1_disaster,70,naive,0.009,100,2,0.01,1.0,3.0,0.7,0,1.0,0.5124319724686298,0.7333542695193774,0.5659444975800748,320.0,10,310
1_disaster,70,random,0.0009,100,2,0.01,1.0,3.0,0.7,0,1.0,0.5124319724686298,0.7333542695193774,0.5666995657482106,317.0,9,308
1_disaster,71,regular,0.1,100,2,0.01,1.0,3.0,0.7,0,1.0,0.5264961247667543,0.738148523709591,0.5707573326873258,73.0,10,270
1_disaster,71,superintelligent,0.9,100,2,0.01,1.0,3.0,0.7,0,1.0,0.5264961247667543,0.738148523709591,0.5707573326873258,10.0,10,316
1_disaster,71,oracle,1.0,100,2,0.01,1.0,3.0,0.7,0,1.0,0.5264961247667543,0.738148523709591,0.5707573326873258,10.0,10,316
1_disaster,71,naive,0.009,100,2,0.01,1.0,3.0,0.7,0,1.0,0.5264961247667543,0.738148523709591,0.5707573326873258,276.0,10,299
1_disaster,71,random,0.0009,100,2,0.01,1.0,3.0,0.7,0,1.0,0.5264961247667543,0.738148523709591,0.5646627801460531,291.0,11,306
1_disaster,72,regular,0.1,100,2,0.01,1.0,3.0,0.7,0,1.0,0.517646173638122,0.7279807573474653,0.5846616940368582,99.0,13,296
1_disaster,72,superintelligent,0.9,100,2,0.01,1.0,3.0,0.7,0,1.0,0.517646173638122,0.7279807573474653,0.5846616940368582,14.0,13,312
1_disaster,72,oracle,1.0,100,2,0.01,1.0,3.0,0.7,0,1.0,0.517646173638122,0.7279807573474653,0.5846616940368582,13.0,13,312
1_disaster,72,naive,0.009,100,2,0.01,1.0,3.0,0.7,0,1.0,0.517646173638122,0.7279807573474653,0.5845685956050323,263.0,13,306
1_disaster,72,random,0.0009,100,2,0.01,1.0,3.0,0.7,0,1.0,0.517646173638122,0.7279807573474653,0.5811356879809108,312.0,12,306
1_disaster,73,regular,0.1,100,2,0.01,1.0,3.0,0.7,0,1.0,0.49392841770761964,0.7534561646083032,0.547366764216947,72.0,9,314
1_disaster,73,superintelligent,0.9,100,2,0.01,1.0,3.0,0.7,0,1.0,0.49392841770761964,0.7534561646083032,0.547366764216947,9.0,9,314
1_disaster,73,oracle,1.0,100,2,0.01,1.0,3.0,0.7,0,1.0,0.49392841770761964,0.7534561646083032,0.547366764216947,9.0,9,314
1_disaster,73,naive,0.009,100,2,0.01,1.0,3.0,0.7,0,1.0,0.49392841770761964,0.7534561646083032,0.547366764216947,300.0,9,306
1_disaster,73,random,0.0009,100,2,0.01,1.0,3.0,0.7,0,1.0,0.49392841770761964,0.7534561646083032,0.547366764216947,311.0,9,306
1_disaster,74,regular,0.1,100,2,0.01,1.0,3.0,0.7,0,1.0,0.527829173686483,0.7458519734753001,0.5678420141336933,87.0,11,266
1_disaster,74,superintelligent,0.9,100,2,0.01,1.0,3.0,0.7,0,1.0,0.527829173686483,0.7458519734753001,0.5678420141336933,11.0,11,314
1_disaster,74,oracle,1.0,100,2,0.01,1.0,3.0,0.7,0,1.0,0.527829173686483,0.7458519734753001,0.5678420141336933,11.0,11,314
1_disaster,74,naive,0.009,100,2,0.01,1.0,3.0,0.7,0,1.0,0.527829173686483,0.7458519734753001,0.5666584623802268,158.0,11,306
1_disaster,74,random,0.0009,100,2,0.01,1.0,3.0,0.7,0,1.0,0.527829173686483,0.7458519734753001,0.5666584623802268,315.0,11,312
1_disaster,75,regular,0.1,100,2,0.01,1.0,3.0,0.7,0,1.0,0.5064133754444633,0.7242751802391674,0.5658609484406374,59.0,11,310
1_disaster,75,superintelligent,0.9,100,2,0.01,1.0,3.0,0.7,0,1.0,0.5064133754444633,0.7242751802391674,0.5728717323827259,11.0,11,312
1_disaster,75,oracle,1.0,100,2,0.01,1.0,3.0,0.7,0,1.0,0.5064133754444633,0.7242751802391674,0.5728717323827259,11.0,11,312
1_disaster,75,naive,0.009,100,2,0.01,1.0,3.0,0.7,0,1.0,0.5064133754444633,0.7242751802391674,0.5658609484406374,227.0,11,311
1_disaster,75,random,0.0009,100,2,0.01,1.0,3.0,0.7,0,1.0,0.5064133754444633,0.7242751802391674,0.569459971884696,316.0,10,306
1_disaster,76,regular,0.1,100,2,0.01,1.0,3.0,0.7,0,1.0,0.5170535686726869,0.741952440187005,0.5683494993055408,59.0,7,310
1_disaster,76,superintelligent,0.9,100,2,0.01,1.0,3.0,0.7,0,1.0,0.5170535686726869,0.741952440187005,0.569441428165557,12.0,8,312
1_disaster,76,oracle,1.0,100,2,0.01,1.0,3.0,0.7,0,1.0,0.5170535686726869,0.741952440187005,0.569441428165557,8.0,8,312
1_disaster,76,naive,0.009,100,2,0.01,1.0,3.0,0.7,0,1.0,0.5170535686726869,0.741952440187005,0.5683494993055408,295.0,7,309
1_disaster,76,random,0.0009,100,2,0.01,1.0,3.0,0.7,0,1.0,0.5170535686726869,0.741952440187005,0.5683494993055408,305.0,7,298
1_disaster,77,regular,0.1,100,2,0.01,1.0,3.0,0.7,0,1.0,0.5046908309265093,0.7461075803364007,0.5625316511253283,92.0,10,313
1_disaster,77,superintelligent,0.9,100,2,0.01,1.0,3.0,0.7,0,1.0,0.5046908309265093,0.7461075803364007,0.5625316511253283,12.0,10,315
1_disaster,77,oracle,1.0,100,2,0.01,1.0,3.0,0.7,0,1.0,0.5046908309265093,0.7461075803364007,0.5625316511253283,10.0,10,315
1_disaster,77,naive,0.009,100,2,0.01,1.0,3.0,0.7,0,1.0,0.5046908309265093,0.7461075803364007,0.5622631247793308,294.0,11,303
1_disaster,77,random,0.0009,100,2,0.01,1.0,3.0,0.7,0,1.0,0.5046908309265093,0.7461075803364007,0.5622631247793308,315.0,11,314
1_disaster,78,regular,0.1,100,2,0.01,1.0,3.0,0.7,0,1.0,0.4879208368712137,0.7299013598723931,0.5197776639164966,63.0,9,304
1_disaster,78,superintelligent,0.9,100,2,0.01,1.0,3.0,0.7,0,1.0,0.4879208368712137,0.7299013598723931,0.5197776639164966,9.0,9,311
1_disaster,78,oracle,1.0,100,2,0.01,1.0,3.0,0.7,0,1.0,0.4879208368712137,0.7299013598723931,0.5197776639164966,9.0,9,311
1_disaster,78,naive,0.009,100,2,0.01,1.0,3.0,0.7,0,1.0,0.4879208368712137,0.7299013598723931,0.5174611647735525,282.0,8,292
1_disaster,78,random,0.0009,100,2,0.01,1.0,3.0,0.7,0,1.0,0.4879208368712137,0.7299013598723931,0.5174539449184689,292.0,7,285
1_disaster,79,regular,0.1,100,2,0.01,1.0,3.0,0.7,0,1.0,0.5099285011537935,0.7454455042533173,0.5295760831065744,27.0,5,313
1_disaster,79,superintelligent,0.9,100,2,0.01,1.0,3.0,0.7,0,1.0,0.5099285011537935,0.7454455042533173,0.5295760831065744,7.0,5,314
1_disaster,79,oracle,1.0,100,2,0.01,1.0,3.0,0.7,0,1.0,0.5099285011537935,0.7454455042533173,0.5295760831065744,5.0,5,314
1_disaster,79,naive,0.009,100,2,0.01,1.0,3.0,0.7,0,1.0,0.5099285011537935,0.7454455042533173,0.5295760831065744,319.0,5,314
1_disaster,79,random,0.0009,100,2,0.01,1.0,3.0,0.7,0,1.0,0.5099285011537935,0.7454455042533173,0.5295760831065744,202.0,5,311
1_disaster,80,regular,0.1,100,2,0.01,1.0,3.0,0.7,0,1.0,0.5131766558731506,0.7263819710670649,0.5859050608098444,80.0,10,296
1_disaster,80,superintelligent,0.9,100,2,0.01,1.0,3.0,0.7,0,1.0,0.5131766558731506,0.7263819710670649,0.5859050608098444,10.0,10,314
1_disaster,80,oracle,1.0,100,2,0.01,1.0,3.0,0.7,0,1.0,0.5131766558731506,0.7263819710670649,0.5859050608098444,10.0,10,314
1_disaster,80,naive,0.009,100,2,0.01,1.0,3.0,0.7,0,1.0,0.5131766558731506,0.7263819710670649,0.5822842948942977,280.0,9,300
1_disaster,80,random,0.0009,100,2,0.01,1.0,3.0,0.7,0,1.0,0.5131766558731506,0.7263819710670649,0.5764976657630725,325.0,11,314
1_disaster,81,regular,0.1,100,2,0.01,1.0,3.0,0.7,0,1.0,0.4994011055774501,0.7341956921149966,0.5656130518414446,111.0,12,241
1_disaster,81,superintelligent,0.9,100,2,0.01,1.0,3.0,0.7,0,1.0,0.4994011055774501,0.7341956921149966,0.5693877062334214,13.0,12,314
1_disaster,81,oracle,1.0,100,2,0.01,1.0,3.0,0.7,0,1.0,0.4994011055774501,0.7341956921149966,0.5693877062334214,12.0,12,314
1_disaster,81,naive,0.009,100,2,0.01,1.0,3.0,0.7,0,1.0,0.4994011055774501,0.7341956921149966,0.5693877062334214,311.0,12,311
1_disaster,81,random,0.0009,100,2,0.01,1.0,3.0,0.7,0,1.0,0.4994011055774501,0.7341956921149966,0.5656130518414446,266.0,12,298
1_disaster,82,regular,0.1,100,2,0.01,1.0,3.0,0.7,0,1.0,0.5143502390345435,0.7312886245859193,0.58346267129234,109.0,13,262
1_disaster,82,superintelligent,0.9,100,2,0.01,1.0,3.0,0.7,0,1.0,0.5143502390345435,0.7312886245859193,0.58346267129234,16.0,13,312
1_disaster,82,oracle,1.0,100,2,0.01,1.0,3.0,0.7,0,1.0,0.5143502390345435,0.7312886245859193,0.58346267129234,13.0,13,312
1_disaster,82,naive,0.009,100,2,0.01,1.0,3.0,0.7,0,1.0,0.5143502390345435,0.7312886245859193,0.5764601061490617,250.0,12,306
1_disaster,82,random,0.0009,100,2,0.01,1.0,3.0,0.7,0,1.0,0.5143502390345435,0.7312886245859193,0.5639165183256697,322.0,11,311
1_disaster,83,regular,0.1,100,2,0.01,1.0,3.0,0.7,0,1.0,0.513296888143918,0.7364709228343792,0.5973495607659658,175.0,20,283
1_disaster,83,superintelligent,0.9,100,2,0.01,1.0,3.0,0.7,0,1.0,0.513296888143918,0.7364709228343792,0.5973495607659658,25.0,20,310
1_disaster,83,oracle,1.0,100,2,0.01,1.0,3.0,0.7,0,1.0,0.513296888143918,0.7364709228343792,0.5973495607659658,20.0,20,310
1_disaster,83,naive,0.009,100,2,0.01,1.0,3.0,0.7,0,1.0,0.513296888143918,0.7364709228343792,0.5909472485132617,263.0,19,299
1_disaster,83,random,0.0009,100,2,0.01,1.0,3.0,0.7,0,1.0,0.513296888143918,0.7364709228343792,0.5760680287162746,305.0,17,309
1_disaster,84,regular,0.1,100,2,0.01,1.0,3.0,0.7,0,1.0,0.5232665458861426,0.7555133609356668,0.6073228986654575,100.0,11,294
1_disaster,84,superintelligent,0.9,100,2,0.01,1.0,3.0,0.7,0,1.0,0.5232665458861426,0.7555133609356668,0.6073228986654575,12.0,11,316
1_disaster,84,oracle,1.0,100,2,0.01,1.0,3.0,0.7,0,1.0,0.5232665458861426,0.7555133609356668,0.6073228986654575,11.0,11,316
1_disaster,84,naive,0.009,100,2,0.01,1.0,3.0,0.7,0,1.0,0.5232665458861426,0.7555133609356668,0.6073739988248925,231.0,12,315
1_disaster,84,random,0.0009,100,2,0.01,1.0,3.0,0.7,0,1.0,0.5232665458861426,0.7555133609356668,0.6118412628052975,322.0,14,316
1_disaster,85,regular,0.1,100,2,0.01,1.0,3.0,0.7,0,1.0,0.483138509448416,0.7388961529431376,0.5757516905159643,132.0,14,294
1_disaster,85,superintelligent,0.9,100,2,0.01,1.0,3.0,0.7,0,1.0,0.483138509448416,0.7388961529431376,0.5821572300286567,16.0,16,311
1_disaster,85,oracle,1.0,100,2,0.01,1.0,3.0,0.7,0,1.0,0.483138509448416,0.7388961529431376,0.5821572300286567,16.0,16,311
1_disaster,85,naive,0.009,100,2,0.01,1.0,3.0,0.7,0,1.0,0.483138509448416,0.7388961529431376,0.5821572300286567,310.0,16,310
1_disaster,85,random,0.0009,100,2,0.01,1.0,3.0,0.7,0,1.0,0.483138509448416,0.7388961529431376,0.5667289954206969,285.0,16,309
1_disaster,86,regular,0.1,100,2,0.01,1.0,3.0,0.7,0,1.0,0.4779801928127446,0.722456028545042,0.5182151000046247,57.0,9,281
1_disaster,86,superintelligent,0.9,100,2,0.01,1.0,3.0,0.7,0,1.0,0.4779801928127446,0.722456028545042,0.5182151000046247,10.0,9,311
1_disaster,86,oracle,1.0,100,2,0.01,1.0,3.0,0.7,0,1.0,0.4779801928127446,0.722456028545042,0.5182151000046247,9.0,9,311
1_disaster,86,naive,0.009,100,2,0.01,1.0,3.0,0.7,0,1.0,0.4779801928127446,0.722456028545042,0.5182151000046247,263.0,9,288
1_disaster,86,random,0.0009,100,2,0.01,1.0,3.0,0.7,0,1.0,0.4779801928127446,0.722456028545042,0.5182151000046247,312.0,9,309
1_disaster,87,regular,0.1,100,2,0.01,1.0,3.0,0.7,0,1.0,0.4608504704642891,0.766677759013159,0.5330831034803137,53.0,7,296
1_disaster,87,superintelligent,0.9,100,2,0.01,1.0,3.0,0.7,0,1.0,0.4608504704642891,0.766677759013159,0.5330831034803137,8.0,7,313
1_disaster,87,oracle,1.0,100,2,0.01,1.0,3.0,0.7,0,1.0,0.4608504704642891,0.766677759013159,0.5330831034803137,7.0,7,313
1_disaster,87,naive,0.009,100,2,0.01,1.0,3.0,0.7,0,1.0,0.4608504704642891,0.766677759013159,0.5359534031113822,262.0,9,291
1_disaster,87,random,0.0009,100,2,0.01,1.0,3.0,0.7,0,1.0,0.4608504704642891,0.766677759013159,0.5330831034803137,312.0,7,307
1_disaster,88,regular,0.1,100,2,0.01,1.0,3.0,0.7,0,1.0,0.5159569671485557,0.7551502344027501,0.5762757367302969,87.0,9,305
1_disaster,88,superintelligent,0.9,100,2,0.01,1.0,3.0,0.7,0,1.0,0.5159569671485557,0.7551502344027501,0.5762757367302969,12.0,9,311
1_disaster,88,oracle,1.0,100,2,0.01,1.0,3.0,0.7,0,1.0,0.5159569671485557,0.7551502344027501,0.5762757367302969,9.0,9,311
1_disaster,88,naive,0.009,100,2,0.01,1.0,3.0,0.7,0,1.0,0.5159569671485557,0.7551502344027501,0.5762757367302969,282.0,9,273
1_disaster,88,random,0.0009,100,2,0.01,1.0,3.0,0.7,0,1.0,0.5159569671485557,0.7551502344027501,0.5762757367302969,298.0,9,304
1_disaster,89,regular,0.1,100,2,0.01,1.0,3.0,0.7,0,1.0,0.5076036544507943,0.734256862565746,0.5897423751536878,152.0,17,305
1_disaster,89,superintelligent,0.9,100,2,0.01,1.0,3.0,0.7,0,1.0,0.5076036544507943,0.734256862565746,0.5897423751536878,18.0,17,310
1_disaster,89,oracle,1.0,100,2,0.01,1.0,3.0,0.7,0,1.0,0.5076036544507943,0.734256862565746,0.5897423751536878,17.0,17,310
1_disaster,89,naive,0.009,100,2,0.01,1.0,3.0,0.7,0,1.0,0.5076036544507943,0.734256862565746,0.5897423751536878,319.0,17,307
1_disaster,89,random,0.0009,100,2,0.01,1.0,3.0,0.7,0,1.0,0.5076036544507943,0.734256862565746,0.5778326975189867,324.0,18,308
1_disaster,90,regular,0.1,100,2,0.01,1.0,3.0,0.7,0,1.0,0.4954879650249219,0.7359650381382574,0.591738892607347,68.0,12,272
1_disaster,90,superintelligent,0.9,100,2,0.01,1.0,3.0,0.7,0,1.0,0.4954879650249219,0.7359650381382574,0.5942297973622527,13.0,13,314
1_disaster,90,oracle,1.0,100,2,0.01,1.0,3.0,0.7,0,1.0,0.4954879650249219,0.7359650381382574,0.5942297973622527,13.0,13,314
1_disaster,90,naive,0.009,100,2,0.01,1.0,3.0,0.7,0,1.0,0.4954879650249219,0.7359650381382574,0.5844707071359836,248.0,11,294
1_disaster,90,random,0.0009,100,2,0.01,1.0,3.0,0.7,0,1.0,0.4954879650249219,0.7359650381382574,0.5790183671347194,321.0,10,311
1_disaster,91,regular,0.1,100,2,0.01,1.0,3.0,0.7,0,1.0,0.5167881360789486,0.7431261182374344,0.5450115729617858,74.0,9,300
1_disaster,91,superintelligent,0.9,100,2,0.01,1.0,3.0,0.7,0,1.0,0.5167881360789486,0.7431261182374344,0.5450115729617858,10.0,9,315
1_disaster,91,oracle,1.0,100,2,0.01,1.0,3.0,0.7,0,1.0,0.5167881360789486,0.7431261182374344,0.5450115729617858,9.0,9,315
1_disaster,91,naive,0.009,100,2,0.01,1.0,3.0,0.7,0,1.0,0.5167881360789486,0.7431261182374344,0.546096362713558,232.0,9,313
1_disaster,91,random,0.0009,100,2,0.01,1.0,3.0,0.7,0,1.0,0.5167881360789486,0.7431261182374344,0.5432071802701482,284.0,9,314
1_disaster,92,regular,0.1,100,2,0.01,1.0,3.0,0.7,0,1.0,0.4803230912032809,0.7178117758680667,0.5267101482022509,111.0,8,278
1_disaster,92,superintelligent,0.9,100,2,0.01,1.0,3.0,0.7,0,1.0,0.4803230912032809,0.7178117758680667,0.5290302441216032,9.0,8,315
1_disaster,92,oracle,1.0,100,2,0.01,1.0,3.0,0.7,0,1.0,0.4803230912032809,0.7178117758680667,0.5290302441216032,8.0,8,315
1_disaster,92,naive,0.009,100,2,0.01,1.0,3.0,0.7,0,1.0,0.4803230912032809,0.7178117758680667,0.5290302441216032,208.0,8,297
1_disaster,92,random,0.0009,100,2,0.01,1.0,3.0,0.7,0,1.0,0.4803230912032809,0.7178117758680667,0.5290302441216032,218.0,8,308
1_disaster,93,regular,0.1,100,2,0.01,1.0,3.0,0.7,0,1.0,0.4942915903488165,0.7288047071576098,0.5785072250110039,173.0,18,299
1_disaster,93,superintelligent,0.9,100,2,0.01,1.0,3.0,0.7,0,1.0,0.4942915903488165,0.7288047071576098,0.5785072250110039,20.0,18,308
1_disaster,93,oracle,1.0,100,2,0.01,1.0,3.0,0.7,0,1.0,0.4942915903488165,0.7288047071576098,0.5785072250110039,18.0,18,308
1_disaster,93,naive,0.009,100,2,0.01,1.0,3.0,0.7,0,1.0,0.4942915903488165,0.7288047071576098,0.5742554501371622,250.0,17,290
1_disaster,93,random,0.0009,100,2,0.01,1.0,3.0,0.7,0,1.0,0.4942915903488165,0.7288047071576098,0.5785072250110039,310.0,18,297
1_disaster,94,regular,0.1,100,2,0.01,1.0,3.0,0.7,0,1.0,0.519822221216424,0.7637608554830161,0.5710025304471595,81.0,11,307
1_disaster,94,superintelligent,0.9,100,2,0.01,1.0,3.0,0.7,0,1.0,0.519822221216424,0.7637608554830161,0.5710025304471595,12.0,11,316
1_disaster,94,oracle,1.0,100,2,0.01,1.0,3.0,0.7,0,1.0,0.519822221216424,0.7637608554830161,0.5710025304471595,11.0,11,316
1_disaster,94,naive,0.009,100,2,0.01,1.0,3.0,0.7,0,1.0,0.519822221216424,0.7637608554830161,0.5693030904206638,187.0,12,290
1_disaster,94,random,0.0009,100,2,0.01,1.0,3.0,0.7,0,1.0,0.519822221216424,0.7637608554830161,0.5758377331750534,257.0,13,312
1_disaster,95,regular,0.1,100,2,0.01,1.0,3.0,0.7,0,1.0,0.46785868015414145,0.7279847868838768,0.5360724439267284,108.0,17,302
1_disaster,95,superintelligent,0.9,100,2,0.01,1.0,3.0,0.7,0,1.0,0.46785868015414145,0.7279847868838768,0.5360724439267284,17.0,17,311
1_disaster,95,oracle,1.0,100,2,0.01,1.0,3.0,0.7,0,1.0,0.46785868015414145,0.7279847868838768,0.5360724439267284,17.0,17,311
1_disaster,95,naive,0.009,100,2,0.01,1.0,3.0,0.7,0,1.0,0.46785868015414145,0.7279847868838768,0.5291598019283695,298.0,13,285
1_disaster,95,random,0.0009,100,2,0.01,1.0,3.0,0.7,0,1.0,0.46785868015414145,0.7279847868838768,0.5304351167301076,295.0,14,303
1_disaster,96,regular,0.1,100,2,0.01,1.0,3.0,0.7,0,1.0,0.4605461973202693,0.7155423695854539,0.5548732632404431,108.0,14,311
1_disaster,96,superintelligent,0.9,100,2,0.01,1.0,3.0,0.7,0,1.0,0.4605461973202693,0.7155423695854539,0.5548732632404431,14.0,14,312
1_disaster,96,oracle,1.0,100,2,0.01,1.0,3.0,0.7,0,1.0,0.4605461973202693,0.7155423695854539,0.5548732632404431,14.0,14,312
1_disaster,96,naive,0.009,100,2,0.01,1.0,3.0,0.7,0,1.0,0.4605461973202693,0.7155423695854539,0.5489269039785876,326.0,12,314
1_disaster,96,random,0.0009,100,2,0.01,1.0,3.0,0.7,0,1.0,0.4605461973202693,0.7155423695854539,0.5564437722664612,297.0,13,284
1_disaster,97,regular,0.1,100,2,0.01,1.0,3.0,0.7,0,1.0,0.5156842643716409,0.7518179520616802,0.5893996525871067,113.0,15,286
1_disaster,97,superintelligent,0.9,100,2,0.01,1.0,3.0,0.7,0,1.0,0.5156842643716409,0.7518179520616802,0.5893996525871067,17.0,15,313
1_disaster,97,oracle,1.0,100,2,0.01,1.0,3.0,0.7,0,1.0,0.5156842643716409,0.7518179520616802,0.5893996525871067,15.0,15,313
1_disaster,97,naive,0.009,100,2,0.01,1.0,3.0,0.7,0,1.0,0.5156842643716409,0.7518179520616802,0.5859482868834521,285.0,15,297
1_disaster,97,random,0.0009,100,2,0.01,1.0,3.0,0.7,0,1.0,0.5156842643716409,0.7518179520616802,0.5858924325457511,325.0,14,312
1_disaster,98,regular,0.1,100,2,0.01,1.0,3.0,0.7,0,1.0,0.5223245590318227,0.7328977594155054,0.5710709229396741,92.0,10,279
1_disaster,98,superintelligent,0.9,100,2,0.01,1.0,3.0,0.7,0,1.0,0.5223245590318227,0.7328977594155054,0.5710709229396741,14.0,10,315
1_disaster,98,oracle,1.0,100,2,0.01,1.0,3.0,0.7,0,1.0,0.5223245590318227,0.7328977594155054,0.5710709229396741,10.0,10,315
1_disaster,98,naive,0.009,100,2,0.01,1.0,3.0,0.7,0,1.0,0.5223245590318227,0.7328977594155054,0.5710709229396741,282.0,10,308
1_disaster,98,random,0.0009,100,2,0.01,1.0,3.0,0.7,0,1.0,0.5223245590318227,0.7328977594155054,0.5706425030001333,273.0,9,299
1_disaster,99,regular,0.1,100,2,0.01,1.0,3.0,0.7,0,1.0,0.4936884447235781,0.7053011365596717,0.5725865392045556,142.0,12,307
1_disaster,99,superintelligent,0.9,100,2,0.01,1.0,3.0,0.7,0,1.0,0.4936884447235781,0.7053011365596717,0.5725865392045556,13.0,12,314
1_disaster,99,oracle,1.0,100,2,0.01,1.0,3.0,0.7,0,1.0,0.4936884447235781,0.7053011365596717,0.5725865392045556,12.0,12,314
1_disaster,99,naive,0.009,100,2,0.01,1.0,3.0,0.7,0,1.0,0.4936884447235781,0.7053011365596717,0.5597850468429078,284.0,15,280
1_disaster,99,random,0.0009,100,2,0.01,1.0,3.0,0.7,0,1.0,0.4936884447235781,0.7053011365596717,0.5725865392045556,315.0,12,314
2a_digital_weak,0,regular,0.1,100,4,0.05,1.0,9.0,0.1,0,1.0,0.4775135839096499,0.7764588456783271,0.5577142918208142,76.0,8,837
2a_digital_weak,0,superintelligent,0.9,100,4,0.05,1.0,9.0,0.1,0,1.0,0.4775135839096499,0.7764588456783271,0.5577142918208142,9.0,8,913
2a_digital_weak,0,oracle,1.0,100,4,0.05,1.0,9.0,0.1,0,1.0,0.4775135839096499,0.7764588456783271,0.5577142918208142,8.0,8,913
2a_digital_weak,0,naive,0.009,100,4,0.05,1.0,9.0,0.1,0,1.0,0.4775135839096499,0.7764588456783271,0.578697263593168,422.0,10,873
2a_digital_weak,0,random,0.0009,100,4,0.05,1.0,9.0,0.1,0,1.0,0.4775135839096499,0.7764588456783271,0.580831315290212,891.0,12,898
2a_digital_weak,1,regular,0.1,100,4,0.05,1.0,9.0,0.1,0,1.0,0.4311322518767907,0.7601494049773088,0.5553166726084222,137.0,12,768
2a_digital_weak,1,superintelligent,0.9,100,4,0.05,1.0,9.0,0.1,0,1.0,0.4311322518767907,0.7601494049773088,0.5553166726084222,12.0,12,910
2a_digital_weak,1,oracle,1.0,100,4,0.05,1.0,9.0,0.1,0,1.0,0.4311322518767907,0.7601494049773088,0.5553166726084222,12.0,12,910
2a_digital_weak,1,naive,0.009,100,4,0.05,1.0,9.0,0.1,0,1.0,0.4311322518767907,0.7601494049773088,0.5448185832487095,559.0,14,808
2a_digital_weak,1,random,0.0009,100,4,0.05,1.0,9.0,0.1,0,1.0,0.4311322518767907,0.7601494049773088,0.547027575466844,912.0,14,907
2a_digital_weak,2,regular,0.1,100,4,0.05,1.0,9.0,0.1,0,1.0,0.48616063537657844,0.7456935521425447,0.5769768277516506,209.0,15,909
2a_digital_weak,2,superintelligent,0.9,100,4,0.05,1.0,9.0,0.1,0,1.0,0.48616063537657844,0.7456935521425447,0.5769768277516506,17.0,15,914
2a_digital_weak,2,oracle,1.0,100,4,0.05,1.0,9.0,0.1,0,1.0,0.48616063537657844,0.7456935521425447,0.5769768277516506,15.0,15,914
2a_digital_weak,2,naive,0.009,100,4,0.05,1.0,9.0,0.1,0,1.0,0.48616063537657844,0.7456935521425447,0.5754996650855998,764.0,16,849
2a_digital_weak,2,random,0.0009,100,4,0.05,1.0,9.0,0.1,0,1.0,0.48616063537657844,0.7456935521425447,0.5582636323356182,911.0,10,901
2a_digital_weak,3,regular,0.1,100,4,0.05,1.0,9.0,0.1,0,1.0,0.530063174511076,0.7696988589756458,0.5865607839238594,48.0,10,892
2a_digital_weak,3,superintelligent,0.9,100,4,0.05,1.0,9.0,0.1,0,1.0,0.530063174511076,0.7696988589756458,0.5865607839238594,11.0,10,911
2a_digital_weak,3,oracle,1.0,100,4,0.05,1.0,9.0,0.1,0,1.0,0.530063174511076,0.7696988589756458,0.5865607839238594,10.0,10,911
2a_digital_weak,3,naive,0.009,100,4,0.05,1.0,9.0,0.1,0,1.0,0.530063174511076,0.7696988589756458,0.5777998136641613,617.0,8,853
2a_digital_weak,3,random,0.0009,100,4,0.05,1.0,9.0,0.1,0,1.0,0.530063174511076,0.7696988589756458,0.5731997088448785,890.0,10,880
2a_digital_weak,4,regular,0.1,100,4,0.05,1.0,9.0,0.1,0,1.0,0.49179006768983624,0.7358224149293883,0.5684312464563311,135.0,15,905
2a_digital_weak,4,superintelligent,0.9,100,4,0.05,1.0,9.0,0.1,0,1.0,0.49179006768983624,0.7358224149293883,0.5684312464563311,18.0,15,912
2a_digital_weak,4,oracle,1.0,100,4,0.05,1.0,9.0,0.1,0,1.0,0.49179006768983624,0.7358224149293883,0.5684312464563311,15.0,15,912
2a_digital_weak,4,naive,0.009,100,4,0.05,1.0,9.0,0.1,0,1.0,0.49179006768983624,0.7358224149293883,0.5260791177137165,564.0,6,862
2a_digital_weak,4,random,0.0009,100,4,0.05,1.0,9.0,0.1,0,1.0,0.49179006768983624,0.7358224149293883,0.5368683146477905,808.0,6,869
2a_digital_weak,5,regular,0.1,100,4,0.05,1.0,9.0,0.1,0,1.0,0.5294587170567597,0.7710517451255501,0.57790763536049,45.0,5,844
2a_digital_weak,5,superintelligent,0.9,100,4,0.05,1.0,9.0,0.1,0,1.0,0.5294587170567597,0.7710517451255501,0.583291013665092,6.0,6,912
2a_digital_weak,5,oracle,1.0,100,4,0.05,1.0,9.0,0.1,0,1.0,0.5294587170567597,0.7710517451255501,0.583291013665092,6.0,6,912
2a_digital_weak,5,naive,0.009,100,4,0.05,1.0,9.0,0.1,0,1.0,0.5294587170567597,0.7710517451255501,0.583291013665092,433.0,6,902
2a_digital_weak,5,random,0.0009,100,4,0.05,1.0,9.0,0.1,0,1.0,0.5294587170567597,0.7710517451255501,0.5768284210630473,566.0,6,842
2a_digital_weak,6,regular,0.1,100,4,0.05,1.0,9.0,0.1,0,1.0,0.4671950695523372,0.762884973041525,0.5424256100989261,61.0,6,847
2a_digital_weak,6,superintelligent,0.9,100,4,0.05,1.0,9.0,0.1,0,1.0,0.4671950695523372,0.762884973041525,0.5424256100989261,6.0,6,913
2a_digital_weak,6,oracle,1.0,100,4,0.05,1.0,9.0,0.1,0,1.0,0.4671950695523372,0.762884973041525,0.5424256100989261,6.0,6,913
2a_digital_weak,6,naive,0.009,100,4,0.05,1.0,9.0,0.1,0,1.0,0.4671950695523372,0.762884973041525,0.5410515474593991,642.0,9,853
2a_digital_weak,6,random,0.0009,100,4,0.05,1.0,9.0,0.1,0,1.0,0.4671950695523372,0.762884973041525,0.536566738532021,845.0,8,883
2a_digital_weak,7,regular,0.1,100,4,0.05,1.0,9.0,0.1,0,1.0,0.5383880224098676,0.754209139289527,0.5670327857874289,36.0,4,866
2a_digital_weak,7,superintelligent,0.9,100,4,0.05,1.0,9.0,0.1,0,1.0,0.5383880224098676,0.754209139289527,0.5670327857874289,4.0,4,915
2a_digital_weak,7,oracle,1.0,100,4,0.05,1.0,9.0,0.1,0,1.0,0.5383880224098676,0.754209139289527,0.5670327857874289,4.0,4,915
2a_digital_weak,7,naive,0.009,100,4,0.05,1.0,9.0,0.1,0,1.0,0.5383880224098676,0.754209139289527,0.5806751069356301,807.0,8,876
2a_digital_weak,7,random,0.0009,100,4,0.05,1.0,9.0,0.1,0,1.0,0.5383880224098676,0.754209139289527,0.5673988002254411,531.0,6,859
2a_digital_weak,8,regular,0.1,100,4,0.05,1.0,9.0,0.1,0,1.0,0.473448542404961,0.7631364414189035,0.5565352280056178,116.0,11,820
2a_digital_weak,8,superintelligent,0.9,100,4,0.05,1.0,9.0,0.1,0,1.0,0.473448542404961,0.7631364414189035,0.5565352280056178,12.0,11,911
2a_digital_weak,8,oracle,1.0,100,4,0.05,1.0,9.0,0.1,0,1.0,0.473448542404961,0.7631364414189035,0.5565352280056178,11.0,11,911
2a_digital_weak,8,naive,0.009,100,4,0.05,1.0,9.0,0.1,0,1.0,0.473448542404961,0.7631364414189035,0.5427996667601722,667.0,9,875
2a_digital_weak,8,random,0.0009,100,4,0.05,1.0,9.0,0.1,0,1.0,0.473448542404961,0.7631364414189035,0.5419618819398007,729.0,10,864
2a_digital_weak,9,regular,0.1,100,4,0.05,1.0,9.0,0.1,0,1.0,0.5370101184030246,0.7700221011585693,0.5624339297611519,11.0,2,915
2a_digital_weak,9,superintelligent,0.9,100,4,0.05,1.0,9.0,0.1,0,1.0,0.5370101184030246,0.7700221011585693,0.5624339297611519,2.0,2,919
2a_digital_weak,9,oracle,1.0,100,4,0.05,1.0,9.0,0.1,0,1.0,0.5370101184030246,0.7700221011585693,0.5624339297611519,2.0,2,919
2a_digital_weak,9,naive,0.009,100,4,0.05,1.0,9.0,0.1,0,1.0,0.5370101184030246,0.7700221011585693,0.5565956513125832,462.0,4,852
2a_digital_weak,9,random,0.0009,100,4,0.05,1.0,9.0,0.1,0,1.0,0.5370101184030246,0.7700221011585693,0.5624339297611519,294.0,2,864
2a_digital_weak,10,regular,0.1,100,4,0.05,1.0,9.0,0.1,0,1.0,0.5658523736444018,0.7411300938630504,0.5959788236328447,51.0,6,889
2a_digital_weak,10,superintelligent,0.9,100,4,0.05,1.0,9.0,0.1,0,1.0,0.5658523736444018,0.7411300938630504,0.5959788236328447,7.0,6,912
2a_digital_weak,10,oracle,1.0,100,4,0.05,1.0,9.0,0.1,0,1.0,0.5658523736444018,0.7411300938630504,0.5959788236328447,6.0,6,912
2a_digital_weak,10,naive,0.009,100,4,0.05,1.0,9.0,0.1,0,1.0,0.5658523736444018,0.7411300938630504,0.594909062564105,536.0,5,832
2a_digital_weak,10,random,0.0009,100,4,0.05,1.0,9.0,0.1,0,1.0,0.5658523736444018,0.7411300938630504,0.5829157728383336,804.0,3,825
2a_digital_weak,11,regular,0.1,100,4,0.05,1.0,9.0,0.1,0,1.0,0.5580303234732031,0.7541470251245068,0.6179560970973657,100.0,8,883
2a_digital_weak,11,superintelligent,0.9,100,4,0.05,1.0,9.0,0.1,0,1.0,0.5580303234732031,0.7541470251245068,0.6179560970973657,8.0,8,915
2a_digital_weak,11,oracle,1.0,100,4,0.05,1.0,9.0,0.1,0,1.0,0.5580303234732031,0.7541470251245068,0.6179560970973657,8.0,8,915
2a_digital_weak,11,naive,0.009,100,4,0.05,1.0,9.0,0.1,0,1.0,0.5580303234732031,0.7541470251245068,0.6179560970973657,287.0,8,895
2a_digital_weak,11,random,0.0009,100,4,0.05,1.0,9.0,0.1,0,1.0,0.5580303234732031,0.7541470251245068,0.612198466997372,654.0,7,890
2a_digital_weak,12,regular,0.1,100,4,0.05,1.0,9.0,0.1,0,1.0,0.49590359713098925,0.748258148449273,0.571077441353724,76.0,8,886
2a_digital_weak,12,superintelligent,0.9,100,4,0.05,1.0,9.0,0.1,0,1.0,0.49590359713098925,0.748258148449273,0.571077441353724,9.0,8,912
2a_digital_weak,12,oracle,1.0,100,4,0.05,1.0,9.0,0.1,0,1.0,0.49590359713098925,0.748258148449273,0.571077441353724,8.0,8,912
2a_digital_weak,12,naive,0.009,100,4,0.05,1.0,9.0,0.1,0,1.0,0.49590359713098925,0.748258148449273,0.5846220724774378,501.0,12,897
2a_digital_weak,12,random,0.0009,100,4,0.05,1.0,9.0,0.1,0,1.0,0.49590359713098925,0.748258148449273,0.5758303454202154,911.0,11,904
2a_digital_weak,13,regular,0.1,100,4,0.05,1.0,9.0,0.1,0,1.0,0.5004351128142627,0.7613018169030987,0.5891170766295286,95.0,9,916
2a_digital_weak,13,superintelligent,0.9,100,4,0.05,1.0,9.0,0.1,0,1.0,0.5004351128142627,0.7613018169030987,0.5891170766295286,12.0,9,923
2a_digital_weak,13,oracle,1.0,100,4,0.05,1.0,9.0,0.1,0,1.0,0.5004351128142627,0.7613018169030987,0.5891170766295286,9.0,9,923
2a_digital_weak,13,naive,0.009,100,4,0.05,1.0,9.0,0.1,0,1.0,0.5004351128142627,0.7613018169030987,0.5891678469714824,542.0,13,917
2a_digital_weak,13,random,0.0009,100,4,0.05,1.0,9.0,0.1,0,1.0,0.5004351128142627,0.7613018169030987,0.5778659626200434,897.0,15,913
2a_digital_weak,14,regular,0.1,100,4,0.05,1.0,9.0,0.1,0,1.0,0.5191802801176403,0.7624871672131587,0.5632672389855817,41.0,5,871
2a_digital_weak,14,superintelligent,0.9,100,4,0.05,1.0,9.0,0.1,0,1.0,0.5191802801176403,0.7624871672131587,0.5632672389855817,6.0,5,910
2a_digital_weak,14,oracle,1.0,100,4,0.05,1.0,9.0,0.1,0,1.0,0.5191802801176403,0.7624871672131587,0.5632672389855817,5.0,5,910
2a_digital_weak,14,naive,0.009,100,4,0.05,1.0,9.0,0.1,0,1.0,0.5191802801176403,0.7624871672131587,0.5632672389855817,499.0,5,892
2a_digital_weak,14,random,0.0009,100,4,0.05,1.0,9.0,0.1,0,1.0,0.5191802801176403,0.7624871672131587,0.5632672389855817,913.0,5,908
2a_digital_weak,15,regular,0.1,100,4,0.05,1.0,9.0,0.1,0,1.0,0.5046429461572567,0.7556679419263479,0.5755537469050522,46.0,8,902
2a_digital_weak,15,superintelligent,0.9,100,4,0.05,1.0,9.0,0.1,0,1.0,0.5046429461572567,0.7556679419263479,0.5770748777044808,9.0,8,919
2a_digital_weak,15,oracle,1.0,100,4,0.05,1.0,9.0,0.1,0,1.0,0.5046429461572567,0.7556679419263479,0.5770748777044808,8.0,8,919
2a_digital_weak,15,naive,0.009,100,4,0.05,1.0,9.0,0.1,0,1.0,0.5046429461572567,0.7556679419263479,0.587945750230376,354.0,10,910
2a_digital_weak,15,random,0.0009,100,4,0.05,1.0,9.0,0.1,0,1.0,0.5046429461572567,0.7556679419263479,0.5682250567409143,882.0,9,896
2a_digital_weak,16,regular,0.1,100,4,0.05,1.0,9.0,0.1,0,1.0,0.46641369373144487,0.7682240829238437,0.5385852918988453,50.0,8,688
2a_digital_weak,16,superintelligent,0.9,100,4,0.05,1.0,9.0,0.1,0,1.0,0.46641369373144487,0.7682240829238437,0.5385852918988453,9.0,8,912
2a_digital_weak,16,oracle,1.0,100,4,0.05,1.0,9.0,0.1,0,1.0,0.46641369373144487,0.7682240829238437,0.5385852918988453,8.0,8,912
2a_digital_weak,16,naive,0.009,100,4,0.05,1.0,9.0,0.1,0,1.0,0.46641369373144487,0.7682240829238437,0.5365828322379648,682.0,9,881
2a_digital_weak,16,random,0.0009,100,4,0.05,1.0,9.0,0.1,0,1.0,0.46641369373144487,0.7682240829238437,0.5272595261791344,797.0,6,791
2a_digital_weak,17,regular,0.1,100,4,0.05,1.0,9.0,0.1,0,1.0,0.5019154906316626,0.7553656426301407,0.5310875632067066,19.0,4,867
2a_digital_weak,17,superintelligent,0.9,100,4,0.05,1.0,9.0,0.1,0,1.0,0.5019154906316626,0.7553656426301407,0.5310875632067066,4.0,4,910
2a_digital_weak,17,oracle,1.0,100,4,0.05,1.0,9.0,0.1,0,1.0,0.5019154906316626,0.7553656426301407,0.5310875632067066,4.0,4,910
2a_digital_weak,17,naive,0.009,100,4,0.05,1.0,9.0,0.1,0,1.0,0.5019154906316626,0.7553656426301407,0.5287267301789182,456.0,3,902
2a_digital_weak,17,random,0.0009,100,4,0.05,1.0,9.0,0.1,0,1.0,0.5019154906316626,0.7553656426301407,0.5310875632067066,868.0,4,871
2a_digital_weak,18,regular,0.1,100,4,0.05,1.0,9.0,0.1,0,1.0,0.5067084735329853,0.7427374293311206,0.5525061307275734,45.0,5,897
2a_digital_weak,18,superintelligent,0.9,100,4,0.05,1.0,9.0,0.1,0,1.0,0.5067084735329853,0.7427374293311206,0.5525061307275734,5.0,5,916
2a_digital_weak,18,oracle,1.0,100,4,0.05,1.0,9.0,0.1,0,1.0,0.5067084735329853,0.7427374293311206,0.5525061307275734,5.0,5,916
2a_digital_weak,18,naive,0.009,100,4,0.05,1.0,9.0,0.1,0,1.0,0.5067084735329853,0.7427374293311206,0.5525061307275734,609.0,5,858
2a_digital_weak,18,random,0.0009,100,4,0.05,1.0,9.0,0.1,0,1.0,0.5067084735329853,0.7427374293311206,0.5525061307275734,894.0,5,916
2a_digital_weak,19,regular,0.1,100,4,0.05,1.0,9.0,0.1,0,1.0,0.43024186502418715,0.7641870377540583,0.4782812186235006,54.0,5,883
2a_digital_weak,19,superintelligent,0.9,100,4,0.05,1.0,9.0,0.1,0,1.0,0.43024186502418715,0.7641870377540583,0.4782812186235006,6.0,5,912
2a_digital_weak,19,oracle,1.0,100,4,0.05,1.0,9.0,0.1,0,1.0,0.43024186502418715,0.7641870377540583,0.4782812186235006,5.0,5,912
2a_digital_weak,19,naive,0.009,100,4,0.05,1.0,9.0,0.1,0,1.0,0.43024186502418715,0.7641870377540583,0.4782812186235006,246.0,5,910
2a_digital_weak,19,random,0.0009,100,4,0.05,1.0,9.0,0.1,0,1.0,0.43024186502418715,0.7641870377540583,0.5008831728394787,898.0,10,909
2a_digital_weak,20,regular,0.1,100,4,0.05,1.0,9.0,0.1,0,1.0,0.49814410437439344,0.7573432621450806,0.5848403480156779,91.0,9,870
2a_digital_weak,20,superintelligent,0.9,100,4,0.05,1.0,9.0,0.1,0,1.0,0.49814410437439344,0.7573432621450806,0.5848403480156779,11.0,9,914
2a_digital_weak,20,oracle,1.0,100,4,0.05,1.0,9.0,0.1,0,1.0,0.49814410437439344,0.7573432621450806,0.5848403480156779,9.0,9,914
2a_digital_weak,20,naive,0.009,100,4,0.05,1.0,9.0,0.1,0,1.0,0.49814410437439344,0.7573432621450806,0.5848403480156779,452.0,9,811
2a_digital_weak,20,random,0.0009,100,4,0.05,1.0,9.0,0.1,0,1.0,0.49814410437439344,0.7573432621450806,0.5700073972798583,907.0,11,896
2a_digital_weak,21,regular,0.1,100,4,0.05,1.0,9.0,0.1,0,1.0,0.5208259195791801,0.7751433907875174,0.5701539518418067,88.0,6,824
2a_digital_weak,21,superintelligent,0.9,100,4,0.05,1.0,9.0,0.1,0,1.0,0.5208259195791801,0.7751433907875174,0.5701539518418067,8.0,6,912
2a_digital_weak,21,oracle,1.0,100,4,0.05,1.0,9.0,0.1,0,1.0,0.5208259195791801,0.7751433907875174,0.5701539518418067,6.0,6,912
2a_digital_weak,21,naive,0.009,100,4,0.05,1.0,9.0,0.1,0,1.0,0.5208259195791801,0.7751433907875174,0.5701539518418067,525.0,6,904
2a_digital_weak,21,random,0.0009,100,4,0.05,1.0,9.0,0.1,0,1.0,0.5208259195791801,0.7751433907875174,0.5595321176259115,653.0,7,913
2a_digital_weak,22,regular,0.1,100,4,0.05,1.0,9.0,0.1,0,1.0,0.5007032721358654,0.7664187177108077,0.6114125031792063,134.0,14,870
2a_digital_weak,22,superintelligent,0.9,100,4,0.05,1.0,9.0,0.1,0,1.0,0.5007032721358654,0.7664187177108077,0.6114125031792063,15.0,14,910
2a_digital_weak,22,oracle,1.0,100,4,0.05,1.0,9.0,0.1,0,1.0,0.5007032721358654,0.7664187177108077,0.6114125031792063,14.0,14,910
2a_digital_weak,22,naive,0.009,100,4,0.05,1.0,9.0,0.1,0,1.0,0.5007032721358654,0.7664187177108077,0.6114125031792063,794.0,14,893
2a_digital_weak,22,random,0.0009,100,4,0.05,1.0,9.0,0.1,0,1.0,0.5007032721358654,0.7664187177108077,0.5940975644426824,885.0,11,907
2a_digital_weak,23,regular,0.1,100,4,0.05,1.0,9.0,0.1,0,1.0,0.5000044046229482,0.7622915243804503,0.5674397920039568,52.0,8,682
2a_digital_weak,23,superintelligent,0.9,100,4,0.05,1.0,9.0,0.1,0,1.0,0.5000044046229482,0.7622915243804503,0.5674397920039568,9.0,8,916
2a_digital_weak,23,oracle,1.0,100,4,0.05,1.0,9.0,0.1,0,1.0,0.5000044046229482,0.7622915243804503,0.5674397920039568,8.0,8,916
2a_digital_weak,23,naive,0.009,100,4,0.05,1.0,9.0,0.1,0,1.0,0.5000044046229482,0.7622915243804503,0.5586291697723982,598.0,10,900
2a_digital_weak,23,random,0.0009,100,4,0.05,1.0,9.0,0.1,0,1.0,0.5000044046229482,0.7622915243804503,0.5569138229783722,886.0,7,879
2a_digital_weak,24,regular,0.1,100,4,0.05,1.0,9.0,0.1,0,1.0,0.46699611010823266,0.7386504662201681,0.5244655909173936,124.0,8,880
2a_digital_weak,24,superintelligent,0.9,100,4,0.05,1.0,9.0,0.1,0,1.0,0.46699611010823266,0.7386504662201681,0.5244655909173936,11.0,8,907
2a_digital_weak,24,oracle,1.0,100,4,0.05,1.0,9.0,0.1,0,1.0,0.46699611010823266,0.7386504662201681,0.5244655909173936,8.0,8,907
2a_digital_weak,24,naive,0.009,100,4,0.05,1.0,9.0,0.1,0,1.0,0.46699611010823266,0.7386504662201681,0.5213395335510792,705.0,8,824
2a_digital_weak,24,random,0.0009,100,4,0.05,1.0,9.0,0.1,0,1.0,0.46699611010823266,0.7386504662201681,0.5220462526209416,862.0,7,904
2a_digital_weak,25,regular,0.1,100,4,0.05,1.0,9.0,0.1,0,1.0,0.5167068690249387,0.7724954532629693,0.5708248088707593,85.0,8,912
2a_digital_weak,25,superintelligent,0.9,100,4,0.05,1.0,9.0,0.1,0,1.0,0.5167068690249387,0.7724954532629693,0.5708248088707593,9.0,8,912
2a_digital_weak,25,oracle,1.0,100,4,0.05,1.0,9.0,0.1,0,1.0,0.5167068690249387,0.7724954532629693,0.5708248088707593,8.0,8,912
2a_digital_weak,25,naive,0.009,100,4,0.05,1.0,9.0,0.1,0,1.0,0.5167068690249387,0.7724954532629693,0.5708248088707593,514.0,8,893
2a_digital_weak,25,random,0.0009,100,4,0.05,1.0,9.0,0.1,0,1.0,0.5167068690249387,0.7724954532629693,0.5708248088707593,914.0,8,909
2a_digital_weak,26,regular,0.1,100,4,0.05,1.0,9.0,0.1,0,1.0,0.5353900038879021,0.7578860431440948,0.6303209428456121,90.0,9,891
2a_digital_weak,26,superintelligent,0.9,100,4,0.05,1.0,9.0,0.1,0,1.0,0.5353900038879021,0.7578860431440948,0.6303209428456121,10.0,9,910
2a_digital_weak,26,oracle,1.0,100,4,0.05,1.0,9.0,0.1,0,1.0,0.5353900038879021,0.7578860431440948,0.6303209428456121,9.0,9,910
2a_digital_weak,26,naive,0.009,100,4,0.05,1.0,9.0,0.1,0,1.0,0.5353900038879021,0.7578860431440948,0.6303209428456121,652.0,9,810
2a_digital_weak,26,random,0.0009,100,4,0.05,1.0,9.0,0.1,0,1.0,0.5353900038879021,0.7578860431440948,0.628958725456101,748.0,8,907
2a_digital_weak,27,regular,0.1,100,4,0.05,1.0,9.0,0.1,0,1.0,0.46797084235870323,0.7494324879088234,0.5627320567824317,128.0,12,724
2a_digital_weak,27,superintelligent,0.9,100,4,0.05,1.0,9.0,0.1,0,1.0,0.46797084235870323,0.7494324879088234,0.5635450593411201,13.0,11,914
2a_digital_weak,27,oracle,1.0,100,4,0.05,1.0,9.0,0.1,0,1.0,0.46797084235870323,0.7494324879088234,0.5635450593411201,11.0,11,914
2a_digital_weak,27,naive,0.009,100,4,0.05,1.0,9.0,0.1,0,1.0,0.46797084235870323,0.7494324879088234,0.5627320567824317,555.0,12,909
2a_digital_weak,27,random,0.0009,100,4,0.05,1.0,9.0,0.1,0,1.0,0.46797084235870323,0.7494324879088234,0.5639939066854511,900.0,16,897
2a_digital_weak,28,regular,0.1,100,4,0.05,1.0,9.0,0.1,0,1.0,0.5321374617527335,0.7503635945112594,0.5558391065000045,84.0,6,901
2a_digital_weak,28,superintelligent,0.9,100,4,0.05,1.0,9.0,0.1,0,1.0,0.5321374617527335,0.7503635945112594,0.5979090479940357,7.0,7,914
2a_digital_weak,28,oracle,1.0,100,4,0.05,1.0,9.0,0.1,0,1.0,0.5321374617527335,0.7503635945112594,0.5979090479940357,7.0,7,914
2a_digital_weak,28,naive,0.009,100,4,0.05,1.0,9.0,0.1,0,1.0,0.5321374617527335,0.7503635945112594,0.5979090479940357,503.0,7,859
2a_digital_weak,28,random,0.0009,100,4,0.05,1.0,9.0,0.1,0,1.0,0.5321374617527335,0.7503635945112594,0.5634799579198131,853.0,6,904
2a_digital_weak,29,regular,0.1,100,4,0.05,1.0,9.0,0.1,0,1.0,0.49972550885883094,0.7595694051430275,0.6113760455934348,88.0,13,905
2a_digital_weak,29,superintelligent,0.9,100,4,0.05,1.0,9.0,0.1,0,1.0,0.49972550885883094,0.7595694051430275,0.6113760455934348,14.0,13,915
2a_digital_weak,29,oracle,1.0,100,4,0.05,1.0,9.0,0.1,0,1.0,0.49972550885883094,0.7595694051430275,0.6113760455934348,13.0,13,915
2a_digital_weak,29,naive,0.009,100,4,0.05,1.0,9.0,0.1,0,1.0,0.49972550885883094,0.7595694051430275,0.6009996326844468,882.0,13,894
2a_digital_weak,29,random,0.0009,100,4,0.05,1.0,9.0,0.1,0,1.0,0.49972550885883094,0.7595694051430275,0.6037582031354011,898.0,13,899
2a_digital_weak,30,regular,0.1,100,4,0.05,1.0,9.0,0.1,0,1.0,0.5108860022435074,0.7525685628945818,0.5588533006910644,70.0,10,901
2a_digital_weak,30,superintelligent,0.9,100,4,0.05,1.0,9.0,0.1,0,1.0,0.5108860022435074,0.7525685628945818,0.5588533006910644,11.0,10,916
2a_digital_weak,30,oracle,1.0,100,4,0.05,1.0,9.0,0.1,0,1.0,0.5108860022435074,0.7525685628945818,0.5588533006910644,10.0,10,916
2a_digital_weak,30,naive,0.009,100,4,0.05,1.0,9.0,0.1,0,1.0,0.5108860022435074,0.7525685628945818,0.5535925391164036,355.0,9,887
2a_digital_weak,30,random,0.0009,100,4,0.05,1.0,9.0,0.1,0,1.0,0.5108860022435074,0.7525685628945818,0.5426042332893953,893.0,7,903
2a_digital_weak,31,regular,0.1,100,4,0.05,1.0,9.0,0.1,0,1.0,0.5270866203413374,0.7708409873741916,0.5919516720577229,105.0,9,888
2a_digital_weak,31,superintelligent,0.9,100,4,0.05,1.0,9.0,0.1,0,1.0,0.5270866203413374,0.7708409873741916,0.5919516720577229,9.0,9,913
2a_digital_weak,31,oracle,1.0,100,4,0.05,1.0,9.0,0.1,0,1.0,0.5270866203413374,0.7708409873741916,0.5919516720577229,9.0,9,913
2a_digital_weak,31,naive,0.009,100,4,0.05,1.0,9.0,0.1,0,1.0,0.5270866203413374,0.7708409873741916,0.5869616572124425,700.0,8,891
2a_digital_weak,31,random,0.0009,100,4,0.05,1.0,9.0,0.1,0,1.0,0.5270866203413374,0.7708409873741916,0.5792083928412355,908.0,6,912
2a_digital_weak,32,regular,0.1,100,4,0.05,1.0,9.0,0.1,0,1.0,0.4982552116538647,0.7645055767554818,0.5983396398492385,155.0,14,877
2a_digital_weak,32,superintelligent,0.9,100,4,0.05,1.0,9.0,0.1,0,1.0,0.4982552116538647,0.7645055767554818,0.5983396398492385,16.0,14,914
2a_digital_weak,32,oracle,1.0,100,4,0.05,1.0,9.0,0.1,0,1.0,0.4982552116538647,0.7645055767554818,0.5983396398492385,14.0,14,914
2a_digital_weak,32,naive,0.009,100,4,0.05,1.0,9.0,0.1,0,1.0,0.4982552116538647,0.7645055767554818,0.5902188977890581,789.0,12,839
2a_digital_weak,32,random,0.0009,100,4,0.05,1.0,9.0,0.1,0,1.0,0.4982552116538647,0.7645055767554818,0.5943592940570758,905.0,13,906
2a_digital_weak,33,regular,0.1,100,4,0.05,1.0,9.0,0.1,0,1.0,0.5863691587340678,0.7527807218685629,0.6498170979310685,100.0,11,892
2a_digital_weak,33,superintelligent,0.9,100,4,0.05,1.0,9.0,0.1,0,1.0,0.5863691587340678,0.7527807218685629,0.6498170979310685,12.0,11,916
2a_digital_weak,33,oracle,1.0,100,4,0.05,1.0,9.0,0.1,0,1.0,0.5863691587340678,0.7527807218685629,0.6498170979310685,11.0,11,916
2a_digital_weak,33,naive,0.009,100,4,0.05,1.0,9.0,0.1,0,1.0,0.5863691587340678,0.7527807218685629,0.6498170979310685,692.0,11,894
2a_digital_weak,33,random,0.0009,100,4,0.05,1.0,9.0,0.1,0,1.0,0.5863691587340678,0.7527807218685629,0.6590723718657895,878.0,12,907
2a_digital_weak,34,regular,0.1,100,4,0.05,1.0,9.0,0.1,0,1.0,0.5361227633216479,0.7793675952442246,0.5883121765178047,79.0,7,796
2a_digital_weak,34,superintelligent,0.9,100,4,0.05,1.0,9.0,0.1,0,1.0,0.5361227633216479,0.7793675952442246,0.5883121765178047,8.0,7,913
2a_digital_weak,34,oracle,1.0,100,4,0.05,1.0,9.0,0.1,0,1.0,0.5361227633216479,0.7793675952442246,0.5883121765178047,7.0,7,913
2a_digital_weak,34,naive,0.009,100,4,0.05,1.0,9.0,0.1,0,1.0,0.5361227633216479,0.7793675952442246,0.5883121765178047,578.0,7,912
2a_digital_weak,34,random,0.0009,100,4,0.05,1.0,9.0,0.1,0,1.0,0.5361227633216479,0.7793675952442246,0.5883121765178047,856.0,7,889
2a_digital_weak,35,regular,0.1,100,4,0.05,1.0,9.0,0.1,0,1.0,0.47096192438776663,0.7622444285893473,0.5360763951587997,95.0,9,876
2a_digital_weak,35,superintelligent,0.9,100,4,0.05,1.0,9.0,0.1,0,1.0,0.47096192438776663,0.7622444285893473,0.5360763951587997,9.0,9,913
2a_digital_weak,35,oracle,1.0,100,4,0.05,1.0,9.0,0.1,0,1.0,0.47096192438776663,0.7622444285893473,0.5360763951587997,9.0,9,913
2a_digital_weak,35,naive,0.009,100,4,0.05,1.0,9.0,0.1,0,1.0,0.47096192438776663,0.7622444285893473,0.5360763951587997,408.0,9,788
2a_digital_weak,35,random,0.0009,100,4,0.05,1.0,9.0,0.1,0,1.0,0.47096192438776663,0.7622444285893473,0.5325401759546544,877.0,8,913
2a_digital_weak,36,regular,0.1,100,4,0.05,1.0,9.0,0.1,0,1.0,0.5068273273384194,0.7512307809269337,0.5693391105927591,122.0,12,902
2a_digital_weak,36,superintelligent,0.9,100,4,0.05,1.0,9.0,0.1,0,1.0,0.5068273273384194,0.7512307809269337,0.5835950973934658,20.0,17,910
2a_digital_weak,36,oracle,1.0,100,4,0.05,1.0,9.0,0.1,0,1.0,0.5068273273384194,0.7512307809269337,0.5835950973934658,17.0,17,910
2a_digital_weak,36,naive,0.009,100,4,0.05,1.0,9.0,0.1,0,1.0,0.5068273273384194,0.7512307809269337,0.5586370218357365,879.0,7,873
2a_digital_weak,36,random,0.0009,100,4,0.05,1.0,9.0,0.1,0,1.0,0.5068273273384194,0.7512307809269337,0.5668685631130096,850.0,8,911
2a_digital_weak,37,regular,0.1,100,4,0.05,1.0,9.0,0.1,0,1.0,0.49270804525834644,0.7609647168953748,0.5997581085161887,179.0,16,835
2a_digital_weak,37,superintelligent,0.9,100,4,0.05,1.0,9.0,0.1,0,1.0,0.49270804525834644,0.7609647168953748,0.5997581085161887,19.0,16,913
2a_digital_weak,37,oracle,1.0,100,4,0.05,1.0,9.0,0.1,0,1.0,0.49270804525834644,0.7609647168953748,0.5997581085161887,16.0,16,913
2a_digital_weak,37,naive,0.009,100,4,0.05,1.0,9.0,0.1,0,1.0,0.49270804525834644,0.7609647168953748,0.5875860878535297,688.0,14,878
2a_digital_weak,37,random,0.0009,100,4,0.05,1.0,9.0,0.1,0,1.0,0.49270804525834644,0.7609647168953748,0.5675616013564596,859.0,11,863
2a_digital_weak,38,regular,0.1,100,4,0.05,1.0,9.0,0.1,0,1.0,0.5210649636380171,0.7716271241989049,0.6143858301679231,79.0,10,882
2a_digital_weak,38,superintelligent,0.9,100,4,0.05,1.0,9.0,0.1,0,1.0,0.5210649636380171,0.7716271241989049,0.6143858301679231,12.0,10,919
2a_digital_weak,38,oracle,1.0,100,4,0.05,1.0,9.0,0.1,0,1.0,0.5210649636380171,0.7716271241989049,0.6143858301679231,10.0,10,919
2a_digital_weak,38,naive,0.009,100,4,0.05,1.0,9.0,0.1,0,1.0,0.5210649636380171,0.7716271241989049,0.614285855382105,922.0,10,916
2a_digital_weak,38,random,0.0009,100,4,0.05,1.0,9.0,0.1,0,1.0,0.5210649636380171,0.7716271241989049,0.6017700703643772,897.0,11,916
2a_digital_weak,39,regular,0.1,100,4,0.05,1.0,9.0,0.1,0,1.0,0.5068865839432397,0.7448494929801286,0.5879417123296143,113.0,11,911
2a_digital_weak,39,superintelligent,0.9,100,4,0.05,1.0,9.0,0.1,0,1.0,0.5068865839432397,0.7448494929801286,0.5879417123296143,11.0,11,912
2a_digital_weak,39,oracle,1.0,100,4,0.05,1.0,9.0,0.1,0,1.0,0.5068865839432397,0.7448494929801286,0.5879417123296143,11.0,11,912
2a_digital_weak,39,naive,0.009,100,4,0.05,1.0,9.0,0.1,0,1.0,0.5068865839432397,0.7448494929801286,0.5710417243064788,438.0,7,738
2a_digital_weak,39,random,0.0009,100,4,0.05,1.0,9.0,0.1,0,1.0,0.5068865839432397,0.7448494929801286,0.5710417243064788,866.0,7,879
2a_digital_weak,40,regular,0.1,100,4,0.05,1.0,9.0,0.1,0,1.0,0.45289302847353374,0.763778111057857,0.5443283273577808,106.0,12,905
2a_digital_weak,40,superintelligent,0.9,100,4,0.05,1.0,9.0,0.1,0,1.0,0.45289302847353374,0.763778111057857,0.5443283273577808,14.0,12,913
2a_digital_weak,40,oracle,1.0,100,4,0.05,1.0,9.0,0.1,0,1.0,0.45289302847353374,0.763778111057857,0.5443283273577808,12.0,12,913
2a_digital_weak,40,naive,0.009,100,4,0.05,1.0,9.0,0.1,0,1.0,0.45289302847353374,0.763778111057857,0.5155494944366018,416.0,8,913
2a_digital_weak,40,random,0.0009,100,4,0.05,1.0,9.0,0.1,0,1.0,0.45289302847353374,0.763778111057857,0.5155494944366018,676.0,8,909
2a_digital_weak,41,regular,0.1,100,4,0.05,1.0,9.0,0.1,0,1.0,0.4929601941118065,0.7575330672077724,0.5640314560717878,95.0,11,822
2a_digital_weak,41,superintelligent,0.9,100,4,0.05,1.0,9.0,0.1,0,1.0,0.4929601941118065,0.7575330672077724,0.5640314560717878,13.0,11,916
2a_digital_weak,41,oracle,1.0,100,4,0.05,1.0,9.0,0.1,0,1.0,0.4929601941118065,0.7575330672077724,0.5640314560717878,11.0,11,916
2a_digital_weak,41,naive,0.009,100,4,0.05,1.0,9.0,0.1,0,1.0,0.4929601941118065,0.7575330672077724,0.5411017720425207,643.0,8,914
2a_digital_weak,41,random,0.0009,100,4,0.05,1.0,9.0,0.1,0,1.0,0.4929601941118065,0.7575330672077724,0.5407001723429763,587.0,8,917
2a_digital_weak,42,regular,0.1,100,4,0.05,1.0,9.0,0.1,0,1.0,0.5659392723841568,0.7576613527289149,0.6180676353184879,70.0,8,869
2a_digital_weak,42,superintelligent,0.9,100,4,0.05,1.0,9.0,0.1,0,1.0,0.5659392723841568,0.7576613527289149,0.6180676353184879,8.0,8,917
2a_digital_weak,42,oracle,1.0,100,4,0.05,1.0,9.0,0.1,0,1.0,0.5659392723841568,0.7576613527289149,0.6180676353184879,8.0,8,917
2a_digital_weak,42,naive,0.009,100,4,0.05,1.0,9.0,0.1,0,1.0,0.5659392723841568,0.7576613527289149,0.6178684391713722,420.0,7,910
2a_digital_weak,42,random,0.0009,100,4,0.05,1.0,9.0,0.1,0,1.0,0.5659392723841568,0.7576613527289149,0.6180676353184879,919.0,8,916
2a_digital_weak,43,regular,0.1,100,4,0.05,1.0,9.0,0.1,0,1.0,0.522472989936411,0.7557949070875387,0.6098536125236944,147.0,13,913
2a_digital_weak,43,superintelligent,0.9,100,4,0.05,1.0,9.0,0.1,0,1.0,0.522472989936411,0.7557949070875387,0.6122557386397459,14.0,14,913
2a_digital_weak,43,oracle,1.0,100,4,0.05,1.0,9.0,0.1,0,1.0,0.522472989936411,0.7557949070875387,0.6122557386397459,14.0,14,913
2a_digital_weak,43,naive,0.009,100,4,0.05,1.0,9.0,0.1,0,1.0,0.522472989936411,0.7557949070875387,0.6031072600151893,573.0,12,858
2a_digital_weak,43,random,0.0009,100,4,0.05,1.0,9.0,0.1,0,1.0,0.522472989936411,0.7557949070875387,0.6098536125236944,744.0,13,807
2a_digital_weak,44,regular,0.1,100,4,0.05,1.0,9.0,0.1,0,1.0,0.46661569507562833,0.7464412372890284,0.6248129737303051,124.0,18,914
2a_digital_weak,44,superintelligent,0.9,100,4,0.05,1.0,9.0,0.1,0,1.0,0.46661569507562833,0.7464412372890284,0.623338956622603,23.0,18,917
2a_digital_weak,44,oracle,1.0,100,4,0.05,1.0,9.0,0.1,0,1.0,0.46661569507562833,0.7464412372890284,0.623338956622603,18.0,18,917
2a_digital_weak,44,naive,0.009,100,4,0.05,1.0,9.0,0.1,0,1.0,0.46661569507562833,0.7464412372890284,0.6174785800383793,924.0,21,918
2a_digital_weak,44,random,0.0009,100,4,0.05,1.0,9.0,0.1,0,1.0,0.46661569507562833,0.7464412372890284,0.6173423443905716,886.0,18,915
2a_digital_weak,45,regular,0.1,100,4,0.05,1.0,9.0,0.1,0,1.0,0.5136505651535791,0.7543480544774493,0.5772022475479113,105.0,11,836
2a_digital_weak,45,superintelligent,0.9,100,4,0.05,1.0,9.0,0.1,0,1.0,0.5136505651535791,0.7543480544774493,0.5821980255221177,13.0,12,912
2a_digital_weak,45,oracle,1.0,100,4,0.05,1.0,9.0,0.1,0,1.0,0.5136505651535791,0.7543480544774493,0.5821980255221177,12.0,12,912
2a_digital_weak,45,naive,0.009,100,4,0.05,1.0,9.0,0.1,0,1.0,0.5136505651535791,0.7543480544774493,0.5772022475479113,661.0,11,872
2a_digital_weak,45,random,0.0009,100,4,0.05,1.0,9.0,0.1,0,1.0,0.5136505651535791,0.7543480544774493,0.5779621823022802,857.0,11,911
2a_digital_weak,46,regular,0.1,100,4,0.05,1.0,9.0,0.1,0,1.0,0.5659593191473202,0.7604125828971009,0.6165910820247502,74.0,7,874
2a_digital_weak,46,superintelligent,0.9,100,4,0.05,1.0,9.0,0.1,0,1.0,0.5659593191473202,0.7604125828971009,0.6165910820247502,8.0,7,914
2a_digital_weak,46,oracle,1.0,100,4,0.05,1.0,9.0,0.1,0,1.0,0.5659593191473202,0.7604125828971009,0.6165910820247502,7.0,7,914
2a_digital_weak,46,naive,0.009,100,4,0.05,1.0,9.0,0.1,0,1.0,0.5659593191473202,0.7604125828971009,0.6165910820247502,451.0,7,904
2a_digital_weak,46,random,0.0009,100,4,0.05,1.0,9.0,0.1,0,1.0,0.5659593191473202,0.7604125828971009,0.6134179186231808,709.0,8,895
2a_digital_weak,47,regular,0.1,100,4,0.05,1.0,9.0,0.1,0,1.0,0.4982092602157806,0.7507897710805904,0.5271190847257654,101.0,6,827
2a_digital_weak,47,superintelligent,0.9,100,4,0.05,1.0,9.0,0.1,0,1.0,0.4982092602157806,0.7507897710805904,0.5271190847257654,8.0,6,910
2a_digital_weak,47,oracle,1.0,100,4,0.05,1.0,9.0,0.1,0,1.0,0.4982092602157806,0.7507897710805904,0.5271190847257654,6.0,6,910
2a_digital_weak,47,naive,0.009,100,4,0.05,1.0,9.0,0.1,0,1.0,0.4982092602157806,0.7507897710805904,0.5271190847257654,529.0,6,789
2a_digital_weak,47,random,0.0009,100,4,0.05,1.0,9.0,0.1,0,1.0,0.4982092602157806,0.7507897710805904,0.5271190847257654,705.0,6,751
2a_digital_weak,48,regular,0.1,100,4,0.05,1.0,9.0,0.1,0,1.0,0.5357874724806478,0.7550601816846015,0.6241496102681979,113.0,14,894
2a_digital_weak,48,superintelligent,0.9,100,4,0.05,1.0,9.0,0.1,0,1.0,0.5357874724806478,0.7550601816846015,0.6241496102681979,17.0,14,916
2a_digital_weak,48,oracle,1.0,100,4,0.05,1.0,9.0,0.1,0,1.0,0.5357874724806478,0.7550601816846015,0.6241496102681979,14.0,14,916
2a_digital_weak,48,naive,0.009,100,4,0.05,1.0,9.0,0.1,0,1.0,0.5357874724806478,0.7550601816846015,0.6234531208129875,599.0,12,883
2a_digital_weak,48,random,0.0009,100,4,0.05,1.0,9.0,0.1,0,1.0,0.5357874724806478,0.7550601816846015,0.6249033387963429,902.0,12,895
2a_digital_weak,49,regular,0.1,100,4,0.05,1.0,9.0,0.1,0,1.0,0.5547060460270841,0.7563647420994811,0.6137483442003331,128.0,12,890
2a_digital_weak,49,superintelligent,0.9,100,4,0.05,1.0,9.0,0.1,0,1.0,0.5547060460270841,0.7563647420994811,0.6137483442003331,13.0,12,916
2a_digital_weak,49,oracle,1.0,100,4,0.05,1.0,9.0,0.1,0,1.0,0.5547060460270841,0.7563647420994811,0.6137483442003331,12.0,12,916
2a_digital_weak,49,naive,0.009,100,4,0.05,1.0,9.0,0.1,0,1.0,0.5547060460270841,0.7563647420994811,0.5900784626344824,483.0,7,870
2a_digital_weak,49,random,0.0009,100,4,0.05,1.0,9.0,0.1,0,1.0,0.5547060460270841,0.7563647420994811,0.5872834095847969,835.0,10,911
2a_digital_weak,50,regular,0.1,100,4,0.05,1.0,9.0,0.1,0,1.0,0.5240384179286619,0.764780807216998,0.5694976183603034,85.0,10,846
2a_digital_weak,50,superintelligent,0.9,100,4,0.05,1.0,9.0,0.1,0,1.0,0.5240384179286619,0.764780807216998,0.5694976183603034,10.0,10,912
2a_digital_weak,50,oracle,1.0,100,4,0.05,1.0,9.0,0.1,0,1.0,0.5240384179286619,0.764780807216998,0.5694976183603034,10.0,10,912
2a_digital_weak,50,naive,0.009,100,4,0.05,1.0,9.0,0.1,0,1.0,0.5240384179286619,0.764780807216998,0.5694976183603034,427.0,10,893
2a_digital_weak,50,random,0.0009,100,4,0.05,1.0,9.0,0.1,0,1.0,0.5240384179286619,0.764780807216998,0.5840394426445702,860.0,12,876
2a_digital_weak,51,regular,0.1,100,4,0.05,1.0,9.0,0.1,0,1.0,0.4887709808596792,0.7510782017023621,0.5448542315555394,61.0,8,886
2a_digital_weak,51,superintelligent,0.9,100,4,0.05,1.0,9.0,0.1,0,1.0,0.4887709808596792,0.7510782017023621,0.5448542315555394,10.0,8,916
2a_digital_weak,51,oracle,1.0,100,4,0.05,1.0,9.0,0.1,0,1.0,0.4887709808596792,0.7510782017023621,0.5448542315555394,8.0,8,916
2a_digital_weak,51,naive,0.009,100,4,0.05,1.0,9.0,0.1,0,1.0,0.4887709808596792,0.7510782017023621,0.5448542315555394,557.0,8,751
2a_digital_weak,51,random,0.0009,100,4,0.05,1.0,9.0,0.1,0,1.0,0.4887709808596792,0.7510782017023621,0.5375760026298436,759.0,7,908
2a_digital_weak,52,regular,0.1,100,4,0.05,1.0,9.0,0.1,0,1.0,0.47231234949069445,0.7650168727940448,0.5725774810296373,140.0,12,861
2a_digital_weak,52,superintelligent,0.9,100,4,0.05,1.0,9.0,0.1,0,1.0,0.47231234949069445,0.7650168727940448,0.5729539707799427,15.0,15,912
2a_digital_weak,52,oracle,1.0,100,4,0.05,1.0,9.0,0.1,0,1.0,0.47231234949069445,0.7650168727940448,0.5729539707799427,15.0,15,912
2a_digital_weak,52,naive,0.009,100,4,0.05,1.0,9.0,0.1,0,1.0,0.47231234949069445,0.7650168727940448,0.5672505125345164,559.0,12,893
2a_digital_weak,52,random,0.0009,100,4,0.05,1.0,9.0,0.1,0,1.0,0.47231234949069445,0.7650168727940448,0.5729539707799427,884.0,15,892
2a_digital_weak,53,regular,0.1,100,4,0.05,1.0,9.0,0.1,0,1.0,0.5334682453907632,0.7620704480681392,0.6002445402773852,34.0,8,804
2a_digital_weak,53,superintelligent,0.9,100,4,0.05,1.0,9.0,0.1,0,1.0,0.5334682453907632,0.7620704480681392,0.6002445402773852,10.0,8,912
2a_digital_weak,53,oracle,1.0,100,4,0.05,1.0,9.0,0.1,0,1.0,0.5334682453907632,0.7620704480681392,0.6002445402773852,8.0,8,912
2a_digital_weak,53,naive,0.009,100,4,0.05,1.0,9.0,0.1,0,1.0,0.5334682453907632,0.7620704480681392,0.5843855945310292,501.0,6,815
2a_digital_weak,53,random,0.0009,100,4,0.05,1.0,9.0,0.1,0,1.0,0.5334682453907632,0.7620704480681392,0.5796841766264902,904.0,9,897
2a_digital_weak,54,regular,0.1,100,4,0.05,1.0,9.0,0.1,0,1.0,0.47484385785864075,0.7608620058551502,0.539242383905984,76.0,9,880
2a_digital_weak,54,superintelligent,0.9,100,4,0.05,1.0,9.0,0.1,0,1.0,0.47484385785864075,0.7608620058551502,0.5772022219498488,14.0,13,914
2a_digital_weak,54,oracle,1.0,100,4,0.05,1.0,9.0,0.1,0,1.0,0.47484385785864075,0.7608620058551502,0.5772022219498488,13.0,13,914
2a_digital_weak,54,naive,0.009,100,4,0.05,1.0,9.0,0.1,0,1.0,0.47484385785864075,0.7608620058551502,0.5684725419712222,889.0,14,893
2a_digital_weak,54,random,0.0009,100,4,0.05,1.0,9.0,0.1,0,1.0,0.47484385785864075,0.7608620058551502,0.5464477427978829,875.0,9,915
2a_digital_weak,55,regular,0.1,100,4,0.05,1.0,9.0,0.1,0,1.0,0.5530607552740548,0.7558456406428467,0.5568386136931044,9.0,2,878
2a_digital_weak,55,superintelligent,0.9,100,4,0.05,1.0,9.0,0.1,0,1.0,0.5530607552740548,0.7558456406428467,0.5568386136931044,2.0,2,911
2a_digital_weak,55,oracle,1.0,100,4,0.05,1.0,9.0,0.1,0,1.0,0.5530607552740548,0.7558456406428467,0.5568386136931044,2.0,2,911
2a_digital_weak,55,naive,0.009,100,4,0.05,1.0,9.0,0.1,0,1.0,0.5530607552740548,0.7558456406428467,0.5568386136931044,251.0,2,847
2a_digital_weak,55,random,0.0009,100,4,0.05,1.0,9.0,0.1,0,1.0,0.5530607552740548,0.7558456406428467,0.5568386136931044,289.0,2,899
2a_digital_weak,56,regular,0.1,100,4,0.05,1.0,9.0,0.1,0,1.0,0.5027388922856197,0.746353056018398,0.5719225243825542,126.0,12,876
2a_digital_weak,56,superintelligent,0.9,100,4,0.05,1.0,9.0,0.1,0,1.0,0.5027388922856197,0.746353056018398,0.5719225243825542,13.0,12,916
2a_digital_weak,56,oracle,1.0,100,4,0.05,1.0,9.0,0.1,0,1.0,0.5027388922856197,0.746353056018398,0.5719225243825542,12.0,12,916
2a_digital_weak,56,naive,0.009,100,4,0.05,1.0,9.0,0.1,0,1.0,0.5027388922856197,0.746353056018398,0.5812891424493991,867.0,13,860
2a_digital_weak,56,random,0.0009,100,4,0.05,1.0,9.0,0.1,0,1.0,0.5027388922856197,0.746353056018398,0.5724533033774049,893.0,11,911
2a_digital_weak,57,regular,0.1,100,4,0.05,1.0,9.0,0.1,0,1.0,0.46221997678352833,0.7601205636052224,0.5585353401286582,116.0,14,813
2a_digital_weak,57,superintelligent,0.9,100,4,0.05,1.0,9.0,0.1,0,1.0,0.46221997678352833,0.7601205636052224,0.5585353401286582,16.0,14,914
2a_digital_weak,57,oracle,1.0,100,4,0.05,1.0,9.0,0.1,0,1.0,0.46221997678352833,0.7601205636052224,0.5585353401286582,14.0,14,914
2a_digital_weak,57,naive,0.009,100,4,0.05,1.0,9.0,0.1,0,1.0,0.46221997678352833,0.7601205636052224,0.545527475882022,802.0,11,802
2a_digital_weak,57,random,0.0009,100,4,0.05,1.0,9.0,0.1,0,1.0,0.46221997678352833,0.7601205636052224,0.5472585556797271,868.0,12,856
2a_digital_weak,58,regular,0.1,100,4,0.05,1.0,9.0,0.1,0,1.0,0.4981432869858826,0.7461316650031125,0.5895594528202976,146.0,13,882
2a_digital_weak,58,superintelligent,0.9,100,4,0.05,1.0,9.0,0.1,0,1.0,0.4981432869858826,0.7461316650031125,0.5895594528202976,15.0,13,914
2a_digital_weak,58,oracle,1.0,100,4,0.05,1.0,9.0,0.1,0,1.0,0.4981432869858826,0.7461316650031125,0.5895594528202976,13.0,13,914
2a_digital_weak,58,naive,0.009,100,4,0.05,1.0,9.0,0.1,0,1.0,0.4981432869858826,0.7461316650031125,0.5808333772731344,518.0,11,798
2a_digital_weak,58,random,0.0009,100,4,0.05,1.0,9.0,0.1,0,1.0,0.4981432869858826,0.7461316650031125,0.5840567269314003,882.0,14,897
2a_digital_weak,59,regular,0.1,100,4,0.05,1.0,9.0,0.1,0,1.0,0.4966527787502204,0.7462964602949326,0.5578626557610871,122.0,8,899
2a_digital_weak,59,superintelligent,0.9,100,4,0.05,1.0,9.0,0.1,0,1.0,0.4966527787502204,0.7462964602949326,0.5578626557610871,8.0,8,911
2a_digital_weak,59,oracle,1.0,100,4,0.05,1.0,9.0,0.1,0,1.0,0.4966527787502204,0.7462964602949326,0.5578626557610871,8.0,8,911
2a_digital_weak,59,naive,0.009,100,4,0.05,1.0,9.0,0.1,0,1.0,0.4966527787502204,0.7462964602949326,0.5574682258975924,647.0,6,837
2a_digital_weak,59,random,0.0009,100,4,0.05,1.0,9.0,0.1,0,1.0,0.4966527787502204,0.7462964602949326,0.5578626557610871,747.0,8,880
2a_digital_weak,60,regular,0.1,100,4,0.05,1.0,9.0,0.1,0,1.0,0.49620928214059895,0.7482556171672969,0.5552908738457407,76.0,6,833
2a_digital_weak,60,superintelligent,0.9,100,4,0.05,1.0,9.0,0.1,0,1.0,0.49620928214059895,0.7482556171672969,0.5552908738457407,6.0,6,910
2a_digital_weak,60,oracle,1.0,100,4,0.05,1.0,9.0,0.1,0,1.0,0.49620928214059895,0.7482556171672969,0.5552908738457407,6.0,6,910
2a_digital_weak,60,naive,0.009,100,4,0.05,1.0,9.0,0.1,0,1.0,0.49620928214059895,0.7482556171672969,0.5552908738457407,524.0,6,907
2a_digital_weak,60,random,0.0009,100,4,0.05,1.0,9.0,0.1,0,1.0,0.49620928214059895,0.7482556171672969,0.5396584666416482,896.0,5,891
2a_digital_weak,61,regular,0.1,100,4,0.05,1.0,9.0,0.1,0,1.0,0.5328019378548994,0.7400745491882338,0.5919321119241481,78.0,9,777
2a_digital_weak,61,superintelligent,0.9,100,4,0.05,1.0,9.0,0.1,0,1.0,0.5328019378548994,0.7400745491882338,0.5919321119241481,10.0,9,910
2a_digital_weak,61,oracle,1.0,100,4,0.05,1.0,9.0,0.1,0,1.0,0.5328019378548994,0.7400745491882338,0.5919321119241481,9.0,9,910
2a_digital_weak,61,naive,0.009,100,4,0.05,1.0,9.0,0.1,0,1.0,0.5328019378548994,0.7400745491882338,0.5919321119241481,826.0,9,887
2a_digital_weak,61,random,0.0009,100,4,0.05,1.0,9.0,0.1,0,1.0,0.5328019378548994,0.7400745491882338,0.5691106230298917,922.0,9,913
2a_digital_weak,62,regular,0.1,100,4,0.05,1.0,9.0,0.1,0,1.0,0.5039438879578774,0.751399505830967,0.555873501782995,45.0,8,816
2a_digital_weak,62,superintelligent,0.9,100,4,0.05,1.0,9.0,0.1,0,1.0,0.5039438879578774,0.751399505830967,0.555873501782995,8.0,8,914
2a_digital_weak,62,oracle,1.0,100,4,0.05,1.0,9.0,0.1,0,1.0,0.5039438879578774,0.751399505830967,0.555873501782995,8.0,8,914
2a_digital_weak,62,naive,0.009,100,4,0.05,1.0,9.0,0.1,0,1.0,0.5039438879578774,0.751399505830967,0.558046379597448,908.0,9,899
2a_digital_weak,62,random,0.0009,100,4,0.05,1.0,9.0,0.1,0,1.0,0.5039438879578774,0.751399505830967,0.55828863226407,924.0,12,913
2a_digital_weak,63,regular,0.1,100,4,0.05,1.0,9.0,0.1,0,1.0,0.5066678540677816,0.7559434837972153,0.5796726133483233,142.0,11,898
2a_digital_weak,63,superintelligent,0.9,100,4,0.05,1.0,9.0,0.1,0,1.0,0.5066678540677816,0.7559434837972153,0.5796726133483233,13.0,11,916
2a_digital_weak,63,oracle,1.0,100,4,0.05,1.0,9.0,0.1,0,1.0,0.5066678540677816,0.7559434837972153,0.5796726133483233,11.0,11,916
2a_digital_weak,63,naive,0.009,100,4,0.05,1.0,9.0,0.1,0,1.0,0.5066678540677816,0.7559434837972153,0.5796726133483233,565.0,11,886
2a_digital_weak,63,random,0.0009,100,4,0.05,1.0,9.0,0.1,0,1.0,0.5066678540677816,0.7559434837972153,0.5629435711486215,850.0,10,892
2a_digital_weak,64,regular,0.1,100,4,0.05,1.0,9.0,0.1,0,1.0,0.49699211670608195,0.7590183279781066,0.6049148022312305,53.0,8,749
2a_digital_weak,64,superintelligent,0.9,100,4,0.05,1.0,9.0,0.1,0,1.0,0.49699211670608195,0.7590183279781066,0.6068616093214579,10.0,9,911
2a_digital_weak,64,oracle,1.0,100,4,0.05,1.0,9.0,0.1,0,1.0,0.49699211670608195,0.7590183279781066,0.6068616093214579,9.0,9,911
2a_digital_weak,64,naive,0.009,100,4,0.05,1.0,9.0,0.1,0,1.0,0.49699211670608195,0.7590183279781066,0.6049148022312305,759.0,8,752
2a_digital_weak,64,random,0.0009,100,4,0.05,1.0,9.0,0.1,0,1.0,0.49699211670608195,0.7590183279781066,0.6068616093214579,895.0,9,886
2a_digital_weak,65,regular,0.1,100,4,0.05,1.0,9.0,0.1,0,1.0,0.4987834166190208,0.7695285301613499,0.6295502740334439,84.0,14,755
2a_digital_weak,65,superintelligent,0.9,100,4,0.05,1.0,9.0,0.1,0,1.0,0.4987834166190208,0.7695285301613499,0.6295502740334439,14.0,14,911
2a_digital_weak,65,oracle,1.0,100,4,0.05,1.0,9.0,0.1,0,1.0,0.4987834166190208,0.7695285301613499,0.6295502740334439,14.0,14,911
2a_digital_weak,65,naive,0.009,100,4,0.05,1.0,9.0,0.1,0,1.0,0.4987834166190208,0.7695285301613499,0.6184214337394922,795.0,11,784
2a_digital_weak,65,random,0.0009,100,4,0.05,1.0,9.0,0.1,0,1.0,0.4987834166190208,0.7695285301613499,0.6215130721148485,906.0,13,893
2a_digital_weak,66,regular,0.1,100,4,0.05,1.0,9.0,0.1,0,1.0,0.5433225441259496,0.7691911317885548,0.6227248686852219,67.0,9,863
2a_digital_weak,66,superintelligent,0.9,100,4,0.05,1.0,9.0,0.1,0,1.0,0.5433225441259496,0.7691911317885548,0.6227248686852219,10.0,9,909
2a_digital_weak,66,oracle,1.0,100,4,0.05,1.0,9.0,0.1,0,1.0,0.5433225441259496,0.7691911317885548,0.6227248686852219,9.0,9,909
2a_digital_weak,66,naive,0.009,100,4,0.05,1.0,9.0,0.1,0,1.0,0.5433225441259496,0.7691911317885548,0.6227248686852219,565.0,9,901
2a_digital_weak,66,random,0.0009,100,4,0.05,1.0,9.0,0.1,0,1.0,0.5433225441259496,0.7691911317885548,0.6299208113908575,903.0,9,910
2a_digital_weak,67,regular,0.1,100,4,0.05,1.0,9.0,0.1,0,1.0,0.48215692383474695,0.7647750328585867,0.6016548741879325,141.0,13,898
2a_digital_weak,67,superintelligent,0.9,100,4,0.05,1.0,9.0,0.1,0,1.0,0.48215692383474695,0.7647750328585867,0.6016548741879325,13.0,13,912
2a_digital_weak,67,oracle,1.0,100,4,0.05,1.0,9.0,0.1,0,1.0,0.48215692383474695,0.7647750328585867,0.6016548741879325,13.0,13,912
2a_digital_weak,67,naive,0.009,100,4,0.05,1.0,9.0,0.1,0,1.0,0.48215692383474695,0.7647750328585867,0.6016548741879325,321.0,13,773
2a_digital_weak,67,random,0.0009,100,4,0.05,1.0,9.0,0.1,0,1.0,0.48215692383474695,0.7647750328585867,0.583882471769691,893.0,11,906
2a_digital_weak,68,regular,0.1,100,4,0.05,1.0,9.0,0.1,0,1.0,0.5102062371720281,0.7534899371902168,0.5469110486637725,45.0,7,876
2a_digital_weak,68,superintelligent,0.9,100,4,0.05,1.0,9.0,0.1,0,1.0,0.5102062371720281,0.7534899371902168,0.5469110486637725,7.0,7,908
2a_digital_weak,68,oracle,1.0,100,4,0.05,1.0,9.0,0.1,0,1.0,0.5102062371720281,0.7534899371902168,0.5469110486637725,7.0,7,908
2a_digital_weak,68,naive,0.009,100,4,0.05,1.0,9.0,0.1,0,1.0,0.5102062371720281,0.7534899371902168,0.5424543920474099,282.0,6,842
2a_digital_weak,68,random,0.0009,100,4,0.05,1.0,9.0,0.1,0,1.0,0.5102062371720281,0.7534899371902168,0.5431963079084275,879.0,7,901
2a_digital_weak,69,regular,0.1,100,4,0.05,1.0,9.0,0.1,0,1.0,0.5317924109178799,0.7594911041352956,0.6418530879391491,146.0,12,888
2a_digital_weak,69,superintelligent,0.9,100,4,0.05,1.0,9.0,0.1,0,1.0,0.5317924109178799,0.7594911041352956,0.638238028086477,12.0,12,912
2a_digital_weak,69,oracle,1.0,100,4,0.05,1.0,9.0,0.1,0,1.0,0.5317924109178799,0.7594911041352956,0.638238028086477,12.0,12,912
2a_digital_weak,69,naive,0.009,100,4,0.05,1.0,9.0,0.1,0,1.0,0.5317924109178799,0.7594911041352956,0.6418530879391491,870.0,12,910
2a_digital_weak,69,random,0.0009,100,4,0.05,1.0,9.0,0.1,0,1.0,0.5317924109178799,0.7594911041352956,0.6368483123571731,598.0,13,835
2a_digital_weak,70,regular,0.1,100,4,0.05,1.0,9.0,0.1,0,1.0,0.5010101502680868,0.7539364277165989,0.5745691332722349,140.0,15,911
2a_digital_weak,70,superintelligent,0.9,100,4,0.05,1.0,9.0,0.1,0,1.0,0.5010101502680868,0.7539364277165989,0.5745691332722349,18.0,15,916
2a_digital_weak,70,oracle,1.0,100,4,0.05,1.0,9.0,0.1,0,1.0,0.5010101502680868,0.7539364277165989,0.5745691332722349,15.0,15,916
2a_digital_weak,70,naive,0.009,100,4,0.05,1.0,9.0,0.1,0,1.0,0.5010101502680868,0.7539364277165989,0.5548470027147203,588.0,10,906
2a_digital_weak,70,random,0.0009,100,4,0.05,1.0,9.0,0.1,0,1.0,0.5010101502680868,0.7539364277165989,0.5734069383291434,926.0,11,915
2a_digital_weak,71,regular,0.1,100,4,0.05,1.0,9.0,0.1,0,1.0,0.4722084139076111,0.7610211179399178,0.6055757713112113,97.0,15,898
2a_digital_weak,71,superintelligent,0.9,100,4,0.05,1.0,9.0,0.1,0,1.0,0.4722084139076111,0.7610211179399178,0.6055757713112113,19.0,15,914
2a_digital_weak,71,oracle,1.0,100,4,0.05,1.0,9.0,0.1,0,1.0,0.4722084139076111,0.7610211179399178,0.6055757713112113,15.0,15,914
2a_digital_weak,71,naive,0.009,100,4,0.05,1.0,9.0,0.1,0,1.0,0.4722084139076111,0.7610211179399178,0.6014761346199453,778.0,16,820
2a_digital_weak,71,random,0.0009,100,4,0.05,1.0,9.0,0.1,0,1.0,0.4722084139076111,0.7610211179399178,0.6009457543791377,855.0,15,884
2a_digital_weak,72,regular,0.1,100,4,0.05,1.0,9.0,0.1,0,1.0,0.5219162808752538,0.7524827404036415,0.5545277389676578,51.0,5,876
2a_digital_weak,72,superintelligent,0.9,100,4,0.05,1.0,9.0,0.1,0,1.0,0.5219162808752538,0.7524827404036415,0.5545277389676578,6.0,5,909
2a_digital_weak,72,oracle,1.0,100,4,0.05,1.0,9.0,0.1,0,1.0,0.5219162808752538,0.7524827404036415,0.5545277389676578,5.0,5,909
2a_digital_weak,72,naive,0.009,100,4,0.05,1.0,9.0,0.1,0,1.0,0.5219162808752538,0.7524827404036415,0.5545277389676578,205.0,5,908
2a_digital_weak,72,random,0.0009,100,4,0.05,1.0,9.0,0.1,0,1.0,0.5219162808752538,0.7524827404036415,0.5541570204464086,593.0,6,640
2a_digital_weak,73,regular,0.1,100,4,0.05,1.0,9.0,0.1,0,1.0,0.5127772587346524,0.7470122941293453,0.5708713297507395,144.0,10,894
2a_digital_weak,73,superintelligent,0.9,100,4,0.05,1.0,9.0,0.1,0,1.0,0.5127772587346524,0.7470122941293453,0.57615867410368,16.0,11,914
2a_digital_weak,73,oracle,1.0,100,4,0.05,1.0,9.0,0.1,0,1.0,0.5127772587346524,0.7470122941293453,0.57615867410368,11.0,11,914
2a_digital_weak,73,naive,0.009,100,4,0.05,1.0,9.0,0.1,0,1.0,0.5127772587346524,0.7470122941293453,0.57615867410368,587.0,11,911
2a_digital_weak,73,random,0.0009,100,4,0.05,1.0,9.0,0.1,0,1.0,0.5127772587346524,0.7470122941293453,0.5737229732383939,906.0,10,896
2a_digital_weak,74,regular,0.1,100,4,0.05,1.0,9.0,0.1,0,1.0,0.4916613907947817,0.7691647721398113,0.5535140710337072,110.0,8,905
2a_digital_weak,74,superintelligent,0.9,100,4,0.05,1.0,9.0,0.1,0,1.0,0.4916613907947817,0.7691647721398113,0.5535140710337072,8.0,8,910
2a_digital_weak,74,oracle,1.0,100,4,0.05,1.0,9.0,0.1,0,1.0,0.4916613907947817,0.7691647721398113,0.5535140710337072,8.0,8,910
2a_digital_weak,74,naive,0.009,100,4,0.05,1.0,9.0,0.1,0,1.0,0.4916613907947817,0.7691647721398113,0.5535140710337072,498.0,8,886
2a_digital_weak,74,random,0.0009,100,4,0.05,1.0,9.0,0.1,0,1.0,0.4916613907947817,0.7691647721398113,0.5544063082507936,908.0,9,899
2a_digital_weak,75,regular,0.1,100,4,0.05,1.0,9.0,0.1,0,1.0,0.4673858202899477,0.7538807665077635,0.5483172895121045,110.0,11,884
2a_digital_weak,75,superintelligent,0.9,100,4,0.05,1.0,9.0,0.1,0,1.0,0.4673858202899477,0.7538807665077635,0.5483172895121045,12.0,11,917
2a_digital_weak,75,oracle,1.0,100,4,0.05,1.0,9.0,0.1,0,1.0,0.4673858202899477,0.7538807665077635,0.5483172895121045,11.0,11,917
2a_digital_weak,75,naive,0.009,100,4,0.05,1.0,9.0,0.1,0,1.0,0.4673858202899477,0.7538807665077635,0.5572583540928026,800.0,12,893
2a_digital_weak,75,random,0.0009,100,4,0.05,1.0,9.0,0.1,0,1.0,0.4673858202899477,0.7538807665077635,0.5383497225201234,925.0,12,913
2a_digital_weak,76,regular,0.1,100,4,0.05,1.0,9.0,0.1,0,1.0,0.5107057934408493,0.7616940727002893,0.5286175577114919,56.0,5,892
2a_digital_weak,76,superintelligent,0.9,100,4,0.05,1.0,9.0,0.1,0,1.0,0.5107057934408493,0.7616940727002893,0.5286175577114919,6.0,5,910
2a_digital_weak,76,oracle,1.0,100,4,0.05,1.0,9.0,0.1,0,1.0,0.5107057934408493,0.7616940727002893,0.5286175577114919,5.0,5,910
2a_digital_weak,76,naive,0.009,100,4,0.05,1.0,9.0,0.1,0,1.0,0.5107057934408493,0.7616940727002893,0.5286175577114919,196.0,5,862
2a_digital_weak,76,random,0.0009,100,4,0.05,1.0,9.0,0.1,0,1.0,0.5107057934408493,0.7616940727002893,0.5255152216766363,525.0,4,669
2a_digital_weak,77,regular,0.1,100,4,0.05,1.0,9.0,0.1,0,1.0,0.519156250767165,0.7520104401091914,0.5848280051569261,65.0,8,875
2a_digital_weak,77,superintelligent,0.9,100,4,0.05,1.0,9.0,0.1,0,1.0,0.519156250767165,0.7520104401091914,0.5848280051569261,10.0,8,917
2a_digital_weak,77,oracle,1.0,100,4,0.05,1.0,9.0,0.1,0,1.0,0.519156250767165,0.7520104401091914,0.5848280051569261,8.0,8,917
2a_digital_weak,77,naive,0.009,100,4,0.05,1.0,9.0,0.1,0,1.0,0.519156250767165,0.7520104401091914,0.5768002684856666,461.0,9,872
2a_digital_weak,77,random,0.0009,100,4,0.05,1.0,9.0,0.1,0,1.0,0.519156250767165,0.7520104401091914,0.5597721328424079,413.0,6,884
2a_digital_weak,78,regular,0.1,100,4,0.05,1.0,9.0,0.1,0,1.0,0.5248063367890561,0.7510119433038349,0.5697614934696715,124.0,10,904
2a_digital_weak,78,superintelligent,0.9,100,4,0.05,1.0,9.0,0.1,0,1.0,0.5248063367890561,0.7510119433038349,0.5633879378317808,8.0,8,916
2a_digital_weak,78,oracle,1.0,100,4,0.05,1.0,9.0,0.1,0,1.0,0.5248063367890561,0.7510119433038349,0.5633879378317808,8.0,8,916
2a_digital_weak,78,naive,0.009,100,4,0.05,1.0,9.0,0.1,0,1.0,0.5248063367890561,0.7510119433038349,0.5633879378317808,508.0,8,783
2a_digital_weak,78,random,0.0009,100,4,0.05,1.0,9.0,0.1,0,1.0,0.5248063367890561,0.7510119433038349,0.5697614934696715,925.0,10,916
2a_digital_weak,79,regular,0.1,100,4,0.05,1.0,9.0,0.1,0,1.0,0.4809168358801864,0.7396804487163506,0.5558318738447615,85.0,9,901
2a_digital_weak,79,superintelligent,0.9,100,4,0.05,1.0,9.0,0.1,0,1.0,0.4809168358801864,0.7396804487163506,0.5558318738447615,10.0,9,916
2a_digital_weak,79,oracle,1.0,100,4,0.05,1.0,9.0,0.1,0,1.0,0.4809168358801864,0.7396804487163506,0.5558318738447615,9.0,9,916
2a_digital_weak,79,naive,0.009,100,4,0.05,1.0,9.0,0.1,0,1.0,0.4809168358801864,0.7396804487163506,0.5605467580545546,720.0,10,908
2a_digital_weak,79,random,0.0009,100,4,0.05,1.0,9.0,0.1,0,1.0,0.4809168358801864,0.7396804487163506,0.5558318738447615,736.0,9,903
2a_digital_weak,80,regular,0.1,100,4,0.05,1.0,9.0,0.1,0,1.0,0.5366010508097088,0.767501071412664,0.5977841447688452,44.0,8,897
2a_digital_weak,80,superintelligent,0.9,100,4,0.05,1.0,9.0,0.1,0,1.0,0.5366010508097088,0.767501071412664,0.5977841447688452,8.0,8,912
2a_digital_weak,80,oracle,1.0,100,4,0.05,1.0,9.0,0.1,0,1.0,0.5366010508097088,0.767501071412664,0.5977841447688452,8.0,8,912
2a_digital_weak,80,naive,0.009,100,4,0.05,1.0,9.0,0.1,0,1.0,0.5366010508097088,0.767501071412664,0.5859576873920426,481.0,9,885
2a_digital_weak,80,random,0.0009,100,4,0.05,1.0,9.0,0.1,0,1.0,0.5366010508097088,0.767501071412664,0.5853204696556714,856.0,8,848
2a_digital_weak,81,regular,0.1,100,4,0.05,1.0,9.0,0.1,0,1.0,0.5293580009124114,0.7569172683605712,0.5882317354583677,38.0,9,893
2a_digital_weak,81,superintelligent,0.9,100,4,0.05,1.0,9.0,0.1,0,1.0,0.5293580009124114,0.7569172683605712,0.5882317354583677,11.0,9,908
2a_digital_weak,81,oracle,1.0,100,4,0.05,1.0,9.0,0.1,0,1.0,0.5293580009124114,0.7569172683605712,0.5882317354583677,9.0,9,908
2a_digital_weak,81,naive,0.009,100,4,0.05,1.0,9.0,0.1,0,1.0,0.5293580009124114,0.7569172683605712,0.5882317354583677,681.0,9,834
2a_digital_weak,81,random,0.0009,100,4,0.05,1.0,9.0,0.1,0,1.0,0.5293580009124114,0.7569172683605712,0.5882317354583677,645.0,9,709
2a_digital_weak,82,regular,0.1,100,4,0.05,1.0,9.0,0.1,0,1.0,0.4985717417167994,0.7639292999903107,0.5334650821246848,49.0,8,785
2a_digital_weak,82,superintelligent,0.9,100,4,0.05,1.0,9.0,0.1,0,1.0,0.4985717417167994,0.7639292999903107,0.5334650821246848,9.0,8,912
2a_digital_weak,82,oracle,1.0,100,4,0.05,1.0,9.0,0.1,0,1.0,0.4985717417167994,0.7639292999903107,0.5334650821246848,8.0,8,912
2a_digital_weak,82,naive,0.009,100,4,0.05,1.0,9.0,0.1,0,1.0,0.4985717417167994,0.7639292999903107,0.5334650821246848,302.0,8,703
2a_digital_weak,82,random,0.0009,100,4,0.05,1.0,9.0,0.1,0,1.0,0.4985717417167994,0.7639292999903107,0.5260289641112281,657.0,7,894
2a_digital_weak,83,regular,0.1,100,4,0.05,1.0,9.0,0.1,0,1.0,0.4926122275997049,0.7625594930846005,0.5882706705756102,142.0,11,871
2a_digital_weak,83,superintelligent,0.9,100,4,0.05,1.0,9.0,0.1,0,1.0,0.4926122275997049,0.7625594930846005,0.5882706705756102,12.0,11,913
2a_digital_weak,83,oracle,1.0,100,4,0.05,1.0,9.0,0.1,0,1.0,0.4926122275997049,0.7625594930846005,0.5882706705756102,11.0,11,913
2a_digital_weak,83,naive,0.009,100,4,0.05,1.0,9.0,0.1,0,1.0,0.4926122275997049,0.7625594930846005,0.5799660708409349,535.0,10,890
2a_digital_weak,83,random,0.0009,100,4,0.05,1.0,9.0,0.1,0,1.0,0.4926122275997049,0.7625594930846005,0.5799660708409349,767.0,10,825
2a_digital_weak,84,regular,0.1,100,4,0.05,1.0,9.0,0.1,0,1.0,0.5436120173122202,0.7709174116862372,0.5776190008295771,66.0,6,866
2a_digital_weak,84,superintelligent,0.9,100,4,0.05,1.0,9.0,0.1,0,1.0,0.5436120173122202,0.7709174116862372,0.5776190008295771,6.0,6,822
2a_digital_weak,84,oracle,1.0,100,4,0.05,1.0,9.0,0.1,0,1.0,0.5436120173122202,0.7709174116862372,0.5776190008295771,6.0,6,905
2a_digital_weak,84,naive,0.009,100,4,0.05,1.0,9.0,0.1,0,1.0,0.5436120173122202,0.7709174116862372,0.5776190008295771,578.0,6,777
2a_digital_weak,84,random,0.0009,100,4,0.05,1.0,9.0,0.1,0,1.0,0.5436120173122202,0.7709174116862372,0.5779823452740281,532.0,5,853
2a_digital_weak,85,regular,0.1,100,4,0.05,1.0,9.0,0.1,0,1.0,0.5407288979781276,0.7382342971740653,0.5778226668863327,76.0,4,794
2a_digital_weak,85,superintelligent,0.9,100,4,0.05,1.0,9.0,0.1,0,1.0,0.5407288979781276,0.7382342971740653,0.5778226668863327,4.0,4,916
2a_digital_weak,85,oracle,1.0,100,4,0.05,1.0,9.0,0.1,0,1.0,0.5407288979781276,0.7382342971740653,0.5778226668863327,4.0,4,916
2a_digital_weak,85,naive,0.009,100,4,0.05,1.0,9.0,0.1,0,1.0,0.5407288979781276,0.7382342971740653,0.5778226668863327,564.0,4,860
2a_digital_weak,85,random,0.0009,100,4,0.05,1.0,9.0,0.1,0,1.0,0.5407288979781276,0.7382342971740653,0.5793790738689557,757.0,5,874
2a_digital_weak,86,regular,0.1,100,4,0.05,1.0,9.0,0.1,0,1.0,0.512992735305804,0.7572339965844501,0.5991544920841951,112.0,10,828
2a_digital_weak,86,superintelligent,0.9,100,4,0.05,1.0,9.0,0.1,0,1.0,0.512992735305804,0.7572339965844501,0.594567974828156,18.0,15,911
2a_digital_weak,86,oracle,1.0,100,4,0.05,1.0,9.0,0.1,0,1.0,0.512992735305804,0.7572339965844501,0.594567974828156,15.0,15,911
2a_digital_weak,86,naive,0.009,100,4,0.05,1.0,9.0,0.1,0,1.0,0.512992735305804,0.7572339965844501,0.5966586735432489,529.0,10,913
2a_digital_weak,86,random,0.0009,100,4,0.05,1.0,9.0,0.1,0,1.0,0.512992735305804,0.7572339965844501,0.5991544920841951,896.0,10,916
2a_digital_weak,87,regular,0.1,100,4,0.05,1.0,9.0,0.1,0,1.0,0.49285521914029556,0.7549570183313429,0.5366961666182987,58.0,10,819
2a_digital_weak,87,superintelligent,0.9,100,4,0.05,1.0,9.0,0.1,0,1.0,0.49285521914029556,0.7549570183313429,0.5366961666182987,10.0,10,910
2a_digital_weak,87,oracle,1.0,100,4,0.05,1.0,9.0,0.1,0,1.0,0.49285521914029556,0.7549570183313429,0.5366961666182987,10.0,10,910
2a_digital_weak,87,naive,0.009,100,4,0.05,1.0,9.0,0.1,0,1.0,0.49285521914029556,0.7549570183313429,0.54595791822412,819.0,14,901
2a_digital_weak,87,random,0.0009,100,4,0.05,1.0,9.0,0.1,0,1.0,0.49285521914029556,0.7549570183313429,0.5421409954373844,518.0,9,719
2a_digital_weak,88,regular,0.1,100,4,0.05,1.0,9.0,0.1,0,1.0,0.4702097003347449,0.7526371378491765,0.516003869221906,43.0,7,900
2a_digital_weak,88,superintelligent,0.9,100,4,0.05,1.0,9.0,0.1,0,1.0,0.4702097003347449,0.7526371378491765,0.516003869221906,7.0,7,910
2a_digital_weak,88,oracle,1.0,100,4,0.05,1.0,9.0,0.1,0,1.0,0.4702097003347449,0.7526371378491765,0.516003869221906,7.0,7,910
2a_digital_weak,88,naive,0.009,100,4,0.05,1.0,9.0,0.1,0,1.0,0.4702097003347449,0.7526371378491765,0.5147035456686063,429.0,6,884
2a_digital_weak,88,random,0.0009,100,4,0.05,1.0,9.0,0.1,0,1.0,0.4702097003347449,0.7526371378491765,0.5413429860868819,921.0,12,909
2a_digital_weak,89,regular,0.1,100,4,0.05,1.0,9.0,0.1,0,1.0,0.5798998379077499,0.7567336866822967,0.6039730347427661,57.0,4,895
2a_digital_weak,89,superintelligent,0.9,100,4,0.05,1.0,9.0,0.1,0,1.0,0.5798998379077499,0.7567336866822967,0.6039730347427661,5.0,4,910
2a_digital_weak,89,oracle,1.0,100,4,0.05,1.0,9.0,0.1,0,1.0,0.5798998379077499,0.7567336866822967,0.6039730347427661,4.0,4,910
2a_digital_weak,89,naive,0.009,100,4,0.05,1.0,9.0,0.1,0,1.0,0.5798998379077499,0.7567336866822967,0.6039730347427661,517.0,4,862
2a_digital_weak,89,random,0.0009,100,4,0.05,1.0,9.0,0.1,0,1.0,0.5798998379077499,0.7567336866822967,0.6039730347427661,899.0,4,907
2a_digital_weak,90,regular,0.1,100,4,0.05,1.0,9.0,0.1,0,1.0,0.553584120086395,0.7576584665023737,0.5895920792840318,64.0,6,774
2a_digital_weak,90,superintelligent,0.9,100,4,0.05,1.0,9.0,0.1,0,1.0,0.553584120086395,0.7576584665023737,0.5895920792840318,6.0,6,910
2a_digital_weak,90,oracle,1.0,100,4,0.05,1.0,9.0,0.1,0,1.0,0.553584120086395,0.7576584665023737,0.5895920792840318,6.0,6,910
2a_digital_weak,90,naive,0.009,100,4,0.05,1.0,9.0,0.1,0,1.0,0.553584120086395,0.7576584665023737,0.5895920792840318,462.0,6,906
2a_digital_weak,90,random,0.0009,100,4,0.05,1.0,9.0,0.1,0,1.0,0.553584120086395,0.7576584665023737,0.5895920792840318,707.0,6,897
2a_digital_weak,91,regular,0.1,100,4,0.05,1.0,9.0,0.1,0,1.0,0.4815083463958908,0.7693408048760955,0.5690237937916434,103.0,13,822
2a_digital_weak,91,superintelligent,0.9,100,4,0.05,1.0,9.0,0.1,0,1.0,0.4815083463958908,0.7693408048760955,0.5690237937916434,13.0,13,911
2a_digital_weak,91,oracle,1.0,100,4,0.05,1.0,9.0,0.1,0,1.0,0.4815083463958908,0.7693408048760955,0.5690237937916434,13.0,13,911
2a_digital_weak,91,naive,0.009,100,4,0.05,1.0,9.0,0.1,0,1.0,0.4815083463958908,0.7693408048760955,0.5690237937916434,678.0,13,883
2a_digital_weak,91,random,0.0009,100,4,0.05,1.0,9.0,0.1,0,1.0,0.4815083463958908,0.7693408048760955,0.5773973088095128,883.0,15,881
2a_digital_weak,92,regular,0.1,100,4,0.05,1.0,9.0,0.1,0,1.0,0.47673138552884714,0.7658459894554864,0.5472510566861705,142.0,14,906
2a_digital_weak,92,superintelligent,0.9,100,4,0.05,1.0,9.0,0.1,0,1.0,0.47673138552884714,0.7658459894554864,0.5472510566861705,16.0,14,913
2a_digital_weak,92,oracle,1.0,100,4,0.05,1.0,9.0,0.1,0,1.0,0.47673138552884714,0.7658459894554864,0.5472510566861705,14.0,14,913
2a_digital_weak,92,naive,0.009,100,4,0.05,1.0,9.0,0.1,0,1.0,0.47673138552884714,0.7658459894554864,0.5372271223827962,785.0,16,915
2a_digital_weak,92,random,0.0009,100,4,0.05,1.0,9.0,0.1,0,1.0,0.47673138552884714,0.7658459894554864,0.5134893984585227,912.0,8,912
2a_digital_weak,93,regular,0.1,100,4,0.05,1.0,9.0,0.1,0,1.0,0.5244421190540985,0.757175975463331,0.6002912413606767,83.0,8,709
2a_digital_weak,93,superintelligent,0.9,100,4,0.05,1.0,9.0,0.1,0,1.0,0.5244421190540985,0.757175975463331,0.6002912413606767,8.0,8,911
2a_digital_weak,93,oracle,1.0,100,4,0.05,1.0,9.0,0.1,0,1.0,0.5244421190540985,0.757175975463331,0.6002912413606767,8.0,8,911
2a_digital_weak,93,naive,0.009,100,4,0.05,1.0,9.0,0.1,0,1.0,0.5244421190540985,0.757175975463331,0.6002912413606767,374.0,8,875
2a_digital_weak,93,random,0.0009,100,4,0.05,1.0,9.0,0.1,0,1.0,0.5244421190540985,0.757175975463331,0.5795709606914276,830.0,7,823
2a_digital_weak,94,regular,0.1,100,4,0.05,1.0,9.0,0.1,0,1.0,0.4918498897266139,0.7568873094971728,0.5641593831905453,103.0,10,807
2a_digital_weak,94,superintelligent,0.9,100,4,0.05,1.0,9.0,0.1,0,1.0,0.4918498897266139,0.7568873094971728,0.5633081022637793,12.0,10,913
2a_digital_weak,94,oracle,1.0,100,4,0.05,1.0,9.0,0.1,0,1.0,0.4918498897266139,0.7568873094971728,0.5633081022637793,10.0,10,913
2a_digital_weak,94,naive,0.009,100,4,0.05,1.0,9.0,0.1,0,1.0,0.4918498897266139,0.7568873094971728,0.5512723347152213,290.0,9,905
2a_digital_weak,94,random,0.0009,100,4,0.05,1.0,9.0,0.1,0,1.0,0.4918498897266139,0.7568873094971728,0.5631646751566728,915.0,11,910
2a_digital_weak,95,regular,0.1,100,4,0.05,1.0,9.0,0.1,0,1.0,0.5273309315298854,0.7518672547389874,0.5585143504438024,75.0,5,916
2a_digital_weak,95,superintelligent,0.9,100,4,0.05,1.0,9.0,0.1,0,1.0,0.5273309315298854,0.7518672547389874,0.5585143504438024,5.0,5,916
2a_digital_weak,95,oracle,1.0,100,4,0.05,1.0,9.0,0.1,0,1.0,0.5273309315298854,0.7518672547389874,0.5585143504438024,5.0,5,916
2a_digital_weak,95,naive,0.009,100,4,0.05,1.0,9.0,0.1,0,1.0,0.5273309315298854,0.7518672547389874,0.556980223239187,250.0,4,879
2a_digital_weak,95,random,0.0009,100,4,0.05,1.0,9.0,0.1,0,1.0,0.5273309315298854,0.7518672547389874,0.5585143504438024,895.0,5,902
2a_digital_weak,96,regular,0.1,100,4,0.05,1.0,9.0,0.1,0,1.0,0.49207024643763875,0.7548073616802629,0.5412941263957609,129.0,10,878
2a_digital_weak,96,superintelligent,0.9,100,4,0.05,1.0,9.0,0.1,0,1.0,0.49207024643763875,0.7548073616802629,0.5412941263957609,11.0,10,909
2a_digital_weak,96,oracle,1.0,100,4,0.05,1.0,9.0,0.1,0,1.0,0.49207024643763875,0.7548073616802629,0.5412941263957609,10.0,10,909
2a_digital_weak,96,naive,0.009,100,4,0.05,1.0,9.0,0.1,0,1.0,0.49207024643763875,0.7548073616802629,0.5718267532645329,916.0,16,906
2a_digital_weak,96,random,0.0009,100,4,0.05,1.0,9.0,0.1,0,1.0,0.49207024643763875,0.7548073616802629,0.5361806971777567,864.0,10,910
2a_digital_weak,97,regular,0.1,100,4,0.05,1.0,9.0,0.1,0,1.0,0.47652280953654574,0.7499178926424073,0.5326928578660042,96.0,6,915
2a_digital_weak,97,superintelligent,0.9,100,4,0.05,1.0,9.0,0.1,0,1.0,0.47652280953654574,0.7499178926424073,0.5326928578660042,6.0,6,915
2a_digital_weak,97,oracle,1.0,100,4,0.05,1.0,9.0,0.1,0,1.0,0.47652280953654574,0.7499178926424073,0.5326928578660042,6.0,6,915
2a_digital_weak,97,naive,0.009,100,4,0.05,1.0,9.0,0.1,0,1.0,0.47652280953654574,0.7499178926424073,0.5374167243462659,701.0,10,723
2a_digital_weak,97,random,0.0009,100,4,0.05,1.0,9.0,0.1,0,1.0,0.47652280953654574,0.7499178926424073,0.5267549111051392,881.0,8,901
2a_digital_weak,98,regular,0.1,100,4,0.05,1.0,9.0,0.1,0,1.0,0.49078748735626154,0.749126361774045,0.5419468196786806,47.0,8,872
2a_digital_weak,98,superintelligent,0.9,100,4,0.05,1.0,9.0,0.1,0,1.0,0.49078748735626154,0.749126361774045,0.5419468196786806,10.0,8,911
2a_digital_weak,98,oracle,1.0,100,4,0.05,1.0,9.0,0.1,0,1.0,0.49078748735626154,0.749126361774045,0.5419468196786806,8.0,8,911
2a_digital_weak,98,naive,0.009,100,4,0.05,1.0,9.0,0.1,0,1.0,0.49078748735626154,0.749126361774045,0.5467476088381893,211.0,7,896
2a_digital_weak,98,random,0.0009,100,4,0.05,1.0,9.0,0.1,0,1.0,0.49078748735626154,0.749126361774045,0.5419047144296143,837.0,7,880
2a_digital_weak,99,regular,0.1,100,4,0.05,1.0,9.0,0.1,0,1.0,0.5188941392237407,0.7626514203868647,0.5692689624319325,158.0,11,879
2a_digital_weak,99,superintelligent,0.9,100,4,0.05,1.0,9.0,0.1,0,1.0,0.5188941392237407,0.7626514203868647,0.5692689624319325,11.0,11,911
2a_digital_weak,99,oracle,1.0,100,4,0.05,1.0,9.0,0.1,0,1.0,0.5188941392237407,0.7626514203868647,0.5692689624319325,11.0,11,911
2a_digital_weak,99,naive,0.009,100,4,0.05,1.0,9.0,0.1,0,1.0,0.5188941392237407,0.7626514203868647,0.5654740813878465,627.0,8,912
2a_digital_weak,99,random,0.0009,100,4,0.05,1.0,9.0,0.1,0,1.0,0.5188941392237407,0.7626514203868647,0.5654740813878465,894.0,8,908
2b_digital_strong,0,regular,0.1,100,4,0.05,1.0,9.0,0.1,10,20.0,0.4821011576020458,0.7473838095130432,0.6027153646113921,143.0,15,909
2b_digital_strong,0,superintelligent,0.9,100,4,0.05,1.0,9.0,0.1,10,20.0,0.4821011576020458,0.7473838095130432,0.6027153646113921,72.0,15,914
2b_digital_strong,0,oracle,1.0,100,4,0.05,1.0,9.0,0.1,10,20.0,0.4821011576020458,0.7473838095130432,0.6027153646113921,72.0,15,914
2b_digital_strong,0,naive,0.009,100,4,0.05,1.0,9.0,0.1,10,20.0,0.4821011576020458,0.7473838095130432,0.5965714345332117,1020.0,17,909
2b_digital_strong,0,random,0.0009,100,4,0.05,1.0,9.0,0.1,10,20.0,0.4821011576020458,0.7473838095130432,0.5743901243078758,1009.0,13,901
2b_digital_strong,1,regular,0.1,100,4,0.05,1.0,9.0,0.1,10,20.0,0.49676316465693027,0.7507281872623267,0.5766720672149492,89.0,8,760
2b_digital_strong,1,superintelligent,0.9,100,4,0.05,1.0,9.0,0.1,10,20.0,0.49676316465693027,0.7507281872623267,0.5766720672149492,8.0,8,913
2b_digital_strong,1,oracle,1.0,100,4,0.05,1.0,9.0,0.1,10,20.0,0.49676316465693027,0.7507281872623267,0.5766720672149492,8.0,8,913
2b_digital_strong,1,naive,0.009,100,4,0.05,1.0,9.0,0.1,10,20.0,0.49676316465693027,0.7507281872623267,0.5770938072216905,752.0,8,874
2b_digital_strong,1,random,0.0009,100,4,0.05,1.0,9.0,0.1,10,20.0,0.49676316465693027,0.7507281872623267,0.5766720672149492,849.0,8,895
2b_digital_strong,2,regular,0.1,100,4,0.05,1.0,9.0,0.1,10,20.0,0.5449380938260449,0.76526346601578,0.6189917264261083,171.0,8,706
2b_digital_strong,2,superintelligent,0.9,100,4,0.05,1.0,9.0,0.1,10,20.0,0.5449380938260449,0.76526346601578,0.6189917264261083,46.0,8,913
2b_digital_strong,2,oracle,1.0,100,4,0.05,1.0,9.0,0.1,10,20.0,0.5449380938260449,0.76526346601578,0.6189917264261083,46.0,8,913
2b_digital_strong,2,naive,0.009,100,4,0.05,1.0,9.0,0.1,10,20.0,0.5449380938260449,0.76526346601578,0.6189917264261083,595.0,8,900
2b_digital_strong,2,random,0.0009,100,4,0.05,1.0,9.0,0.1,10,20.0,0.5449380938260449,0.76526346601578,0.6058589823306734,911.0,8,899
2b_digital_strong,3,regular,0.1,100,4,0.05,1.0,9.0,0.1,10,20.0,0.4654462670061728,0.7621551357929628,0.5707184577246515,202.0,13,820
2b_digital_strong,3,superintelligent,0.9,100,4,0.05,1.0,9.0,0.1,10,20.0,0.4654462670061728,0.7621551357929628,0.5707184577246515,32.0,13,911
2b_digital_strong,3,oracle,1.0,100,4,0.05,1.0,9.0,0.1,10,20.0,0.4654462670061728,0.7621551357929628,0.5707184577246515,32.0,13,911
2b_digital_strong,3,naive,0.009,100,4,0.05,1.0,9.0,0.1,10,20.0,0.4654462670061728,0.7621551357929628,0.5516017310072009,632.0,11,887
2b_digital_strong,3,random,0.0009,100,4,0.05,1.0,9.0,0.1,10,20.0,0.4654462670061728,0.7621551357929628,0.5536850706289003,987.0,10,863
2b_digital_strong,4,regular,0.1,100,4,0.05,1.0,9.0,0.1,10,20.0,0.48363532465868536,0.7670835979287745,0.5746485593342099,107.0,9,906
2b_digital_strong,4,superintelligent,0.9,100,4,0.05,1.0,9.0,0.1,10,20.0,0.48363532465868536,0.7670835979287745,0.5746485593342099,47.0,9,918
2b_digital_strong,4,oracle,1.0,100,4,0.05,1.0,9.0,0.1,10,20.0,0.48363532465868536,0.7670835979287745,0.5746485593342099,47.0,9,918
2b_digital_strong,4,naive,0.009,100,4,0.05,1.0,9.0,0.1,10,20.0,0.48363532465868536,0.7670835979287745,0.5934673283625436,1007.0,15,878
2b_digital_strong,4,random,0.0009,100,4,0.05,1.0,9.0,0.1,10,20.0,0.48363532465868536,0.7670835979287745,0.5794256862868026,972.0,15,908
2b_digital_strong,5,regular,0.1,100,4,0.05,1.0,9.0,0.1,10,20.0,0.5017621675529389,0.7471063177767145,0.5574785996111273,94.0,7,856
2b_digital_strong,5,superintelligent,0.9,100,4,0.05,1.0,9.0,0.1,10,20.0,0.5017621675529389,0.7471063177767145,0.5574785996111273,29.0,7,913
2b_digital_strong,5,oracle,1.0,100,4,0.05,1.0,9.0,0.1,10,20.0,0.5017621675529389,0.7471063177767145,0.5574785996111273,26.0,7,913
2b_digital_strong,5,naive,0.009,100,4,0.05,1.0,9.0,0.1,10,20.0,0.5017621675529389,0.7471063177767145,0.5574785996111273,628.0,7,834
2b_digital_strong,5,random,0.0009,100,4,0.05,1.0,9.0,0.1,10,20.0,0.5017621675529389,0.7471063177767145,0.5570933156881588,986.0,6,904
2b_digital_strong,6,regular,0.1,100,4,0.05,1.0,9.0,0.1,10,20.0,0.4977977198284046,0.7663024531197521,0.5750853899543825,113.0,9,911
2b_digital_strong,6,superintelligent,0.9,100,4,0.05,1.0,9.0,0.1,10,20.0,0.4977977198284046,0.7663024531197521,0.5736128004784603,30.0,9,917
2b_digital_strong,6,oracle,1.0,100,4,0.05,1.0,9.0,0.1,10,20.0,0.4977977198284046,0.7663024531197521,0.5736128004784603,28.0,9,917
2b_digital_strong,6,naive,0.009,100,4,0.05,1.0,9.0,0.1,10,20.0,0.4977977198284046,0.7663024531197521,0.5698484858548408,666.0,11,848
2b_digital_strong,6,random,0.0009,100,4,0.05,1.0,9.0,0.1,10,20.0,0.4977977198284046,0.7663024531197521,0.5750853899543825,663.0,9,908
2b_digital_strong,7,regular,0.1,100,4,0.05,1.0,9.0,0.1,10,20.0,0.5359471035653871,0.7682084796899006,0.5975092774303884,136.0,10,908
2b_digital_strong,7,superintelligent,0.9,100,4,0.05,1.0,9.0,0.1,10,20.0,0.5359471035653871,0.7682084796899006,0.5975092774303884,49.0,10,918
2b_digital_strong,7,oracle,1.0,100,4,0.05,1.0,9.0,0.1,10,20.0,0.5359471035653871,0.7682084796899006,0.5975092774303884,48.0,10,918
2b_digital_strong,7,naive,0.009,100,4,0.05,1.0,9.0,0.1,10,20.0,0.5359471035653871,0.7682084796899006,0.5975092774303884,887.0,10,884
2b_digital_strong,7,random,0.0009,100,4,0.05,1.0,9.0,0.1,10,20.0,0.5359471035653871,0.7682084796899006,0.5976765316494999,999.0,10,913
2b_digital_strong,8,regular,0.1,100,4,0.05,1.0,9.0,0.1,10,20.0,0.5591569201105839,0.7819962963149051,0.6286022710045917,106.0,10,841
2b_digital_strong,8,superintelligent,0.9,100,4,0.05,1.0,9.0,0.1,10,20.0,0.5591569201105839,0.7819962963149051,0.6286022710045917,12.0,10,912
2b_digital_strong,8,oracle,1.0,100,4,0.05,1.0,9.0,0.1,10,20.0,0.5591569201105839,0.7819962963149051,0.6286022710045917,10.0,10,912
2b_digital_strong,8,naive,0.009,100,4,0.05,1.0,9.0,0.1,10,20.0,0.5591569201105839,0.7819962963149051,0.6400692101850488,729.0,10,832
2b_digital_strong,8,random,0.0009,100,4,0.05,1.0,9.0,0.1,10,20.0,0.5591569201105839,0.7819962963149051,0.6261735380536605,989.0,10,903
2b_digital_strong,9,regular,0.1,100,4,0.05,1.0,9.0,0.1,10,20.0,0.45830749560270184,0.7629770116570318,0.5635741269736532,193.0,16,890
2b_digital_strong,9,superintelligent,0.9,100,4,0.05,1.0,9.0,0.1,10,20.0,0.45830749560270184,0.7629770116570318,0.5635741269736532,56.0,16,911
2b_digital_strong,9,oracle,1.0,100,4,0.05,1.0,9.0,0.1,10,20.0,0.45830749560270184,0.7629770116570318,0.5635741269736532,54.0,16,911
2b_digital_strong,9,naive,0.009,100,4,0.05,1.0,9.0,0.1,10,20.0,0.45830749560270184,0.7629770116570318,0.560214824163048,1011.0,14,902
2b_digital_strong,9,random,0.0009,100,4,0.05,1.0,9.0,0.1,10,20.0,0.45830749560270184,0.7629770116570318,0.5607098210773288,1003.0,13,906
2b_digital_strong,10,regular,0.1,100,4,0.05,1.0,9.0,0.1,10,20.0,0.5100251691777367,0.7663148940861838,0.5633747974264689,168.0,10,854
2b_digital_strong,10,superintelligent,0.9,100,4,0.05,1.0,9.0,0.1,10,20.0,0.5100251691777367,0.7663148940861838,0.5633747974264689,68.0,10,913
2b_digital_strong,10,oracle,1.0,100,4,0.05,1.0,9.0,0.1,10,20.0,0.5100251691777367,0.7663148940861838,0.5633747974264689,67.0,10,913
2b_digital_strong,10,naive,0.009,100,4,0.05,1.0,9.0,0.1,10,20.0,0.5100251691777367,0.7663148940861838,0.5633747974264689,829.0,10,872
2b_digital_strong,10,random,0.0009,100,4,0.05,1.0,9.0,0.1,10,20.0,0.5100251691777367,0.7663148940861838,0.596975625047985,1059.0,13,913
2b_digital_strong,11,regular,0.1,100,4,0.05,1.0,9.0,0.1,10,20.0,0.5130003650757257,0.7621847380530252,0.5565278124108649,73.0,6,883
2b_digital_strong,11,superintelligent,0.9,100,4,0.05,1.0,9.0,0.1,10,20.0,0.5130003650757257,0.7621847380530252,0.5565278124108649,26.0,6,910
2b_digital_strong,11,oracle,1.0,100,4,0.05,1.0,9.0,0.1,10,20.0,0.5130003650757257,0.7621847380530252,0.5565278124108649,25.0,6,910
2b_digital_strong,11,naive,0.009,100,4,0.05,1.0,9.0,0.1,10,20.0,0.5130003650757257,0.7621847380530252,0.5616626454070354,465.0,5,813
2b_digital_strong,11,random,0.0009,100,4,0.05,1.0,9.0,0.1,10,20.0,0.5130003650757257,0.7621847380530252,0.5781389062682968,874.0,8,887
2b_digital_strong,12,regular,0.1,100,4,0.05,1.0,9.0,0.1,10,20.0,0.49717133402737274,0.7502977163955248,0.5754567085194966,122.0,10,844
2b_digital_strong,12,superintelligent,0.9,100,4,0.05,1.0,9.0,0.1,10,20.0,0.49717133402737274,0.7502977163955248,0.5754567085194966,68.0,10,911
2b_digital_strong,12,oracle,1.0,100,4,0.05,1.0,9.0,0.1,10,20.0,0.49717133402737274,0.7502977163955248,0.5754567085194966,67.0,10,911
2b_digital_strong,12,naive,0.009,100,4,0.05,1.0,9.0,0.1,10,20.0,0.49717133402737274,0.7502977163955248,0.5754567085194966,795.0,10,907
2b_digital_strong,12,random,0.0009,100,4,0.05,1.0,9.0,0.1,10,20.0,0.49717133402737274,0.7502977163955248,0.5508927986370823,795.0,5,802
2b_digital_strong,13,regular,0.1,100,4,0.05,1.0,9.0,0.1,10,20.0,0.5640213432396772,0.7518044301208682,0.5906331478426065,76.0,9,892
2b_digital_strong,13,superintelligent,0.9,100,4,0.05,1.0,9.0,0.1,10,20.0,0.5640213432396772,0.7518044301208682,0.5906331478426065,28.0,9,910
2b_digital_strong,13,oracle,1.0,100,4,0.05,1.0,9.0,0.1,10,20.0,0.5640213432396772,0.7518044301208682,0.5906331478426065,28.0,9,910
2b_digital_strong,13,naive,0.009,100,4,0.05,1.0,9.0,0.1,10,20.0,0.5640213432396772,0.7518044301208682,0.5906331478426065,737.0,9,875
2b_digital_strong,13,random,0.0009,100,4,0.05,1.0,9.0,0.1,10,20.0,0.5640213432396772,0.7518044301208682,0.5885907121144479,876.0,8,888
2b_digital_strong,14,regular,0.1,100,4,0.05,1.0,9.0,0.1,10,20.0,0.5057282025765193,0.7452485623773173,0.5837211302301956,132.0,11,867
2b_digital_strong,14,superintelligent,0.9,100,4,0.05,1.0,9.0,0.1,10,20.0,0.5057282025765193,0.7452485623773173,0.5837211302301956,30.0,11,911
2b_digital_strong,14,oracle,1.0,100,4,0.05,1.0,9.0,0.1,10,20.0,0.5057282025765193,0.7452485623773173,0.5837211302301956,30.0,11,911
2b_digital_strong,14,naive,0.009,100,4,0.05,1.0,9.0,0.1,10,20.0,0.5057282025765193,0.7452485623773173,0.598544133430295,880.0,14,846
2b_digital_strong,14,random,0.0009,100,4,0.05,1.0,9.0,0.1,10,20.0,0.5057282025765193,0.7452485623773173,0.5822129793657195,1035.0,11,912
2b_digital_strong,15,regular,0.1,100,4,0.05,1.0,9.0,0.1,10,20.0,0.5105033004843048,0.7621808740963817,0.5585926280382962,74.0,7,896
2b_digital_strong,15,superintelligent,0.9,100,4,0.05,1.0,9.0,0.1,10,20.0,0.5105033004843048,0.7621808740963817,0.5585926280382962,26.0,7,912
2b_digital_strong,15,oracle,1.0,100,4,0.05,1.0,9.0,0.1,10,20.0,0.5105033004843048,0.7621808740963817,0.5585926280382962,26.0,7,912
2b_digital_strong,15,naive,0.009,100,4,0.05,1.0,9.0,0.1,10,20.0,0.5105033004843048,0.7621808740963817,0.5585926280382962,826.0,7,833
2b_digital_strong,15,random,0.0009,100,4,0.05,1.0,9.0,0.1,10,20.0,0.5105033004843048,0.7621808740963817,0.5762854800897413,710.0,7,892
2b_digital_strong,16,regular,0.1,100,4,0.05,1.0,9.0,0.1,10,20.0,0.5008085950816128,0.7577607307871667,0.5658963885622821,141.0,9,895
2b_digital_strong,16,superintelligent,0.9,100,4,0.05,1.0,9.0,0.1,10,20.0,0.5008085950816128,0.7577607307871667,0.5658963885622821,47.0,9,914
2b_digital_strong,16,oracle,1.0,100,4,0.05,1.0,9.0,0.1,10,20.0,0.5008085950816128,0.7577607307871667,0.5658963885622821,47.0,9,914
2b_digital_strong,16,naive,0.009,100,4,0.05,1.0,9.0,0.1,10,20.0,0.5008085950816128,0.7577607307871667,0.5718869284657929,865.0,11,900
2b_digital_strong,16,random,0.0009,100,4,0.05,1.0,9.0,0.1,10,20.0,0.5008085950816128,0.7577607307871667,0.5597104141603189,1008.0,8,906
2b_digital_strong,17,regular,0.1,100,4,0.05,1.0,9.0,0.1,10,20.0,0.41883424183303447,0.7616240342911772,0.5752767017197047,229.0,19,791
2b_digital_strong,17,superintelligent,0.9,100,4,0.05,1.0,9.0,0.1,10,20.0,0.41883424183303447,0.7616240342911772,0.5752767017197047,98.0,19,914
2b_digital_strong,17,oracle,1.0,100,4,0.05,1.0,9.0,0.1,10,20.0,0.41883424183303447,0.7616240342911772,0.5752767017197047,95.0,19,914
2b_digital_strong,17,naive,0.009,100,4,0.05,1.0,9.0,0.1,10,20.0,0.41883424183303447,0.7616240342911772,0.5835720086788999,1013.0,17,914
2b_digital_strong,17,random,0.0009,100,4,0.05,1.0,9.0,0.1,10,20.0,0.41883424183303447,0.7616240342911772,0.5487376814505615,971.0,17,904
2b_digital_strong,18,regular,0.1,100,4,0.05,1.0,9.0,0.1,10,20.0,0.4927286780850344,0.7382610583102147,0.5866907960564087,119.0,10,723
2b_digital_strong,18,superintelligent,0.9,100,4,0.05,1.0,9.0,0.1,10,20.0,0.4927286780850344,0.7382610583102147,0.5866907960564087,33.0,10,910
2b_digital_strong,18,oracle,1.0,100,4,0.05,1.0,9.0,0.1,10,20.0,0.4927286780850344,0.7382610583102147,0.5866907960564087,29.0,10,910
2b_digital_strong,18,naive,0.009,100,4,0.05,1.0,9.0,0.1,10,20.0,0.4927286780850344,0.7382610583102147,0.5832951568555212,532.0,12,864
2b_digital_strong,18,random,0.0009,100,4,0.05,1.0,9.0,0.1,10,20.0,0.4927286780850344,0.7382610583102147,0.5847598902964549,859.0,11,906
2b_digital_strong,19,regular,0.1,100,4,0.05,1.0,9.0,0.1,10,20.0,0.515629310810843,0.7530859896651704,0.6110603627700261,240.0,13,922
2b_digital_strong,19,superintelligent,0.9,100,4,0.05,1.0,9.0,0.1,10,20.0,0.515629310810843,0.7530859896651704,0.6110603627700261,92.0,13,922
2b_digital_strong,19,oracle,1.0,100,4,0.05,1.0,9.0,0.1,10,20.0,0.515629310810843,0.7530859896651704,0.6110603627700261,89.0,13,922
2b_digital_strong,19,naive,0.009,100,4,0.05,1.0,9.0,0.1,10,20.0,0.515629310810843,0.7530859896651704,0.5848194457637816,652.0,10,844
2b_digital_strong,19,random,0.0009,100,4,0.05,1.0,9.0,0.1,10,20.0,0.515629310810843,0.7530859896651704,0.6373950298882519,957.0,14,892
2b_digital_strong,20,regular,0.1,100,4,0.05,1.0,9.0,0.1,10,20.0,0.5087793541837504,0.7616751096725694,0.6207854139084499,256.0,19,893
2b_digital_strong,20,superintelligent,0.9,100,4,0.05,1.0,9.0,0.1,10,20.0,0.5087793541837504,0.7616751096725694,0.6207854139084499,114.0,19,916
2b_digital_strong,20,oracle,1.0,100,4,0.05,1.0,9.0,0.1,10,20.0,0.5087793541837504,0.7616751096725694,0.6207854139084499,114.0,19,916
2b_digital_strong,20,naive,0.009,100,4,0.05,1.0,9.0,0.1,10,20.0,0.5087793541837504,0.7616751096725694,0.5737890365298095,695.0,11,888
2b_digital_strong,20,random,0.0009,100,4,0.05,1.0,9.0,0.1,10,20.0,0.5087793541837504,0.7616751096725694,0.5939724035052074,1058.0,16,890
2b_digital_strong,21,regular,0.1,100,4,0.05,1.0,9.0,0.1,10,20.0,0.4652231013187203,0.7466826635843263,0.5591243208916263,211.0,13,907
2b_digital_strong,21,superintelligent,0.9,100,4,0.05,1.0,9.0,0.1,10,20.0,0.4652231013187203,0.7466826635843263,0.5591243208916263,89.0,13,911
2b_digital_strong,21,oracle,1.0,100,4,0.05,1.0,9.0,0.1,10,20.0,0.4652231013187203,0.7466826635843263,0.5591243208916263,89.0,13,911
2b_digital_strong,21,naive,0.009,100,4,0.05,1.0,9.0,0.1,10,20.0,0.4652231013187203,0.7466826635843263,0.5467663401349956,883.0,8,910
2b_digital_strong,21,random,0.0009,100,4,0.05,1.0,9.0,0.1,10,20.0,0.4652231013187203,0.7466826635843263,0.5510804539134729,959.0,15,897
2b_digital_strong,22,regular,0.1,100,4,0.05,1.0,9.0,0.1,10,20.0,0.49597169869721613,0.7655279339008186,0.5528721234660611,204.0,12,856
2b_digital_strong,22,superintelligent,0.9,100,4,0.05,1.0,9.0,0.1,10,20.0,0.49597169869721613,0.7655279339008186,0.5528721234660611,69.0,12,912
2b_digital_strong,22,oracle,1.0,100,4,0.05,1.0,9.0,0.1,10,20.0,0.49597169869721613,0.7655279339008186,0.5528721234660611,69.0,12,912
2b_digital_strong,22,naive,0.009,100,4,0.05,1.0,9.0,0.1,10,20.0,0.49597169869721613,0.7655279339008186,0.5646698753739596,1028.0,14,913
2b_digital_strong,22,random,0.0009,100,4,0.05,1.0,9.0,0.1,10,20.0,0.49597169869721613,0.7655279339008186,0.5753528699484715,1053.0,13,907
2b_digital_strong,23,regular,0.1,100,4,0.05,1.0,9.0,0.1,10,20.0,0.49438144914056237,0.7500830811651,0.620284020060151,182.0,17,912
2b_digital_strong,23,superintelligent,0.9,100,4,0.05,1.0,9.0,0.1,10,20.0,0.49438144914056237,0.7500830811651,0.620284020060151,95.0,17,912
2b_digital_strong,23,oracle,1.0,100,4,0.05,1.0,9.0,0.1,10,20.0,0.49438144914056237,0.7500830811651,0.620284020060151,93.0,17,912
2b_digital_strong,23,naive,0.009,100,4,0.05,1.0,9.0,0.1,10,20.0,0.49438144914056237,0.7500830811651,0.6079649019047914,795.0,16,866
2b_digital_strong,23,random,0.0009,100,4,0.05,1.0,9.0,0.1,10,20.0,0.49438144914056237,0.7500830811651,0.61779993166375,1031.0,13,904
2b_digital_strong,24,regular,0.1,100,4,0.05,1.0,9.0,0.1,10,20.0,0.49671192907517214,0.7531032616085389,0.5859511417413589,190.0,13,888
2b_digital_strong,24,superintelligent,0.9,100,4,0.05,1.0,9.0,0.1,10,20.0,0.49671192907517214,0.7531032616085389,0.5859511417413589,72.0,13,912
2b_digital_strong,24,oracle,1.0,100,4,0.05,1.0,9.0,0.1,10,20.0,0.49671192907517214,0.7531032616085389,0.5859511417413589,70.0,13,912
2b_digital_strong,24,naive,0.009,100,4,0.05,1.0,9.0,0.1,10,20.0,0.49671192907517214,0.7531032616085389,0.5757671740391077,698.0,12,835
2b_digital_strong,24,random,0.0009,100,4,0.05,1.0,9.0,0.1,10,20.0,0.49671192907517214,0.7531032616085389,0.5671306353073856,991.0,11,909
2b_digital_strong,25,regular,0.1,100,4,0.05,1.0,9.0,0.1,10,20.0,0.52555337968363,0.7691421743280841,0.5710339850796521,88.0,6,895
2b_digital_strong,25,superintelligent,0.9,100,4,0.05,1.0,9.0,0.1,10,20.0,0.52555337968363,0.7691421743280841,0.5710339850796521,6.0,6,910
2b_digital_strong,25,oracle,1.0,100,4,0.05,1.0,9.0,0.1,10,20.0,0.52555337968363,0.7691421743280841,0.5710339850796521,6.0,6,910
2b_digital_strong,25,naive,0.009,100,4,0.05,1.0,9.0,0.1,10,20.0,0.52555337968363,0.7691421743280841,0.5710339850796521,492.0,6,883
2b_digital_strong,25,random,0.0009,100,4,0.05,1.0,9.0,0.1,10,20.0,0.52555337968363,0.7691421743280841,0.5710339850796521,746.0,6,810
2b_digital_strong,26,regular,0.1,100,4,0.05,1.0,9.0,0.1,10,20.0,0.5217174141739702,0.7488932952804318,0.6100187133913804,175.0,12,908
2b_digital_strong,26,superintelligent,0.9,100,4,0.05,1.0,9.0,0.1,10,20.0,0.5217174141739702,0.7488932952804318,0.6017893795924185,72.0,12,913
2b_digital_strong,26,oracle,1.0,100,4,0.05,1.0,9.0,0.1,10,20.0,0.5217174141739702,0.7488932952804318,0.6017893795924185,69.0,12,913
2b_digital_strong,26,naive,0.009,100,4,0.05,1.0,9.0,0.1,10,20.0,0.5217174141739702,0.7488932952804318,0.5987240933183907,946.0,12,871
2b_digital_strong,26,random,0.0009,100,4,0.05,1.0,9.0,0.1,10,20.0,0.5217174141739702,0.7488932952804318,0.5963407352988626,889.0,12,911
2b_digital_strong,27,regular,0.1,100,4,0.05,1.0,9.0,0.1,10,20.0,0.510688719452086,0.7606623676270549,0.5785737296397458,169.0,12,797
2b_digital_strong,27,superintelligent,0.9,100,4,0.05,1.0,9.0,0.1,10,20.0,0.510688719452086,0.7606623676270549,0.5785737296397458,91.0,12,915
2b_digital_strong,27,oracle,1.0,100,4,0.05,1.0,9.0,0.1,10,20.0,0.510688719452086,0.7606623676270549,0.5785737296397458,88.0,12,915
2b_digital_strong,27,naive,0.009,100,4,0.05,1.0,9.0,0.1,10,20.0,0.510688719452086,0.7606623676270549,0.5754225812113645,977.0,14,913
2b_digital_strong,27,random,0.0009,100,4,0.05,1.0,9.0,0.1,10,20.0,0.510688719452086,0.7606623676270549,0.5685106399593105,765.0,9,855
2b_digital_strong,28,regular,0.1,100,4,0.05,1.0,9.0,0.1,10,20.0,0.537316602210708,0.7470058696523195,0.6254465109143863,149.0,15,918
2b_digital_strong,28,superintelligent,0.9,100,4,0.05,1.0,9.0,0.1,10,20.0,0.537316602210708,0.7470058696523195,0.6254465109143863,54.0,15,920
2b_digital_strong,28,oracle,1.0,100,4,0.05,1.0,9.0,0.1,10,20.0,0.537316602210708,0.7470058696523195,0.6254465109143863,53.0,15,920
2b_digital_strong,28,naive,0.009,100,4,0.05,1.0,9.0,0.1,10,20.0,0.537316602210708,0.7470058696523195,0.6205769823269878,792.0,13,916
2b_digital_strong,28,random,0.0009,100,4,0.05,1.0,9.0,0.1,10,20.0,0.537316602210708,0.7470058696523195,0.5942445576468104,980.0,12,911
2b_digital_strong,29,regular,0.1,100,4,0.05,1.0,9.0,0.1,10,20.0,0.5318575414824314,0.7374084407833105,0.598695812095318,172.0,11,886
2b_digital_strong,29,superintelligent,0.9,100,4,0.05,1.0,9.0,0.1,10,20.0,0.5318575414824314,0.7374084407833105,0.598695812095318,69.0,11,916
2b_digital_strong,29,oracle,1.0,100,4,0.05,1.0,9.0,0.1,10,20.0,0.5318575414824314,0.7374084407833105,0.598695812095318,68.0,11,916
2b_digital_strong,29,naive,0.009,100,4,0.05,1.0,9.0,0.1,10,20.0,0.5318575414824314,0.7374084407833105,0.5930839738843393,479.0,6,913
2b_digital_strong,29,random,0.0009,100,4,0.05,1.0,9.0,0.1,10,20.0,0.5318575414824314,0.7374084407833105,0.5954718201515454,991.0,8,893
2b_digital_strong,30,regular,0.1,100,4,0.05,1.0,9.0,0.1,10,20.0,0.5110638705172843,0.759071029543995,0.5439420898748851,72.0,6,910
2b_digital_strong,30,superintelligent,0.9,100,4,0.05,1.0,9.0,0.1,10,20.0,0.5110638705172843,0.759071029543995,0.5450643256168981,27.0,7,913
2b_digital_strong,30,oracle,1.0,100,4,0.05,1.0,9.0,0.1,10,20.0,0.5110638705172843,0.759071029543995,0.5450643256168981,26.0,7,913
2b_digital_strong,30,naive,0.009,100,4,0.05,1.0,9.0,0.1,10,20.0,0.5110638705172843,0.759071029543995,0.5443417270918419,626.0,7,905
2b_digital_strong,30,random,0.0009,100,4,0.05,1.0,9.0,0.1,10,20.0,0.5110638705172843,0.759071029543995,0.5523457542790087,493.0,7,699
2b_digital_strong,31,regular,0.1,100,4,0.05,1.0,9.0,0.1,10,20.0,0.4329975560879854,0.745032517484974,0.5602364643772834,220.0,15,900
2b_digital_strong,31,superintelligent,0.9,100,4,0.05,1.0,9.0,0.1,10,20.0,0.4329975560879854,0.745032517484974,0.5602364643772834,97.0,15,912
2b_digital_strong,31,oracle,1.0,100,4,0.05,1.0,9.0,0.1,10,20.0,0.4329975560879854,0.745032517484974,0.5602364643772834,91.0,15,912
2b_digital_strong,31,naive,0.009,100,4,0.05,1.0,9.0,0.1,10,20.0,0.4329975560879854,0.745032517484974,0.5526812845466655,801.0,16,911
2b_digital_strong,31,random,0.0009,100,4,0.05,1.0,9.0,0.1,10,20.0,0.4329975560879854,0.745032517484974,0.5288171578827279,1035.0,14,908
2b_digital_strong,32,regular,0.1,100,4,0.05,1.0,9.0,0.1,10,20.0,0.4955305675085656,0.7703936381828819,0.5284495291029132,31.0,4,903
2b_digital_strong,32,superintelligent,0.9,100,4,0.05,1.0,9.0,0.1,10,20.0,0.4955305675085656,0.7703936381828819,0.5284495291029132,4.0,4,914
2b_digital_strong,32,oracle,1.0,100,4,0.05,1.0,9.0,0.1,10,20.0,0.4955305675085656,0.7703936381828819,0.5284495291029132,4.0,4,914
2b_digital_strong,32,naive,0.009,100,4,0.05,1.0,9.0,0.1,10,20.0,0.4955305675085656,0.7703936381828819,0.5284495291029132,650.0,4,893
2b_digital_strong,32,random,0.0009,100,4,0.05,1.0,9.0,0.1,10,20.0,0.4955305675085656,0.7703936381828819,0.5377877629906365,976.0,8,873
2b_digital_strong,33,regular,0.1,100,4,0.05,1.0,9.0,0.1,10,20.0,0.4767761079673227,0.7387153980197487,0.5588884996746463,292.0,16,866
2b_digital_strong,33,superintelligent,0.9,100,4,0.05,1.0,9.0,0.1,10,20.0,0.4767761079673227,0.7387153980197487,0.5588884996746463,114.0,16,908
2b_digital_strong,33,oracle,1.0,100,4,0.05,1.0,9.0,0.1,10,20.0,0.4767761079673227,0.7387153980197487,0.5588884996746463,111.0,16,908
2b_digital_strong,33,naive,0.009,100,4,0.05,1.0,9.0,0.1,10,20.0,0.4767761079673227,0.7387153980197487,0.555950390901364,720.0,15,811
2b_digital_strong,33,random,0.0009,100,4,0.05,1.0,9.0,0.1,10,20.0,0.4767761079673227,0.7387153980197487,0.5533868663196468,1025.0,15,903
2b_digital_strong,34,regular,0.1,100,4,0.05,1.0,9.0,0.1,10,20.0,0.5445103049111981,0.7574105302053926,0.6041270853754664,106.0,11,854
2b_digital_strong,34,superintelligent,0.9,100,4,0.05,1.0,9.0,0.1,10,20.0,0.5445103049111981,0.7574105302053926,0.6041270853754664,50.0,11,912
2b_digital_strong,34,oracle,1.0,100,4,0.05,1.0,9.0,0.1,10,20.0,0.5445103049111981,0.7574105302053926,0.6041270853754664,49.0,11,912
2b_digital_strong,34,naive,0.009,100,4,0.05,1.0,9.0,0.1,10,20.0,0.5445103049111981,0.7574105302053926,0.6041270853754664,747.0,11,831
2b_digital_strong,34,random,0.0009,100,4,0.05,1.0,9.0,0.1,10,20.0,0.5445103049111981,0.7574105302053926,0.6039682039897432,920.0,10,906
2b_digital_strong,35,regular,0.1,100,4,0.05,1.0,9.0,0.1,10,20.0,0.4895253221750226,0.7529544157648667,0.5627289130509174,135.0,7,820
2b_digital_strong,35,superintelligent,0.9,100,4,0.05,1.0,9.0,0.1,10,20.0,0.4895253221750226,0.7529544157648667,0.5627289130509174,26.0,7,911
2b_digital_strong,35,oracle,1.0,100,4,0.05,1.0,9.0,0.1,10,20.0,0.4895253221750226,0.7529544157648667,0.5627289130509174,26.0,7,911
2b_digital_strong,35,naive,0.009,100,4,0.05,1.0,9.0,0.1,10,20.0,0.4895253221750226,0.7529544157648667,0.5627289130509174,794.0,7,907
2b_digital_strong,35,random,0.0009,100,4,0.05,1.0,9.0,0.1,10,20.0,0.4895253221750226,0.7529544157648667,0.5603661891458998,911.0,8,827
2b_digital_strong,36,regular,0.1,100,4,0.05,1.0,9.0,0.1,10,20.0,0.5442989422252552,0.7549941488366929,0.6067764189175956,152.0,11,824
2b_digital_strong,36,superintelligent,0.9,100,4,0.05,1.0,9.0,0.1,10,20.0,0.5442989422252552,0.7549941488366929,0.6067764189175956,52.0,11,912
2b_digital_strong,36,oracle,1.0,100,4,0.05,1.0,9.0,0.1,10,20.0,0.5442989422252552,0.7549941488366929,0.6067764189175956,49.0,11,912
2b_digital_strong,36,naive,0.009,100,4,0.05,1.0,9.0,0.1,10,20.0,0.5442989422252552,0.7549941488366929,0.5959681365443928,489.0,8,901
2b_digital_strong,36,random,0.0009,100,4,0.05,1.0,9.0,0.1,10,20.0,0.5442989422252552,0.7549941488366929,0.6071714618945897,889.0,9,844
2b_digital_strong,37,regular,0.1,100,4,0.05,1.0,9.0,0.1,10,20.0,0.48568026386174745,0.7658305196862663,0.6460577954247111,213.0,20,911
2b_digital_strong,37,superintelligent,0.9,100,4,0.05,1.0,9.0,0.1,10,20.0,0.48568026386174745,0.7658305196862663,0.6501027861238851,56.0,17,918
2b_digital_strong,37,oracle,1.0,100,4,0.05,1.0,9.0,0.1,10,20.0,0.48568026386174745,0.7658305196862663,0.6501027861238851,55.0,17,918
2b_digital_strong,37,naive,0.009,100,4,0.05,1.0,9.0,0.1,10,20.0,0.48568026386174745,0.7658305196862663,0.6501027861238851,954.0,17,918
2b_digital_strong,37,random,0.0009,100,4,0.05,1.0,9.0,0.1,10,20.0,0.48568026386174745,0.7658305196862663,0.6279014042850117,967.0,18,919
2b_digital_strong,38,regular,0.1,100,4,0.05,1.0,9.0,0.1,10,20.0,0.5092591713691597,0.7505686445559435,0.5682161464861717,110.0,6,888
2b_digital_strong,38,superintelligent,0.9,100,4,0.05,1.0,9.0,0.1,10,20.0,0.5092591713691597,0.7505686445559435,0.5682161464861717,25.0,6,911
2b_digital_strong,38,oracle,1.0,100,4,0.05,1.0,9.0,0.1,10,20.0,0.5092591713691597,0.7505686445559435,0.5682161464861717,25.0,6,911
2b_digital_strong,38,naive,0.009,100,4,0.05,1.0,9.0,0.1,10,20.0,0.5092591713691597,0.7505686445559435,0.5682161464861717,436.0,6,766
2b_digital_strong,38,random,0.0009,100,4,0.05,1.0,9.0,0.1,10,20.0,0.5092591713691597,0.7505686445559435,0.5631251129185545,1009.0,7,891
2b_digital_strong,39,regular,0.1,100,4,0.05,1.0,9.0,0.1,10,20.0,0.5323533053260547,0.7495292552334005,0.5649221138132795,59.0,7,867
2b_digital_strong,39,superintelligent,0.9,100,4,0.05,1.0,9.0,0.1,10,20.0,0.5323533053260547,0.7495292552334005,0.5649221138132795,27.0,7,910
2b_digital_strong,39,oracle,1.0,100,4,0.05,1.0,9.0,0.1,10,20.0,0.5323533053260547,0.7495292552334005,0.5649221138132795,26.0,7,910
2b_digital_strong,39,naive,0.009,100,4,0.05,1.0,9.0,0.1,10,20.0,0.5323533053260547,0.7495292552334005,0.5704187784044832,671.0,8,825
2b_digital_strong,39,random,0.0009,100,4,0.05,1.0,9.0,0.1,10,20.0,0.5323533053260547,0.7495292552334005,0.5649221138132795,828.0,7,883
2b_digital_strong,40,regular,0.1,100,4,0.05,1.0,9.0,0.1,10,20.0,0.44694968219952785,0.7581209998911015,0.5609953873721389,121.0,14,891
2b_digital_strong,40,superintelligent,0.9,100,4,0.05,1.0,9.0,0.1,10,20.0,0.44694968219952785,0.7581209998911015,0.5609953873721389,34.0,14,913
2b_digital_strong,40,oracle,1.0,100,4,0.05,1.0,9.0,0.1,10,20.0,0.44694968219952785,0.7581209998911015,0.5609953873721389,33.0,14,913
2b_digital_strong,40,naive,0.009,100,4,0.05,1.0,9.0,0.1,10,20.0,0.44694968219952785,0.7581209998911015,0.5633948936291944,565.0,15,837
2b_digital_strong,40,random,0.0009,100,4,0.05,1.0,9.0,0.1,10,20.0,0.44694968219952785,0.7581209998911015,0.5265925502242257,927.0,9,894
2b_digital_strong,41,regular,0.1,100,4,0.05,1.0,9.0,0.1,10,20.0,0.47022784018369457,0.7617224321585848,0.5645285972322854,402.0,26,908
2b_digital_strong,41,superintelligent,0.9,100,4,0.05,1.0,9.0,0.1,10,20.0,0.47022784018369457,0.7617224321585848,0.6022529138601814,106.0,28,912
2b_digital_strong,41,oracle,1.0,100,4,0.05,1.0,9.0,0.1,10,20.0,0.47022784018369457,0.7617224321585848,0.6022529138601814,104.0,28,912
2b_digital_strong,41,naive,0.009,100,4,0.05,1.0,9.0,0.1,10,20.0,0.47022784018369457,0.7617224321585848,0.5740889915604581,995.0,21,911
2b_digital_strong,41,random,0.0009,100,4,0.05,1.0,9.0,0.1,10,20.0,0.47022784018369457,0.7617224321585848,0.5842014322062948,1020.0,21,908
2b_digital_strong,42,regular,0.1,100,4,0.05,1.0,9.0,0.1,10,20.0,0.4322904446298971,0.7387705811479449,0.4915578582895905,101.0,10,892
2b_digital_strong,42,superintelligent,0.9,100,4,0.05,1.0,9.0,0.1,10,20.0,0.4322904446298971,0.7387705811479449,0.4915578582895905,29.0,10,911
2b_digital_strong,42,oracle,1.0,100,4,0.05,1.0,9.0,0.1,10,20.0,0.4322904446298971,0.7387705811479449,0.4915578582895905,29.0,10,911
2b_digital_strong,42,naive,0.009,100,4,0.05,1.0,9.0,0.1,10,20.0,0.4322904446298971,0.7387705811479449,0.4861487622498023,406.0,9,895
2b_digital_strong,42,random,0.0009,100,4,0.05,1.0,9.0,0.1,10,20.0,0.4322904446298971,0.7387705811479449,0.4815984279035148,904.0,12,891
2b_digital_strong,43,regular,0.1,100,4,0.05,1.0,9.0,0.1,10,20.0,0.5321670394242952,0.7584015777537694,0.6086487948304169,159.0,11,871
2b_digital_strong,43,superintelligent,0.9,100,4,0.05,1.0,9.0,0.1,10,20.0,0.5321670394242952,0.7584015777537694,0.6086487948304169,71.0,11,909
2b_digital_strong,43,oracle,1.0,100,4,0.05,1.0,9.0,0.1,10,20.0,0.5321670394242952,0.7584015777537694,0.6086487948304169,68.0,11,909
2b_digital_strong,43,naive,0.009,100,4,0.05,1.0,9.0,0.1,10,20.0,0.5321670394242952,0.7584015777537694,0.6086487948304169,496.0,11,815
2b_digital_strong,43,random,0.0009,100,4,0.05,1.0,9.0,0.1,10,20.0,0.5321670394242952,0.7584015777537694,0.6050494503820985,772.0,9,797
2b_digital_strong,44,regular,0.1,100,4,0.05,1.0,9.0,0.1,10,20.0,0.5214539850743786,0.7519213806065957,0.5702354942510292,95.0,8,870
2b_digital_strong,44,superintelligent,0.9,100,4,0.05,1.0,9.0,0.1,10,20.0,0.5214539850743786,0.7519213806065957,0.5702354942510292,46.0,8,911
2b_digital_strong,44,oracle,1.0,100,4,0.05,1.0,9.0,0.1,10,20.0,0.5214539850743786,0.7519213806065957,0.5702354942510292,46.0,8,911
2b_digital_strong,44,naive,0.009,100,4,0.05,1.0,9.0,0.1,10,20.0,0.5214539850743786,0.7519213806065957,0.5702354942510292,430.0,8,837
2b_digital_strong,44,random,0.0009,100,4,0.05,1.0,9.0,0.1,10,20.0,0.5214539850743786,0.7519213806065957,0.5740030852024045,968.0,10,908
2b_digital_strong,45,regular,0.1,100,4,0.05,1.0,9.0,0.1,10,20.0,0.4761934651907418,0.7504609115572939,0.5663315993053629,121.0,12,889
2b_digital_strong,45,superintelligent,0.9,100,4,0.05,1.0,9.0,0.1,10,20.0,0.4761934651907418,0.7504609115572939,0.5690293318964147,32.0,11,917
2b_digital_strong,45,oracle,1.0,100,4,0.05,1.0,9.0,0.1,10,20.0,0.4761934651907418,0.7504609115572939,0.5690293318964147,30.0,11,917
2b_digital_strong,45,naive,0.009,100,4,0.05,1.0,9.0,0.1,10,20.0,0.4761934651907418,0.7504609115572939,0.5663315993053629,701.0,12,897
2b_digital_strong,45,random,0.0009,100,4,0.05,1.0,9.0,0.1,10,20.0,0.4761934651907418,0.7504609115572939,0.5589301108346961,853.0,9,826
2b_digital_strong,46,regular,0.1,100,4,0.05,1.0,9.0,0.1,10,20.0,0.46935302911656274,0.7781075481922879,0.5758620699610131,202.0,15,752
2b_digital_strong,46,superintelligent,0.9,100,4,0.05,1.0,9.0,0.1,10,20.0,0.46935302911656274,0.7781075481922879,0.5942887762134655,95.0,19,908
2b_digital_strong,46,oracle,1.0,100,4,0.05,1.0,9.0,0.1,10,20.0,0.46935302911656274,0.7781075481922879,0.5942887762134655,95.0,19,908
2b_digital_strong,46,naive,0.009,100,4,0.05,1.0,9.0,0.1,10,20.0,0.46935302911656274,0.7781075481922879,0.562611776256625,711.0,14,751
2b_digital_strong,46,random,0.0009,100,4,0.05,1.0,9.0,0.1,10,20.0,0.46935302911656274,0.7781075481922879,0.5601951767982181,888.0,12,856
2b_digital_strong,47,regular,0.1,100,4,0.05,1.0,9.0,0.1,10,20.0,0.4923765790897134,0.7325723519525236,0.5249477635996136,61.0,6,893
2b_digital_strong,47,superintelligent,0.9,100,4,0.05,1.0,9.0,0.1,10,20.0,0.4923765790897134,0.7325723519525236,0.5249477635996136,25.0,6,914
2b_digital_strong,47,oracle,1.0,100,4,0.05,1.0,9.0,0.1,10,20.0,0.4923765790897134,0.7325723519525236,0.5249477635996136,25.0,6,914
2b_digital_strong,47,naive,0.009,100,4,0.05,1.0,9.0,0.1,10,20.0,0.4923765790897134,0.7325723519525236,0.5249477635996136,342.0,6,861
2b_digital_strong,47,random,0.0009,100,4,0.05,1.0,9.0,0.1,10,20.0,0.4923765790897134,0.7325723519525236,0.5346586961982329,994.0,8,891
2b_digital_strong,48,regular,0.1,100,4,0.05,1.0,9.0,0.1,10,20.0,0.45213323123842886,0.7473746009911412,0.5121026024848981,169.0,11,850
2b_digital_strong,48,superintelligent,0.9,100,4,0.05,1.0,9.0,0.1,10,20.0,0.45213323123842886,0.7473746009911412,0.5121026024848981,49.0,11,912
2b_digital_strong,48,oracle,1.0,100,4,0.05,1.0,9.0,0.1,10,20.0,0.45213323123842886,0.7473746009911412,0.5121026024848981,49.0,11,912
2b_digital_strong,48,naive,0.009,100,4,0.05,1.0,9.0,0.1,10,20.0,0.45213323123842886,0.7473746009911412,0.5110668733865633,385.0,9,913
2b_digital_strong,48,random,0.0009,100,4,0.05,1.0,9.0,0.1,10,20.0,0.45213323123842886,0.7473746009911412,0.5049003272819854,1026.0,8,913
2b_digital_strong,49,regular,0.1,100,4,0.05,1.0,9.0,0.1,10,20.0,0.48797541359650565,0.7492114368440325,0.575900552240295,82.0,8,757
2b_digital_strong,49,superintelligent,0.9,100,4,0.05,1.0,9.0,0.1,10,20.0,0.48797541359650565,0.7492114368440325,0.575900552240295,8.0,8,914
2b_digital_strong,49,oracle,1.0,100,4,0.05,1.0,9.0,0.1,10,20.0,0.48797541359650565,0.7492114368440325,0.575900552240295,8.0,8,914
2b_digital_strong,49,naive,0.009,100,4,0.05,1.0,9.0,0.1,10,20.0,0.48797541359650565,0.7492114368440325,0.575900552240295,474.0,8,792
2b_digital_strong,49,random,0.0009,100,4,0.05,1.0,9.0,0.1,10,20.0,0.48797541359650565,0.7492114368440325,0.5728629327232345,987.0,10,901
2b_digital_strong,50,regular,0.1,100,4,0.05,1.0,9.0,0.1,10,20.0,0.48442004720138454,0.749812267637367,0.5940077176182537,120.0,15,845
2b_digital_strong,50,superintelligent,0.9,100,4,0.05,1.0,9.0,0.1,10,20.0,0.48442004720138454,0.749812267637367,0.5940077176182537,36.0,15,915
2b_digital_strong,50,oracle,1.0,100,4,0.05,1.0,9.0,0.1,10,20.0,0.48442004720138454,0.749812267637367,0.5940077176182537,34.0,15,915
2b_digital_strong,50,naive,0.009,100,4,0.05,1.0,9.0,0.1,10,20.0,0.48442004720138454,0.749812267637367,0.5951231753774886,736.0,13,742
2b_digital_strong,50,random,0.0009,100,4,0.05,1.0,9.0,0.1,10,20.0,0.48442004720138454,0.749812267637367,0.5969537581666475,971.0,17,911
2b_digital_strong,51,regular,0.1,100,4,0.05,1.0,9.0,0.1,10,20.0,0.48798359961987137,0.7527466926626959,0.612880056242204,282.0,18,901
2b_digital_strong,51,superintelligent,0.9,100,4,0.05,1.0,9.0,0.1,10,20.0,0.48798359961987137,0.7527466926626959,0.6238329679754011,80.0,18,910
2b_digital_strong,51,oracle,1.0,100,4,0.05,1.0,9.0,0.1,10,20.0,0.48798359961987137,0.7527466926626959,0.6238329679754011,75.0,18,910
2b_digital_strong,51,naive,0.009,100,4,0.05,1.0,9.0,0.1,10,20.0,0.48798359961987137,0.7527466926626959,0.6087302614363144,954.0,16,870
2b_digital_strong,51,random,0.0009,100,4,0.05,1.0,9.0,0.1,10,20.0,0.48798359961987137,0.7527466926626959,0.5807291995683138,1035.0,19,909
2b_digital_strong,52,regular,0.1,100,4,0.05,1.0,9.0,0.1,10,20.0,0.485319984186709,0.7553021019419252,0.5780891473231844,77.0,10,720
2b_digital_strong,52,superintelligent,0.9,100,4,0.05,1.0,9.0,0.1,10,20.0,0.485319984186709,0.7553021019419252,0.5780891473231844,30.0,10,910
2b_digital_strong,52,oracle,1.0,100,4,0.05,1.0,9.0,0.1,10,20.0,0.485319984186709,0.7553021019419252,0.5780891473231844,29.0,10,910
2b_digital_strong,52,naive,0.009,100,4,0.05,1.0,9.0,0.1,10,20.0,0.485319984186709,0.7553021019419252,0.5773524385761298,743.0,11,853
2b_digital_strong,52,random,0.0009,100,4,0.05,1.0,9.0,0.1,10,20.0,0.485319984186709,0.7553021019419252,0.5774061051653637,1001.0,11,895
2b_digital_strong,53,regular,0.1,100,4,0.05,1.0,9.0,0.1,10,20.0,0.5234867305844029,0.7691331769521816,0.5697056900891885,142.0,7,829
2b_digital_strong,53,superintelligent,0.9,100,4,0.05,1.0,9.0,0.1,10,20.0,0.5234867305844029,0.7691331769521816,0.5697056900891885,45.0,7,913
2b_digital_strong,53,oracle,1.0,100,4,0.05,1.0,9.0,0.1,10,20.0,0.5234867305844029,0.7691331769521816,0.5697056900891885,45.0,7,913
2b_digital_strong,53,naive,0.009,100,4,0.05,1.0,9.0,0.1,10,20.0,0.5234867305844029,0.7691331769521816,0.5697335932179148,530.0,9,820
2b_digital_strong,53,random,0.0009,100,4,0.05,1.0,9.0,0.1,10,20.0,0.5234867305844029,0.7691331769521816,0.5730174141276084,900.0,7,900
2b_digital_strong,54,regular,0.1,100,4,0.05,1.0,9.0,0.1,10,20.0,0.522895256733252,0.7755073268752899,0.580957391904429,52.0,7,898
2b_digital_strong,54,superintelligent,0.9,100,4,0.05,1.0,9.0,0.1,10,20.0,0.522895256733252,0.7755073268752899,0.580957391904429,7.0,7,916
2b_digital_strong,54,oracle,1.0,100,4,0.05,1.0,9.0,0.1,10,20.0,0.522895256733252,0.7755073268752899,0.580957391904429,7.0,7,916
2b_digital_strong,54,naive,0.009,100,4,0.05,1.0,9.0,0.1,10,20.0,0.522895256733252,0.7755073268752899,0.5756844713685902,502.0,6,892
2b_digital_strong,54,random,0.0009,100,4,0.05,1.0,9.0,0.1,10,20.0,0.522895256733252,0.7755073268752899,0.580957391904429,808.0,7,916
2b_digital_strong,55,regular,0.1,100,4,0.05,1.0,9.0,0.1,10,20.0,0.5184526774449623,0.7648949443013127,0.5702822433410956,224.0,11,912
2b_digital_strong,55,superintelligent,0.9,100,4,0.05,1.0,9.0,0.1,10,20.0,0.5184526774449623,0.7648949443013127,0.5702822433410956,126.0,11,916
2b_digital_strong,55,oracle,1.0,100,4,0.05,1.0,9.0,0.1,10,20.0,0.5184526774449623,0.7648949443013127,0.5702822433410956,125.0,11,916
2b_digital_strong,55,naive,0.009,100,4,0.05,1.0,9.0,0.1,10,20.0,0.5184526774449623,0.7648949443013127,0.5686896738555361,1057.0,12,887
2b_digital_strong,55,random,0.0009,100,4,0.05,1.0,9.0,0.1,10,20.0,0.5184526774449623,0.7648949443013127,0.5571868724371949,1044.0,7,888
2b_digital_strong,56,regular,0.1,100,4,0.05,1.0,9.0,0.1,10,20.0,0.4760677487742248,0.7604719553814583,0.5869261969335229,263.0,16,835
2b_digital_strong,56,superintelligent,0.9,100,4,0.05,1.0,9.0,0.1,10,20.0,0.4760677487742248,0.7604719553814583,0.5869261969335229,75.0,16,904
2b_digital_strong,56,oracle,1.0,100,4,0.05,1.0,9.0,0.1,10,20.0,0.4760677487742248,0.7604719553814583,0.5869261969335229,73.0,16,904
2b_digital_strong,56,naive,0.009,100,4,0.05,1.0,9.0,0.1,10,20.0,0.4760677487742248,0.7604719553814583,0.5523094769668435,1020.0,12,902
2b_digital_strong,56,random,0.0009,100,4,0.05,1.0,9.0,0.1,10,20.0,0.4760677487742248,0.7604719553814583,0.5393077831700481,1010.0,10,905
2b_digital_strong,57,regular,0.1,100,4,0.05,1.0,9.0,0.1,10,20.0,0.47408038039108313,0.762970506133412,0.5652440308234374,233.0,16,894
2b_digital_strong,57,superintelligent,0.9,100,4,0.05,1.0,9.0,0.1,10,20.0,0.47408038039108313,0.762970506133412,0.5652440308234374,73.0,16,918
2b_digital_strong,57,oracle,1.0,100,4,0.05,1.0,9.0,0.1,10,20.0,0.47408038039108313,0.762970506133412,0.5652440308234374,73.0,16,918
2b_digital_strong,57,naive,0.009,100,4,0.05,1.0,9.0,0.1,10,20.0,0.47408038039108313,0.762970506133412,0.557716255013019,973.0,14,904
2b_digital_strong,57,random,0.0009,100,4,0.05,1.0,9.0,0.1,10,20.0,0.47408038039108313,0.762970506133412,0.5558066964689169,1040.0,15,911
2b_digital_strong,58,regular,0.1,100,4,0.05,1.0,9.0,0.1,10,20.0,0.49889609273713986,0.7630646206496051,0.6033654226326319,166.0,15,830
2b_digital_strong,58,superintelligent,0.9,100,4,0.05,1.0,9.0,0.1,10,20.0,0.49889609273713986,0.7630646206496051,0.6033654226326319,72.0,15,919
2b_digital_strong,58,oracle,1.0,100,4,0.05,1.0,9.0,0.1,10,20.0,0.49889609273713986,0.7630646206496051,0.6033654226326319,72.0,15,919
2b_digital_strong,58,naive,0.009,100,4,0.05,1.0,9.0,0.1,10,20.0,0.49889609273713986,0.7630646206496051,0.569279169260957,372.0,13,891
2b_digital_strong,58,random,0.0009,100,4,0.05,1.0,9.0,0.1,10,20.0,0.49889609273713986,0.7630646206496051,0.5694856688069616,1029.0,13,917
2b_digital_strong,59,regular,0.1,100,4,0.05,1.0,9.0,0.1,10,20.0,0.48461360133253545,0.7716358362304399,0.5433335636413199,103.0,9,892
2b_digital_strong,59,superintelligent,0.9,100,4,0.05,1.0,9.0,0.1,10,20.0,0.48461360133253545,0.7716358362304399,0.5433335636413199,48.0,9,914
2b_digital_strong,59,oracle,1.0,100,4,0.05,1.0,9.0,0.1,10,20.0,0.48461360133253545,0.7716358362304399,0.5433335636413199,47.0,9,914
2b_digital_strong,59,naive,0.009,100,4,0.05,1.0,9.0,0.1,10,20.0,0.48461360133253545,0.7716358362304399,0.5565054914796363,1013.0,11,907
2b_digital_strong,59,random,0.0009,100,4,0.05,1.0,9.0,0.1,10,20.0,0.48461360133253545,0.7716358362304399,0.5433335636413199,1015.0,9,911
2b_digital_strong,60,regular,0.1,100,4,0.05,1.0,9.0,0.1,10,20.0,0.4819597439856853,0.7462365961189956,0.5635024513442073,141.0,12,908
2b_digital_strong,60,superintelligent,0.9,100,4,0.05,1.0,9.0,0.1,10,20.0,0.4819597439856853,0.7462365961189956,0.5662292792323649,72.0,13,911
2b_digital_strong,60,oracle,1.0,100,4,0.05,1.0,9.0,0.1,10,20.0,0.4819597439856853,0.7462365961189956,0.5662292792323649,70.0,13,911
2b_digital_strong,60,naive,0.009,100,4,0.05,1.0,9.0,0.1,10,20.0,0.4819597439856853,0.7462365961189956,0.5613147371430061,853.0,11,882
2b_digital_strong,60,random,0.0009,100,4,0.05,1.0,9.0,0.1,10,20.0,0.4819597439856853,0.7462365961189956,0.5569832995370104,925.0,10,888
2b_digital_strong,61,regular,0.1,100,4,0.05,1.0,9.0,0.1,10,20.0,0.4832040136888199,0.7487243420117963,0.5608162660723014,91.0,9,908
2b_digital_strong,61,superintelligent,0.9,100,4,0.05,1.0,9.0,0.1,10,20.0,0.4832040136888199,0.7487243420117963,0.5608162660723014,29.0,9,918
2b_digital_strong,61,oracle,1.0,100,4,0.05,1.0,9.0,0.1,10,20.0,0.4832040136888199,0.7487243420117963,0.5608162660723014,28.0,9,918
2b_digital_strong,61,naive,0.009,100,4,0.05,1.0,9.0,0.1,10,20.0,0.4832040136888199,0.7487243420117963,0.5534216892221715,840.0,9,907
2b_digital_strong,61,random,0.0009,100,4,0.05,1.0,9.0,0.1,10,20.0,0.4832040136888199,0.7487243420117963,0.5543980811204221,925.0,9,915
2b_digital_strong,62,regular,0.1,100,4,0.05,1.0,9.0,0.1,10,20.0,0.5152661806396912,0.7600261942633536,0.635006230908447,247.0,12,907
2b_digital_strong,62,superintelligent,0.9,100,4,0.05,1.0,9.0,0.1,10,20.0,0.5152661806396912,0.7600261942633536,0.6279118934385189,109.0,13,910
2b_digital_strong,62,oracle,1.0,100,4,0.05,1.0,9.0,0.1,10,20.0,0.5152661806396912,0.7600261942633536,0.6279118934385189,108.0,13,910
2b_digital_strong,62,naive,0.009,100,4,0.05,1.0,9.0,0.1,10,20.0,0.5152661806396912,0.7600261942633536,0.635006230908447,856.0,12,904
2b_digital_strong,62,random,0.0009,100,4,0.05,1.0,9.0,0.1,10,20.0,0.5152661806396912,0.7600261942633536,0.635006230908447,1056.0,12,911
2b_digital_strong,63,regular,0.1,100,4,0.05,1.0,9.0,0.1,10,20.0,0.5205717265260451,0.7489153547258957,0.5627851722974151,134.0,8,875
2b_digital_strong,63,superintelligent,0.9,100,4,0.05,1.0,9.0,0.1,10,20.0,0.5205717265260451,0.7489153547258957,0.5627851722974151,46.0,8,914
2b_digital_strong,63,oracle,1.0,100,4,0.05,1.0,9.0,0.1,10,20.0,0.5205717265260451,0.7489153547258957,0.5627851722974151,46.0,8,914
2b_digital_strong,63,naive,0.009,100,4,0.05,1.0,9.0,0.1,10,20.0,0.5205717265260451,0.7489153547258957,0.5627851722974151,713.0,8,873
2b_digital_strong,63,random,0.0009,100,4,0.05,1.0,9.0,0.1,10,20.0,0.5205717265260451,0.7489153547258957,0.5596193837424494,972.0,7,899
2b_digital_strong,64,regular,0.1,100,4,0.05,1.0,9.0,0.1,10,20.0,0.5108553500352726,0.753711663385954,0.5535711628666844,141.0,8,688
2b_digital_strong,64,superintelligent,0.9,100,4,0.05,1.0,9.0,0.1,10,20.0,0.5108553500352726,0.753711663385954,0.5535711628666844,86.0,8,910
2b_digital_strong,64,oracle,1.0,100,4,0.05,1.0,9.0,0.1,10,20.0,0.5108553500352726,0.753711663385954,0.5535711628666844,84.0,8,910
2b_digital_strong,64,naive,0.009,100,4,0.05,1.0,9.0,0.1,10,20.0,0.5108553500352726,0.753711663385954,0.5428427148064139,717.0,5,871
2b_digital_strong,64,random,0.0009,100,4,0.05,1.0,9.0,0.1,10,20.0,0.5108553500352726,0.753711663385954,0.5254789312458702,974.0,3,876
2b_digital_strong,65,regular,0.1,100,4,0.05,1.0,9.0,0.1,10,20.0,0.4924981953207829,0.7575567259508443,0.5737131947621497,104.0,10,911
2b_digital_strong,65,superintelligent,0.9,100,4,0.05,1.0,9.0,0.1,10,20.0,0.4924981953207829,0.7575567259508443,0.5737131947621497,50.0,10,917
2b_digital_strong,65,oracle,1.0,100,4,0.05,1.0,9.0,0.1,10,20.0,0.4924981953207829,0.7575567259508443,0.5737131947621497,48.0,10,917
2b_digital_strong,65,naive,0.009,100,4,0.05,1.0,9.0,0.1,10,20.0,0.4924981953207829,0.7575567259508443,0.5589220010117775,723.0,11,891
2b_digital_strong,65,random,0.0009,100,4,0.05,1.0,9.0,0.1,10,20.0,0.4924981953207829,0.7575567259508443,0.5730131062208164,898.0,11,901
2b_digital_strong,66,regular,0.1,100,4,0.05,1.0,9.0,0.1,10,20.0,0.44887036514541684,0.7742622612726231,0.542620555230572,109.0,11,763
2b_digital_strong,66,superintelligent,0.9,100,4,0.05,1.0,9.0,0.1,10,20.0,0.44887036514541684,0.7742622612726231,0.542620555230572,32.0,11,910
2b_digital_strong,66,oracle,1.0,100,4,0.05,1.0,9.0,0.1,10,20.0,0.44887036514541684,0.7742622612726231,0.542620555230572,30.0,11,910
2b_digital_strong,66,naive,0.009,100,4,0.05,1.0,9.0,0.1,10,20.0,0.44887036514541684,0.7742622612726231,0.542620555230572,994.0,11,888
2b_digital_strong,66,random,0.0009,100,4,0.05,1.0,9.0,0.1,10,20.0,0.44887036514541684,0.7742622612726231,0.4992671634260042,790.0,10,853
2b_digital_strong,67,regular,0.1,100,4,0.05,1.0,9.0,0.1,10,20.0,0.48213239979301925,0.7657818539470939,0.5809005468653468,258.0,14,805
2b_digital_strong,67,superintelligent,0.9,100,4,0.05,1.0,9.0,0.1,10,20.0,0.48213239979301925,0.7657818539470939,0.5809005468653468,54.0,14,913
2b_digital_strong,67,oracle,1.0,100,4,0.05,1.0,9.0,0.1,10,20.0,0.48213239979301925,0.7657818539470939,0.5809005468653468,52.0,14,913
2b_digital_strong,67,naive,0.009,100,4,0.05,1.0,9.0,0.1,10,20.0,0.48213239979301925,0.7657818539470939,0.5824476665669731,1021.0,13,897
2b_digital_strong,67,random,0.0009,100,4,0.05,1.0,9.0,0.1,10,20.0,0.48213239979301925,0.7657818539470939,0.5526871316603823,995.0,12,909
2b_digital_strong,68,regular,0.1,100,4,0.05,1.0,9.0,0.1,10,20.0,0.49638684882589756,0.7580938868398073,0.5753289725858008,58.0,8,895
2b_digital_strong,68,superintelligent,0.9,100,4,0.05,1.0,9.0,0.1,10,20.0,0.49638684882589756,0.7580938868398073,0.5753289725858008,29.0,8,909
2b_digital_strong,68,oracle,1.0,100,4,0.05,1.0,9.0,0.1,10,20.0,0.49638684882589756,0.7580938868398073,0.5753289725858008,27.0,8,909
2b_digital_strong,68,naive,0.009,100,4,0.05,1.0,9.0,0.1,10,20.0,0.49638684882589756,0.7580938868398073,0.5727120591326502,704.0,7,811
2b_digital_strong,68,random,0.0009,100,4,0.05,1.0,9.0,0.1,10,20.0,0.49638684882589756,0.7580938868398073,0.5681697875283538,981.0,9,877
2b_digital_strong,69,regular,0.1,100,4,0.05,1.0,9.0,0.1,10,20.0,0.5518733116447622,0.7472979843143027,0.6043062554446057,96.0,8,849
2b_digital_strong,69,superintelligent,0.9,100,4,0.05,1.0,9.0,0.1,10,20.0,0.5518733116447622,0.7472979843143027,0.6125364179214171,49.0,11,914
2b_digital_strong,69,oracle,1.0,100,4,0.05,1.0,9.0,0.1,10,20.0,0.5518733116447622,0.7472979843143027,0.6125364179214171,49.0,11,914
2b_digital_strong,69,naive,0.009,100,4,0.05,1.0,9.0,0.1,10,20.0,0.5518733116447622,0.7472979843143027,0.6041776747044932,771.0,11,839
2b_digital_strong,69,random,0.0009,100,4,0.05,1.0,9.0,0.1,10,20.0,0.5518733116447622,0.7472979843143027,0.6061617915839872,1000.0,12,912
2b_digital_strong,70,regular,0.1,100,4,0.05,1.0,9.0,0.1,10,20.0,0.5118538255839202,0.7621394139066588,0.5947593188918924,151.0,12,881
2b_digital_strong,70,superintelligent,0.9,100,4,0.05,1.0,9.0,0.1,10,20.0,0.5118538255839202,0.7621394139066588,0.5947593188918924,51.0,12,911
2b_digital_strong,70,oracle,1.0,100,4,0.05,1.0,9.0,0.1,10,20.0,0.5118538255839202,0.7621394139066588,0.5947593188918924,50.0,12,911
2b_digital_strong,70,naive,0.009,100,4,0.05,1.0,9.0,0.1,10,20.0,0.5118538255839202,0.7621394139066588,0.593164304450521,986.0,15,889
2b_digital_strong,70,random,0.0009,100,4,0.05,1.0,9.0,0.1,10,20.0,0.5118538255839202,0.7621394139066588,0.5903068793712452,597.0,10,904
2b_digital_strong,71,regular,0.1,100,4,0.05,1.0,9.0,0.1,10,20.0,0.5139701810938101,0.7529447134196939,0.5605698148767809,129.0,6,909
2b_digital_strong,71,superintelligent,0.9,100,4,0.05,1.0,9.0,0.1,10,20.0,0.5139701810938101,0.7529447134196939,0.5605698148767809,45.0,6,911
2b_digital_strong,71,oracle,1.0,100,4,0.05,1.0,9.0,0.1,10,20.0,0.5139701810938101,0.7529447134196939,0.5605698148767809,44.0,6,911
2b_digital_strong,71,naive,0.009,100,4,0.05,1.0,9.0,0.1,10,20.0,0.5139701810938101,0.7529447134196939,0.5588617234756312,643.0,7,910
2b_digital_strong,71,random,0.0009,100,4,0.05,1.0,9.0,0.1,10,20.0,0.5139701810938101,0.7529447134196939,0.5561484899630608,939.0,6,885
2b_digital_strong,72,regular,0.1,100,4,0.05,1.0,9.0,0.1,10,20.0,0.5604953093689101,0.7634909172955865,0.6182462440586888,131.0,11,833
2b_digital_strong,72,superintelligent,0.9,100,4,0.05,1.0,9.0,0.1,10,20.0,0.5604953093689101,0.7634909172955865,0.6102856628183195,52.0,10,920
2b_digital_strong,72,oracle,1.0,100,4,0.05,1.0,9.0,0.1,10,20.0,0.5604953093689101,0.7634909172955865,0.6102856628183195,48.0,10,920
2b_digital_strong,72,naive,0.009,100,4,0.05,1.0,9.0,0.1,10,20.0,0.5604953093689101,0.7634909172955865,0.6182462440586888,678.0,11,874
2b_digital_strong,72,random,0.0009,100,4,0.05,1.0,9.0,0.1,10,20.0,0.5604953093689101,0.7634909172955865,0.6182462440586888,1017.0,11,919
2b_digital_strong,73,regular,0.1,100,4,0.05,1.0,9.0,0.1,10,20.0,0.507884629968023,0.7528788245677672,0.6273118103587871,242.0,14,910
2b_digital_strong,73,superintelligent,0.9,100,4,0.05,1.0,9.0,0.1,10,20.0,0.507884629968023,0.7528788245677672,0.6273118103587871,91.0,14,910
2b_digital_strong,73,oracle,1.0,100,4,0.05,1.0,9.0,0.1,10,20.0,0.507884629968023,0.7528788245677672,0.6273118103587871,90.0,14,910
2b_digital_strong,73,naive,0.009,100,4,0.05,1.0,9.0,0.1,10,20.0,0.507884629968023,0.7528788245677672,0.6273118103587871,840.0,14,793
2b_digital_strong,73,random,0.0009,100,4,0.05,1.0,9.0,0.1,10,20.0,0.507884629968023,0.7528788245677672,0.6017353866814241,1017.0,13,906
2b_digital_strong,74,regular,0.1,100,4,0.05,1.0,9.0,0.1,10,20.0,0.4795103707334406,0.7583038821457472,0.57485062795041,101.0,13,786
2b_digital_strong,74,superintelligent,0.9,100,4,0.05,1.0,9.0,0.1,10,20.0,0.4795103707334406,0.7583038821457472,0.57485062795041,33.0,13,911
2b_digital_strong,74,oracle,1.0,100,4,0.05,1.0,9.0,0.1,10,20.0,0.4795103707334406,0.7583038821457472,0.57485062795041,32.0,13,911
2b_digital_strong,74,naive,0.009,100,4,0.05,1.0,9.0,0.1,10,20.0,0.4795103707334406,0.7583038821457472,0.5610827575184895,642.0,14,902
2b_digital_strong,74,random,0.0009,100,4,0.05,1.0,9.0,0.1,10,20.0,0.4795103707334406,0.7583038821457472,0.5557904470283155,993.0,13,906
2b_digital_strong,75,regular,0.1,100,4,0.05,1.0,9.0,0.1,10,20.0,0.5195509696893476,0.749660332599074,0.583600913076604,92.0,5,831
2b_digital_strong,75,superintelligent,0.9,100,4,0.05,1.0,9.0,0.1,10,20.0,0.5195509696893476,0.749660332599074,0.583600913076604,25.0,5,911
2b_digital_strong,75,oracle,1.0,100,4,0.05,1.0,9.0,0.1,10,20.0,0.5195509696893476,0.749660332599074,0.583600913076604,24.0,5,911
2b_digital_strong,75,naive,0.009,100,4,0.05,1.0,9.0,0.1,10,20.0,0.5195509696893476,0.749660332599074,0.5800406211978355,843.0,5,762
2b_digital_strong,75,random,0.0009,100,4,0.05,1.0,9.0,0.1,10,20.0,0.5195509696893476,0.749660332599074,0.5800406211978355,922.0,5,868
2b_digital_strong,76,regular,0.1,100,4,0.05,1.0,9.0,0.1,10,20.0,0.49289492386241884,0.7454495284974456,0.5604470391691736,108.0,9,875
2b_digital_strong,76,superintelligent,0.9,100,4,0.05,1.0,9.0,0.1,10,20.0,0.49289492386241884,0.7454495284974456,0.5454181764198861,26.0,7,912
2b_digital_strong,76,oracle,1.0,100,4,0.05,1.0,9.0,0.1,10,20.0,0.49289492386241884,0.7454495284974456,0.5454181764198861,26.0,7,912
2b_digital_strong,76,naive,0.009,100,4,0.05,1.0,9.0,0.1,10,20.0,0.49289492386241884,0.7454495284974456,0.5427445260421631,637.0,9,826
2b_digital_strong,76,random,0.0009,100,4,0.05,1.0,9.0,0.1,10,20.0,0.49289492386241884,0.7454495284974456,0.5554406252503221,1021.0,10,897
2b_digital_strong,77,regular,0.1,100,4,0.05,1.0,9.0,0.1,10,20.0,0.5009222114737444,0.7735809293859015,0.582293775594216,120.0,10,829
2b_digital_strong,77,superintelligent,0.9,100,4,0.05,1.0,9.0,0.1,10,20.0,0.5009222114737444,0.7735809293859015,0.582293775594216,51.0,10,907
2b_digital_strong,77,oracle,1.0,100,4,0.05,1.0,9.0,0.1,10,20.0,0.5009222114737444,0.7735809293859015,0.582293775594216,48.0,10,907
2b_digital_strong,77,naive,0.009,100,4,0.05,1.0,9.0,0.1,10,20.0,0.5009222114737444,0.7735809293859015,0.582293775594216,677.0,10,882
2b_digital_strong,77,random,0.0009,100,4,0.05,1.0,9.0,0.1,10,20.0,0.5009222114737444,0.7735809293859015,0.6116100686920124,1037.0,11,893
2b_digital_strong,78,regular,0.1,100,4,0.05,1.0,9.0,0.1,10,20.0,0.5340341161551628,0.7475844175795382,0.6201015948096027,106.0,11,661
2b_digital_strong,78,superintelligent,0.9,100,4,0.05,1.0,9.0,0.1,10,20.0,0.5340341161551628,0.7475844175795382,0.6201015948096027,30.0,11,911
2b_digital_strong,78,oracle,1.0,100,4,0.05,1.0,9.0,0.1,10,20.0,0.5340341161551628,0.7475844175795382,0.6201015948096027,30.0,11,911
2b_digital_strong,78,naive,0.009,100,4,0.05,1.0,9.0,0.1,10,20.0,0.5340341161551628,0.7475844175795382,0.6043414594161708,936.0,9,832
2b_digital_strong,78,random,0.0009,100,4,0.05,1.0,9.0,0.1,10,20.0,0.5340341161551628,0.7475844175795382,0.6043414594161708,993.0,9,889
2b_digital_strong,79,regular,0.1,100,4,0.05,1.0,9.0,0.1,10,20.0,0.5180302521687807,0.7500380635949248,0.5520677767407394,158.0,8,713
2b_digital_strong,79,superintelligent,0.9,100,4,0.05,1.0,9.0,0.1,10,20.0,0.5180302521687807,0.7500380635949248,0.5520677767407394,66.0,8,914
2b_digital_strong,79,oracle,1.0,100,4,0.05,1.0,9.0,0.1,10,20.0,0.5180302521687807,0.7500380635949248,0.5520677767407394,65.0,8,914
2b_digital_strong,79,naive,0.009,100,4,0.05,1.0,9.0,0.1,10,20.0,0.5180302521687807,0.7500380635949248,0.5716525538994707,824.0,10,799
2b_digital_strong,79,random,0.0009,100,4,0.05,1.0,9.0,0.1,10,20.0,0.5180302521687807,0.7500380635949248,0.5418987902154444,921.0,8,905
2b_digital_strong,80,regular,0.1,100,4,0.05,1.0,9.0,0.1,10,20.0,0.5189512399757895,0.7428016662726484,0.5712083840345487,133.0,10,904
2b_digital_strong,80,superintelligent,0.9,100,4,0.05,1.0,9.0,0.1,10,20.0,0.5189512399757895,0.7428016662726484,0.5712083840345487,68.0,10,913
2b_digital_strong,80,oracle,1.0,100,4,0.05,1.0,9.0,0.1,10,20.0,0.5189512399757895,0.7428016662726484,0.5712083840345487,67.0,10,913
2b_digital_strong,80,naive,0.009,100,4,0.05,1.0,9.0,0.1,10,20.0,0.5189512399757895,0.7428016662726484,0.5675557080751495,652.0,10,866
2b_digital_strong,80,random,0.0009,100,4,0.05,1.0,9.0,0.1,10,20.0,0.5189512399757895,0.7428016662726484,0.5754595097977515,668.0,8,857
2b_digital_strong,81,regular,0.1,100,4,0.05,1.0,9.0,0.1,10,20.0,0.5143879998608561,0.7509703554570027,0.5703286419273558,174.0,11,889
2b_digital_strong,81,superintelligent,0.9,100,4,0.05,1.0,9.0,0.1,10,20.0,0.5143879998608561,0.7509703554570027,0.5703286419273558,68.0,11,914
2b_digital_strong,81,oracle,1.0,100,4,0.05,1.0,9.0,0.1,10,20.0,0.5143879998608561,0.7509703554570027,0.5703286419273558,68.0,11,914
2b_digital_strong,81,naive,0.009,100,4,0.05,1.0,9.0,0.1,10,20.0,0.5143879998608561,0.7509703554570027,0.5806211874963078,570.0,10,844
2b_digital_strong,81,random,0.0009,100,4,0.05,1.0,9.0,0.1,10,20.0,0.5143879998608561,0.7509703554570027,0.5806211874963078,944.0,10,830
2b_digital_strong,82,regular,0.1,100,4,0.05,1.0,9.0,0.1,10,20.0,0.4759692994810025,0.753051816995969,0.5544098732158516,188.0,15,719
2b_digital_strong,82,superintelligent,0.9,100,4,0.05,1.0,9.0,0.1,10,20.0,0.4759692994810025,0.753051816995969,0.5544098732158516,36.0,15,912
2b_digital_strong,82,oracle,1.0,100,4,0.05,1.0,9.0,0.1,10,20.0,0.4759692994810025,0.753051816995969,0.5544098732158516,34.0,15,912
2b_digital_strong,82,naive,0.009,100,4,0.05,1.0,9.0,0.1,10,20.0,0.4759692994810025,0.753051816995969,0.5595314356156369,942.0,14,911
2b_digital_strong,82,random,0.0009,100,4,0.05,1.0,9.0,0.1,10,20.0,0.4759692994810025,0.753051816995969,0.5485109945726732,803.0,12,873
2b_digital_strong,83,regular,0.1,100,4,0.05,1.0,9.0,0.1,10,20.0,0.5406917988908209,0.7531419810729746,0.5636974262954526,148.0,6,825
2b_digital_strong,83,superintelligent,0.9,100,4,0.05,1.0,9.0,0.1,10,20.0,0.5406917988908209,0.7531419810729746,0.5636974262954526,46.0,6,913
2b_digital_strong,83,oracle,1.0,100,4,0.05,1.0,9.0,0.1,10,20.0,0.5406917988908209,0.7531419810729746,0.5636974262954526,44.0,6,913
2b_digital_strong,83,naive,0.009,100,4,0.05,1.0,9.0,0.1,10,20.0,0.5406917988908209,0.7531419810729746,0.5636974262954526,384.0,6,905
2b_digital_strong,83,random,0.0009,100,4,0.05,1.0,9.0,0.1,10,20.0,0.5406917988908209,0.7531419810729746,0.5636974262954526,765.0,6,867
2b_digital_strong,84,regular,0.1,100,4,0.05,1.0,9.0,0.1,10,20.0,0.537659743654122,0.7518093303497685,0.5821709640988744,165.0,10,865
2b_digital_strong,84,superintelligent,0.9,100,4,0.05,1.0,9.0,0.1,10,20.0,0.537659743654122,0.7518093303497685,0.5821709640988744,48.0,10,913
2b_digital_strong,84,oracle,1.0,100,4,0.05,1.0,9.0,0.1,10,20.0,0.537659743654122,0.7518093303497685,0.5821709640988744,48.0,10,913
2b_digital_strong,84,naive,0.009,100,4,0.05,1.0,9.0,0.1,10,20.0,0.537659743654122,0.7518093303497685,0.5775112903876418,726.0,7,859
2b_digital_strong,84,random,0.0009,100,4,0.05,1.0,9.0,0.1,10,20.0,0.537659743654122,0.7518093303497685,0.5682157967418773,975.0,7,873
2b_digital_strong,85,regular,0.1,100,4,0.05,1.0,9.0,0.1,10,20.0,0.47577404954634434,0.7609713451148511,0.5242154439150978,100.0,8,843
2b_digital_strong,85,superintelligent,0.9,100,4,0.05,1.0,9.0,0.1,10,20.0,0.47577404954634434,0.7609713451148511,0.5242154439150978,48.0,8,912
2b_digital_strong,85,oracle,1.0,100,4,0.05,1.0,9.0,0.1,10,20.0,0.47577404954634434,0.7609713451148511,0.5242154439150978,46.0,8,912
2b_digital_strong,85,naive,0.009,100,4,0.05,1.0,9.0,0.1,10,20.0,0.47577404954634434,0.7609713451148511,0.525081824422627,488.0,7,905
2b_digital_strong,85,random,0.0009,100,4,0.05,1.0,9.0,0.1,10,20.0,0.47577404954634434,0.7609713451148511,0.525081824422627,841.0,7,907
2b_digital_strong,86,regular,0.1,100,4,0.05,1.0,9.0,0.1,10,20.0,0.4929326507067795,0.760422247643378,0.5489639015167247,125.0,10,885
2b_digital_strong,86,superintelligent,0.9,100,4,0.05,1.0,9.0,0.1,10,20.0,0.4929326507067795,0.760422247643378,0.5489639015167247,11.0,10,907
2b_digital_strong,86,oracle,1.0,100,4,0.05,1.0,9.0,0.1,10,20.0,0.4929326507067795,0.760422247643378,0.5489639015167247,10.0,10,907
2b_digital_strong,86,naive,0.009,100,4,0.05,1.0,9.0,0.1,10,20.0,0.4929326507067795,0.760422247643378,0.5489639015167247,825.0,10,818
2b_digital_strong,86,random,0.0009,100,4,0.05,1.0,9.0,0.1,10,20.0,0.4929326507067795,0.760422247643378,0.546358717493783,963.0,9,897
2b_digital_strong,87,regular,0.1,100,4,0.05,1.0,9.0,0.1,10,20.0,0.5615220504336305,0.7450524579181024,0.5963429429795502,79.0,6,916
2b_digital_strong,87,superintelligent,0.9,100,4,0.05,1.0,9.0,0.1,10,20.0,0.5615220504336305,0.7450524579181024,0.5963429429795502,25.0,6,916
2b_digital_strong,87,oracle,1.0,100,4,0.05,1.0,9.0,0.1,10,20.0,0.5615220504336305,0.7450524579181024,0.5963429429795502,25.0,6,916
2b_digital_strong,87,naive,0.009,100,4,0.05,1.0,9.0,0.1,10,20.0,0.5615220504336305,0.7450524579181024,0.5915619051148006,270.0,5,898
2b_digital_strong,87,random,0.0009,100,4,0.05,1.0,9.0,0.1,10,20.0,0.5615220504336305,0.7450524579181024,0.5708965534498276,920.0,5,915
2b_digital_strong,88,regular,0.1,100,4,0.05,1.0,9.0,0.1,10,20.0,0.510930100842632,0.7513028422986547,0.582456341825477,123.0,11,877
2b_digital_strong,88,superintelligent,0.9,100,4,0.05,1.0,9.0,0.1,10,20.0,0.510930100842632,0.7513028422986547,0.582456341825477,31.0,11,911
2b_digital_strong,88,oracle,1.0,100,4,0.05,1.0,9.0,0.1,10,20.0,0.510930100842632,0.7513028422986547,0.582456341825477,30.0,11,911
2b_digital_strong,88,naive,0.009,100,4,0.05,1.0,9.0,0.1,10,20.0,0.510930100842632,0.7513028422986547,0.5807007741478305,1002.0,11,912
2b_digital_strong,88,random,0.0009,100,4,0.05,1.0,9.0,0.1,10,20.0,0.510930100842632,0.7513028422986547,0.5711147565513968,966.0,8,889
2b_digital_strong,89,regular,0.1,100,4,0.05,1.0,9.0,0.1,10,20.0,0.4848208063046942,0.7562546182647699,0.5202497666747052,74.0,8,821
2b_digital_strong,89,superintelligent,0.9,100,4,0.05,1.0,9.0,0.1,10,20.0,0.4848208063046942,0.7562546182647699,0.5202497666747052,28.0,8,911
2b_digital_strong,89,oracle,1.0,100,4,0.05,1.0,9.0,0.1,10,20.0,0.4848208063046942,0.7562546182647699,0.5202497666747052,27.0,8,911
2b_digital_strong,89,naive,0.009,100,4,0.05,1.0,9.0,0.1,10,20.0,0.4848208063046942,0.7562546182647699,0.5184575462590005,474.0,8,845
2b_digital_strong,89,random,0.0009,100,4,0.05,1.0,9.0,0.1,10,20.0,0.4848208063046942,0.7562546182647699,0.5184575462590005,844.0,8,894
2b_digital_strong,90,regular,0.1,100,4,0.05,1.0,9.0,0.1,10,20.0,0.5404101036584917,0.7555081845032183,0.5982905839550869,175.0,13,875
2b_digital_strong,90,superintelligent,0.9,100,4,0.05,1.0,9.0,0.1,10,20.0,0.5404101036584917,0.7555081845032183,0.5982905839550869,53.0,13,912
2b_digital_strong,90,oracle,1.0,100,4,0.05,1.0,9.0,0.1,10,20.0,0.5404101036584917,0.7555081845032183,0.5982905839550869,51.0,13,912
2b_digital_strong,90,naive,0.009,100,4,0.05,1.0,9.0,0.1,10,20.0,0.5404101036584917,0.7555081845032183,0.5933026991441644,972.0,11,905
2b_digital_strong,90,random,0.0009,100,4,0.05,1.0,9.0,0.1,10,20.0,0.5404101036584917,0.7555081845032183,0.5845957799974638,1002.0,8,899
2b_digital_strong,91,regular,0.1,100,4,0.05,1.0,9.0,0.1,10,20.0,0.4825615995689161,0.7565160318324686,0.5416133880737086,152.0,10,714
2b_digital_strong,91,superintelligent,0.9,100,4,0.05,1.0,9.0,0.1,10,20.0,0.4825615995689161,0.7565160318324686,0.5416133880737086,67.0,10,912
2b_digital_strong,91,oracle,1.0,100,4,0.05,1.0,9.0,0.1,10,20.0,0.4825615995689161,0.7565160318324686,0.5416133880737086,67.0,10,912
2b_digital_strong,91,naive,0.009,100,4,0.05,1.0,9.0,0.1,10,20.0,0.4825615995689161,0.7565160318324686,0.5217895051117484,880.0,7,809
2b_digital_strong,91,random,0.0009,100,4,0.05,1.0,9.0,0.1,10,20.0,0.4825615995689161,0.7565160318324686,0.5366852062372152,981.0,9,907
2b_digital_strong,92,regular,0.1,100,4,0.05,1.0,9.0,0.1,10,20.0,0.5276154747103609,0.7615244199495859,0.5806080629037407,122.0,8,900
2b_digital_strong,92,superintelligent,0.9,100,4,0.05,1.0,9.0,0.1,10,20.0,0.5276154747103609,0.7615244199495859,0.5806080629037407,46.0,8,912
2b_digital_strong,92,oracle,1.0,100,4,0.05,1.0,9.0,0.1,10,20.0,0.5276154747103609,0.7615244199495859,0.5806080629037407,46.0,8,912
2b_digital_strong,92,naive,0.009,100,4,0.05,1.0,9.0,0.1,10,20.0,0.5276154747103609,0.7615244199495859,0.5811567644814318,726.0,7,786
2b_digital_strong,92,random,0.0009,100,4,0.05,1.0,9.0,0.1,10,20.0,0.5276154747103609,0.7615244199495859,0.5811567644814318,980.0,7,894
2b_digital_strong,93,regular,0.1,100,4,0.05,1.0,9.0,0.1,10,20.0,0.5170369549449262,0.7631929839282422,0.5658888487669117,115.0,7,852
2b_digital_strong,93,superintelligent,0.9,100,4,0.05,1.0,9.0,0.1,10,20.0,0.5170369549449262,0.7631929839282422,0.5658888487669117,64.0,7,908
2b_digital_strong,93,oracle,1.0,100,4,0.05,1.0,9.0,0.1,10,20.0,0.5170369549449262,0.7631929839282422,0.5658888487669117,64.0,7,908
2b_digital_strong,93,naive,0.009,100,4,0.05,1.0,9.0,0.1,10,20.0,0.5170369549449262,0.7631929839282422,0.5644336342404952,553.0,6,806
2b_digital_strong,93,random,0.0009,100,4,0.05,1.0,9.0,0.1,10,20.0,0.5170369549449262,0.7631929839282422,0.5589808594321818,616.0,5,879
2b_digital_strong,94,regular,0.1,100,4,0.05,1.0,9.0,0.1,10,20.0,0.47353282066585495,0.7640662603410763,0.5467390383926335,209.0,11,892
2b_digital_strong,94,superintelligent,0.9,100,4,0.05,1.0,9.0,0.1,10,20.0,0.47353282066585495,0.7640662603410763,0.5467390383926335,87.0,11,913
2b_digital_strong,94,oracle,1.0,100,4,0.05,1.0,9.0,0.1,10,20.0,0.47353282066585495,0.7640662603410763,0.5467390383926335,87.0,11,913
2b_digital_strong,94,naive,0.009,100,4,0.05,1.0,9.0,0.1,10,20.0,0.47353282066585495,0.7640662603410763,0.5470370819355448,1001.0,9,907
2b_digital_strong,94,random,0.0009,100,4,0.05,1.0,9.0,0.1,10,20.0,0.47353282066585495,0.7640662603410763,0.5188061570945458,762.0,7,766
2b_digital_strong,95,regular,0.1,100,4,0.05,1.0,9.0,0.1,10,20.0,0.5383255361499376,0.7455404187763381,0.5689690621255734,42.0,4,890
2b_digital_strong,95,superintelligent,0.9,100,4,0.05,1.0,9.0,0.1,10,20.0,0.5383255361499376,0.7455404187763381,0.5689690621255734,6.0,4,910
2b_digital_strong,95,oracle,1.0,100,4,0.05,1.0,9.0,0.1,10,20.0,0.5383255361499376,0.7455404187763381,0.5689690621255734,4.0,4,910
2b_digital_strong,95,naive,0.009,100,4,0.05,1.0,9.0,0.1,10,20.0,0.5383255361499376,0.7455404187763381,0.5689690621255734,304.0,4,874
2b_digital_strong,95,random,0.0009,100,4,0.05,1.0,9.0,0.1,10,20.0,0.5383255361499376,0.7455404187763381,0.5689690621255734,621.0,4,825
2b_digital_strong,96,regular,0.1,100,4,0.05,1.0,9.0,0.1,10,20.0,0.5229285818823088,0.7538610227293467,0.6154473962019729,189.0,13,893
2b_digital_strong,96,superintelligent,0.9,100,4,0.05,1.0,9.0,0.1,10,20.0,0.5229285818823088,0.7538610227293467,0.5970502150770762,12.0,9,910
2b_digital_strong,96,oracle,1.0,100,4,0.05,1.0,9.0,0.1,10,20.0,0.5229285818823088,0.7538610227293467,0.5970502150770762,9.0,9,910
2b_digital_strong,96,naive,0.009,100,4,0.05,1.0,9.0,0.1,10,20.0,0.5229285818823088,0.7538610227293467,0.6112644055821597,517.0,11,854
2b_digital_strong,96,random,0.0009,100,4,0.05,1.0,9.0,0.1,10,20.0,0.5229285818823088,0.7538610227293467,0.6154473962019729,931.0,13,882
2b_digital_strong,97,regular,0.1,100,4,0.05,1.0,9.0,0.1,10,20.0,0.5254619149463822,0.7541952241125546,0.5849743811517318,137.0,12,911
2b_digital_strong,97,superintelligent,0.9,100,4,0.05,1.0,9.0,0.1,10,20.0,0.5254619149463822,0.7541952241125546,0.5849743811517318,70.0,12,913
2b_digital_strong,97,oracle,1.0,100,4,0.05,1.0,9.0,0.1,10,20.0,0.5254619149463822,0.7541952241125546,0.5849743811517318,69.0,12,913
2b_digital_strong,97,naive,0.009,100,4,0.05,1.0,9.0,0.1,10,20.0,0.5254619149463822,0.7541952241125546,0.5833829854149996,748.0,11,916
2b_digital_strong,97,random,0.0009,100,4,0.05,1.0,9.0,0.1,10,20.0,0.5254619149463822,0.7541952241125546,0.5560416877869971,988.0,6,909
2b_digital_strong,98,regular,0.1,100,4,0.05,1.0,9.0,0.1,10,20.0,0.46716066388927574,0.7604268319517358,0.5244711536965483,79.0,6,896
2b_digital_strong,98,superintelligent,0.9,100,4,0.05,1.0,9.0,0.1,10,20.0,0.46716066388927574,0.7604268319517358,0.5244711536965483,25.0,6,913
2b_digital_strong,98,oracle,1.0,100,4,0.05,1.0,9.0,0.1,10,20.0,0.46716066388927574,0.7604268319517358,0.5244711536965483,25.0,6,913
2b_digital_strong,98,naive,0.009,100,4,0.05,1.0,9.0,0.1,10,20.0,0.46716066388927574,0.7604268319517358,0.5244711536965483,893.0,6,887
2b_digital_strong,98,random,0.0009,100,4,0.05,1.0,9.0,0.1,10,20.0,0.46716066388927574,0.7604268319517358,0.5244711536965483,956.0,6,817
2b_digital_strong,99,regular,0.1,100,4,0.05,1.0,9.0,0.1,10,20.0,0.49612443954513735,0.7677637091991277,0.5626835024637495,226.0,13,867
2b_digital_strong,99,superintelligent,0.9,100,4,0.05,1.0,9.0,0.1,10,20.0,0.49612443954513735,0.7677637091991277,0.5626835024637495,91.0,13,911
2b_digital_strong,99,oracle,1.0,100,4,0.05,1.0,9.0,0.1,10,20.0,0.49612443954513735,0.7677637091991277,0.5626835024637495,89.0,13,911
2b_digital_strong,99,naive,0.009,100,4,0.05,1.0,9.0,0.1,10,20.0,0.49612443954513735,0.7677637091991277,0.5626835024637495,793.0,13,891
2b_digital_strong,99,random,0.0009,100,4,0.05,1.0,9.0,0.1,10,20.0,0.49612443954513735,0.7677637091991277,0.5586999608902343,1013.0,12,910
3a_physical_weak,0,regular,0.1,100,6,0.05,100.0,9.0,0.1,0,1.0,0.527279392008792,0.7547889326685494,0.6417169681586397,11900.0,13,889
3a_physical_weak,0,superintelligent,0.9,100,6,0.05,100.0,9.0,0.1,0,1.0,0.527279392008792,0.7547889326685494,0.6417169681586397,1400.0,13,913
3a_physical_weak,0,oracle,1.0,100,6,0.05,100.0,9.0,0.1,0,1.0,0.527279392008792,0.7547889326685494,0.6417169681586397,1300.0,13,913
3a_physical_weak,0,naive,0.009,100,6,0.05,100.0,9.0,0.1,0,1.0,0.527279392008792,0.7547889326685494,0.5996533764169606,76700.0,8,897
3a_physical_weak,0,random,0.0009,100,6,0.05,100.0,9.0,0.1,0,1.0,0.527279392008792,0.7547889326685494,0.5994936968116762,85600.0,8,891
3a_physical_weak,1,regular,0.1,100,6,0.05,100.0,9.0,0.1,0,1.0,0.5044445683255685,0.7578858868299856,0.5654582161631029,12200.0,9,836
3a_physical_weak,1,superintelligent,0.9,100,6,0.05,100.0,9.0,0.1,0,1.0,0.5044445683255685,0.7578858868299856,0.5692801347095418,1200.0,10,912
3a_physical_weak,1,oracle,1.0,100,6,0.05,100.0,9.0,0.1,0,1.0,0.5044445683255685,0.7578858868299856,0.5692801347095418,1000.0,10,912
3a_physical_weak,1,naive,0.009,100,6,0.05,100.0,9.0,0.1,0,1.0,0.5044445683255685,0.7578858868299856,0.555243092737817,42500.0,8,896
3a_physical_weak,1,random,0.0009,100,6,0.05,100.0,9.0,0.1,0,1.0,0.5044445683255685,0.7578858868299856,0.5536113394344073,70700.0,7,813
3a_physical_weak,2,regular,0.1,100,6,0.05,100.0,9.0,0.1,0,1.0,0.47154158367453625,0.7595341461291277,0.5550930940862007,5800.0,7,910
3a_physical_weak,2,superintelligent,0.9,100,6,0.05,100.0,9.0,0.1,0,1.0,0.47154158367453625,0.7595341461291277,0.5550930940862007,700.0,7,913
3a_physical_weak,2,oracle,1.0,100,6,0.05,100.0,9.0,0.1,0,1.0,0.47154158367453625,0.7595341461291277,0.5550930940862007,700.0,7,913
3a_physical_weak,2,naive,0.009,100,6,0.05,100.0,9.0,0.1,0,1.0,0.47154158367453625,0.7595341461291277,0.5579439284773785,62200.0,10,860
3a_physical_weak,2,random,0.0009,100,6,0.05,100.0,9.0,0.1,0,1.0,0.47154158367453625,0.7595341461291277,0.5648372941212914,89900.0,10,889
3a_physical_weak,3,regular,0.1,100,6,0.05,100.0,9.0,0.1,0,1.0,0.4825252915728742,0.7398303158079123,0.598539027828266,10100.0,12,874
3a_physical_weak,3,superintelligent,0.9,100,6,0.05,100.0,9.0,0.1,0,1.0,0.4825252915728742,0.7398303158079123,0.5807380263037913,900.0,9,915
3a_physical_weak,3,oracle,1.0,100,6,0.05,100.0,9.0,0.1,0,1.0,0.4825252915728742,0.7398303158079123,0.5807380263037913,900.0,9,915
3a_physical_weak,3,naive,0.009,100,6,0.05,100.0,9.0,0.1,0,1.0,0.4825252915728742,0.7398303158079123,0.5860392826772906,78900.0,12,893
3a_physical_weak,3,random,0.0009,100,6,0.05,100.0,9.0,0.1,0,1.0,0.4825252915728742,0.7398303158079123,0.598539027828266,76200.0,12,901
3a_physical_weak,4,regular,0.1,100,6,0.05,100.0,9.0,0.1,0,1.0,0.5170182011271046,0.7584269746619903,0.5354283134287873,1600.0,2,879
3a_physical_weak,4,superintelligent,0.9,100,6,0.05,100.0,9.0,0.1,0,1.0,0.5170182011271046,0.7584269746619903,0.5354283134287873,200.0,2,909
3a_physical_weak,4,oracle,1.0,100,6,0.05,100.0,9.0,0.1,0,1.0,0.5170182011271046,0.7584269746619903,0.5354283134287873,200.0,2,909
3a_physical_weak,4,naive,0.009,100,6,0.05,100.0,9.0,0.1,0,1.0,0.5170182011271046,0.7584269746619903,0.5354283134287873,56400.0,2,860
3a_physical_weak,4,random,0.0009,100,6,0.05,100.0,9.0,0.1,0,1.0,0.5170182011271046,0.7584269746619903,0.5354283134287873,75100.0,2,888
3a_physical_weak,5,regular,0.1,100,6,0.05,100.0,9.0,0.1,0,1.0,0.5139460021239999,0.7679483607989468,0.5347938433640863,4100.0,3,847
3a_physical_weak,5,superintelligent,0.9,100,6,0.05,100.0,9.0,0.1,0,1.0,0.5139460021239999,0.7679483607989468,0.5347938433640863,300.0,3,909
3a_physical_weak,5,oracle,1.0,100,6,0.05,100.0,9.0,0.1,0,1.0,0.5139460021239999,0.7679483607989468,0.5347938433640863,300.0,3,909
3a_physical_weak,5,naive,0.009,100,6,0.05,100.0,9.0,0.1,0,1.0,0.5139460021239999,0.7679483607989468,0.5347938433640863,6800.0,3,848
3a_physical_weak,5,random,0.0009,100,6,0.05,100.0,9.0,0.1,0,1.0,0.5139460021239999,0.7679483607989468,0.5359065512501386,85400.0,5,863
3a_physical_weak,6,regular,0.1,100,6,0.05,100.0,9.0,0.1,0,1.0,0.4938562771524568,0.748745663509521,0.5915187107155213,13000.0,13,858
3a_physical_weak,6,superintelligent,0.9,100,6,0.05,100.0,9.0,0.1,0,1.0,0.4938562771524568,0.748745663509521,0.5915187107155213,1300.0,13,912
3a_physical_weak,6,oracle,1.0,100,6,0.05,100.0,9.0,0.1,0,1.0,0.4938562771524568,0.748745663509521,0.5915187107155213,1300.0,13,912
3a_physical_weak,6,naive,0.009,100,6,0.05,100.0,9.0,0.1,0,1.0,0.4938562771524568,0.748745663509521,0.5487284653634387,36700.0,6,810
3a_physical_weak,6,random,0.0009,100,6,0.05,100.0,9.0,0.1,0,1.0,0.4938562771524568,0.748745663509521,0.5415252412694787,84000.0,8,845
3a_physical_weak,7,regular,0.1,100,6,0.05,100.0,9.0,0.1,0,1.0,0.48907251362553544,0.7528260237575207,0.6181320418668297,13800.0,15,795
3a_physical_weak,7,superintelligent,0.9,100,6,0.05,100.0,9.0,0.1,0,1.0,0.48907251362553544,0.7528260237575207,0.6181320418668297,1800.0,15,912
3a_physical_weak,7,oracle,1.0,100,6,0.05,100.0,9.0,0.1,0,1.0,0.48907251362553544,0.7528260237575207,0.6181320418668297,1500.0,15,912
3a_physical_weak,7,naive,0.009,100,6,0.05,100.0,9.0,0.1,0,1.0,0.48907251362553544,0.7528260237575207,0.6006663429011653,90900.0,12,905
3a_physical_weak,7,random,0.0009,100,6,0.05,100.0,9.0,0.1,0,1.0,0.48907251362553544,0.7528260237575207,0.5366995985348211,81400.0,7,855
3a_physical_weak,8,regular,0.1,100,6,0.05,100.0,9.0,0.1,0,1.0,0.47361429814383543,0.7524335811568554,0.5812581029618549,15900.0,16,855
3a_physical_weak,8,superintelligent,0.9,100,6,0.05,100.0,9.0,0.1,0,1.0,0.47361429814383543,0.7524335811568554,0.5812581029618549,1800.0,16,911
3a_physical_weak,8,oracle,1.0,100,6,0.05,100.0,9.0,0.1,0,1.0,0.47361429814383543,0.7524335811568554,0.5812581029618549,1600.0,16,911
3a_physical_weak,8,naive,0.009,100,6,0.05,100.0,9.0,0.1,0,1.0,0.47361429814383543,0.7524335811568554,0.5664373567527161,89100.0,12,907
3a_physical_weak,8,random,0.0009,100,6,0.05,100.0,9.0,0.1,0,1.0,0.47361429814383543,0.7524335811568554,0.5636707796239229,89200.0,12,880
3a_physical_weak,9,regular,0.1,100,6,0.05,100.0,9.0,0.1,0,1.0,0.5403906532439202,0.7596110667118402,0.579656715544776,3700.0,6,897
3a_physical_weak,9,superintelligent,0.9,100,6,0.05,100.0,9.0,0.1,0,1.0,0.5403906532439202,0.7596110667118402,0.579656715544776,700.0,6,914
3a_physical_weak,9,oracle,1.0,100,6,0.05,100.0,9.0,0.1,0,1.0,0.5403906532439202,0.7596110667118402,0.579656715544776,600.0,6,914
3a_physical_weak,9,naive,0.009,100,6,0.05,100.0,9.0,0.1,0,1.0,0.5403906532439202,0.7596110667118402,0.5962883430600621,40400.0,7,797
3a_physical_weak,9,random,0.0009,100,6,0.05,100.0,9.0,0.1,0,1.0,0.5403906532439202,0.7596110667118402,0.5863622787524987,73700.0,7,897
3a_physical_weak,10,regular,0.1,100,6,0.05,100.0,9.0,0.1,0,1.0,0.5216431542807906,0.7584358234798656,0.5921500701154883,6500.0,8,879
3a_physical_weak,10,superintelligent,0.9,100,6,0.05,100.0,9.0,0.1,0,1.0,0.5216431542807906,0.7584358234798656,0.5921500701154883,800.0,8,913
3a_physical_weak,10,oracle,1.0,100,6,0.05,100.0,9.0,0.1,0,1.0,0.5216431542807906,0.7584358234798656,0.5921500701154883,800.0,8,913
3a_physical_weak,10,naive,0.009,100,6,0.05,100.0,9.0,0.1,0,1.0,0.5216431542807906,0.7584358234798656,0.5792169502218761,54400.0,6,912
3a_physical_weak,10,random,0.0009,100,6,0.05,100.0,9.0,0.1,0,1.0,0.5216431542807906,0.7584358234798656,0.5770500781691826,86800.0,8,908
3a_physical_weak,11,regular,0.1,100,6,0.05,100.0,9.0,0.1,0,1.0,0.48183313362020597,0.7476480958870575,0.6053030052370114,14500.0,12,917
3a_physical_weak,11,superintelligent,0.9,100,6,0.05,100.0,9.0,0.1,0,1.0,0.48183313362020597,0.7476480958870575,0.5987865293002099,1200.0,11,918
3a_physical_weak,11,oracle,1.0,100,6,0.05,100.0,9.0,0.1,0,1.0,0.48183313362020597,0.7476480958870575,0.5987865293002099,1100.0,11,918
3a_physical_weak,11,naive,0.009,100,6,0.05,100.0,9.0,0.1,0,1.0,0.48183313362020597,0.7476480958870575,0.5800747201647006,44900.0,10,916
3a_physical_weak,11,random,0.0009,100,6,0.05,100.0,9.0,0.1,0,1.0,0.48183313362020597,0.7476480958870575,0.6197625448765045,81600.0,18,913
3a_physical_weak,12,regular,0.1,100,6,0.05,100.0,9.0,0.1,0,1.0,0.507641399343591,0.7581066212913278,0.6165132368568265,14800.0,14,911
3a_physical_weak,12,superintelligent,0.9,100,6,0.05,100.0,9.0,0.1,0,1.0,0.507641399343591,0.7581066212913278,0.6165132368568265,1500.0,14,912
3a_physical_weak,12,oracle,1.0,100,6,0.05,100.0,9.0,0.1,0,1.0,0.507641399343591,0.7581066212913278,0.6165132368568265,1400.0,14,912
3a_physical_weak,12,naive,0.009,100,6,0.05,100.0,9.0,0.1,0,1.0,0.507641399343591,0.7581066212913278,0.6303319896995125,87200.0,15,893
3a_physical_weak,12,random,0.0009,100,6,0.05,100.0,9.0,0.1,0,1.0,0.507641399343591,0.7581066212913278,0.5973345120888963,89600.0,13,888
3a_physical_weak,13,regular,0.1,100,6,0.05,100.0,9.0,0.1,0,1.0,0.5198450541807738,0.7719543660318451,0.5901364953768717,7100.0,8,844
3a_physical_weak,13,superintelligent,0.9,100,6,0.05,100.0,9.0,0.1,0,1.0,0.5198450541807738,0.7719543660318451,0.5901364953768717,900.0,8,913
3a_physical_weak,13,oracle,1.0,100,6,0.05,100.0,9.0,0.1,0,1.0,0.5198450541807738,0.7719543660318451,0.5901364953768717,800.0,8,913
3a_physical_weak,13,naive,0.009,100,6,0.05,100.0,9.0,0.1,0,1.0,0.5198450541807738,0.7719543660318451,0.5899190657900379,49900.0,8,909
3a_physical_weak,13,random,0.0009,100,6,0.05,100.0,9.0,0.1,0,1.0,0.5198450541807738,0.7719543660318451,0.5646148351460302,88400.0,8,876
3a_physical_weak,14,regular,0.1,100,6,0.05,100.0,9.0,0.1,0,1.0,0.5112219885784993,0.7470752596035751,0.6420254683961569,11500.0,17,893
3a_physical_weak,14,superintelligent,0.9,100,6,0.05,100.0,9.0,0.1,0,1.0,0.5112219885784993,0.7470752596035751,0.6420254683961569,1700.0,17,920
3a_physical_weak,14,oracle,1.0,100,6,0.05,100.0,9.0,0.1,0,1.0,0.5112219885784993,0.7470752596035751,0.6420254683961569,1700.0,17,920
3a_physical_weak,14,naive,0.009,100,6,0.05,100.0,9.0,0.1,0,1.0,0.5112219885784993,0.7470752596035751,0.5964301613461725,78700.0,9,906
3a_physical_weak,14,random,0.0009,100,6,0.05,100.0,9.0,0.1,0,1.0,0.5112219885784993,0.7470752596035751,0.6080365850198365,93400.0,16,918
3a_physical_weak,15,regular,0.1,100,6,0.05,100.0,9.0,0.1,0,1.0,0.5090649398310749,0.7643004802344541,0.582798898130501,4700.0,7,832
3a_physical_weak,15,superintelligent,0.9,100,6,0.05,100.0,9.0,0.1,0,1.0,0.5090649398310749,0.7643004802344541,0.582798898130501,800.0,7,911
3a_physical_weak,15,oracle,1.0,100,6,0.05,100.0,9.0,0.1,0,1.0,0.5090649398310749,0.7643004802344541,0.582798898130501,700.0,7,911
3a_physical_weak,15,naive,0.009,100,6,0.05,100.0,9.0,0.1,0,1.0,0.5090649398310749,0.7643004802344541,0.582798898130501,43000.0,7,875
3a_physical_weak,15,random,0.0009,100,6,0.05,100.0,9.0,0.1,0,1.0,0.5090649398310749,0.7643004802344541,0.5805433991682601,78400.0,13,896
3a_physical_weak,16,regular,0.1,100,6,0.05,100.0,9.0,0.1,0,1.0,0.5030713633879711,0.7617363001854135,0.5627871042756433,6400.0,8,860
3a_physical_weak,16,superintelligent,0.9,100,6,0.05,100.0,9.0,0.1,0,1.0,0.5030713633879711,0.7617363001854135,0.5627871042756433,1200.0,8,910
3a_physical_weak,16,oracle,1.0,100,6,0.05,100.0,9.0,0.1,0,1.0,0.5030713633879711,0.7617363001854135,0.5627871042756433,800.0,8,910
3a_physical_weak,16,naive,0.009,100,6,0.05,100.0,9.0,0.1,0,1.0,0.5030713633879711,0.7617363001854135,0.5826102246899102,62300.0,9,866
3a_physical_weak,16,random,0.0009,100,6,0.05,100.0,9.0,0.1,0,1.0,0.5030713633879711,0.7617363001854135,0.5627871042756433,85800.0,8,899
3a_physical_weak,17,regular,0.1,100,6,0.05,100.0,9.0,0.1,0,1.0,0.49678992836735303,0.7473692484679991,0.5866936980149562,12000.0,9,882
3a_physical_weak,17,superintelligent,0.9,100,6,0.05,100.0,9.0,0.1,0,1.0,0.49678992836735303,0.7473692484679991,0.5866936980149562,900.0,9,911
3a_physical_weak,17,oracle,1.0,100,6,0.05,100.0,9.0,0.1,0,1.0,0.49678992836735303,0.7473692484679991,0.5866936980149562,900.0,9,911
3a_physical_weak,17,naive,0.009,100,6,0.05,100.0,9.0,0.1,0,1.0,0.49678992836735303,0.7473692484679991,0.5976867170656541,53800.0,9,881
3a_physical_weak,17,random,0.0009,100,6,0.05,100.0,9.0,0.1,0,1.0,0.49678992836735303,0.7473692484679991,0.5856787030504764,88700.0,9,896
3a_physical_weak,18,regular,0.1,100,6,0.05,100.0,9.0,0.1,0,1.0,0.4951007532896913,0.7521777236880456,0.5839509490728894,14000.0,14,904
3a_physical_weak,18,superintelligent,0.9,100,6,0.05,100.0,9.0,0.1,0,1.0,0.4951007532896913,0.7521777236880456,0.5781842289285585,1000.0,10,917
3a_physical_weak,18,oracle,1.0,100,6,0.05,100.0,9.0,0.1,0,1.0,0.4951007532896913,0.7521777236880456,0.5781842289285585,1000.0,10,917
3a_physical_weak,18,naive,0.009,100,6,0.05,100.0,9.0,0.1,0,1.0,0.4951007532896913,0.7521777236880456,0.5846246035815035,76600.0,13,873
3a_physical_weak,18,random,0.0009,100,6,0.05,100.0,9.0,0.1,0,1.0,0.4951007532896913,0.7521777236880456,0.5895030923115345,90600.0,11,895
3a_physical_weak,19,regular,0.1,100,6,0.05,100.0,9.0,0.1,0,1.0,0.48998240440172786,0.7570284755213297,0.5603467176438357,7000.0,7,857
3a_physical_weak,19,superintelligent,0.9,100,6,0.05,100.0,9.0,0.1,0,1.0,0.48998240440172786,0.7570284755213297,0.5603467176438357,700.0,7,912
3a_physical_weak,19,oracle,1.0,100,6,0.05,100.0,9.0,0.1,0,1.0,0.48998240440172786,0.7570284755213297,0.5603467176438357,700.0,7,912
3a_physical_weak,19,naive,0.009,100,6,0.05,100.0,9.0,0.1,0,1.0,0.48998240440172786,0.7570284755213297,0.5603467176438357,48100.0,7,876
3a_physical_weak,19,random,0.0009,100,6,0.05,100.0,9.0,0.1,0,1.0,0.48998240440172786,0.7570284755213297,0.5567184402842712,85000.0,12,845
3a_physical_weak,20,regular,0.1,100,6,0.05,100.0,9.0,0.1,0,1.0,0.5401517339625537,0.7421906550537146,0.5513414931578862,2200.0,2,897
3a_physical_weak,20,superintelligent,0.9,100,6,0.05,100.0,9.0,0.1,0,1.0,0.5401517339625537,0.7421906550537146,0.5513414931578862,200.0,2,914
3a_physical_weak,20,oracle,1.0,100,6,0.05,100.0,9.0,0.1,0,1.0,0.5401517339625537,0.7421906550537146,0.5513414931578862,200.0,2,914
3a_physical_weak,20,naive,0.009,100,6,0.05,100.0,9.0,0.1,0,1.0,0.5401517339625537,0.7421906550537146,0.5513414931578862,6600.0,2,744
3a_physical_weak,20,random,0.0009,100,6,0.05,100.0,9.0,0.1,0,1.0,0.5401517339625537,0.7421906550537146,0.5513414931578862,58400.0,2,729
3a_physical_weak,21,regular,0.1,100,6,0.05,100.0,9.0,0.1,0,1.0,0.45179503243129615,0.7653408621897123,0.5823616349315678,10600.0,18,864
3a_physical_weak,21,superintelligent,0.9,100,6,0.05,100.0,9.0,0.1,0,1.0,0.45179503243129615,0.7653408621897123,0.5823616349315678,1800.0,18,910
3a_physical_weak,21,oracle,1.0,100,6,0.05,100.0,9.0,0.1,0,1.0,0.45179503243129615,0.7653408621897123,0.5823616349315678,1800.0,18,910
3a_physical_weak,21,naive,0.009,100,6,0.05,100.0,9.0,0.1,0,1.0,0.45179503243129615,0.7653408621897123,0.5656952758281381,88700.0,14,898
3a_physical_weak,21,random,0.0009,100,6,0.05,100.0,9.0,0.1,0,1.0,0.45179503243129615,0.7653408621897123,0.5535687052260356,83100.0,10,870
3a_physical_weak,22,regular,0.1,100,6,0.05,100.0,9.0,0.1,0,1.0,0.4668153985408941,0.7621853101133631,0.559387288639895,14800.0,13,878
3a_physical_weak,22,superintelligent,0.9,100,6,0.05,100.0,9.0,0.1,0,1.0,0.4668153985408941,0.7621853101133631,0.559387288639895,1300.0,13,913
3a_physical_weak,22,oracle,1.0,100,6,0.05,100.0,9.0,0.1,0,1.0,0.4668153985408941,0.7621853101133631,0.559387288639895,1300.0,13,913
3a_physical_weak,22,naive,0.009,100,6,0.05,100.0,9.0,0.1,0,1.0,0.4668153985408941,0.7621853101133631,0.5482980483370529,77200.0,13,857
3a_physical_weak,22,random,0.0009,100,6,0.05,100.0,9.0,0.1,0,1.0,0.4668153985408941,0.7621853101133631,0.5478873069320289,92000.0,12,908
3a_physical_weak,23,regular,0.1,100,6,0.05,100.0,9.0,0.1,0,1.0,0.49432932283748743,0.7515812961979464,0.5869891394545392,5300.0,8,882
3a_physical_weak,23,superintelligent,0.9,100,6,0.05,100.0,9.0,0.1,0,1.0,0.49432932283748743,0.7515812961979464,0.5869891394545392,800.0,8,913
3a_physical_weak,23,oracle,1.0,100,6,0.05,100.0,9.0,0.1,0,1.0,0.49432932283748743,0.7515812961979464,0.5869891394545392,800.0,8,913
3a_physical_weak,23,naive,0.009,100,6,0.05,100.0,9.0,0.1,0,1.0,0.49432932283748743,0.7515812961979464,0.5753770612954354,55900.0,9,906
3a_physical_weak,23,random,0.0009,100,6,0.05,100.0,9.0,0.1,0,1.0,0.49432932283748743,0.7515812961979464,0.5644963281248323,84400.0,9,908
3a_physical_weak,24,regular,0.1,100,6,0.05,100.0,9.0,0.1,0,1.0,0.5656293577310801,0.7542400074117197,0.5963213470080866,6600.0,7,912
3a_physical_weak,24,superintelligent,0.9,100,6,0.05,100.0,9.0,0.1,0,1.0,0.5656293577310801,0.7542400074117197,0.5963213470080866,900.0,7,914
3a_physical_weak,24,oracle,1.0,100,6,0.05,100.0,9.0,0.1,0,1.0,0.5656293577310801,0.7542400074117197,0.5963213470080866,700.0,7,914
3a_physical_weak,24,naive,0.009,100,6,0.05,100.0,9.0,0.1,0,1.0,0.5656293577310801,0.7542400074117197,0.5963213470080866,35600.0,7,767
3a_physical_weak,24,random,0.0009,100,6,0.05,100.0,9.0,0.1,0,1.0,0.5656293577310801,0.7542400074117197,0.5898397607817304,87400.0,5,880
3a_physical_weak,25,regular,0.1,100,6,0.05,100.0,9.0,0.1,0,1.0,0.5113218966078922,0.752871779263852,0.6041936457428806,9700.0,13,813
3a_physical_weak,25,superintelligent,0.9,100,6,0.05,100.0,9.0,0.1,0,1.0,0.5113218966078922,0.752871779263852,0.6041936457428806,1300.0,13,916
3a_physical_weak,25,oracle,1.0,100,6,0.05,100.0,9.0,0.1,0,1.0,0.5113218966078922,0.752871779263852,0.6041936457428806,1300.0,13,916
3a_physical_weak,25,naive,0.009,100,6,0.05,100.0,9.0,0.1,0,1.0,0.5113218966078922,0.752871779263852,0.5768953958623758,64100.0,9,902
3a_physical_weak,25,random,0.0009,100,6,0.05,100.0,9.0,0.1,0,1.0,0.5113218966078922,0.752871779263852,0.5850005447726372,91800.0,11,911
3a_physical_weak,26,regular,0.1,100,6,0.05,100.0,9.0,0.1,0,1.0,0.5438663296809759,0.7493893262549073,0.6036412221134715,2700.0,5,883
3a_physical_weak,26,superintelligent,0.9,100,6,0.05,100.0,9.0,0.1,0,1.0,0.5438663296809759,0.7493893262549073,0.6036412221134715,500.0,5,917
3a_physical_weak,26,oracle,1.0,100,6,0.05,100.0,9.0,0.1,0,1.0,0.5438663296809759,0.7493893262549073,0.6036412221134715,500.0,5,917
3a_physical_weak,26,naive,0.009,100,6,0.05,100.0,9.0,0.1,0,1.0,0.5438663296809759,0.7493893262549073,0.5964820511526647,56900.0,6,894
3a_physical_weak,26,random,0.0009,100,6,0.05,100.0,9.0,0.1,0,1.0,0.5438663296809759,0.7493893262549073,0.5916041679103674,77100.0,7,851
3a_physical_weak,27,regular,0.1,100,6,0.05,100.0,9.0,0.1,0,1.0,0.5225743219573673,0.7661831145539614,0.583362128566133,10900.0,9,898
3a_physical_weak,27,superintelligent,0.9,100,6,0.05,100.0,9.0,0.1,0,1.0,0.5225743219573673,0.7661831145539614,0.5848088597130292,1000.0,10,910
3a_physical_weak,27,oracle,1.0,100,6,0.05,100.0,9.0,0.1,0,1.0,0.5225743219573673,0.7661831145539614,0.5848088597130292,1000.0,10,910
3a_physical_weak,27,naive,0.009,100,6,0.05,100.0,9.0,0.1,0,1.0,0.5225743219573673,0.7661831145539614,0.5826381684926158,26200.0,7,899
3a_physical_weak,27,random,0.0009,100,6,0.05,100.0,9.0,0.1,0,1.0,0.5225743219573673,0.7661831145539614,0.5765001692291967,83600.0,7,856
3a_physical_weak,28,regular,0.1,100,6,0.05,100.0,9.0,0.1,0,1.0,0.5161987195827971,0.7551201397162024,0.5603525535605578,4700.0,4,900
3a_physical_weak,28,superintelligent,0.9,100,6,0.05,100.0,9.0,0.1,0,1.0,0.5161987195827971,0.7551201397162024,0.5603525535605578,400.0,4,914
3a_physical_weak,28,oracle,1.0,100,6,0.05,100.0,9.0,0.1,0,1.0,0.5161987195827971,0.7551201397162024,0.5603525535605578,400.0,4,914
3a_physical_weak,28,naive,0.009,100,6,0.05,100.0,9.0,0.1,0,1.0,0.5161987195827971,0.7551201397162024,0.5603525535605578,17100.0,4,841
3a_physical_weak,28,random,0.0009,100,6,0.05,100.0,9.0,0.1,0,1.0,0.5161987195827971,0.7551201397162024,0.5603525535605578,69900.0,4,863
3a_physical_weak,29,regular,0.1,100,6,0.05,100.0,9.0,0.1,0,1.0,0.5268628438953578,0.7527154402005908,0.5626338928921579,3000.0,4,737
3a_physical_weak,29,superintelligent,0.9,100,6,0.05,100.0,9.0,0.1,0,1.0,0.5268628438953578,0.7527154402005908,0.5626338928921579,400.0,4,915
3a_physical_weak,29,oracle,1.0,100,6,0.05,100.0,9.0,0.1,0,1.0,0.5268628438953578,0.7527154402005908,0.5626338928921579,400.0,4,915
3a_physical_weak,29,naive,0.009,100,6,0.05,100.0,9.0,0.1,0,1.0,0.5268628438953578,0.7527154402005908,0.565386330941097,60100.0,7,856
3a_physical_weak,29,random,0.0009,100,6,0.05,100.0,9.0,0.1,0,1.0,0.5268628438953578,0.7527154402005908,0.5652216910496416,77700.0,7,802
3a_physical_weak,30,regular,0.1,100,6,0.05,100.0,9.0,0.1,0,1.0,0.42457441819660807,0.765570939730785,0.5823315121786614,22600.0,17,803
3a_physical_weak,30,superintelligent,0.9,100,6,0.05,100.0,9.0,0.1,0,1.0,0.42457441819660807,0.765570939730785,0.5955346952395886,1900.0,19,909
3a_physical_weak,30,oracle,1.0,100,6,0.05,100.0,9.0,0.1,0,1.0,0.42457441819660807,0.765570939730785,0.5955346952395886,1900.0,19,909
3a_physical_weak,30,naive,0.009,100,6,0.05,100.0,9.0,0.1,0,1.0,0.42457441819660807,0.765570939730785,0.558815277245371,82400.0,18,854
3a_physical_weak,30,random,0.0009,100,6,0.05,100.0,9.0,0.1,0,1.0,0.42457441819660807,0.765570939730785,0.5489305086983666,91000.0,18,892
3a_physical_weak,31,regular,0.1,100,6,0.05,100.0,9.0,0.1,0,1.0,0.4541211158024605,0.7631849294262393,0.5584843819722121,13200.0,10,843
3a_physical_weak,31,superintelligent,0.9,100,6,0.05,100.0,9.0,0.1,0,1.0,0.4541211158024605,0.7631849294262393,0.5584843819722121,1100.0,10,916
3a_physical_weak,31,oracle,1.0,100,6,0.05,100.0,9.0,0.1,0,1.0,0.4541211158024605,0.7631849294262393,0.5584843819722121,1000.0,10,916
3a_physical_weak,31,naive,0.009,100,6,0.05,100.0,9.0,0.1,0,1.0,0.4541211158024605,0.7631849294262393,0.5870901405745959,57300.0,11,867
3a_physical_weak,31,random,0.0009,100,6,0.05,100.0,9.0,0.1,0,1.0,0.4541211158024605,0.7631849294262393,0.5763135293950153,92000.0,14,909
3a_physical_weak,32,regular,0.1,100,6,0.05,100.0,9.0,0.1,0,1.0,0.499585214887732,0.7572267189023519,0.5674926261643366,4900.0,10,875
3a_physical_weak,32,superintelligent,0.9,100,6,0.05,100.0,9.0,0.1,0,1.0,0.499585214887732,0.7572267189023519,0.5901975119486889,900.0,8,915
3a_physical_weak,32,oracle,1.0,100,6,0.05,100.0,9.0,0.1,0,1.0,0.499585214887732,0.7572267189023519,0.5901975119486889,800.0,8,915
3a_physical_weak,32,naive,0.009,100,6,0.05,100.0,9.0,0.1,0,1.0,0.499585214887732,0.7572267189023519,0.5828826882373086,71100.0,9,863
3a_physical_weak,32,random,0.0009,100,6,0.05,100.0,9.0,0.1,0,1.0,0.499585214887732,0.7572267189023519,0.5777833008065487,91600.0,12,912
3a_physical_weak,33,regular,0.1,100,6,0.05,100.0,9.0,0.1,0,1.0,0.5511271887600457,0.7502986787547744,0.602468518070906,7700.0,7,822
3a_physical_weak,33,superintelligent,0.9,100,6,0.05,100.0,9.0,0.1,0,1.0,0.5511271887600457,0.7502986787547744,0.602468518070906,900.0,7,913
3a_physical_weak,33,oracle,1.0,100,6,0.05,100.0,9.0,0.1,0,1.0,0.5511271887600457,0.7502986787547744,0.602468518070906,700.0,7,913
3a_physical_weak,33,naive,0.009,100,6,0.05,100.0,9.0,0.1,0,1.0,0.5511271887600457,0.7502986787547744,0.5760826589531066,10100.0,3,775
3a_physical_weak,33,random,0.0009,100,6,0.05,100.0,9.0,0.1,0,1.0,0.5511271887600457,0.7502986787547744,0.5857222950097746,87700.0,6,889
3a_physical_weak,34,regular,0.1,100,6,0.05,100.0,9.0,0.1,0,1.0,0.47183465754265386,0.7497156452380013,0.5892066811178636,13900.0,14,896
3a_physical_weak,34,superintelligent,0.9,100,6,0.05,100.0,9.0,0.1,0,1.0,0.47183465754265386,0.7497156452380013,0.6071990589232714,2000.0,19,911
3a_physical_weak,34,oracle,1.0,100,6,0.05,100.0,9.0,0.1,0,1.0,0.47183465754265386,0.7497156452380013,0.6071990589232714,1900.0,19,911
3a_physical_weak,34,naive,0.009,100,6,0.05,100.0,9.0,0.1,0,1.0,0.47183465754265386,0.7497156452380013,0.6069657758999693,65100.0,18,885
3a_physical_weak,34,random,0.0009,100,6,0.05,100.0,9.0,0.1,0,1.0,0.47183465754265386,0.7497156452380013,0.5771907101464773,87200.0,13,910
3a_physical_weak,35,regular,0.1,100,6,0.05,100.0,9.0,0.1,0,1.0,0.5128054301835219,0.7572039345935956,0.5622358661097796,7400.0,4,853
3a_physical_weak,35,superintelligent,0.9,100,6,0.05,100.0,9.0,0.1,0,1.0,0.5128054301835219,0.7572039345935956,0.5622358661097796,500.0,4,915
3a_physical_weak,35,oracle,1.0,100,6,0.05,100.0,9.0,0.1,0,1.0,0.5128054301835219,0.7572039345935956,0.5622358661097796,400.0,4,915
3a_physical_weak,35,naive,0.009,100,6,0.05,100.0,9.0,0.1,0,1.0,0.5128054301835219,0.7572039345935956,0.5622358661097796,47100.0,4,869
3a_physical_weak,35,random,0.0009,100,6,0.05,100.0,9.0,0.1,0,1.0,0.5128054301835219,0.7572039345935956,0.5622358661097796,78500.0,4,837
3a_physical_weak,36,regular,0.1,100,6,0.05,100.0,9.0,0.1,0,1.0,0.4975342039068609,0.749533585813025,0.543398686410671,2900.0,6,905
3a_physical_weak,36,superintelligent,0.9,100,6,0.05,100.0,9.0,0.1,0,1.0,0.4975342039068609,0.749533585813025,0.543398686410671,600.0,6,912
3a_physical_weak,36,oracle,1.0,100,6,0.05,100.0,9.0,0.1,0,1.0,0.4975342039068609,0.749533585813025,0.543398686410671,600.0,6,912
3a_physical_weak,36,naive,0.009,100,6,0.05,100.0,9.0,0.1,0,1.0,0.4975342039068609,0.749533585813025,0.5635778322975545,68800.0,10,815
3a_physical_weak,36,random,0.0009,100,6,0.05,100.0,9.0,0.1,0,1.0,0.4975342039068609,0.749533585813025,0.5386336725426053,77200.0,5,861
3a_physical_weak,37,regular,0.1,100,6,0.05,100.0,9.0,0.1,0,1.0,0.4679357933590203,0.745701340063226,0.5734531980610221,14100.0,13,811
3a_physical_weak,37,superintelligent,0.9,100,6,0.05,100.0,9.0,0.1,0,1.0,0.4679357933590203,0.745701340063226,0.5771940156939658,1300.0,13,911
3a_physical_weak,37,oracle,1.0,100,6,0.05,100.0,9.0,0.1,0,1.0,0.4679357933590203,0.745701340063226,0.5771940156939658,1300.0,13,911
3a_physical_weak,37,naive,0.009,100,6,0.05,100.0,9.0,0.1,0,1.0,0.4679357933590203,0.745701340063226,0.565002259962954,37900.0,8,895
3a_physical_weak,37,random,0.0009,100,6,0.05,100.0,9.0,0.1,0,1.0,0.4679357933590203,0.745701340063226,0.5678946852831189,74100.0,12,905
3a_physical_weak,38,regular,0.1,100,6,0.05,100.0,9.0,0.1,0,1.0,0.5389550763669386,0.7647272343037756,0.5767296180505287,2000.0,4,774
3a_physical_weak,38,superintelligent,0.9,100,6,0.05,100.0,9.0,0.1,0,1.0,0.5389550763669386,0.7647272343037756,0.5767296180505287,400.0,4,908
3a_physical_weak,38,oracle,1.0,100,6,0.05,100.0,9.0,0.1,0,1.0,0.5389550763669386,0.7647272343037756,0.5767296180505287,400.0,4,908
3a_physical_weak,38,naive,0.009,100,6,0.05,100.0,9.0,0.1,0,1.0,0.5389550763669386,0.7647272343037756,0.5767296180505287,39600.0,4,875
3a_physical_weak,38,random,0.0009,100,6,0.05,100.0,9.0,0.1,0,1.0,0.5389550763669386,0.7647272343037756,0.5767296180505287,54700.0,4,725
3a_physical_weak,39,regular,0.1,100,6,0.05,100.0,9.0,0.1,0,1.0,0.5288908547652656,0.7530666257899588,0.5972653133427387,5200.0,8,913
3a_physical_weak,39,superintelligent,0.9,100,6,0.05,100.0,9.0,0.1,0,1.0,0.5288908547652656,0.7530666257899588,0.5972653133427387,900.0,8,913
3a_physical_weak,39,oracle,1.0,100,6,0.05,100.0,9.0,0.1,0,1.0,0.5288908547652656,0.7530666257899588,0.5972653133427387,800.0,8,913
3a_physical_weak,39,naive,0.009,100,6,0.05,100.0,9.0,0.1,0,1.0,0.5288908547652656,0.7530666257899588,0.5805128974620808,78000.0,7,908
3a_physical_weak,39,random,0.0009,100,6,0.05,100.0,9.0,0.1,0,1.0,0.5288908547652656,0.7530666257899588,0.5831882978353014,87200.0,7,865
3a_physical_weak,40,regular,0.1,100,6,0.05,100.0,9.0,0.1,0,1.0,0.4375851965380142,0.7525471317845697,0.5590781145948445,10800.0,11,873
3a_physical_weak,40,superintelligent,0.9,100,6,0.05,100.0,9.0,0.1,0,1.0,0.4375851965380142,0.7525471317845697,0.5590781145948445,1300.0,11,909
3a_physical_weak,40,oracle,1.0,100,6,0.05,100.0,9.0,0.1,0,1.0,0.4375851965380142,0.7525471317845697,0.5590781145948445,1100.0,11,909
3a_physical_weak,40,naive,0.009,100,6,0.05,100.0,9.0,0.1,0,1.0,0.4375851965380142,0.7525471317845697,0.5521668718961745,67300.0,10,700
3a_physical_weak,40,random,0.0009,100,6,0.05,100.0,9.0,0.1,0,1.0,0.4375851965380142,0.7525471317845697,0.5584143644619446,70900.0,12,893
3a_physical_weak,41,regular,0.1,100,6,0.05,100.0,9.0,0.1,0,1.0,0.4362085829844808,0.7530596760218878,0.5622018591178749,11600.0,12,903
3a_physical_weak,41,superintelligent,0.9,100,6,0.05,100.0,9.0,0.1,0,1.0,0.4362085829844808,0.7530596760218878,0.5662335038241891,1400.0,14,911
3a_physical_weak,41,oracle,1.0,100,6,0.05,100.0,9.0,0.1,0,1.0,0.4362085829844808,0.7530596760218878,0.5662335038241891,1400.0,14,911
3a_physical_weak,41,naive,0.009,100,6,0.05,100.0,9.0,0.1,0,1.0,0.4362085829844808,0.7530596760218878,0.5363308696836868,92400.0,17,907
3a_physical_weak,41,random,0.0009,100,6,0.05,100.0,9.0,0.1,0,1.0,0.4362085829844808,0.7530596760218878,0.5568728911425951,86500.0,17,885
3a_physical_weak,42,regular,0.1,100,6,0.05,100.0,9.0,0.1,0,1.0,0.49214417043482167,0.7457718931610543,0.5939121952705454,10600.0,10,918
3a_physical_weak,42,superintelligent,0.9,100,6,0.05,100.0,9.0,0.1,0,1.0,0.49214417043482167,0.7457718931610543,0.5939121952705454,1100.0,10,918
3a_physical_weak,42,oracle,1.0,100,6,0.05,100.0,9.0,0.1,0,1.0,0.49214417043482167,0.7457718931610543,0.5939121952705454,1000.0,10,918
3a_physical_weak,42,naive,0.009,100,6,0.05,100.0,9.0,0.1,0,1.0,0.49214417043482167,0.7457718931610543,0.5939121952705454,50500.0,10,794
3a_physical_weak,42,random,0.0009,100,6,0.05,100.0,9.0,0.1,0,1.0,0.49214417043482167,0.7457718931610543,0.5771738041960409,90200.0,10,916
3a_physical_weak,43,regular,0.1,100,6,0.05,100.0,9.0,0.1,0,1.0,0.4722506724606594,0.752964122820798,0.5663556791161196,8700.0,9,792
3a_physical_weak,43,superintelligent,0.9,100,6,0.05,100.0,9.0,0.1,0,1.0,0.4722506724606594,0.752964122820798,0.5682150488788986,900.0,8,914
3a_physical_weak,43,oracle,1.0,100,6,0.05,100.0,9.0,0.1,0,1.0,0.4722506724606594,0.752964122820798,0.5682150488788986,800.0,8,914
3a_physical_weak,43,naive,0.009,100,6,0.05,100.0,9.0,0.1,0,1.0,0.4722506724606594,0.752964122820798,0.5682150488788986,36100.0,8,847
3a_physical_weak,43,random,0.0009,100,6,0.05,100.0,9.0,0.1,0,1.0,0.4722506724606594,0.752964122820798,0.5554746280100934,64000.0,11,827
3a_physical_weak,44,regular,0.1,100,6,0.05,100.0,9.0,0.1,0,1.0,0.5415971178479696,0.76255514595369,0.606295880627462,9800.0,9,888
3a_physical_weak,44,superintelligent,0.9,100,6,0.05,100.0,9.0,0.1,0,1.0,0.5415971178479696,0.76255514595369,0.606295880627462,900.0,9,913
3a_physical_weak,44,oracle,1.0,100,6,0.05,100.0,9.0,0.1,0,1.0,0.5415971178479696,0.76255514595369,0.606295880627462,900.0,9,913
3a_physical_weak,44,naive,0.009,100,6,0.05,100.0,9.0,0.1,0,1.0,0.5415971178479696,0.76255514595369,0.6084168343548488,35200.0,7,862
3a_physical_weak,44,random,0.0009,100,6,0.05,100.0,9.0,0.1,0,1.0,0.5415971178479696,0.76255514595369,0.6061453267002421,79500.0,7,907
3a_physical_weak,45,regular,0.1,100,6,0.05,100.0,9.0,0.1,0,1.0,0.4682112296347576,0.7628014394592288,0.5501274339249154,8100.0,10,831
3a_physical_weak,45,superintelligent,0.9,100,6,0.05,100.0,9.0,0.1,0,1.0,0.4682112296347576,0.7628014394592288,0.5501274339249154,1200.0,10,908
3a_physical_weak,45,oracle,1.0,100,6,0.05,100.0,9.0,0.1,0,1.0,0.4682112296347576,0.7628014394592288,0.5501274339249154,1000.0,10,908
3a_physical_weak,45,naive,0.009,100,6,0.05,100.0,9.0,0.1,0,1.0,0.4682112296347576,0.7628014394592288,0.5425215972480881,46400.0,8,863
3a_physical_weak,45,random,0.0009,100,6,0.05,100.0,9.0,0.1,0,1.0,0.4682112296347576,0.7628014394592288,0.5337599804143197,74600.0,10,842
3a_physical_weak,46,regular,0.1,100,6,0.05,100.0,9.0,0.1,0,1.0,0.45123993972901133,0.7582764363880755,0.5812484916456486,6900.0,8,887
3a_physical_weak,46,superintelligent,0.9,100,6,0.05,100.0,9.0,0.1,0,1.0,0.45123993972901133,0.7582764363880755,0.5812484916456486,1100.0,8,910
3a_physical_weak,46,oracle,1.0,100,6,0.05,100.0,9.0,0.1,0,1.0,0.45123993972901133,0.7582764363880755,0.5812484916456486,800.0,8,910
3a_physical_weak,46,naive,0.009,100,6,0.05,100.0,9.0,0.1,0,1.0,0.45123993972901133,0.7582764363880755,0.5812484916456486,39000.0,8,824
3a_physical_weak,46,random,0.0009,100,6,0.05,100.0,9.0,0.1,0,1.0,0.45123993972901133,0.7582764363880755,0.5744125360571773,90700.0,9,903
3a_physical_weak,47,regular,0.1,100,6,0.05,100.0,9.0,0.1,0,1.0,0.4675090789600812,0.747111533564895,0.5762345499174996,7800.0,12,868
3a_physical_weak,47,superintelligent,0.9,100,6,0.05,100.0,9.0,0.1,0,1.0,0.4675090789600812,0.747111533564895,0.5654090874837521,700.0,7,916
3a_physical_weak,47,oracle,1.0,100,6,0.05,100.0,9.0,0.1,0,1.0,0.4675090789600812,0.747111533564895,0.5654090874837521,700.0,7,916
3a_physical_weak,47,naive,0.009,100,6,0.05,100.0,9.0,0.1,0,1.0,0.4675090789600812,0.747111533564895,0.5869267513311034,46500.0,10,776
3a_physical_weak,47,random,0.0009,100,6,0.05,100.0,9.0,0.1,0,1.0,0.4675090789600812,0.747111533564895,0.577113745284936,91800.0,14,904
3a_physical_weak,48,regular,0.1,100,6,0.05,100.0,9.0,0.1,0,1.0,0.48004833480324066,0.7525701303567669,0.5717074672198528,9000.0,10,824
3a_physical_weak,48,superintelligent,0.9,100,6,0.05,100.0,9.0,0.1,0,1.0,0.48004833480324066,0.7525701303567669,0.5744002387768004,1300.0,12,913
3a_physical_weak,48,oracle,1.0,100,6,0.05,100.0,9.0,0.1,0,1.0,0.48004833480324066,0.7525701303567669,0.5744002387768004,1200.0,12,913
3a_physical_weak,48,naive,0.009,100,6,0.05,100.0,9.0,0.1,0,1.0,0.48004833480324066,0.7525701303567669,0.5656357536217096,61900.0,12,903
3a_physical_weak,48,random,0.0009,100,6,0.05,100.0,9.0,0.1,0,1.0,0.48004833480324066,0.7525701303567669,0.5943619746664796,90200.0,15,893
3a_physical_weak,49,regular,0.1,100,6,0.05,100.0,9.0,0.1,0,1.0,0.4988502416939011,0.7599379441012389,0.5729139796432215,6400.0,8,812
3a_physical_weak,49,superintelligent,0.9,100,6,0.05,100.0,9.0,0.1,0,1.0,0.4988502416939011,0.7599379441012389,0.5794817351899667,1500.0,12,911
3a_physical_weak,49,oracle,1.0,100,6,0.05,100.0,9.0,0.1,0,1.0,0.4988502416939011,0.7599379441012389,0.5794817351899667,1200.0,12,911
3a_physical_weak,49,naive,0.009,100,6,0.05,100.0,9.0,0.1,0,1.0,0.4988502416939011,0.7599379441012389,0.5692148334994592,41500.0,10,798
3a_physical_weak,49,random,0.0009,100,6,0.05,100.0,9.0,0.1,0,1.0,0.4988502416939011,0.7599379441012389,0.5773576495516718,79300.0,11,907
3a_physical_weak,50,regular,0.1,100,6,0.05,100.0,9.0,0.1,0,1.0,0.5421108495547957,0.75646833475376,0.6012204992035666,10500.0,8,897
3a_physical_weak,50,superintelligent,0.9,100,6,0.05,100.0,9.0,0.1,0,1.0,0.5421108495547957,0.75646833475376,0.6012204992035666,800.0,8,915
3a_physical_weak,50,oracle,1.0,100,6,0.05,100.0,9.0,0.1,0,1.0,0.5421108495547957,0.75646833475376,0.6012204992035666,800.0,8,915
3a_physical_weak,50,naive,0.009,100,6,0.05,100.0,9.0,0.1,0,1.0,0.5421108495547957,0.75646833475376,0.6012204992035666,37200.0,8,914
3a_physical_weak,50,random,0.0009,100,6,0.05,100.0,9.0,0.1,0,1.0,0.5421108495547957,0.75646833475376,0.5967153327781303,74800.0,7,883
3a_physical_weak,51,regular,0.1,100,6,0.05,100.0,9.0,0.1,0,1.0,0.4994034486830429,0.7552457414568293,0.5895270168294631,24600.0,13,881
3a_physical_weak,51,superintelligent,0.9,100,6,0.05,100.0,9.0,0.1,0,1.0,0.4994034486830429,0.7552457414568293,0.5895270168294631,1300.0,13,916
3a_physical_weak,51,oracle,1.0,100,6,0.05,100.0,9.0,0.1,0,1.0,0.4994034486830429,0.7552457414568293,0.5895270168294631,1300.0,13,916
3a_physical_weak,51,naive,0.009,100,6,0.05,100.0,9.0,0.1,0,1.0,0.4994034486830429,0.7552457414568293,0.5887662997187718,71000.0,12,845
3a_physical_weak,51,random,0.0009,100,6,0.05,100.0,9.0,0.1,0,1.0,0.4994034486830429,0.7552457414568293,0.5488813476093143,91800.0,6,912
3a_physical_weak,52,regular,0.1,100,6,0.05,100.0,9.0,0.1,0,1.0,0.4825079661496726,0.7678382868615788,0.5553770221958688,4800.0,7,878
3a_physical_weak,52,superintelligent,0.9,100,6,0.05,100.0,9.0,0.1,0,1.0,0.4825079661496726,0.7678382868615788,0.5553770221958688,900.0,7,914
3a_physical_weak,52,oracle,1.0,100,6,0.05,100.0,9.0,0.1,0,1.0,0.4825079661496726,0.7678382868615788,0.5553770221958688,700.0,7,914
3a_physical_weak,52,naive,0.009,100,6,0.05,100.0,9.0,0.1,0,1.0,0.4825079661496726,0.7678382868615788,0.5474852005462497,53200.0,6,855
3a_physical_weak,52,random,0.0009,100,6,0.05,100.0,9.0,0.1,0,1.0,0.4825079661496726,0.7678382868615788,0.5547547430914286,88500.0,10,914
3a_physical_weak,53,regular,0.1,100,6,0.05,100.0,9.0,0.1,0,1.0,0.5008383974948285,0.7581589432383038,0.5961501620871376,9100.0,12,913
3a_physical_weak,53,superintelligent,0.9,100,6,0.05,100.0,9.0,0.1,0,1.0,0.5008383974948285,0.7581589432383038,0.5961501620871376,1400.0,12,920
3a_physical_weak,53,oracle,1.0,100,6,0.05,100.0,9.0,0.1,0,1.0,0.5008383974948285,0.7581589432383038,0.5961501620871376,1200.0,12,920
3a_physical_weak,53,naive,0.009,100,6,0.05,100.0,9.0,0.1,0,1.0,0.5008383974948285,0.7581589432383038,0.5836199457827823,66700.0,8,920
3a_physical_weak,53,random,0.0009,100,6,0.05,100.0,9.0,0.1,0,1.0,0.5008383974948285,0.7581589432383038,0.5714836677985425,80600.0,8,898
3a_physical_weak,54,regular,0.1,100,6,0.05,100.0,9.0,0.1,0,1.0,0.525578609457924,0.7419661928287589,0.5995084060659902,8300.0,9,830
3a_physical_weak,54,superintelligent,0.9,100,6,0.05,100.0,9.0,0.1,0,1.0,0.525578609457924,0.7419661928287589,0.5995084060659902,900.0,9,912
3a_physical_weak,54,oracle,1.0,100,6,0.05,100.0,9.0,0.1,0,1.0,0.525578609457924,0.7419661928287589,0.5995084060659902,900.0,9,912
3a_physical_weak,54,naive,0.009,100,6,0.05,100.0,9.0,0.1,0,1.0,0.525578609457924,0.7419661928287589,0.5765768755391469,40700.0,8,829
3a_physical_weak,54,random,0.0009,100,6,0.05,100.0,9.0,0.1,0,1.0,0.525578609457924,0.7419661928287589,0.5764260436954661,86900.0,9,902
3a_physical_weak,55,regular,0.1,100,6,0.05,100.0,9.0,0.1,0,1.0,0.4766137144145135,0.7629991598412814,0.5302782722715436,8700.0,8,816
3a_physical_weak,55,superintelligent,0.9,100,6,0.05,100.0,9.0,0.1,0,1.0,0.4766137144145135,0.7629991598412814,0.5302782722715436,800.0,8,912
3a_physical_weak,55,oracle,1.0,100,6,0.05,100.0,9.0,0.1,0,1.0,0.4766137144145135,0.7629991598412814,0.5302782722715436,800.0,8,912
3a_physical_weak,55,naive,0.009,100,6,0.05,100.0,9.0,0.1,0,1.0,0.4766137144145135,0.7629991598412814,0.5302782722715436,51100.0,8,905
3a_physical_weak,55,random,0.0009,100,6,0.05,100.0,9.0,0.1,0,1.0,0.4766137144145135,0.7629991598412814,0.5440105923531645,88600.0,13,897
3a_physical_weak,56,regular,0.1,100,6,0.05,100.0,9.0,0.1,0,1.0,0.48192998793384495,0.752125629950198,0.611981562084834,10700.0,10,830
3a_physical_weak,56,superintelligent,0.9,100,6,0.05,100.0,9.0,0.1,0,1.0,0.48192998793384495,0.752125629950198,0.611981562084834,1000.0,10,910
3a_physical_weak,56,oracle,1.0,100,6,0.05,100.0,9.0,0.1,0,1.0,0.48192998793384495,0.752125629950198,0.611981562084834,1000.0,10,910
3a_physical_weak,56,naive,0.009,100,6,0.05,100.0,9.0,0.1,0,1.0,0.48192998793384495,0.752125629950198,0.611981562084834,88300.0,10,906
3a_physical_weak,56,random,0.0009,100,6,0.05,100.0,9.0,0.1,0,1.0,0.48192998793384495,0.752125629950198,0.597643389246187,83500.0,7,898
3a_physical_weak,57,regular,0.1,100,6,0.05,100.0,9.0,0.1,0,1.0,0.5321867633506061,0.7489515048947722,0.5776713729679078,8900.0,7,892
3a_physical_weak,57,superintelligent,0.9,100,6,0.05,100.0,9.0,0.1,0,1.0,0.5321867633506061,0.7489515048947722,0.5776713729679078,800.0,7,918
3a_physical_weak,57,oracle,1.0,100,6,0.05,100.0,9.0,0.1,0,1.0,0.5321867633506061,0.7489515048947722,0.5776713729679078,700.0,7,918
3a_physical_weak,57,naive,0.009,100,6,0.05,100.0,9.0,0.1,0,1.0,0.5321867633506061,0.7489515048947722,0.5751134394634722,23600.0,5,834
3a_physical_weak,57,random,0.0009,100,6,0.05,100.0,9.0,0.1,0,1.0,0.5321867633506061,0.7489515048947722,0.5762934784977509,69300.0,6,891
3a_physical_weak,58,regular,0.1,100,6,0.05,100.0,9.0,0.1,0,1.0,0.5139298717426296,0.7493596791870708,0.5960008988194728,11300.0,11,910
3a_physical_weak,58,superintelligent,0.9,100,6,0.05,100.0,9.0,0.1,0,1.0,0.5139298717426296,0.7493596791870708,0.5975349373557693,1300.0,10,918
3a_physical_weak,58,oracle,1.0,100,6,0.05,100.0,9.0,0.1,0,1.0,0.5139298717426296,0.7493596791870708,0.5975349373557693,1000.0,10,918
3a_physical_weak,58,naive,0.009,100,6,0.05,100.0,9.0,0.1,0,1.0,0.5139298717426296,0.7493596791870708,0.5764123202605884,75800.0,8,887
3a_physical_weak,58,random,0.0009,100,6,0.05,100.0,9.0,0.1,0,1.0,0.5139298717426296,0.7493596791870708,0.5699799030121483,73500.0,9,896
3a_physical_weak,59,regular,0.1,100,6,0.05,100.0,9.0,0.1,0,1.0,0.4872857752518999,0.7465206510686755,0.5741372960816801,8900.0,7,913
3a_physical_weak,59,superintelligent,0.9,100,6,0.05,100.0,9.0,0.1,0,1.0,0.4872857752518999,0.7465206510686755,0.5741372960816801,700.0,7,913
3a_physical_weak,59,oracle,1.0,100,6,0.05,100.0,9.0,0.1,0,1.0,0.4872857752518999,0.7465206510686755,0.5741372960816801,700.0,7,913
3a_physical_weak,59,naive,0.009,100,6,0.05,100.0,9.0,0.1,0,1.0,0.4872857752518999,0.7465206510686755,0.5741372960816801,58300.0,7,902
3a_physical_weak,59,random,0.0009,100,6,0.05,100.0,9.0,0.1,0,1.0,0.4872857752518999,0.7465206510686755,0.5685486646565516,84500.0,9,886
3a_physical_weak,60,regular,0.1,100,6,0.05,100.0,9.0,0.1,0,1.0,0.5282033908511792,0.7537937186402477,0.6221530401589669,14900.0,9,867
3a_physical_weak,60,superintelligent,0.9,100,6,0.05,100.0,9.0,0.1,0,1.0,0.5282033908511792,0.7537937186402477,0.6221530401589669,900.0,9,913
3a_physical_weak,60,oracle,1.0,100,6,0.05,100.0,9.0,0.1,0,1.0,0.5282033908511792,0.7537937186402477,0.6221530401589669,900.0,9,913
3a_physical_weak,60,naive,0.009,100,6,0.05,100.0,9.0,0.1,0,1.0,0.5282033908511792,0.7537937186402477,0.6218479938309404,45200.0,8,886
3a_physical_weak,60,random,0.0009,100,6,0.05,100.0,9.0,0.1,0,1.0,0.5282033908511792,0.7537937186402477,0.6088356728359233,71900.0,7,907
3a_physical_weak,61,regular,0.1,100,6,0.05,100.0,9.0,0.1,0,1.0,0.4894137203858663,0.7553337562753953,0.6064988459714648,14700.0,13,817
3a_physical_weak,61,superintelligent,0.9,100,6,0.05,100.0,9.0,0.1,0,1.0,0.4894137203858663,0.7553337562753953,0.6201919414758738,1600.0,16,907
3a_physical_weak,61,oracle,1.0,100,6,0.05,100.0,9.0,0.1,0,1.0,0.4894137203858663,0.7553337562753953,0.6201919414758738,1600.0,16,907
3a_physical_weak,61,naive,0.009,100,6,0.05,100.0,9.0,0.1,0,1.0,0.4894137203858663,0.7553337562753953,0.6141644955594072,89400.0,13,902
3a_physical_weak,61,random,0.0009,100,6,0.05,100.0,9.0,0.1,0,1.0,0.4894137203858663,0.7553337562753953,0.5994677199952769,91700.0,19,909
3a_physical_weak,62,regular,0.1,100,6,0.05,100.0,9.0,0.1,0,1.0,0.514519701648329,0.7535814362716755,0.5667033216676937,3200.0,4,879
3a_physical_weak,62,superintelligent,0.9,100,6,0.05,100.0,9.0,0.1,0,1.0,0.514519701648329,0.7535814362716755,0.5667033216676937,700.0,4,916
3a_physical_weak,62,oracle,1.0,100,6,0.05,100.0,9.0,0.1,0,1.0,0.514519701648329,0.7535814362716755,0.5667033216676937,400.0,4,916
3a_physical_weak,62,naive,0.009,100,6,0.05,100.0,9.0,0.1,0,1.0,0.514519701648329,0.7535814362716755,0.5656607831817977,37700.0,6,799
3a_physical_weak,62,random,0.0009,100,6,0.05,100.0,9.0,0.1,0,1.0,0.514519701648329,0.7535814362716755,0.5697032904804769,61800.0,6,907
3a_physical_weak,63,regular,0.1,100,6,0.05,100.0,9.0,0.1,0,1.0,0.4745920460624544,0.7464814153146498,0.5872945964848891,13500.0,12,844
3a_physical_weak,63,superintelligent,0.9,100,6,0.05,100.0,9.0,0.1,0,1.0,0.4745920460624544,0.7464814153146498,0.5872945964848891,1400.0,12,908
3a_physical_weak,63,oracle,1.0,100,6,0.05,100.0,9.0,0.1,0,1.0,0.4745920460624544,0.7464814153146498,0.5872945964848891,1200.0,12,908
3a_physical_weak,63,naive,0.009,100,6,0.05,100.0,9.0,0.1,0,1.0,0.4745920460624544,0.7464814153146498,0.5976534721720929,89300.0,17,902
3a_physical_weak,63,random,0.0009,100,6,0.05,100.0,9.0,0.1,0,1.0,0.4745920460624544,0.7464814153146498,0.5909290821266657,87900.0,17,882
3a_physical_weak,64,regular,0.1,100,6,0.05,100.0,9.0,0.1,0,1.0,0.46640195006012725,0.7424851728955316,0.5805487066089331,11100.0,11,899
3a_physical_weak,64,superintelligent,0.9,100,6,0.05,100.0,9.0,0.1,0,1.0,0.46640195006012725,0.7424851728955316,0.5805487066089331,1100.0,11,917
3a_physical_weak,64,oracle,1.0,100,6,0.05,100.0,9.0,0.1,0,1.0,0.46640195006012725,0.7424851728955316,0.5805487066089331,1100.0,11,917
3a_physical_weak,64,naive,0.009,100,6,0.05,100.0,9.0,0.1,0,1.0,0.46640195006012725,0.7424851728955316,0.57690364650019,87700.0,14,878
3a_physical_weak,64,random,0.0009,100,6,0.05,100.0,9.0,0.1,0,1.0,0.46640195006012725,0.7424851728955316,0.5693816578331976,92200.0,10,916
3a_physical_weak,65,regular,0.1,100,6,0.05,100.0,9.0,0.1,0,1.0,0.46662952200351204,0.7619357463835441,0.5448755944052244,7200.0,10,873
3a_physical_weak,65,superintelligent,0.9,100,6,0.05,100.0,9.0,0.1,0,1.0,0.46662952200351204,0.7619357463835441,0.5448755944052244,1000.0,10,911
3a_physical_weak,65,oracle,1.0,100,6,0.05,100.0,9.0,0.1,0,1.0,0.46662952200351204,0.7619357463835441,0.5448755944052244,1000.0,10,911
3a_physical_weak,65,naive,0.009,100,6,0.05,100.0,9.0,0.1,0,1.0,0.46662952200351204,0.7619357463835441,0.5478356310298316,30700.0,8,773
3a_physical_weak,65,random,0.0009,100,6,0.05,100.0,9.0,0.1,0,1.0,0.46662952200351204,0.7619357463835441,0.5503623545691775,73100.0,8,903
3a_physical_weak,66,regular,0.1,100,6,0.05,100.0,9.0,0.1,0,1.0,0.5128049650458446,0.756254350796283,0.5778850695237532,9200.0,7,915
3a_physical_weak,66,superintelligent,0.9,100,6,0.05,100.0,9.0,0.1,0,1.0,0.5128049650458446,0.756254350796283,0.5778850695237532,900.0,7,916
3a_physical_weak,66,oracle,1.0,100,6,0.05,100.0,9.0,0.1,0,1.0,0.5128049650458446,0.756254350796283,0.5778850695237532,700.0,7,916
3a_physical_weak,66,naive,0.009,100,6,0.05,100.0,9.0,0.1,0,1.0,0.5128049650458446,0.756254350796283,0.6150429687477644,35000.0,9,891
3a_physical_weak,66,random,0.0009,100,6,0.05,100.0,9.0,0.1,0,1.0,0.5128049650458446,0.756254350796283,0.6161590177209987,92100.0,11,910
3a_physical_weak,67,regular,0.1,100,6,0.05,100.0,9.0,0.1,0,1.0,0.549818427256169,0.7472788256675323,0.6088175021748076,11900.0,12,890
3a_physical_weak,67,superintelligent,0.9,100,6,0.05,100.0,9.0,0.1,0,1.0,0.549818427256169,0.7472788256675323,0.6161641848699542,1300.0,13,916
3a_physical_weak,67,oracle,1.0,100,6,0.05,100.0,9.0,0.1,0,1.0,0.549818427256169,0.7472788256675323,0.6161641848699542,1300.0,13,916
3a_physical_weak,67,naive,0.009,100,6,0.05,100.0,9.0,0.1,0,1.0,0.549818427256169,0.7472788256675323,0.605314977495368,72500.0,10,879
3a_physical_weak,67,random,0.0009,100,6,0.05,100.0,9.0,0.1,0,1.0,0.549818427256169,0.7472788256675323,0.609586966027715,92400.0,12,912
3a_physical_weak,68,regular,0.1,100,6,0.05,100.0,9.0,0.1,0,1.0,0.4626934805174692,0.756376175124589,0.5657463622463793,14600.0,9,842
3a_physical_weak,68,superintelligent,0.9,100,6,0.05,100.0,9.0,0.1,0,1.0,0.4626934805174692,0.756376175124589,0.5657463622463793,900.0,9,916
3a_physical_weak,68,oracle,1.0,100,6,0.05,100.0,9.0,0.1,0,1.0,0.4626934805174692,0.756376175124589,0.5657463622463793,900.0,9,916
3a_physical_weak,68,naive,0.009,100,6,0.05,100.0,9.0,0.1,0,1.0,0.4626934805174692,0.756376175124589,0.5781720339538641,50200.0,9,868
3a_physical_weak,68,random,0.0009,100,6,0.05,100.0,9.0,0.1,0,1.0,0.4626934805174692,0.756376175124589,0.5498556924454355,70500.0,10,890
3a_physical_weak,69,regular,0.1,100,6,0.05,100.0,9.0,0.1,0,1.0,0.5182506745360959,0.7452591644128596,0.5570827069042614,1900.0,5,792
3a_physical_weak,69,superintelligent,0.9,100,6,0.05,100.0,9.0,0.1,0,1.0,0.5182506745360959,0.7452591644128596,0.5570827069042614,500.0,5,915
3a_physical_weak,69,oracle,1.0,100,6,0.05,100.0,9.0,0.1,0,1.0,0.5182506745360959,0.7452591644128596,0.5570827069042614,500.0,5,915
3a_physical_weak,69,naive,0.009,100,6,0.05,100.0,9.0,0.1,0,1.0,0.5182506745360959,0.7452591644128596,0.5570827069042614,29000.0,5,843
3a_physical_weak,69,random,0.0009,100,6,0.05,100.0,9.0,0.1,0,1.0,0.5182506745360959,0.7452591644128596,0.5570827069042614,38400.0,5,838
3a_physical_weak,70,regular,0.1,100,6,0.05,100.0,9.0,0.1,0,1.0,0.501971613273912,0.7593902767700162,0.6363277366219715,11500.0,16,906
3a_physical_weak,70,superintelligent,0.9,100,6,0.05,100.0,9.0,0.1,0,1.0,0.501971613273912,0.7593902767700162,0.6363277366219715,1900.0,16,914
3a_physical_weak,70,oracle,1.0,100,6,0.05,100.0,9.0,0.1,0,1.0,0.501971613273912,0.7593902767700162,0.6363277366219715,1600.0,16,914
3a_physical_weak,70,naive,0.009,100,6,0.05,100.0,9.0,0.1,0,1.0,0.501971613273912,0.7593902767700162,0.6290686052395116,77100.0,15,881
3a_physical_weak,70,random,0.0009,100,6,0.05,100.0,9.0,0.1,0,1.0,0.501971613273912,0.7593902767700162,0.6046787605927092,91900.0,13,914
3a_physical_weak,71,regular,0.1,100,6,0.05,100.0,9.0,0.1,0,1.0,0.5149130689198984,0.7452024042341149,0.5485399081879835,3900.0,4,903
3a_physical_weak,71,superintelligent,0.9,100,6,0.05,100.0,9.0,0.1,0,1.0,0.5149130689198984,0.7452024042341149,0.5485399081879835,500.0,4,914
3a_physical_weak,71,oracle,1.0,100,6,0.05,100.0,9.0,0.1,0,1.0,0.5149130689198984,0.7452024042341149,0.5485399081879835,400.0,4,914
3a_physical_weak,71,naive,0.009,100,6,0.05,100.0,9.0,0.1,0,1.0,0.5149130689198984,0.7452024042341149,0.5485399081879835,21800.0,4,890
3a_physical_weak,71,random,0.0009,100,6,0.05,100.0,9.0,0.1,0,1.0,0.5149130689198984,0.7452024042341149,0.5415996510726824,71100.0,4,912
3a_physical_weak,72,regular,0.1,100,6,0.05,100.0,9.0,0.1,0,1.0,0.5198985364547106,0.7720905484275598,0.6360157657549274,14700.0,12,820
3a_physical_weak,72,superintelligent,0.9,100,6,0.05,100.0,9.0,0.1,0,1.0,0.5198985364547106,0.7720905484275598,0.6360157657549274,1200.0,12,909
3a_physical_weak,72,oracle,1.0,100,6,0.05,100.0,9.0,0.1,0,1.0,0.5198985364547106,0.7720905484275598,0.6360157657549274,1200.0,12,909
3a_physical_weak,72,naive,0.009,100,6,0.05,100.0,9.0,0.1,0,1.0,0.5198985364547106,0.7720905484275598,0.6360157657549274,67000.0,12,838
3a_physical_weak,72,random,0.0009,100,6,0.05,100.0,9.0,0.1,0,1.0,0.5198985364547106,0.7720905484275598,0.62360288012449,86200.0,10,905
3a_physical_weak,73,regular,0.1,100,6,0.05,100.0,9.0,0.1,0,1.0,0.5199224079624857,0.7535237947683326,0.5915724344850153,7800.0,10,820
3a_physical_weak,73,superintelligent,0.9,100,6,0.05,100.0,9.0,0.1,0,1.0,0.5199224079624857,0.7535237947683326,0.5915724344850153,1100.0,10,911
3a_physical_weak,73,oracle,1.0,100,6,0.05,100.0,9.0,0.1,0,1.0,0.5199224079624857,0.7535237947683326,0.5915724344850153,1000.0,10,911
3a_physical_weak,73,naive,0.009,100,6,0.05,100.0,9.0,0.1,0,1.0,0.5199224079624857,0.7535237947683326,0.5915724344850153,66500.0,10,907
3a_physical_weak,73,random,0.0009,100,6,0.05,100.0,9.0,0.1,0,1.0,0.5199224079624857,0.7535237947683326,0.5675870600971864,82400.0,7,849
3a_physical_weak,74,regular,0.1,100,6,0.05,100.0,9.0,0.1,0,1.0,0.5436421314383361,0.7644480292660274,0.6191707216606369,7900.0,9,868
3a_physical_weak,74,superintelligent,0.9,100,6,0.05,100.0,9.0,0.1,0,1.0,0.5436421314383361,0.7644480292660274,0.6191707216606369,900.0,9,915
3a_physical_weak,74,oracle,1.0,100,6,0.05,100.0,9.0,0.1,0,1.0,0.5436421314383361,0.7644480292660274,0.6191707216606369,900.0,9,915
3a_physical_weak,74,naive,0.009,100,6,0.05,100.0,9.0,0.1,0,1.0,0.5436421314383361,0.7644480292660274,0.6185925615523696,42700.0,8,823
3a_physical_weak,74,random,0.0009,100,6,0.05,100.0,9.0,0.1,0,1.0,0.5436421314383361,0.7644480292660274,0.610772179839229,75100.0,8,893
3a_physical_weak,75,regular,0.1,100,6,0.05,100.0,9.0,0.1,0,1.0,0.46216761198879647,0.7543298949062012,0.5455253693531469,6800.0,10,898
3a_physical_weak,75,superintelligent,0.9,100,6,0.05,100.0,9.0,0.1,0,1.0,0.46216761198879647,0.7543298949062012,0.5462832106158353,1000.0,9,912
3a_physical_weak,75,oracle,1.0,100,6,0.05,100.0,9.0,0.1,0,1.0,0.46216761198879647,0.7543298949062012,0.5462832106158353,900.0,9,912
3a_physical_weak,75,naive,0.009,100,6,0.05,100.0,9.0,0.1,0,1.0,0.46216761198879647,0.7543298949062012,0.5462832106158353,71400.0,9,813
3a_physical_weak,75,random,0.0009,100,6,0.05,100.0,9.0,0.1,0,1.0,0.46216761198879647,0.7543298949062012,0.5488608486103953,89600.0,11,885
3a_physical_weak,76,regular,0.1,100,6,0.05,100.0,9.0,0.1,0,1.0,0.5428969436793399,0.7459478318073063,0.5750089796354146,4500.0,5,758
3a_physical_weak,76,superintelligent,0.9,100,6,0.05,100.0,9.0,0.1,0,1.0,0.5428969436793399,0.7459478318073063,0.5750089796354146,500.0,5,914
3a_physical_weak,76,oracle,1.0,100,6,0.05,100.0,9.0,0.1,0,1.0,0.5428969436793399,0.7459478318073063,0.5750089796354146,500.0,5,914
3a_physical_weak,76,naive,0.009,100,6,0.05,100.0,9.0,0.1,0,1.0,0.5428969436793399,0.7459478318073063,0.5750089796354146,39000.0,5,859
3a_physical_weak,76,random,0.0009,100,6,0.05,100.0,9.0,0.1,0,1.0,0.5428969436793399,0.7459478318073063,0.5750089796354146,81200.0,5,903
3a_physical_weak,77,regular,0.1,100,6,0.05,100.0,9.0,0.1,0,1.0,0.477685799229034,0.7596871418201765,0.5589810001315483,8400.0,7,802
3a_physical_weak,77,superintelligent,0.9,100,6,0.05,100.0,9.0,0.1,0,1.0,0.477685799229034,0.7596871418201765,0.5589810001315483,900.0,7,912
3a_physical_weak,77,oracle,1.0,100,6,0.05,100.0,9.0,0.1,0,1.0,0.477685799229034,0.7596871418201765,0.5589810001315483,700.0,7,912
3a_physical_weak,77,naive,0.009,100,6,0.05,100.0,9.0,0.1,0,1.0,0.477685799229034,0.7596871418201765,0.5687143741036571,61400.0,13,769
3a_physical_weak,77,random,0.0009,100,6,0.05,100.0,9.0,0.1,0,1.0,0.477685799229034,0.7596871418201765,0.5551328105172716,53100.0,7,889
3a_physical_weak,78,regular,0.1,100,6,0.05,100.0,9.0,0.1,0,1.0,0.47587706220794773,0.7547489935014076,0.6094610475254121,18200.0,15,842
3a_physical_weak,78,superintelligent,0.9,100,6,0.05,100.0,9.0,0.1,0,1.0,0.47587706220794773,0.7547489935014076,0.6094610475254121,1800.0,15,911
3a_physical_weak,78,oracle,1.0,100,6,0.05,100.0,9.0,0.1,0,1.0,0.47587706220794773,0.7547489935014076,0.6094610475254121,1500.0,15,911
3a_physical_weak,78,naive,0.009,100,6,0.05,100.0,9.0,0.1,0,1.0,0.47587706220794773,0.7547489935014076,0.5664472134152959,59000.0,11,856
3a_physical_weak,78,random,0.0009,100,6,0.05,100.0,9.0,0.1,0,1.0,0.47587706220794773,0.7547489935014076,0.5662192969515186,91100.0,11,900
3a_physical_weak,79,regular,0.1,100,6,0.05,100.0,9.0,0.1,0,1.0,0.4994129079277831,0.7631230988963731,0.5463678905822128,1200.0,4,863
3a_physical_weak,79,superintelligent,0.9,100,6,0.05,100.0,9.0,0.1,0,1.0,0.4994129079277831,0.7631230988963731,0.5463678905822128,400.0,4,919
3a_physical_weak,79,oracle,1.0,100,6,0.05,100.0,9.0,0.1,0,1.0,0.4994129079277831,0.7631230988963731,0.5463678905822128,400.0,4,919
3a_physical_weak,79,naive,0.009,100,6,0.05,100.0,9.0,0.1,0,1.0,0.4994129079277831,0.7631230988963731,0.5463678905822128,16200.0,4,879
3a_physical_weak,79,random,0.0009,100,6,0.05,100.0,9.0,0.1,0,1.0,0.4994129079277831,0.7631230988963731,0.5543687132524511,87300.0,5,897
3a_physical_weak,80,regular,0.1,100,6,0.05,100.0,9.0,0.1,0,1.0,0.5250607300559235,0.7490957171363092,0.5823330922941309,8400.0,8,811
3a_physical_weak,80,superintelligent,0.9,100,6,0.05,100.0,9.0,0.1,0,1.0,0.5250607300559235,0.7490957171363092,0.5823330922941309,800.0,8,913
3a_physical_weak,80,oracle,1.0,100,6,0.05,100.0,9.0,0.1,0,1.0,0.5250607300559235,0.7490957171363092,0.5823330922941309,800.0,8,913
3a_physical_weak,80,naive,0.009,100,6,0.05,100.0,9.0,0.1,0,1.0,0.5250607300559235,0.7490957171363092,0.5779707434377992,48300.0,6,842
3a_physical_weak,80,random,0.0009,100,6,0.05,100.0,9.0,0.1,0,1.0,0.5250607300559235,0.7490957171363092,0.5724396767009454,59200.0,7,903
3a_physical_weak,81,regular,0.1,100,6,0.05,100.0,9.0,0.1,0,1.0,0.4696254291407145,0.7546022294084307,0.5437859134534498,10100.0,9,895
3a_physical_weak,81,superintelligent,0.9,100,6,0.05,100.0,9.0,0.1,0,1.0,0.4696254291407145,0.7546022294084307,0.5437859134534498,1000.0,9,916
3a_physical_weak,81,oracle,1.0,100,6,0.05,100.0,9.0,0.1,0,1.0,0.4696254291407145,0.7546022294084307,0.5437859134534498,900.0,9,916
3a_physical_weak,81,naive,0.009,100,6,0.05,100.0,9.0,0.1,0,1.0,0.4696254291407145,0.7546022294084307,0.5484457439567402,81500.0,12,848
3a_physical_weak,81,random,0.0009,100,6,0.05,100.0,9.0,0.1,0,1.0,0.4696254291407145,0.7546022294084307,0.5417019519912214,84100.0,8,876
3a_physical_weak,82,regular,0.1,100,6,0.05,100.0,9.0,0.1,0,1.0,0.5045152204456764,0.7329062169019268,0.571327540467272,3800.0,7,914
3a_physical_weak,82,superintelligent,0.9,100,6,0.05,100.0,9.0,0.1,0,1.0,0.5045152204456764,0.7329062169019268,0.571327540467272,700.0,7,914
3a_physical_weak,82,oracle,1.0,100,6,0.05,100.0,9.0,0.1,0,1.0,0.5045152204456764,0.7329062169019268,0.571327540467272,700.0,7,914
3a_physical_weak,82,naive,0.009,100,6,0.05,100.0,9.0,0.1,0,1.0,0.5045152204456764,0.7329062169019268,0.571327540467272,29000.0,7,825
3a_physical_weak,82,random,0.0009,100,6,0.05,100.0,9.0,0.1,0,1.0,0.5045152204456764,0.7329062169019268,0.5825179271939136,91700.0,8,914
3a_physical_weak,83,regular,0.1,100,6,0.05,100.0,9.0,0.1,0,1.0,0.4807523362989089,0.7529772741047385,0.6212736485896072,7200.0,10,810
3a_physical_weak,83,superintelligent,0.9,100,6,0.05,100.0,9.0,0.1,0,1.0,0.4807523362989089,0.7529772741047385,0.6212736485896072,1000.0,10,914
3a_physical_weak,83,oracle,1.0,100,6,0.05,100.0,9.0,0.1,0,1.0,0.4807523362989089,0.7529772741047385,0.6212736485896072,1000.0,10,914
3a_physical_weak,83,naive,0.009,100,6,0.05,100.0,9.0,0.1,0,1.0,0.4807523362989089,0.7529772741047385,0.5839598280221682,60800.0,11,907
3a_physical_weak,83,random,0.0009,100,6,0.05,100.0,9.0,0.1,0,1.0,0.4807523362989089,0.7529772741047385,0.6099498850009518,89900.0,9,890
3a_physical_weak,84,regular,0.1,100,6,0.05,100.0,9.0,0.1,0,1.0,0.5298204760267944,0.7568504554430243,0.5580728887361439,6500.0,3,896
3a_physical_weak,84,superintelligent,0.9,100,6,0.05,100.0,9.0,0.1,0,1.0,0.5298204760267944,0.7568504554430243,0.5586671626446345,400.0,4,917
3a_physical_weak,84,oracle,1.0,100,6,0.05,100.0,9.0,0.1,0,1.0,0.5298204760267944,0.7568504554430243,0.5586671626446345,400.0,4,917
3a_physical_weak,84,naive,0.009,100,6,0.05,100.0,9.0,0.1,0,1.0,0.5298204760267944,0.7568504554430243,0.5698794703540324,25700.0,8,913
3a_physical_weak,84,random,0.0009,100,6,0.05,100.0,9.0,0.1,0,1.0,0.5298204760267944,0.7568504554430243,0.5580728887361439,61700.0,3,912
3a_physical_weak,85,regular,0.1,100,6,0.05,100.0,9.0,0.1,0,1.0,0.4655472755296091,0.7625011027414067,0.5856025370573615,11800.0,10,848
3a_physical_weak,85,superintelligent,0.9,100,6,0.05,100.0,9.0,0.1,0,1.0,0.4655472755296091,0.7625011027414067,0.5856025370573615,1000.0,10,910
3a_physical_weak,85,oracle,1.0,100,6,0.05,100.0,9.0,0.1,0,1.0,0.4655472755296091,0.7625011027414067,0.5856025370573615,1000.0,10,910
3a_physical_weak,85,naive,0.009,100,6,0.05,100.0,9.0,0.1,0,1.0,0.4655472755296091,0.7625011027414067,0.5754619355295832,79200.0,10,782
3a_physical_weak,85,random,0.0009,100,6,0.05,100.0,9.0,0.1,0,1.0,0.4655472755296091,0.7625011027414067,0.5696185516930212,77700.0,7,872
3a_physical_weak,86,regular,0.1,100,6,0.05,100.0,9.0,0.1,0,1.0,0.4940178868224245,0.7541693946013205,0.5699097834067621,4000.0,6,759
3a_physical_weak,86,superintelligent,0.9,100,6,0.05,100.0,9.0,0.1,0,1.0,0.4940178868224245,0.7541693946013205,0.5699097834067621,700.0,6,909
3a_physical_weak,86,oracle,1.0,100,6,0.05,100.0,9.0,0.1,0,1.0,0.4940178868224245,0.7541693946013205,0.5699097834067621,600.0,6,909
3a_physical_weak,86,naive,0.009,100,6,0.05,100.0,9.0,0.1,0,1.0,0.4940178868224245,0.7541693946013205,0.5699097834067621,75200.0,6,809
3a_physical_weak,86,random,0.0009,100,6,0.05,100.0,9.0,0.1,0,1.0,0.4940178868224245,0.7541693946013205,0.5716367872723296,87900.0,9,895
3a_physical_weak,87,regular,0.1,100,6,0.05,100.0,9.0,0.1,0,1.0,0.4780553949451992,0.7526928050256299,0.5990354736885593,11300.0,9,884
3a_physical_weak,87,superintelligent,0.9,100,6,0.05,100.0,9.0,0.1,0,1.0,0.4780553949451992,0.7526928050256299,0.5990354736885593,900.0,9,914
3a_physical_weak,87,oracle,1.0,100,6,0.05,100.0,9.0,0.1,0,1.0,0.4780553949451992,0.7526928050256299,0.5990354736885593,900.0,9,914
3a_physical_weak,87,naive,0.009,100,6,0.05,100.0,9.0,0.1,0,1.0,0.4780553949451992,0.7526928050256299,0.5824881278631371,54600.0,13,797
3a_physical_weak,87,random,0.0009,100,6,0.05,100.0,9.0,0.1,0,1.0,0.4780553949451992,0.7526928050256299,0.6121556128621056,67300.0,12,867
3a_physical_weak,88,regular,0.1,100,6,0.05,100.0,9.0,0.1,0,1.0,0.4887566189283436,0.7568925111438439,0.5919478713149202,7400.0,13,879
3a_physical_weak,88,superintelligent,0.9,100,6,0.05,100.0,9.0,0.1,0,1.0,0.4887566189283436,0.7568925111438439,0.5919478713149202,1700.0,13,913
3a_physical_weak,88,oracle,1.0,100,6,0.05,100.0,9.0,0.1,0,1.0,0.4887566189283436,0.7568925111438439,0.5919478713149202,1300.0,13,913
3a_physical_weak,88,naive,0.009,100,6,0.05,100.0,9.0,0.1,0,1.0,0.4887566189283436,0.7568925111438439,0.5665610362287308,40300.0,11,862
3a_physical_weak,88,random,0.0009,100,6,0.05,100.0,9.0,0.1,0,1.0,0.4887566189283436,0.7568925111438439,0.5862172047554264,84000.0,12,874
3a_physical_weak,89,regular,0.1,100,6,0.05,100.0,9.0,0.1,0,1.0,0.526883549636493,0.7726783063068018,0.6379285984554849,11500.0,11,905
3a_physical_weak,89,superintelligent,0.9,100,6,0.05,100.0,9.0,0.1,0,1.0,0.526883549636493,0.7726783063068018,0.6379285984554849,1300.0,11,913
3a_physical_weak,89,oracle,1.0,100,6,0.05,100.0,9.0,0.1,0,1.0,0.526883549636493,0.7726783063068018,0.6379285984554849,1100.0,11,913
3a_physical_weak,89,naive,0.009,100,6,0.05,100.0,9.0,0.1,0,1.0,0.526883549636493,0.7726783063068018,0.6072600943555199,59700.0,9,904
3a_physical_weak,89,random,0.0009,100,6,0.05,100.0,9.0,0.1,0,1.0,0.526883549636493,0.7726783063068018,0.599418209987908,58600.0,8,854
3a_physical_weak,90,regular,0.1,100,6,0.05,100.0,9.0,0.1,0,1.0,0.5436199128711745,0.760282164146228,0.5725233420368755,2100.0,3,859
3a_physical_weak,90,superintelligent,0.9,100,6,0.05,100.0,9.0,0.1,0,1.0,0.5436199128711745,0.760282164146228,0.5725233420368755,300.0,3,912
3a_physical_weak,90,oracle,1.0,100,6,0.05,100.0,9.0,0.1,0,1.0,0.5436199128711745,0.760282164146228,0.5725233420368755,300.0,3,912
3a_physical_weak,90,naive,0.009,100,6,0.05,100.0,9.0,0.1,0,1.0,0.5436199128711745,0.760282164146228,0.5725233420368755,40000.0,3,831
3a_physical_weak,90,random,0.0009,100,6,0.05,100.0,9.0,0.1,0,1.0,0.5436199128711745,0.760282164146228,0.5725233420368755,81300.0,3,858
3a_physical_weak,91,regular,0.1,100,6,0.05,100.0,9.0,0.1,0,1.0,0.4989152599540055,0.7537396379191587,0.5706977912051768,9600.0,8,903
3a_physical_weak,91,superintelligent,0.9,100,6,0.05,100.0,9.0,0.1,0,1.0,0.4989152599540055,0.7537396379191587,0.5706977912051768,800.0,8,916
3a_physical_weak,91,oracle,1.0,100,6,0.05,100.0,9.0,0.1,0,1.0,0.4989152599540055,0.7537396379191587,0.5706977912051768,800.0,8,916
3a_physical_weak,91,naive,0.009,100,6,0.05,100.0,9.0,0.1,0,1.0,0.4989152599540055,0.7537396379191587,0.5706977912051768,74800.0,8,844
3a_physical_weak,91,random,0.0009,100,6,0.05,100.0,9.0,0.1,0,1.0,0.4989152599540055,0.7537396379191587,0.5611306791545289,91700.0,7,910
3a_physical_weak,92,regular,0.1,100,6,0.05,100.0,9.0,0.1,0,1.0,0.5200275210036875,0.7609954131986177,0.5731948062162779,7200.0,8,887
3a_physical_weak,92,superintelligent,0.9,100,6,0.05,100.0,9.0,0.1,0,1.0,0.5200275210036875,0.7609954131986177,0.5731948062162779,800.0,8,909
3a_physical_weak,92,oracle,1.0,100,6,0.05,100.0,9.0,0.1,0,1.0,0.5200275210036875,0.7609954131986177,0.5731948062162779,800.0,8,909
3a_physical_weak,92,naive,0.009,100,6,0.05,100.0,9.0,0.1,0,1.0,0.5200275210036875,0.7609954131986177,0.5719115495975708,29500.0,7,907
3a_physical_weak,92,random,0.0009,100,6,0.05,100.0,9.0,0.1,0,1.0,0.5200275210036875,0.7609954131986177,0.5507068777000579,90700.0,8,899
3a_physical_weak,93,regular,0.1,100,6,0.05,100.0,9.0,0.1,0,1.0,0.5405892799407152,0.7505675827164939,0.5606393958055437,3000.0,4,856
3a_physical_weak,93,superintelligent,0.9,100,6,0.05,100.0,9.0,0.1,0,1.0,0.5405892799407152,0.7505675827164939,0.5606393958055437,400.0,4,907
3a_physical_weak,93,oracle,1.0,100,6,0.05,100.0,9.0,0.1,0,1.0,0.5405892799407152,0.7505675827164939,0.5606393958055437,400.0,4,907
3a_physical_weak,93,naive,0.009,100,6,0.05,100.0,9.0,0.1,0,1.0,0.5405892799407152,0.7505675827164939,0.5606393958055437,15300.0,4,906
3a_physical_weak,93,random,0.0009,100,6,0.05,100.0,9.0,0.1,0,1.0,0.5405892799407152,0.7505675827164939,0.5569861099123764,59100.0,3,845
3a_physical_weak,94,regular,0.1,100,6,0.05,100.0,9.0,0.1,0,1.0,0.47598398026897554,0.7634455229354405,0.5754688424478146,11800.0,12,880
3a_physical_weak,94,superintelligent,0.9,100,6,0.05,100.0,9.0,0.1,0,1.0,0.47598398026897554,0.7634455229354405,0.5754688424478146,1300.0,12,917
3a_physical_weak,94,oracle,1.0,100,6,0.05,100.0,9.0,0.1,0,1.0,0.47598398026897554,0.7634455229354405,0.5754688424478146,1200.0,12,917
3a_physical_weak,94,naive,0.009,100,6,0.05,100.0,9.0,0.1,0,1.0,0.47598398026897554,0.7634455229354405,0.5715150376093894,74300.0,15,872
3a_physical_weak,94,random,0.0009,100,6,0.05,100.0,9.0,0.1,0,1.0,0.47598398026897554,0.7634455229354405,0.5295467255205858,86900.0,10,910
3a_physical_weak,95,regular,0.1,100,6,0.05,100.0,9.0,0.1,0,1.0,0.5325027032614766,0.7591961723444334,0.5720285005243732,2500.0,4,846
3a_physical_weak,95,superintelligent,0.9,100,6,0.05,100.0,9.0,0.1,0,1.0,0.5325027032614766,0.7591961723444334,0.5720285005243732,400.0,4,911
3a_physical_weak,95,oracle,1.0,100,6,0.05,100.0,9.0,0.1,0,1.0,0.5325027032614766,0.7591961723444334,0.5720285005243732,400.0,4,911
3a_physical_weak,95,naive,0.009,100,6,0.05,100.0,9.0,0.1,0,1.0,0.5325027032614766,0.7591961723444334,0.5720285005243732,45300.0,4,902
3a_physical_weak,95,random,0.0009,100,6,0.05,100.0,9.0,0.1,0,1.0,0.5325027032614766,0.7591961723444334,0.5780340040977918,77400.0,6,902
3a_physical_weak,96,regular,0.1,100,6,0.05,100.0,9.0,0.1,0,1.0,0.5008981411014305,0.7571094312809655,0.5628803375511641,8800.0,7,909
3a_physical_weak,96,superintelligent,0.9,100,6,0.05,100.0,9.0,0.1,0,1.0,0.5008981411014305,0.7571094312809655,0.5628803375511641,900.0,7,916
3a_physical_weak,96,oracle,1.0,100,6,0.05,100.0,9.0,0.1,0,1.0,0.5008981411014305,0.7571094312809655,0.5628803375511641,700.0,7,916
3a_physical_weak,96,naive,0.009,100,6,0.05,100.0,9.0,0.1,0,1.0,0.5008981411014305,0.7571094312809655,0.5691816983397711,70300.0,11,891
3a_physical_weak,96,random,0.0009,100,6,0.05,100.0,9.0,0.1,0,1.0,0.5008981411014305,0.7571094312809655,0.5558659374236935,77400.0,10,904
3a_physical_weak,97,regular,0.1,100,6,0.05,100.0,9.0,0.1,0,1.0,0.5298748776464545,0.7517205702981845,0.5788079352596396,3100.0,6,473
3a_physical_weak,97,superintelligent,0.9,100,6,0.05,100.0,9.0,0.1,0,1.0,0.5298748776464545,0.7517205702981845,0.5788079352596396,700.0,6,910
3a_physical_weak,97,oracle,1.0,100,6,0.05,100.0,9.0,0.1,0,1.0,0.5298748776464545,0.7517205702981845,0.5788079352596396,600.0,6,910
3a_physical_weak,97,naive,0.009,100,6,0.05,100.0,9.0,0.1,0,1.0,0.5298748776464545,0.7517205702981845,0.5788079352596396,46500.0,6,844
3a_physical_weak,97,random,0.0009,100,6,0.05,100.0,9.0,0.1,0,1.0,0.5298748776464545,0.7517205702981845,0.5788079352596396,82200.0,6,816
3a_physical_weak,98,regular,0.1,100,6,0.05,100.0,9.0,0.1,0,1.0,0.5271799604405691,0.748689161065655,0.5695105418664551,2600.0,3,891
3a_physical_weak,98,superintelligent,0.9,100,6,0.05,100.0,9.0,0.1,0,1.0,0.5271799604405691,0.748689161065655,0.5695105418664551,300.0,3,911
3a_physical_weak,98,oracle,1.0,100,6,0.05,100.0,9.0,0.1,0,1.0,0.5271799604405691,0.748689161065655,0.5695105418664551,300.0,3,911
3a_physical_weak,98,naive,0.009,100,6,0.05,100.0,9.0,0.1,0,1.0,0.5271799604405691,0.748689161065655,0.5695105418664551,18500.0,3,899
3a_physical_weak,98,random,0.0009,100,6,0.05,100.0,9.0,0.1,0,1.0,0.5271799604405691,0.748689161065655,0.5693095154777753,37000.0,3,907
3a_physical_weak,99,regular,0.1,100,6,0.05,100.0,9.0,0.1,0,1.0,0.4832615615978013,0.7523983597035321,0.5620093681154688,5000.0,6,888
3a_physical_weak,99,superintelligent,0.9,100,6,0.05,100.0,9.0,0.1,0,1.0,0.4832615615978013,0.7523983597035321,0.5620093681154688,600.0,6,907
3a_physical_weak,99,oracle,1.0,100,6,0.05,100.0,9.0,0.1,0,1.0,0.4832615615978013,0.7523983597035321,0.5620093681154688,600.0,6,907
3a_physical_weak,99,naive,0.009,100,6,0.05,100.0,9.0,0.1,0,1.0,0.4832615615978013,0.7523983597035321,0.5628842476148309,61600.0,9,647
3a_physical_weak,99,random,0.0009,100,6,0.05,100.0,9.0,0.1,0,1.0,0.4832615615978013,0.7523983597035321,0.5705447013548577,90000.0,8,906
3b_physical_strong,0,regular,0.1,100,6,0.05,100.0,9.0,0.1,10,5.0,0.5058791820337682,0.748322558891754,0.633504665524896,13900.0,16,904
3b_physical_strong,0,superintelligent,0.9,100,6,0.05,100.0,9.0,0.1,10,5.0,0.5058791820337682,0.748322558891754,0.6395886638221328,3300.0,16,912
3b_physical_strong,0,oracle,1.0,100,6,0.05,100.0,9.0,0.1,10,5.0,0.5058791820337682,0.748322558891754,0.6395886638221328,3200.0,16,912
3b_physical_strong,0,naive,0.009,100,6,0.05,100.0,9.0,0.1,10,5.0,0.5058791820337682,0.748322558891754,0.6040406717181839,69800.0,12,795
3b_physical_strong,0,random,0.0009,100,6,0.05,100.0,9.0,0.1,10,5.0,0.5058791820337682,0.748322558891754,0.5594955564272449,83900.0,5,890
3b_physical_strong,1,regular,0.1,100,6,0.05,100.0,9.0,0.1,10,5.0,0.47233406287971474,0.743891511686415,0.5724732814016065,7100.0,11,909
3b_physical_strong,1,superintelligent,0.9,100,6,0.05,100.0,9.0,0.1,10,5.0,0.47233406287971474,0.743891511686415,0.5724732814016065,2700.0,11,911
3b_physical_strong,1,oracle,1.0,100,6,0.05,100.0,9.0,0.1,10,5.0,0.47233406287971474,0.743891511686415,0.5724732814016065,2700.0,11,911
3b_physical_strong,1,naive,0.009,100,6,0.05,100.0,9.0,0.1,10,5.0,0.47233406287971474,0.743891511686415,0.5720895200056549,78400.0,12,890
3b_physical_strong,1,random,0.0009,100,6,0.05,100.0,9.0,0.1,10,5.0,0.47233406287971474,0.743891511686415,0.5632439550020621,89000.0,11,898
3b_physical_strong,2,regular,0.1,100,6,0.05,100.0,9.0,0.1,10,5.0,0.5381805446613801,0.7645213255255202,0.5766506249344596,6100.0,7,889
3b_physical_strong,2,superintelligent,0.9,100,6,0.05,100.0,9.0,0.1,10,5.0,0.5381805446613801,0.7645213255255202,0.5766506249344596,1100.0,7,911
3b_physical_strong,2,oracle,1.0,100,6,0.05,100.0,9.0,0.1,10,5.0,0.5381805446613801,0.7645213255255202,0.5766506249344596,1100.0,7,911
3b_physical_strong,2,naive,0.009,100,6,0.05,100.0,9.0,0.1,10,5.0,0.5381805446613801,0.7645213255255202,0.5569319133897883,33200.0,3,840
3b_physical_strong,2,random,0.0009,100,6,0.05,100.0,9.0,0.1,10,5.0,0.5381805446613801,0.7645213255255202,0.5569319133897883,64600.0,3,846
3b_physical_strong,3,regular,0.1,100,6,0.05,100.0,9.0,0.1,10,5.0,0.514044016108633,0.7550732796013284,0.5439906205789568,6900.0,5,878
3b_physical_strong,3,superintelligent,0.9,100,6,0.05,100.0,9.0,0.1,10,5.0,0.514044016108633,0.7550732796013284,0.5439906205789568,600.0,5,912
3b_physical_strong,3,oracle,1.0,100,6,0.05,100.0,9.0,0.1,10,5.0,0.514044016108633,0.7550732796013284,0.5439906205789568,500.0,5,912
3b_physical_strong,3,naive,0.009,100,6,0.05,100.0,9.0,0.1,10,5.0,0.514044016108633,0.7550732796013284,0.540724776974525,33600.0,6,696
3b_physical_strong,3,random,0.0009,100,6,0.05,100.0,9.0,0.1,10,5.0,0.514044016108633,0.7550732796013284,0.5379436008143363,92400.0,5,907
3b_physical_strong,4,regular,0.1,100,6,0.05,100.0,9.0,0.1,10,5.0,0.45317769192537005,0.7448298442490594,0.5728595115647687,14800.0,14,851
3b_physical_strong,4,superintelligent,0.9,100,6,0.05,100.0,9.0,0.1,10,5.0,0.45317769192537005,0.7448298442490594,0.5758368663402604,3500.0,14,912
3b_physical_strong,4,oracle,1.0,100,6,0.05,100.0,9.0,0.1,10,5.0,0.45317769192537005,0.7448298442490594,0.5758368663402604,3000.0,14,912
3b_physical_strong,4,naive,0.009,100,6,0.05,100.0,9.0,0.1,10,5.0,0.45317769192537005,0.7448298442490594,0.5543103863460452,76600.0,14,864
3b_physical_strong,4,random,0.0009,100,6,0.05,100.0,9.0,0.1,10,5.0,0.45317769192537005,0.7448298442490594,0.561720010408438,86000.0,9,912
3b_physical_strong,5,regular,0.1,100,6,0.05,100.0,9.0,0.1,10,5.0,0.4671150460039932,0.7509211140311243,0.5387920363429028,18500.0,10,907
3b_physical_strong,5,superintelligent,0.9,100,6,0.05,100.0,9.0,0.1,10,5.0,0.4671150460039932,0.7509211140311243,0.5387920363429028,1400.0,10,912
3b_physical_strong,5,oracle,1.0,100,6,0.05,100.0,9.0,0.1,10,5.0,0.4671150460039932,0.7509211140311243,0.5387920363429028,1400.0,10,912
3b_physical_strong,5,naive,0.009,100,6,0.05,100.0,9.0,0.1,10,5.0,0.4671150460039932,0.7509211140311243,0.5377636695119548,64100.0,9,902
3b_physical_strong,5,random,0.0009,100,6,0.05,100.0,9.0,0.1,10,5.0,0.4671150460039932,0.7509211140311243,0.5312541470397398,58600.0,8,880
3b_physical_strong,6,regular,0.1,100,6,0.05,100.0,9.0,0.1,10,5.0,0.48379146366300085,0.7460856331795638,0.58048441154697,8700.0,9,858
3b_physical_strong,6,superintelligent,0.9,100,6,0.05,100.0,9.0,0.1,10,5.0,0.48379146366300085,0.7460856331795638,0.58048441154697,1800.0,9,912
3b_physical_strong,6,oracle,1.0,100,6,0.05,100.0,9.0,0.1,10,5.0,0.48379146366300085,0.7460856331795638,0.58048441154697,1700.0,9,912
3b_physical_strong,6,naive,0.009,100,6,0.05,100.0,9.0,0.1,10,5.0,0.48379146366300085,0.7460856331795638,0.5749295706220114,93100.0,11,900
3b_physical_strong,6,random,0.0009,100,6,0.05,100.0,9.0,0.1,10,5.0,0.48379146366300085,0.7460856331795638,0.5680693999651095,92700.0,9,898
3b_physical_strong,7,regular,0.1,100,6,0.05,100.0,9.0,0.1,10,5.0,0.5394181656072643,0.7412690236008267,0.5777244578580705,5500.0,6,863
3b_physical_strong,7,superintelligent,0.9,100,6,0.05,100.0,9.0,0.1,10,5.0,0.5394181656072643,0.7412690236008267,0.5777244578580705,1000.0,6,921
3b_physical_strong,7,oracle,1.0,100,6,0.05,100.0,9.0,0.1,10,5.0,0.5394181656072643,0.7412690236008267,0.5777244578580705,1000.0,6,921
3b_physical_strong,7,naive,0.009,100,6,0.05,100.0,9.0,0.1,10,5.0,0.5394181656072643,0.7412690236008267,0.5707006386656935,14700.0,4,906
3b_physical_strong,7,random,0.0009,100,6,0.05,100.0,9.0,0.1,10,5.0,0.5394181656072643,0.7412690236008267,0.5707006386656935,54700.0,4,852
3b_physical_strong,8,regular,0.1,100,6,0.05,100.0,9.0,0.1,10,5.0,0.5275913559309382,0.7575751340344001,0.5697085280973649,6300.0,6,892
3b_physical_strong,8,superintelligent,0.9,100,6,0.05,100.0,9.0,0.1,10,5.0,0.5275913559309382,0.7575751340344001,0.5697085280973649,600.0,6,910
3b_physical_strong,8,oracle,1.0,100,6,0.05,100.0,9.0,0.1,10,5.0,0.5275913559309382,0.7575751340344001,0.5697085280973649,600.0,6,910
3b_physical_strong,8,naive,0.009,100,6,0.05,100.0,9.0,0.1,10,5.0,0.5275913559309382,0.7575751340344001,0.5697085280973649,21600.0,6,895
3b_physical_strong,8,random,0.0009,100,6,0.05,100.0,9.0,0.1,10,5.0,0.5275913559309382,0.7575751340344001,0.5447658950777402,14000.0,3,814
3b_physical_strong,9,regular,0.1,100,6,0.05,100.0,9.0,0.1,10,5.0,0.5501620475508066,0.768385443867589,0.6380103264237462,9300.0,11,914
3b_physical_strong,9,superintelligent,0.9,100,6,0.05,100.0,9.0,0.1,10,5.0,0.5501620475508066,0.768385443867589,0.6380103264237462,2300.0,11,917
3b_physical_strong,9,oracle,1.0,100,6,0.05,100.0,9.0,0.1,10,5.0,0.5501620475508066,0.768385443867589,0.6380103264237462,2300.0,11,917
3b_physical_strong,9,naive,0.009,100,6,0.05,100.0,9.0,0.1,10,5.0,0.5501620475508066,0.768385443867589,0.6413722144823483,86800.0,14,906
3b_physical_strong,9,random,0.0009,100,6,0.05,100.0,9.0,0.1,10,5.0,0.5501620475508066,0.768385443867589,0.608409127067416,94200.0,8,917
3b_physical_strong,10,regular,0.1,100,6,0.05,100.0,9.0,0.1,10,5.0,0.5001980252290642,0.7474174000802764,0.5533786650777452,7600.0,9,884
3b_physical_strong,10,superintelligent,0.9,100,6,0.05,100.0,9.0,0.1,10,5.0,0.5001980252290642,0.7474174000802764,0.5533786650777452,2100.0,9,911
3b_physical_strong,10,oracle,1.0,100,6,0.05,100.0,9.0,0.1,10,5.0,0.5001980252290642,0.7474174000802764,0.5533786650777452,2100.0,9,911
3b_physical_strong,10,naive,0.009,100,6,0.05,100.0,9.0,0.1,10,5.0,0.5001980252290642,0.7474174000802764,0.5419206726779908,77800.0,7,747
3b_physical_strong,10,random,0.0009,100,6,0.05,100.0,9.0,0.1,10,5.0,0.5001980252290642,0.7474174000802764,0.540602974141833,77100.0,7,903
3b_physical_strong,11,regular,0.1,100,6,0.05,100.0,9.0,0.1,10,5.0,0.4748133410861829,0.7475888979270979,0.559809183129564,19500.0,12,793
3b_physical_strong,11,superintelligent,0.9,100,6,0.05,100.0,9.0,0.1,10,5.0,0.4748133410861829,0.7475888979270979,0.5715504246573643,2400.0,14,910
3b_physical_strong,11,oracle,1.0,100,6,0.05,100.0,9.0,0.1,10,5.0,0.4748133410861829,0.7475888979270979,0.5715504246573643,2200.0,14,910
3b_physical_strong,11,naive,0.009,100,6,0.05,100.0,9.0,0.1,10,5.0,0.4748133410861829,0.7475888979270979,0.5434808065171683,75400.0,12,826
3b_physical_strong,11,random,0.0009,100,6,0.05,100.0,9.0,0.1,10,5.0,0.4748133410861829,0.7475888979270979,0.5631880529632168,93600.0,10,912
3b_physical_strong,12,regular,0.1,100,6,0.05,100.0,9.0,0.1,10,5.0,0.5224623905331116,0.7541033298074775,0.5677701170967875,10000.0,8,913
3b_physical_strong,12,superintelligent,0.9,100,6,0.05,100.0,9.0,0.1,10,5.0,0.5224623905331116,0.7541033298074775,0.5677701170967875,1400.0,8,915
3b_physical_strong,12,oracle,1.0,100,6,0.05,100.0,9.0,0.1,10,5.0,0.5224623905331116,0.7541033298074775,0.5677701170967875,1200.0,8,915
3b_physical_strong,12,naive,0.009,100,6,0.05,100.0,9.0,0.1,10,5.0,0.5224623905331116,0.7541033298074775,0.5552980826470684,81000.0,7,911
3b_physical_strong,12,random,0.0009,100,6,0.05,100.0,9.0,0.1,10,5.0,0.5224623905331116,0.7541033298074775,0.5677701170967875,88400.0,8,914
3b_physical_strong,13,regular,0.1,100,6,0.05,100.0,9.0,0.1,10,5.0,0.4960478070182077,0.7581418469708473,0.5889327266939821,9400.0,10,848
3b_physical_strong,13,superintelligent,0.9,100,6,0.05,100.0,9.0,0.1,10,5.0,0.4960478070182077,0.7581418469708473,0.5889327266939821,2000.0,10,913
3b_physical_strong,13,oracle,1.0,100,6,0.05,100.0,9.0,0.1,10,5.0,0.4960478070182077,0.7581418469708473,0.5889327266939821,1800.0,10,913
3b_physical_strong,13,naive,0.009,100,6,0.05,100.0,9.0,0.1,10,5.0,0.4960478070182077,0.7581418469708473,0.5889327266939821,78600.0,10,792
3b_physical_strong,13,random,0.0009,100,6,0.05,100.0,9.0,0.1,10,5.0,0.4960478070182077,0.7581418469708473,0.5864425902038346,73300.0,9,880
3b_physical_strong,14,regular,0.1,100,6,0.05,100.0,9.0,0.1,10,5.0,0.48683294945629463,0.7535307701331866,0.6018195003606528,15400.0,9,846
3b_physical_strong,14,superintelligent,0.9,100,6,0.05,100.0,9.0,0.1,10,5.0,0.48683294945629463,0.7535307701331866,0.6018195003606528,2900.0,9,915
3b_physical_strong,14,oracle,1.0,100,6,0.05,100.0,9.0,0.1,10,5.0,0.48683294945629463,0.7535307701331866,0.6018195003606528,2500.0,9,915
3b_physical_strong,14,naive,0.009,100,6,0.05,100.0,9.0,0.1,10,5.0,0.48683294945629463,0.7535307701331866,0.6018195003606528,49400.0,9,847
3b_physical_strong,14,random,0.0009,100,6,0.05,100.0,9.0,0.1,10,5.0,0.48683294945629463,0.7535307701331866,0.5950946698513377,94200.0,9,909
3b_physical_strong,15,regular,0.1,100,6,0.05,100.0,9.0,0.1,10,5.0,0.5325476081175279,0.7561962764805844,0.5730962355634664,6800.0,6,825
3b_physical_strong,15,superintelligent,0.9,100,6,0.05,100.0,9.0,0.1,10,5.0,0.5325476081175279,0.7561962764805844,0.5730962355634664,600.0,6,913
3b_physical_strong,15,oracle,1.0,100,6,0.05,100.0,9.0,0.1,10,5.0,0.5325476081175279,0.7561962764805844,0.5730962355634664,600.0,6,913
3b_physical_strong,15,naive,0.009,100,6,0.05,100.0,9.0,0.1,10,5.0,0.5325476081175279,0.7561962764805844,0.5804984237700574,65100.0,8,891
3b_physical_strong,15,random,0.0009,100,6,0.05,100.0,9.0,0.1,10,5.0,0.5325476081175279,0.7561962764805844,0.5861869580670129,82700.0,7,901
3b_physical_strong,16,regular,0.1,100,6,0.05,100.0,9.0,0.1,10,5.0,0.5361378835692645,0.7532591482715226,0.6097554863954113,10700.0,10,889
3b_physical_strong,16,superintelligent,0.9,100,6,0.05,100.0,9.0,0.1,10,5.0,0.5361378835692645,0.7532591482715226,0.6097554863954113,1900.0,10,912
3b_physical_strong,16,oracle,1.0,100,6,0.05,100.0,9.0,0.1,10,5.0,0.5361378835692645,0.7532591482715226,0.6097554863954113,1800.0,10,912
3b_physical_strong,16,naive,0.009,100,6,0.05,100.0,9.0,0.1,10,5.0,0.5361378835692645,0.7532591482715226,0.5937342128813196,76600.0,8,853
3b_physical_strong,16,random,0.0009,100,6,0.05,100.0,9.0,0.1,10,5.0,0.5361378835692645,0.7532591482715226,0.6186923181258519,87500.0,12,870
3b_physical_strong,17,regular,0.1,100,6,0.05,100.0,9.0,0.1,10,5.0,0.439487760506249,0.745838198410375,0.5881482369139778,13100.0,14,889
3b_physical_strong,17,superintelligent,0.9,100,6,0.05,100.0,9.0,0.1,10,5.0,0.439487760506249,0.745838198410375,0.5881482369139778,2700.0,14,916
3b_physical_strong,17,oracle,1.0,100,6,0.05,100.0,9.0,0.1,10,5.0,0.439487760506249,0.745838198410375,0.5881482369139778,2600.0,14,916
3b_physical_strong,17,naive,0.009,100,6,0.05,100.0,9.0,0.1,10,5.0,0.439487760506249,0.745838198410375,0.5921916433468689,82200.0,16,895
3b_physical_strong,17,random,0.0009,100,6,0.05,100.0,9.0,0.1,10,5.0,0.439487760506249,0.745838198410375,0.5572094054941873,92700.0,13,906
3b_physical_strong,18,regular,0.1,100,6,0.05,100.0,9.0,0.1,10,5.0,0.46598261588549694,0.758853662059019,0.5318846649557436,10400.0,7,857
3b_physical_strong,18,superintelligent,0.9,100,6,0.05,100.0,9.0,0.1,10,5.0,0.46598261588549694,0.758853662059019,0.572506284632318,3500.0,15,911
3b_physical_strong,18,oracle,1.0,100,6,0.05,100.0,9.0,0.1,10,5.0,0.46598261588549694,0.758853662059019,0.572506284632318,3100.0,15,911
3b_physical_strong,18,naive,0.009,100,6,0.05,100.0,9.0,0.1,10,5.0,0.46598261588549694,0.758853662059019,0.5779387890378459,83400.0,13,911
3b_physical_strong,18,random,0.0009,100,6,0.05,100.0,9.0,0.1,10,5.0,0.46598261588549694,0.758853662059019,0.5705992517874146,86100.0,11,901
3b_physical_strong,19,regular,0.1,100,6,0.05,100.0,9.0,0.1,10,5.0,0.4591127275682609,0.7587291337168146,0.5172393470969949,14800.0,9,875
3b_physical_strong,19,superintelligent,0.9,100,6,0.05,100.0,9.0,0.1,10,5.0,0.4591127275682609,0.7587291337168146,0.5172393470969949,1700.0,9,910
3b_physical_strong,19,oracle,1.0,100,6,0.05,100.0,9.0,0.1,10,5.0,0.4591127275682609,0.7587291337168146,0.5172393470969949,1700.0,9,910
3b_physical_strong,19,naive,0.009,100,6,0.05,100.0,9.0,0.1,10,5.0,0.4591127275682609,0.7587291337168146,0.5202052419742536,47800.0,9,903
3b_physical_strong,19,random,0.0009,100,6,0.05,100.0,9.0,0.1,10,5.0,0.4591127275682609,0.7587291337168146,0.5135899675964529,93000.0,9,893
3b_physical_strong,20,regular,0.1,100,6,0.05,100.0,9.0,0.1,10,5.0,0.5092107075214465,0.7412184599450902,0.6092066202834941,4300.0,10,871
3b_physical_strong,20,superintelligent,0.9,100,6,0.05,100.0,9.0,0.1,10,5.0,0.5092107075214465,0.7412184599450902,0.6092066202834941,1600.0,10,911
3b_physical_strong,20,oracle,1.0,100,6,0.05,100.0,9.0,0.1,10,5.0,0.5092107075214465,0.7412184599450902,0.6092066202834941,1400.0,10,911
3b_physical_strong,20,naive,0.009,100,6,0.05,100.0,9.0,0.1,10,5.0,0.5092107075214465,0.7412184599450902,0.6052719135589298,57500.0,9,872
3b_physical_strong,20,random,0.0009,100,6,0.05,100.0,9.0,0.1,10,5.0,0.5092107075214465,0.7412184599450902,0.6052625527881441,86700.0,11,905
3b_physical_strong,21,regular,0.1,100,6,0.05,100.0,9.0,0.1,10,5.0,0.5045016784366159,0.7594587835653751,0.595071670370044,12500.0,11,898
3b_physical_strong,21,superintelligent,0.9,100,6,0.05,100.0,9.0,0.1,10,5.0,0.5045016784366159,0.7594587835653751,0.595071670370044,3300.0,11,914
3b_physical_strong,21,oracle,1.0,100,6,0.05,100.0,9.0,0.1,10,5.0,0.5045016784366159,0.7594587835653751,0.595071670370044,3100.0,11,914
3b_physical_strong,21,naive,0.009,100,6,0.05,100.0,9.0,0.1,10,5.0,0.5045016784366159,0.7594587835653751,0.553053256526236,48500.0,6,843
3b_physical_strong,21,random,0.0009,100,6,0.05,100.0,9.0,0.1,10,5.0,0.5045016784366159,0.7594587835653751,0.5806727187532035,95100.0,9,914
3b_physical_strong,22,regular,0.1,100,6,0.05,100.0,9.0,0.1,10,5.0,0.4985155471315511,0.7467603955760743,0.5944121018161121,9900.0,11,834
3b_physical_strong,22,superintelligent,0.9,100,6,0.05,100.0,9.0,0.1,10,5.0,0.4985155471315511,0.7467603955760743,0.5918661717670479,2800.0,12,912
3b_physical_strong,22,oracle,1.0,100,6,0.05,100.0,9.0,0.1,10,5.0,0.4985155471315511,0.7467603955760743,0.5918661717670479,2800.0,12,912
3b_physical_strong,22,naive,0.009,100,6,0.05,100.0,9.0,0.1,10,5.0,0.4985155471315511,0.7467603955760743,0.5910800424744542,83700.0,10,907
3b_physical_strong,22,random,0.0009,100,6,0.05,100.0,9.0,0.1,10,5.0,0.4985155471315511,0.7467603955760743,0.5707817315803803,71400.0,7,911
3b_physical_strong,23,regular,0.1,100,6,0.05,100.0,9.0,0.1,10,5.0,0.5377819651440213,0.7486480173456397,0.5899033744575166,3300.0,6,809
3b_physical_strong,23,superintelligent,0.9,100,6,0.05,100.0,9.0,0.1,10,5.0,0.5377819651440213,0.7486480173456397,0.5899033744575166,1200.0,6,909
3b_physical_strong,23,oracle,1.0,100,6,0.05,100.0,9.0,0.1,10,5.0,0.5377819651440213,0.7486480173456397,0.5899033744575166,1000.0,6,909
3b_physical_strong,23,naive,0.009,100,6,0.05,100.0,9.0,0.1,10,5.0,0.5377819651440213,0.7486480173456397,0.5844821033068999,46100.0,6,894
3b_physical_strong,23,random,0.0009,100,6,0.05,100.0,9.0,0.1,10,5.0,0.5377819651440213,0.7486480173456397,0.5886057323275156,41100.0,5,806
3b_physical_strong,24,regular,0.1,100,6,0.05,100.0,9.0,0.1,10,5.0,0.4699010685638823,0.7415828329709254,0.5970228967080391,14600.0,13,906
3b_physical_strong,24,superintelligent,0.9,100,6,0.05,100.0,9.0,0.1,10,5.0,0.4699010685638823,0.7415828329709254,0.6062974100854678,2000.0,15,916
3b_physical_strong,24,oracle,1.0,100,6,0.05,100.0,9.0,0.1,10,5.0,0.4699010685638823,0.7415828329709254,0.6062974100854678,1900.0,15,916
3b_physical_strong,24,naive,0.009,100,6,0.05,100.0,9.0,0.1,10,5.0,0.4699010685638823,0.7415828329709254,0.5511902484541692,76900.0,9,825
3b_physical_strong,24,random,0.0009,100,6,0.05,100.0,9.0,0.1,10,5.0,0.4699010685638823,0.7415828329709254,0.5534285251460124,84800.0,11,894
3b_physical_strong,25,regular,0.1,100,6,0.05,100.0,9.0,0.1,10,5.0,0.49143566112521064,0.7577590381873637,0.5804829390569267,9000.0,10,881
3b_physical_strong,25,superintelligent,0.9,100,6,0.05,100.0,9.0,0.1,10,5.0,0.49143566112521064,0.7577590381873637,0.5804829390569267,1400.0,10,914
3b_physical_strong,25,oracle,1.0,100,6,0.05,100.0,9.0,0.1,10,5.0,0.49143566112521064,0.7577590381873637,0.5804829390569267,1400.0,10,914
3b_physical_strong,25,naive,0.009,100,6,0.05,100.0,9.0,0.1,10,5.0,0.49143566112521064,0.7577590381873637,0.5756933225956006,71900.0,9,892
3b_physical_strong,25,random,0.0009,100,6,0.05,100.0,9.0,0.1,10,5.0,0.49143566112521064,0.7577590381873637,0.5786200162253508,89200.0,12,888
3b_physical_strong,26,regular,0.1,100,6,0.05,100.0,9.0,0.1,10,5.0,0.5006117618297502,0.7586341291137979,0.5545711389784028,6800.0,7,873
3b_physical_strong,26,superintelligent,0.9,100,6,0.05,100.0,9.0,0.1,10,5.0,0.5006117618297502,0.7586341291137979,0.5545711389784028,1200.0,7,910
3b_physical_strong,26,oracle,1.0,100,6,0.05,100.0,9.0,0.1,10,5.0,0.5006117618297502,0.7586341291137979,0.5545711389784028,1100.0,7,910
3b_physical_strong,26,naive,0.009,100,6,0.05,100.0,9.0,0.1,10,5.0,0.5006117618297502,0.7586341291137979,0.5525089223813845,34400.0,4,860
3b_physical_strong,26,random,0.0009,100,6,0.05,100.0,9.0,0.1,10,5.0,0.5006117618297502,0.7586341291137979,0.5525089223813845,39400.0,4,727
3b_physical_strong,27,regular,0.1,100,6,0.05,100.0,9.0,0.1,10,5.0,0.47280819642837246,0.7486672747279435,0.5978752816711306,8500.0,13,848
3b_physical_strong,27,superintelligent,0.9,100,6,0.05,100.0,9.0,0.1,10,5.0,0.47280819642837246,0.7486672747279435,0.5978752816711306,3300.0,13,909
3b_physical_strong,27,oracle,1.0,100,6,0.05,100.0,9.0,0.1,10,5.0,0.47280819642837246,0.7486672747279435,0.5978752816711306,2900.0,13,909
3b_physical_strong,27,naive,0.009,100,6,0.05,100.0,9.0,0.1,10,5.0,0.47280819642837246,0.7486672747279435,0.5906171564185797,78200.0,15,883
3b_physical_strong,27,random,0.0009,100,6,0.05,100.0,9.0,0.1,10,5.0,0.47280819642837246,0.7486672747279435,0.5815125572756673,92600.0,14,892
3b_physical_strong,28,regular,0.1,100,6,0.05,100.0,9.0,0.1,10,5.0,0.48620537561350213,0.7630055424752122,0.5858789710058295,9800.0,9,879
3b_physical_strong,28,superintelligent,0.9,100,6,0.05,100.0,9.0,0.1,10,5.0,0.48620537561350213,0.7630055424752122,0.5858789710058295,1300.0,9,912
3b_physical_strong,28,oracle,1.0,100,6,0.05,100.0,9.0,0.1,10,5.0,0.48620537561350213,0.7630055424752122,0.5858789710058295,1300.0,9,912
3b_physical_strong,28,naive,0.009,100,6,0.05,100.0,9.0,0.1,10,5.0,0.48620537561350213,0.7630055424752122,0.5858789710058295,79800.0,9,860
3b_physical_strong,28,random,0.0009,100,6,0.05,100.0,9.0,0.1,10,5.0,0.48620537561350213,0.7630055424752122,0.5882488580104102,92200.0,12,890
3b_physical_strong,29,regular,0.1,100,6,0.05,100.0,9.0,0.1,10,5.0,0.4619309974489126,0.7570457752532358,0.5654603431474335,9200.0,10,912
3b_physical_strong,29,superintelligent,0.9,100,6,0.05,100.0,9.0,0.1,10,5.0,0.4619309974489126,0.7570457752532358,0.5967997617000351,2500.0,13,912
3b_physical_strong,29,oracle,1.0,100,6,0.05,100.0,9.0,0.1,10,5.0,0.4619309974489126,0.7570457752532358,0.5967997617000351,2500.0,13,912
3b_physical_strong,29,naive,0.009,100,6,0.05,100.0,9.0,0.1,10,5.0,0.4619309974489126,0.7570457752532358,0.5654603431474335,55800.0,10,775
3b_physical_strong,29,random,0.0009,100,6,0.05,100.0,9.0,0.1,10,5.0,0.4619309974489126,0.7570457752532358,0.5566293682183698,94100.0,10,913
3b_physical_strong,30,regular,0.1,100,6,0.05,100.0,9.0,0.1,10,5.0,0.5157637760798874,0.7516246553567966,0.5962939488428171,3900.0,7,871
3b_physical_strong,30,superintelligent,0.9,100,6,0.05,100.0,9.0,0.1,10,5.0,0.5157637760798874,0.7516246553567966,0.5962939488428171,1100.0,7,910
3b_physical_strong,30,oracle,1.0,100,6,0.05,100.0,9.0,0.1,10,5.0,0.5157637760798874,0.7516246553567966,0.5962939488428171,1100.0,7,910
3b_physical_strong,30,naive,0.009,100,6,0.05,100.0,9.0,0.1,10,5.0,0.5157637760798874,0.7516246553567966,0.5944638235714299,73400.0,7,832
3b_physical_strong,30,random,0.0009,100,6,0.05,100.0,9.0,0.1,10,5.0,0.5157637760798874,0.7516246553567966,0.5800106276735228,65100.0,8,890
3b_physical_strong,31,regular,0.1,100,6,0.05,100.0,9.0,0.1,10,5.0,0.4944457905013362,0.7460735757321615,0.5916967770308532,6100.0,11,915
3b_physical_strong,31,superintelligent,0.9,100,6,0.05,100.0,9.0,0.1,10,5.0,0.4944457905013362,0.7460735757321615,0.5916967770308532,1900.0,11,915
3b_physical_strong,31,oracle,1.0,100,6,0.05,100.0,9.0,0.1,10,5.0,0.4944457905013362,0.7460735757321615,0.5916967770308532,1900.0,11,915
3b_physical_strong,31,naive,0.009,100,6,0.05,100.0,9.0,0.1,10,5.0,0.4944457905013362,0.7460735757321615,0.5623713972298333,51100.0,11,901
3b_physical_strong,31,random,0.0009,100,6,0.05,100.0,9.0,0.1,10,5.0,0.4944457905013362,0.7460735757321615,0.5501408976761575,71400.0,9,898
3b_physical_strong,32,regular,0.1,100,6,0.05,100.0,9.0,0.1,10,5.0,0.48942579838577494,0.7613026058637782,0.5635230898116474,11300.0,10,846
3b_physical_strong,32,superintelligent,0.9,100,6,0.05,100.0,9.0,0.1,10,5.0,0.48942579838577494,0.7613026058637782,0.5674762723396154,1800.0,10,908
3b_physical_strong,32,oracle,1.0,100,6,0.05,100.0,9.0,0.1,10,5.0,0.48942579838577494,0.7613026058637782,0.5674762723396154,1400.0,10,908
3b_physical_strong,32,naive,0.009,100,6,0.05,100.0,9.0,0.1,10,5.0,0.48942579838577494,0.7613026058637782,0.5744032127510507,69400.0,13,887
3b_physical_strong,32,random,0.0009,100,6,0.05,100.0,9.0,0.1,10,5.0,0.48942579838577494,0.7613026058637782,0.5309405345603246,87200.0,7,899
3b_physical_strong,33,regular,0.1,100,6,0.05,100.0,9.0,0.1,10,5.0,0.5329565058070155,0.7645227966014702,0.6198175828304838,20000.0,9,885
3b_physical_strong,33,superintelligent,0.9,100,6,0.05,100.0,9.0,0.1,10,5.0,0.5329565058070155,0.7645227966014702,0.6189601609883585,2300.0,9,913
3b_physical_strong,33,oracle,1.0,100,6,0.05,100.0,9.0,0.1,10,5.0,0.5329565058070155,0.7645227966014702,0.6189601609883585,2100.0,9,913
3b_physical_strong,33,naive,0.009,100,6,0.05,100.0,9.0,0.1,10,5.0,0.5329565058070155,0.7645227966014702,0.630185099079891,34800.0,12,910
3b_physical_strong,33,random,0.0009,100,6,0.05,100.0,9.0,0.1,10,5.0,0.5329565058070155,0.7645227966014702,0.6189601609883585,93500.0,9,898
3b_physical_strong,34,regular,0.1,100,6,0.05,100.0,9.0,0.1,10,5.0,0.49611898969240464,0.7537909764047532,0.5470439859871985,6500.0,7,799
3b_physical_strong,34,superintelligent,0.9,100,6,0.05,100.0,9.0,0.1,10,5.0,0.49611898969240464,0.7537909764047532,0.5470439859871985,1100.0,7,909
3b_physical_strong,34,oracle,1.0,100,6,0.05,100.0,9.0,0.1,10,5.0,0.49611898969240464,0.7537909764047532,0.5470439859871985,1100.0,7,909
3b_physical_strong,34,naive,0.009,100,6,0.05,100.0,9.0,0.1,10,5.0,0.49611898969240464,0.7537909764047532,0.5470439859871985,23400.0,7,733
3b_physical_strong,34,random,0.0009,100,6,0.05,100.0,9.0,0.1,10,5.0,0.49611898969240464,0.7537909764047532,0.5382653385977235,68400.0,9,826
3b_physical_strong,35,regular,0.1,100,6,0.05,100.0,9.0,0.1,10,5.0,0.5022975097781135,0.7541930395807276,0.5722928170685294,7600.0,6,820
3b_physical_strong,35,superintelligent,0.9,100,6,0.05,100.0,9.0,0.1,10,5.0,0.5022975097781135,0.7541930395807276,0.5722928170685294,700.0,6,910
3b_physical_strong,35,oracle,1.0,100,6,0.05,100.0,9.0,0.1,10,5.0,0.5022975097781135,0.7541930395807276,0.5722928170685294,600.0,6,910
3b_physical_strong,35,naive,0.009,100,6,0.05,100.0,9.0,0.1,10,5.0,0.5022975097781135,0.7541930395807276,0.581080795088877,33600.0,8,885
3b_physical_strong,35,random,0.0009,100,6,0.05,100.0,9.0,0.1,10,5.0,0.5022975097781135,0.7541930395807276,0.581080795088877,85100.0,8,893
3b_physical_strong,36,regular,0.1,100,6,0.05,100.0,9.0,0.1,10,5.0,0.4920859916212084,0.7554980759214418,0.5863752011650161,9700.0,9,832
3b_physical_strong,36,superintelligent,0.9,100,6,0.05,100.0,9.0,0.1,10,5.0,0.4920859916212084,0.7554980759214418,0.5863752011650161,1500.0,9,911
3b_physical_strong,36,oracle,1.0,100,6,0.05,100.0,9.0,0.1,10,5.0,0.4920859916212084,0.7554980759214418,0.5863752011650161,1300.0,9,911
3b_physical_strong,36,naive,0.009,100,6,0.05,100.0,9.0,0.1,10,5.0,0.4920859916212084,0.7554980759214418,0.5863752011650161,54600.0,9,653
3b_physical_strong,36,random,0.0009,100,6,0.05,100.0,9.0,0.1,10,5.0,0.4920859916212084,0.7554980759214418,0.5931949070884872,89600.0,12,906
3b_physical_strong,37,regular,0.1,100,6,0.05,100.0,9.0,0.1,10,5.0,0.5259855522225173,0.7602037418142835,0.5512453255128614,3800.0,4,897
3b_physical_strong,37,superintelligent,0.9,100,6,0.05,100.0,9.0,0.1,10,5.0,0.5259855522225173,0.7602037418142835,0.5532732186938071,500.0,5,913
3b_physical_strong,37,oracle,1.0,100,6,0.05,100.0,9.0,0.1,10,5.0,0.5259855522225173,0.7602037418142835,0.5532732186938071,500.0,5,913
3b_physical_strong,37,naive,0.009,100,6,0.05,100.0,9.0,0.1,10,5.0,0.5259855522225173,0.7602037418142835,0.5532732186938071,31400.0,5,788
3b_physical_strong,37,random,0.0009,100,6,0.05,100.0,9.0,0.1,10,5.0,0.5259855522225173,0.7602037418142835,0.5512453255128614,66400.0,4,897
3b_physical_strong,38,regular,0.1,100,6,0.05,100.0,9.0,0.1,10,5.0,0.5244643009316146,0.7753961696627203,0.6045905930231751,10300.0,9,762
3b_physical_strong,38,superintelligent,0.9,100,6,0.05,100.0,9.0,0.1,10,5.0,0.5244643009316146,0.7753961696627203,0.6045905930231751,1800.0,9,915
3b_physical_strong,38,oracle,1.0,100,6,0.05,100.0,9.0,0.1,10,5.0,0.5244643009316146,0.7753961696627203,0.6045905930231751,1700.0,9,915
3b_physical_strong,38,naive,0.009,100,6,0.05,100.0,9.0,0.1,10,5.0,0.5244643009316146,0.7753961696627203,0.601920281065082,63600.0,9,869
3b_physical_strong,38,random,0.0009,100,6,0.05,100.0,9.0,0.1,10,5.0,0.5244643009316146,0.7753961696627203,0.6045905930231751,86200.0,9,902
3b_physical_strong,39,regular,0.1,100,6,0.05,100.0,9.0,0.1,10,5.0,0.5372438456396231,0.7708448045410164,0.6458399650484458,11000.0,11,884
3b_physical_strong,39,superintelligent,0.9,100,6,0.05,100.0,9.0,0.1,10,5.0,0.5372438456396231,0.7708448045410164,0.6458399650484458,2300.0,11,924
3b_physical_strong,39,oracle,1.0,100,6,0.05,100.0,9.0,0.1,10,5.0,0.5372438456396231,0.7708448045410164,0.6458399650484458,2300.0,11,924
3b_physical_strong,39,naive,0.009,100,6,0.05,100.0,9.0,0.1,10,5.0,0.5372438456396231,0.7708448045410164,0.6093025993320701,86300.0,10,871
3b_physical_strong,39,random,0.0009,100,6,0.05,100.0,9.0,0.1,10,5.0,0.5372438456396231,0.7708448045410164,0.6019404627068448,92000.0,9,904
3b_physical_strong,40,regular,0.1,100,6,0.05,100.0,9.0,0.1,10,5.0,0.45922161936441663,0.7469522617729494,0.5184937867369686,5000.0,6,834
3b_physical_strong,40,superintelligent,0.9,100,6,0.05,100.0,9.0,0.1,10,5.0,0.45922161936441663,0.7469522617729494,0.5184937867369686,1600.0,6,910
3b_physical_strong,40,oracle,1.0,100,6,0.05,100.0,9.0,0.1,10,5.0,0.45922161936441663,0.7469522617729494,0.5184937867369686,1400.0,6,910
3b_physical_strong,40,naive,0.009,100,6,0.05,100.0,9.0,0.1,10,5.0,0.45922161936441663,0.7469522617729494,0.5184937867369686,31200.0,6,809
3b_physical_strong,40,random,0.0009,100,6,0.05,100.0,9.0,0.1,10,5.0,0.45922161936441663,0.7469522617729494,0.5172198080868066,38900.0,6,906
3b_physical_strong,41,regular,0.1,100,6,0.05,100.0,9.0,0.1,10,5.0,0.5112737884400681,0.7600326145513122,0.5900969136586363,10000.0,9,875
3b_physical_strong,41,superintelligent,0.9,100,6,0.05,100.0,9.0,0.1,10,5.0,0.5112737884400681,0.7600326145513122,0.5900969136586363,900.0,9,917
3b_physical_strong,41,oracle,1.0,100,6,0.05,100.0,9.0,0.1,10,5.0,0.5112737884400681,0.7600326145513122,0.5900969136586363,900.0,9,917
3b_physical_strong,41,naive,0.009,100,6,0.05,100.0,9.0,0.1,10,5.0,0.5112737884400681,0.7600326145513122,0.5893367755279441,73200.0,11,839
3b_physical_strong,41,random,0.0009,100,6,0.05,100.0,9.0,0.1,10,5.0,0.5112737884400681,0.7600326145513122,0.5844841116599558,90300.0,13,914
3b_physical_strong,42,regular,0.1,100,6,0.05,100.0,9.0,0.1,10,5.0,0.4758965619696099,0.749060399261909,0.5827246806851937,13200.0,14,903
3b_physical_strong,42,superintelligent,0.9,100,6,0.05,100.0,9.0,0.1,10,5.0,0.4758965619696099,0.749060399261909,0.5827246806851937,2900.0,14,914
3b_physical_strong,42,oracle,1.0,100,6,0.05,100.0,9.0,0.1,10,5.0,0.4758965619696099,0.749060399261909,0.5827246806851937,2600.0,14,914
3b_physical_strong,42,naive,0.009,100,6,0.05,100.0,9.0,0.1,10,5.0,0.4758965619696099,0.749060399261909,0.5741858341471947,59300.0,11,914
3b_physical_strong,42,random,0.0009,100,6,0.05,100.0,9.0,0.1,10,5.0,0.4758965619696099,0.749060399261909,0.5687722062379348,92800.0,11,897
3b_physical_strong,43,regular,0.1,100,6,0.05,100.0,9.0,0.1,10,5.0,0.4933238266669735,0.7356296488577003,0.5918709428630489,5900.0,9,874
3b_physical_strong,43,superintelligent,0.9,100,6,0.05,100.0,9.0,0.1,10,5.0,0.4933238266669735,0.7356296488577003,0.5918709428630489,1000.0,9,913
3b_physical_strong,43,oracle,1.0,100,6,0.05,100.0,9.0,0.1,10,5.0,0.4933238266669735,0.7356296488577003,0.5918709428630489,900.0,9,913
3b_physical_strong,43,naive,0.009,100,6,0.05,100.0,9.0,0.1,10,5.0,0.4933238266669735,0.7356296488577003,0.5918709428630489,45200.0,9,696
3b_physical_strong,43,random,0.0009,100,6,0.05,100.0,9.0,0.1,10,5.0,0.4933238266669735,0.7356296488577003,0.5918709428630489,84600.0,9,893
3b_physical_strong,44,regular,0.1,100,6,0.05,100.0,9.0,0.1,10,5.0,0.5017523691282976,0.7633355242698266,0.5846201130445534,15400.0,9,832
3b_physical_strong,44,superintelligent,0.9,100,6,0.05,100.0,9.0,0.1,10,5.0,0.5017523691282976,0.7633355242698266,0.5846201130445534,1500.0,9,915
3b_physical_strong,44,oracle,1.0,100,6,0.05,100.0,9.0,0.1,10,5.0,0.5017523691282976,0.7633355242698266,0.5846201130445534,1300.0,9,915
3b_physical_strong,44,naive,0.009,100,6,0.05,100.0,9.0,0.1,10,5.0,0.5017523691282976,0.7633355242698266,0.5577473373765127,51000.0,6,878
3b_physical_strong,44,random,0.0009,100,6,0.05,100.0,9.0,0.1,10,5.0,0.5017523691282976,0.7633355242698266,0.5822125427398817,79400.0,10,882
3b_physical_strong,45,regular,0.1,100,6,0.05,100.0,9.0,0.1,10,5.0,0.4773385375532904,0.7536900977789436,0.5560576434764198,13800.0,13,752
3b_physical_strong,45,superintelligent,0.9,100,6,0.05,100.0,9.0,0.1,10,5.0,0.4773385375532904,0.7536900977789436,0.5560576434764198,2300.0,13,908
3b_physical_strong,45,oracle,1.0,100,6,0.05,100.0,9.0,0.1,10,5.0,0.4773385375532904,0.7536900977789436,0.5560576434764198,2100.0,13,908
3b_physical_strong,45,naive,0.009,100,6,0.05,100.0,9.0,0.1,10,5.0,0.4773385375532904,0.7536900977789436,0.5492181843401173,77900.0,12,829
3b_physical_strong,45,random,0.0009,100,6,0.05,100.0,9.0,0.1,10,5.0,0.4773385375532904,0.7536900977789436,0.5363648508397224,84000.0,9,857
3b_physical_strong,46,regular,0.1,100,6,0.05,100.0,9.0,0.1,10,5.0,0.49798488072812575,0.7523701893983946,0.6128559064863704,10000.0,11,762
3b_physical_strong,46,superintelligent,0.9,100,6,0.05,100.0,9.0,0.1,10,5.0,0.49798488072812575,0.7523701893983946,0.6128559064863704,1700.0,11,915
3b_physical_strong,46,oracle,1.0,100,6,0.05,100.0,9.0,0.1,10,5.0,0.49798488072812575,0.7523701893983946,0.6128559064863704,1500.0,11,915
3b_physical_strong,46,naive,0.009,100,6,0.05,100.0,9.0,0.1,10,5.0,0.49798488072812575,0.7523701893983946,0.5988057974603453,43800.0,10,883
3b_physical_strong,46,random,0.0009,100,6,0.05,100.0,9.0,0.1,10,5.0,0.49798488072812575,0.7523701893983946,0.5972658192158626,93600.0,15,901
3b_physical_strong,47,regular,0.1,100,6,0.05,100.0,9.0,0.1,10,5.0,0.5389813004873514,0.7484250303938259,0.5651113368113074,7000.0,4,780
3b_physical_strong,47,superintelligent,0.9,100,6,0.05,100.0,9.0,0.1,10,5.0,0.5389813004873514,0.7484250303938259,0.5651113368113074,400.0,4,913
3b_physical_strong,47,oracle,1.0,100,6,0.05,100.0,9.0,0.1,10,5.0,0.5389813004873514,0.7484250303938259,0.5651113368113074,400.0,4,913
3b_physical_strong,47,naive,0.009,100,6,0.05,100.0,9.0,0.1,10,5.0,0.5389813004873514,0.7484250303938259,0.5651113368113074,26900.0,4,877
3b_physical_strong,47,random,0.0009,100,6,0.05,100.0,9.0,0.1,10,5.0,0.5389813004873514,0.7484250303938259,0.5631681786736588,59900.0,3,863
3b_physical_strong,48,regular,0.1,100,6,0.05,100.0,9.0,0.1,10,5.0,0.5473595272692652,0.7539802533733032,0.6057018169355739,6600.0,6,891
3b_physical_strong,48,superintelligent,0.9,100,6,0.05,100.0,9.0,0.1,10,5.0,0.5473595272692652,0.7539802533733032,0.6057018169355739,1000.0,6,912
3b_physical_strong,48,oracle,1.0,100,6,0.05,100.0,9.0,0.1,10,5.0,0.5473595272692652,0.7539802533733032,0.6057018169355739,1000.0,6,912
3b_physical_strong,48,naive,0.009,100,6,0.05,100.0,9.0,0.1,10,5.0,0.5473595272692652,0.7539802533733032,0.6019796952445904,60600.0,8,841
3b_physical_strong,48,random,0.0009,100,6,0.05,100.0,9.0,0.1,10,5.0,0.5473595272692652,0.7539802533733032,0.6005914303704286,87200.0,6,853
3b_physical_strong,49,regular,0.1,100,6,0.05,100.0,9.0,0.1,10,5.0,0.5165431695984128,0.7720022833744684,0.5706415178154138,4600.0,7,711
3b_physical_strong,49,superintelligent,0.9,100,6,0.05,100.0,9.0,0.1,10,5.0,0.5165431695984128,0.7720022833744684,0.5706415178154138,900.0,7,911
3b_physical_strong,49,oracle,1.0,100,6,0.05,100.0,9.0,0.1,10,5.0,0.5165431695984128,0.7720022833744684,0.5706415178154138,700.0,7,911
3b_physical_strong,49,naive,0.009,100,6,0.05,100.0,9.0,0.1,10,5.0,0.5165431695984128,0.7720022833744684,0.5566684509345368,50100.0,5,912
3b_physical_strong,49,random,0.0009,100,6,0.05,100.0,9.0,0.1,10,5.0,0.5165431695984128,0.7720022833744684,0.5706415178154138,89800.0,7,883
3b_physical_strong,50,regular,0.1,100,6,0.05,100.0,9.0,0.1,10,5.0,0.4952634819516269,0.7554450553498099,0.5728506962514591,7700.0,9,901
3b_physical_strong,50,superintelligent,0.9,100,6,0.05,100.0,9.0,0.1,10,5.0,0.4952634819516269,0.7554450553498099,0.6050801662280769,2400.0,12,908
3b_physical_strong,50,oracle,1.0,100,6,0.05,100.0,9.0,0.1,10,5.0,0.4952634819516269,0.7554450553498099,0.6050801662280769,2400.0,12,908
3b_physical_strong,50,naive,0.009,100,6,0.05,100.0,9.0,0.1,10,5.0,0.4952634819516269,0.7554450553498099,0.5877575852173887,89600.0,10,906
3b_physical_strong,50,random,0.0009,100,6,0.05,100.0,9.0,0.1,10,5.0,0.4952634819516269,0.7554450553498099,0.5617145189628435,91900.0,7,903
3b_physical_strong,51,regular,0.1,100,6,0.05,100.0,9.0,0.1,10,5.0,0.5261140548910401,0.7534932417399016,0.5528269682844141,4500.0,6,900
3b_physical_strong,51,superintelligent,0.9,100,6,0.05,100.0,9.0,0.1,10,5.0,0.5261140548910401,0.7534932417399016,0.5528269682844141,1000.0,6,913
3b_physical_strong,51,oracle,1.0,100,6,0.05,100.0,9.0,0.1,10,5.0,0.5261140548910401,0.7534932417399016,0.5528269682844141,1000.0,6,913
3b_physical_strong,51,naive,0.009,100,6,0.05,100.0,9.0,0.1,10,5.0,0.5261140548910401,0.7534932417399016,0.5528269682844141,49000.0,6,843
3b_physical_strong,51,random,0.0009,100,6,0.05,100.0,9.0,0.1,10,5.0,0.5261140548910401,0.7534932417399016,0.5511458011446944,77500.0,5,898
3b_physical_strong,52,regular,0.1,100,6,0.05,100.0,9.0,0.1,10,5.0,0.4860291569364438,0.752917320755592,0.5562603731340598,5400.0,8,839
3b_physical_strong,52,superintelligent,0.9,100,6,0.05,100.0,9.0,0.1,10,5.0,0.4860291569364438,0.752917320755592,0.5613944504694693,2400.0,9,914
3b_physical_strong,52,oracle,1.0,100,6,0.05,100.0,9.0,0.1,10,5.0,0.4860291569364438,0.752917320755592,0.5613944504694693,2100.0,9,914
3b_physical_strong,52,naive,0.009,100,6,0.05,100.0,9.0,0.1,10,5.0,0.4860291569364438,0.752917320755592,0.536040951432749,46700.0,7,845
3b_physical_strong,52,random,0.0009,100,6,0.05,100.0,9.0,0.1,10,5.0,0.4860291569364438,0.752917320755592,0.565974929121332,92500.0,12,909
3b_physical_strong,53,regular,0.1,100,6,0.05,100.0,9.0,0.1,10,5.0,0.49587493649350395,0.7619573083245865,0.554647989921632,8200.0,7,884
3b_physical_strong,53,superintelligent,0.9,100,6,0.05,100.0,9.0,0.1,10,5.0,0.49587493649350395,0.7619573083245865,0.554647989921632,700.0,7,910
3b_physical_strong,53,oracle,1.0,100,6,0.05,100.0,9.0,0.1,10,5.0,0.49587493649350395,0.7619573083245865,0.554647989921632,700.0,7,910
3b_physical_strong,53,naive,0.009,100,6,0.05,100.0,9.0,0.1,10,5.0,0.49587493649350395,0.7619573083245865,0.5513391527146849,57800.0,8,905
3b_physical_strong,53,random,0.0009,100,6,0.05,100.0,9.0,0.1,10,5.0,0.49587493649350395,0.7619573083245865,0.5415777049153983,52100.0,4,909
3b_physical_strong,54,regular,0.1,100,6,0.05,100.0,9.0,0.1,10,5.0,0.49810809122846533,0.7362906424264886,0.5674737511562362,10000.0,12,713
3b_physical_strong,54,superintelligent,0.9,100,6,0.05,100.0,9.0,0.1,10,5.0,0.49810809122846533,0.7362906424264886,0.5674737511562362,2700.0,12,913
3b_physical_strong,54,oracle,1.0,100,6,0.05,100.0,9.0,0.1,10,5.0,0.49810809122846533,0.7362906424264886,0.5674737511562362,2400.0,12,913
3b_physical_strong,54,naive,0.009,100,6,0.05,100.0,9.0,0.1,10,5.0,0.49810809122846533,0.7362906424264886,0.5380312792511789,66800.0,6,889
3b_physical_strong,54,random,0.0009,100,6,0.05,100.0,9.0,0.1,10,5.0,0.49810809122846533,0.7362906424264886,0.542029799750787,83100.0,8,892
3b_physical_strong,55,regular,0.1,100,6,0.05,100.0,9.0,0.1,10,5.0,0.5180602729523996,0.7544729083721867,0.5880471817337453,14400.0,15,896
3b_physical_strong,55,superintelligent,0.9,100,6,0.05,100.0,9.0,0.1,10,5.0,0.5180602729523996,0.7544729083721867,0.5880471817337453,2300.0,15,907
3b_physical_strong,55,oracle,1.0,100,6,0.05,100.0,9.0,0.1,10,5.0,0.5180602729523996,0.7544729083721867,0.5880471817337453,2300.0,15,907
3b_physical_strong,55,naive,0.009,100,6,0.05,100.0,9.0,0.1,10,5.0,0.5180602729523996,0.7544729083721867,0.5548041743918685,70400.0,10,889
3b_physical_strong,55,random,0.0009,100,6,0.05,100.0,9.0,0.1,10,5.0,0.5180602729523996,0.7544729083721867,0.5891487604812852,92500.0,9,900
3b_physical_strong,56,regular,0.1,100,6,0.05,100.0,9.0,0.1,10,5.0,0.45890354091402463,0.7715301482153093,0.5543082152533507,13600.0,15,863
3b_physical_strong,56,superintelligent,0.9,100,6,0.05,100.0,9.0,0.1,10,5.0,0.45890354091402463,0.7715301482153093,0.5478504283974321,3200.0,14,912
3b_physical_strong,56,oracle,1.0,100,6,0.05,100.0,9.0,0.1,10,5.0,0.45890354091402463,0.7715301482153093,0.5478504283974321,3000.0,14,912
3b_physical_strong,56,naive,0.009,100,6,0.05,100.0,9.0,0.1,10,5.0,0.45890354091402463,0.7715301482153093,0.54091133621487,55100.0,11,770
3b_physical_strong,56,random,0.0009,100,6,0.05,100.0,9.0,0.1,10,5.0,0.45890354091402463,0.7715301482153093,0.5394977173146374,92200.0,12,896
3b_physical_strong,57,regular,0.1,100,6,0.05,100.0,9.0,0.1,10,5.0,0.46243789233256455,0.7549766060899245,0.5080477220381503,9900.0,8,824
3b_physical_strong,57,superintelligent,0.9,100,6,0.05,100.0,9.0,0.1,10,5.0,0.46243789233256455,0.7549766060899245,0.5080477220381503,2000.0,8,909
3b_physical_strong,57,oracle,1.0,100,6,0.05,100.0,9.0,0.1,10,5.0,0.46243789233256455,0.7549766060899245,0.5080477220381503,1600.0,8,909
3b_physical_strong,57,naive,0.009,100,6,0.05,100.0,9.0,0.1,10,5.0,0.46243789233256455,0.7549766060899245,0.5023621523972015,47900.0,6,890
3b_physical_strong,57,random,0.0009,100,6,0.05,100.0,9.0,0.1,10,5.0,0.46243789233256455,0.7549766060899245,0.5173412894627457,88900.0,10,901
3b_physical_strong,58,regular,0.1,100,6,0.05,100.0,9.0,0.1,10,5.0,0.5339605358904104,0.7614677867715359,0.6364858955976979,17200.0,18,892
3b_physical_strong,58,superintelligent,0.9,100,6,0.05,100.0,9.0,0.1,10,5.0,0.5339605358904104,0.7614677867715359,0.6392285690492833,3900.0,19,915
3b_physical_strong,58,oracle,1.0,100,6,0.05,100.0,9.0,0.1,10,5.0,0.5339605358904104,0.7614677867715359,0.6392285690492833,3500.0,19,915
3b_physical_strong,58,naive,0.009,100,6,0.05,100.0,9.0,0.1,10,5.0,0.5339605358904104,0.7614677867715359,0.6109310536802278,83000.0,11,910
3b_physical_strong,58,random,0.0009,100,6,0.05,100.0,9.0,0.1,10,5.0,0.5339605358904104,0.7614677867715359,0.6188766736721325,94800.0,12,919
3b_physical_strong,59,regular,0.1,100,6,0.05,100.0,9.0,0.1,10,5.0,0.5536846849817274,0.7473347489576622,0.6071103305148082,12700.0,8,837
3b_physical_strong,59,superintelligent,0.9,100,6,0.05,100.0,9.0,0.1,10,5.0,0.5536846849817274,0.7473347489576622,0.6071103305148082,1200.0,8,914
3b_physical_strong,59,oracle,1.0,100,6,0.05,100.0,9.0,0.1,10,5.0,0.5536846849817274,0.7473347489576622,0.6071103305148082,1200.0,8,914
3b_physical_strong,59,naive,0.009,100,6,0.05,100.0,9.0,0.1,10,5.0,0.5536846849817274,0.7473347489576622,0.6071103305148082,59600.0,8,780
3b_physical_strong,59,random,0.0009,100,6,0.05,100.0,9.0,0.1,10,5.0,0.5536846849817274,0.7473347489576622,0.6029853920334249,84400.0,9,853
3b_physical_strong,60,regular,0.1,100,6,0.05,100.0,9.0,0.1,10,5.0,0.5207707368107698,0.7566610129072107,0.5910583723321956,12400.0,9,904
3b_physical_strong,60,superintelligent,0.9,100,6,0.05,100.0,9.0,0.1,10,5.0,0.5207707368107698,0.7566610129072107,0.5910583723321956,1800.0,9,913
3b_physical_strong,60,oracle,1.0,100,6,0.05,100.0,9.0,0.1,10,5.0,0.5207707368107698,0.7566610129072107,0.5910583723321956,1700.0,9,913
3b_physical_strong,60,naive,0.009,100,6,0.05,100.0,9.0,0.1,10,5.0,0.5207707368107698,0.7566610129072107,0.5783801537882257,60000.0,7,833
3b_physical_strong,60,random,0.0009,100,6,0.05,100.0,9.0,0.1,10,5.0,0.5207707368107698,0.7566610129072107,0.5868650159314875,92300.0,13,911
3b_physical_strong,61,regular,0.1,100,6,0.05,100.0,9.0,0.1,10,5.0,0.4909118545400068,0.7527771054699187,0.5314829561833465,5400.0,5,789
3b_physical_strong,61,superintelligent,0.9,100,6,0.05,100.0,9.0,0.1,10,5.0,0.4909118545400068,0.7527771054699187,0.5314829561833465,1100.0,5,909
3b_physical_strong,61,oracle,1.0,100,6,0.05,100.0,9.0,0.1,10,5.0,0.4909118545400068,0.7527771054699187,0.5314829561833465,900.0,5,909
3b_physical_strong,61,naive,0.009,100,6,0.05,100.0,9.0,0.1,10,5.0,0.4909118545400068,0.7527771054699187,0.5398800605540147,29500.0,6,890
3b_physical_strong,61,random,0.0009,100,6,0.05,100.0,9.0,0.1,10,5.0,0.4909118545400068,0.7527771054699187,0.5314829561833465,72300.0,5,834
3b_physical_strong,62,regular,0.1,100,6,0.05,100.0,9.0,0.1,10,5.0,0.5001612683853403,0.756679044581377,0.6110949774903274,5900.0,8,853
3b_physical_strong,62,superintelligent,0.9,100,6,0.05,100.0,9.0,0.1,10,5.0,0.5001612683853403,0.756679044581377,0.6110949774903274,1500.0,8,913
3b_physical_strong,62,oracle,1.0,100,6,0.05,100.0,9.0,0.1,10,5.0,0.5001612683853403,0.756679044581377,0.6110949774903274,1200.0,8,913
3b_physical_strong,62,naive,0.009,100,6,0.05,100.0,9.0,0.1,10,5.0,0.5001612683853403,0.756679044581377,0.6069336937715228,23800.0,7,886
3b_physical_strong,62,random,0.0009,100,6,0.05,100.0,9.0,0.1,10,5.0,0.5001612683853403,0.756679044581377,0.604549926050651,89700.0,8,907
3b_physical_strong,63,regular,0.1,100,6,0.05,100.0,9.0,0.1,10,5.0,0.5157919710723015,0.7420850115519018,0.5881255038536041,16500.0,10,878
3b_physical_strong,63,superintelligent,0.9,100,6,0.05,100.0,9.0,0.1,10,5.0,0.5157919710723015,0.7420850115519018,0.5881255038536041,2800.0,10,911
3b_physical_strong,63,oracle,1.0,100,6,0.05,100.0,9.0,0.1,10,5.0,0.5157919710723015,0.7420850115519018,0.5881255038536041,2600.0,10,911
3b_physical_strong,63,naive,0.009,100,6,0.05,100.0,9.0,0.1,10,5.0,0.5157919710723015,0.7420850115519018,0.5992871711993122,66300.0,11,911
3b_physical_strong,63,random,0.0009,100,6,0.05,100.0,9.0,0.1,10,5.0,0.5157919710723015,0.7420850115519018,0.5729529375817807,37700.0,5,839
3b_physical_strong,64,regular,0.1,100,6,0.05,100.0,9.0,0.1,10,5.0,0.5041843217952564,0.7500626513420744,0.5693711629610252,14100.0,10,889
3b_physical_strong,64,superintelligent,0.9,100,6,0.05,100.0,9.0,0.1,10,5.0,0.5041843217952564,0.7500626513420744,0.5693711629610252,2200.0,10,914
3b_physical_strong,64,oracle,1.0,100,6,0.05,100.0,9.0,0.1,10,5.0,0.5041843217952564,0.7500626513420744,0.5693711629610252,2200.0,10,914
3b_physical_strong,64,naive,0.009,100,6,0.05,100.0,9.0,0.1,10,5.0,0.5041843217952564,0.7500626513420744,0.5693711629610252,32800.0,10,855
3b_physical_strong,64,random,0.0009,100,6,0.05,100.0,9.0,0.1,10,5.0,0.5041843217952564,0.7500626513420744,0.55788020588964,89700.0,9,905
3b_physical_strong,65,regular,0.1,100,6,0.05,100.0,9.0,0.1,10,5.0,0.4962285389417107,0.7528631477629377,0.5793557188658833,8500.0,9,881
3b_physical_strong,65,superintelligent,0.9,100,6,0.05,100.0,9.0,0.1,10,5.0,0.4962285389417107,0.7528631477629377,0.5793557188658833,1800.0,9,914
3b_physical_strong,65,oracle,1.0,100,6,0.05,100.0,9.0,0.1,10,5.0,0.4962285389417107,0.7528631477629377,0.5793557188658833,1700.0,9,914
3b_physical_strong,65,naive,0.009,100,6,0.05,100.0,9.0,0.1,10,5.0,0.4962285389417107,0.7528631477629377,0.5975203146707446,93000.0,13,903
3b_physical_strong,65,random,0.0009,100,6,0.05,100.0,9.0,0.1,10,5.0,0.4962285389417107,0.7528631477629377,0.5793557188658833,90500.0,9,912
3b_physical_strong,66,regular,0.1,100,6,0.05,100.0,9.0,0.1,10,5.0,0.5348176819696595,0.7568068050557892,0.6077511125797407,10900.0,9,854
3b_physical_strong,66,superintelligent,0.9,100,6,0.05,100.0,9.0,0.1,10,5.0,0.5348176819696595,0.7568068050557892,0.6077511125797407,1100.0,9,912
3b_physical_strong,66,oracle,1.0,100,6,0.05,100.0,9.0,0.1,10,5.0,0.5348176819696595,0.7568068050557892,0.6077511125797407,900.0,9,912
3b_physical_strong,66,naive,0.009,100,6,0.05,100.0,9.0,0.1,10,5.0,0.5348176819696595,0.7568068050557892,0.6003770900139287,40000.0,7,869
3b_physical_strong,66,random,0.0009,100,6,0.05,100.0,9.0,0.1,10,5.0,0.5348176819696595,0.7568068050557892,0.6003770900139287,42000.0,7,878
3b_physical_strong,67,regular,0.1,100,6,0.05,100.0,9.0,0.1,10,5.0,0.48736241592166935,0.7561652059012641,0.5265501186018322,9200.0,5,893
3b_physical_strong,67,superintelligent,0.9,100,6,0.05,100.0,9.0,0.1,10,5.0,0.48736241592166935,0.7561652059012641,0.5265501186018322,700.0,5,910
3b_physical_strong,67,oracle,1.0,100,6,0.05,100.0,9.0,0.1,10,5.0,0.48736241592166935,0.7561652059012641,0.5265501186018322,500.0,5,910
3b_physical_strong,67,naive,0.009,100,6,0.05,100.0,9.0,0.1,10,5.0,0.48736241592166935,0.7561652059012641,0.5253675469399038,16800.0,4,807
3b_physical_strong,67,random,0.0009,100,6,0.05,100.0,9.0,0.1,10,5.0,0.48736241592166935,0.7561652059012641,0.5265501186018322,72000.0,5,806
3b_physical_strong,68,regular,0.1,100,6,0.05,100.0,9.0,0.1,10,5.0,0.459618771523753,0.7447352319823157,0.6257948101924276,27000.0,21,870
3b_physical_strong,68,superintelligent,0.9,100,6,0.05,100.0,9.0,0.1,10,5.0,0.459618771523753,0.7447352319823157,0.6257948101924276,4300.0,21,908
3b_physical_strong,68,oracle,1.0,100,6,0.05,100.0,9.0,0.1,10,5.0,0.459618771523753,0.7447352319823157,0.6257948101924276,4100.0,21,908
3b_physical_strong,68,naive,0.009,100,6,0.05,100.0,9.0,0.1,10,5.0,0.459618771523753,0.7447352319823157,0.5805988461047155,95100.0,16,909
3b_physical_strong,68,random,0.0009,100,6,0.05,100.0,9.0,0.1,10,5.0,0.459618771523753,0.7447352319823157,0.5382905438889193,91800.0,9,889
3b_physical_strong,69,regular,0.1,100,6,0.05,100.0,9.0,0.1,10,5.0,0.535598846341189,0.7530669063357938,0.5843665112436504,8000.0,5,866
3b_physical_strong,69,superintelligent,0.9,100,6,0.05,100.0,9.0,0.1,10,5.0,0.535598846341189,0.7530669063357938,0.5843665112436504,500.0,5,913
3b_physical_strong,69,oracle,1.0,100,6,0.05,100.0,9.0,0.1,10,5.0,0.535598846341189,0.7530669063357938,0.5843665112436504,500.0,5,913
3b_physical_strong,69,naive,0.009,100,6,0.05,100.0,9.0,0.1,10,5.0,0.535598846341189,0.7530669063357938,0.5866895913655056,42900.0,7,890
3b_physical_strong,69,random,0.0009,100,6,0.05,100.0,9.0,0.1,10,5.0,0.535598846341189,0.7530669063357938,0.5838284259419647,50300.0,5,910
3b_physical_strong,70,regular,0.1,100,6,0.05,100.0,9.0,0.1,10,5.0,0.53922962366629,0.7603192673029511,0.5976890479493029,9300.0,10,882
3b_physical_strong,70,superintelligent,0.9,100,6,0.05,100.0,9.0,0.1,10,5.0,0.53922962366629,0.7603192673029511,0.601549619147909,1900.0,10,914
3b_physical_strong,70,oracle,1.0,100,6,0.05,100.0,9.0,0.1,10,5.0,0.53922962366629,0.7603192673029511,0.601549619147909,1800.0,10,914
3b_physical_strong,70,naive,0.009,100,6,0.05,100.0,9.0,0.1,10,5.0,0.53922962366629,0.7603192673029511,0.601549619147909,37200.0,10,838
3b_physical_strong,70,random,0.0009,100,6,0.05,100.0,9.0,0.1,10,5.0,0.53922962366629,0.7603192673029511,0.601549619147909,88600.0,10,856
3b_physical_strong,71,regular,0.1,100,6,0.05,100.0,9.0,0.1,10,5.0,0.49318740292510144,0.7551104755707911,0.5835550095819546,9700.0,9,890
3b_physical_strong,71,superintelligent,0.9,100,6,0.05,100.0,9.0,0.1,10,5.0,0.49318740292510144,0.7551104755707911,0.5879699782996947,1800.0,9,913
3b_physical_strong,71,oracle,1.0,100,6,0.05,100.0,9.0,0.1,10,5.0,0.49318740292510144,0.7551104755707911,0.5879699782996947,1700.0,9,913
3b_physical_strong,71,naive,0.009,100,6,0.05,100.0,9.0,0.1,10,5.0,0.49318740292510144,0.7551104755707911,0.5835550095819546,41500.0,9,909
3b_physical_strong,71,random,0.0009,100,6,0.05,100.0,9.0,0.1,10,5.0,0.49318740292510144,0.7551104755707911,0.5817280144584547,71300.0,8,911
3b_physical_strong,72,regular,0.1,100,6,0.05,100.0,9.0,0.1,10,5.0,0.5110666324880173,0.7468527673727466,0.5380038902992615,9200.0,8,744
3b_physical_strong,72,superintelligent,0.9,100,6,0.05,100.0,9.0,0.1,10,5.0,0.5110666324880173,0.7468527673727466,0.5380038902992615,1600.0,8,910
3b_physical_strong,72,oracle,1.0,100,6,0.05,100.0,9.0,0.1,10,5.0,0.5110666324880173,0.7468527673727466,0.5380038902992615,1600.0,8,910
3b_physical_strong,72,naive,0.009,100,6,0.05,100.0,9.0,0.1,10,5.0,0.5110666324880173,0.7468527673727466,0.5507885566725952,35500.0,7,802
3b_physical_strong,72,random,0.0009,100,6,0.05,100.0,9.0,0.1,10,5.0,0.5110666324880173,0.7468527673727466,0.5463793799743467,58200.0,7,894
3b_physical_strong,73,regular,0.1,100,6,0.05,100.0,9.0,0.1,10,5.0,0.4918768471943672,0.7512928050818731,0.5593268707410146,6500.0,7,898
3b_physical_strong,73,superintelligent,0.9,100,6,0.05,100.0,9.0,0.1,10,5.0,0.4918768471943672,0.7512928050818731,0.5593268707410146,1500.0,7,911
3b_physical_strong,73,oracle,1.0,100,6,0.05,100.0,9.0,0.1,10,5.0,0.4918768471943672,0.7512928050818731,0.5593268707410146,1500.0,7,911
3b_physical_strong,73,naive,0.009,100,6,0.05,100.0,9.0,0.1,10,5.0,0.4918768471943672,0.7512928050818731,0.553662209506473,46900.0,6,865
3b_physical_strong,73,random,0.0009,100,6,0.05,100.0,9.0,0.1,10,5.0,0.4918768471943672,0.7512928050818731,0.553662209506473,64200.0,6,905
3b_physical_strong,74,regular,0.1,100,6,0.05,100.0,9.0,0.1,10,5.0,0.5137094410211807,0.7506352213990475,0.6104619471385372,24900.0,22,907
3b_physical_strong,74,superintelligent,0.9,100,6,0.05,100.0,9.0,0.1,10,5.0,0.5137094410211807,0.7506352213990475,0.6104619471385372,3100.0,22,914
3b_physical_strong,74,oracle,1.0,100,6,0.05,100.0,9.0,0.1,10,5.0,0.5137094410211807,0.7506352213990475,0.6104619471385372,3000.0,22,914
3b_physical_strong,74,naive,0.009,100,6,0.05,100.0,9.0,0.1,10,5.0,0.5137094410211807,0.7506352213990475,0.5589452112394083,36300.0,8,910
3b_physical_strong,74,random,0.0009,100,6,0.05,100.0,9.0,0.1,10,5.0,0.5137094410211807,0.7506352213990475,0.5611203868526116,88700.0,9,892
3b_physical_strong,75,regular,0.1,100,6,0.05,100.0,9.0,0.1,10,5.0,0.5123080747792588,0.7558031558804083,0.5722713894087392,3500.0,8,834
3b_physical_strong,75,superintelligent,0.9,100,6,0.05,100.0,9.0,0.1,10,5.0,0.5123080747792588,0.7558031558804083,0.5722713894087392,1300.0,8,914
3b_physical_strong,75,oracle,1.0,100,6,0.05,100.0,9.0,0.1,10,5.0,0.5123080747792588,0.7558031558804083,0.5722713894087392,1200.0,8,914
3b_physical_strong,75,naive,0.009,100,6,0.05,100.0,9.0,0.1,10,5.0,0.5123080747792588,0.7558031558804083,0.5722713894087392,67300.0,8,888
3b_physical_strong,75,random,0.0009,100,6,0.05,100.0,9.0,0.1,10,5.0,0.5123080747792588,0.7558031558804083,0.5528740252794044,74100.0,9,869
3b_physical_strong,76,regular,0.1,100,6,0.05,100.0,9.0,0.1,10,5.0,0.48996292082031334,0.7401176505701995,0.5647528962656532,8100.0,7,811
3b_physical_strong,76,superintelligent,0.9,100,6,0.05,100.0,9.0,0.1,10,5.0,0.48996292082031334,0.7401176505701995,0.5647528962656532,2300.0,7,909
3b_physical_strong,76,oracle,1.0,100,6,0.05,100.0,9.0,0.1,10,5.0,0.48996292082031334,0.7401176505701995,0.5647528962656532,2300.0,7,909
3b_physical_strong,76,naive,0.009,100,6,0.05,100.0,9.0,0.1,10,5.0,0.48996292082031334,0.7401176505701995,0.5647528962656532,49800.0,7,885
3b_physical_strong,76,random,0.0009,100,6,0.05,100.0,9.0,0.1,10,5.0,0.48996292082031334,0.7401176505701995,0.5833224295855801,93900.0,11,904
3b_physical_strong,77,regular,0.1,100,6,0.05,100.0,9.0,0.1,10,5.0,0.4949824434501777,0.7531804197668569,0.5996696580354304,10200.0,9,849
3b_physical_strong,77,superintelligent,0.9,100,6,0.05,100.0,9.0,0.1,10,5.0,0.4949824434501777,0.7531804197668569,0.5996696580354304,1700.0,9,915
3b_physical_strong,77,oracle,1.0,100,6,0.05,100.0,9.0,0.1,10,5.0,0.4949824434501777,0.7531804197668569,0.5996696580354304,1700.0,9,915
3b_physical_strong,77,naive,0.009,100,6,0.05,100.0,9.0,0.1,10,5.0,0.4949824434501777,0.7531804197668569,0.5763895231110318,73600.0,8,881
3b_physical_strong,77,random,0.0009,100,6,0.05,100.0,9.0,0.1,10,5.0,0.4949824434501777,0.7531804197668569,0.5910294162196565,83800.0,9,902
3b_physical_strong,78,regular,0.1,100,6,0.05,100.0,9.0,0.1,10,5.0,0.4640177110748923,0.7598956956131436,0.570353007208806,9200.0,13,758
3b_physical_strong,78,superintelligent,0.9,100,6,0.05,100.0,9.0,0.1,10,5.0,0.4640177110748923,0.7598956956131436,0.570353007208806,1900.0,13,914
3b_physical_strong,78,oracle,1.0,100,6,0.05,100.0,9.0,0.1,10,5.0,0.4640177110748923,0.7598956956131436,0.570353007208806,1700.0,13,914
3b_physical_strong,78,naive,0.009,100,6,0.05,100.0,9.0,0.1,10,5.0,0.4640177110748923,0.7598956956131436,0.5575579718888481,78300.0,11,898
3b_physical_strong,78,random,0.0009,100,6,0.05,100.0,9.0,0.1,10,5.0,0.4640177110748923,0.7598956956131436,0.5668462858736303,89400.0,13,869
3b_physical_strong,79,regular,0.1,100,6,0.05,100.0,9.0,0.1,10,5.0,0.47445955752193425,0.7646471636212869,0.5279755223140278,7100.0,8,890
3b_physical_strong,79,superintelligent,0.9,100,6,0.05,100.0,9.0,0.1,10,5.0,0.47445955752193425,0.7646471636212869,0.5279755223140278,800.0,8,916
3b_physical_strong,79,oracle,1.0,100,6,0.05,100.0,9.0,0.1,10,5.0,0.47445955752193425,0.7646471636212869,0.5279755223140278,800.0,8,916
3b_physical_strong,79,naive,0.009,100,6,0.05,100.0,9.0,0.1,10,5.0,0.47445955752193425,0.7646471636212869,0.5665641145254134,61200.0,11,876
3b_physical_strong,79,random,0.0009,100,6,0.05,100.0,9.0,0.1,10,5.0,0.47445955752193425,0.7646471636212869,0.556467241134462,72400.0,11,858
3b_physical_strong,80,regular,0.1,100,6,0.05,100.0,9.0,0.1,10,5.0,0.4997649889168003,0.7602397428931641,0.5557385769600459,12300.0,10,827
3b_physical_strong,80,superintelligent,0.9,100,6,0.05,100.0,9.0,0.1,10,5.0,0.4997649889168003,0.7602397428931641,0.5557385769600459,2300.0,10,909
3b_physical_strong,80,oracle,1.0,100,6,0.05,100.0,9.0,0.1,10,5.0,0.4997649889168003,0.7602397428931641,0.5557385769600459,2200.0,10,909
3b_physical_strong,80,naive,0.009,100,6,0.05,100.0,9.0,0.1,10,5.0,0.4997649889168003,0.7602397428931641,0.5623033498322518,60700.0,9,908
3b_physical_strong,80,random,0.0009,100,6,0.05,100.0,9.0,0.1,10,5.0,0.4997649889168003,0.7602397428931641,0.5673433109090665,92200.0,10,896
3b_physical_strong,81,regular,0.1,100,6,0.05,100.0,9.0,0.1,10,5.0,0.5248834869058981,0.762361291394435,0.6522627680378702,17400.0,17,869
3b_physical_strong,81,superintelligent,0.9,100,6,0.05,100.0,9.0,0.1,10,5.0,0.5248834869058981,0.762361291394435,0.6522627680378702,3700.0,17,911
3b_physical_strong,81,oracle,1.0,100,6,0.05,100.0,9.0,0.1,10,5.0,0.5248834869058981,0.762361291394435,0.6522627680378702,3300.0,17,911
3b_physical_strong,81,naive,0.009,100,6,0.05,100.0,9.0,0.1,10,5.0,0.5248834869058981,0.762361291394435,0.62632334525998,93200.0,14,899
3b_physical_strong,81,random,0.0009,100,6,0.05,100.0,9.0,0.1,10,5.0,0.5248834869058981,0.762361291394435,0.6209780147082358,83500.0,14,901
3b_physical_strong,82,regular,0.1,100,6,0.05,100.0,9.0,0.1,10,5.0,0.5042208310174264,0.765131731788923,0.5747927050753634,5300.0,6,818
3b_physical_strong,82,superintelligent,0.9,100,6,0.05,100.0,9.0,0.1,10,5.0,0.5042208310174264,0.765131731788923,0.5747927050753634,1400.0,6,912
3b_physical_strong,82,oracle,1.0,100,6,0.05,100.0,9.0,0.1,10,5.0,0.5042208310174264,0.765131731788923,0.5747927050753634,1400.0,6,912
3b_physical_strong,82,naive,0.009,100,6,0.05,100.0,9.0,0.1,10,5.0,0.5042208310174264,0.765131731788923,0.5747927050753634,44600.0,6,871
3b_physical_strong,82,random,0.0009,100,6,0.05,100.0,9.0,0.1,10,5.0,0.5042208310174264,0.765131731788923,0.5775768838473199,85700.0,9,907
3b_physical_strong,83,regular,0.1,100,6,0.05,100.0,9.0,0.1,10,5.0,0.505467386640165,0.754120202984876,0.5889120217064213,8700.0,10,898
3b_physical_strong,83,superintelligent,0.9,100,6,0.05,100.0,9.0,0.1,10,5.0,0.505467386640165,0.754120202984876,0.5889120217064213,1600.0,10,914
3b_physical_strong,83,oracle,1.0,100,6,0.05,100.0,9.0,0.1,10,5.0,0.505467386640165,0.754120202984876,0.5889120217064213,1400.0,10,914
3b_physical_strong,83,naive,0.009,100,6,0.05,100.0,9.0,0.1,10,5.0,0.505467386640165,0.754120202984876,0.5831904782558291,64500.0,10,840
3b_physical_strong,83,random,0.0009,100,6,0.05,100.0,9.0,0.1,10,5.0,0.505467386640165,0.754120202984876,0.5787956783049378,75500.0,9,850
3b_physical_strong,84,regular,0.1,100,6,0.05,100.0,9.0,0.1,10,5.0,0.47272187454091436,0.7470218278657853,0.549616305705228,13000.0,9,749
3b_physical_strong,84,superintelligent,0.9,100,6,0.05,100.0,9.0,0.1,10,5.0,0.47272187454091436,0.7470218278657853,0.549616305705228,1900.0,9,911
3b_physical_strong,84,oracle,1.0,100,6,0.05,100.0,9.0,0.1,10,5.0,0.47272187454091436,0.7470218278657853,0.549616305705228,1700.0,9,911
3b_physical_strong,84,naive,0.009,100,6,0.05,100.0,9.0,0.1,10,5.0,0.47272187454091436,0.7470218278657853,0.5535977707772944,44100.0,6,727
3b_physical_strong,84,random,0.0009,100,6,0.05,100.0,9.0,0.1,10,5.0,0.47272187454091436,0.7470218278657853,0.5487590597904496,91000.0,8,899
3b_physical_strong,85,regular,0.1,100,6,0.05,100.0,9.0,0.1,10,5.0,0.529369795335049,0.7614297435142862,0.61948272710575,12300.0,11,906
3b_physical_strong,85,superintelligent,0.9,100,6,0.05,100.0,9.0,0.1,10,5.0,0.529369795335049,0.7614297435142862,0.61948272710575,2500.0,11,915
3b_physical_strong,85,oracle,1.0,100,6,0.05,100.0,9.0,0.1,10,5.0,0.529369795335049,0.7614297435142862,0.61948272710575,2300.0,11,915
3b_physical_strong,85,naive,0.009,100,6,0.05,100.0,9.0,0.1,10,5.0,0.529369795335049,0.7614297435142862,0.6171939922191032,60100.0,9,905
3b_physical_strong,85,random,0.0009,100,6,0.05,100.0,9.0,0.1,10,5.0,0.529369795335049,0.7614297435142862,0.608026857212105,72400.0,8,898
3b_physical_strong,86,regular,0.1,100,6,0.05,100.0,9.0,0.1,10,5.0,0.47956212941275667,0.7480020486921799,0.5849476923428953,13900.0,15,764
3b_physical_strong,86,superintelligent,0.9,100,6,0.05,100.0,9.0,0.1,10,5.0,0.47956212941275667,0.7480020486921799,0.5849476923428953,3100.0,15,910
3b_physical_strong,86,oracle,1.0,100,6,0.05,100.0,9.0,0.1,10,5.0,0.47956212941275667,0.7480020486921799,0.5849476923428953,3100.0,15,910
3b_physical_strong,86,naive,0.009,100,6,0.05,100.0,9.0,0.1,10,5.0,0.47956212941275667,0.7480020486921799,0.5786283862050343,92700.0,14,911
3b_physical_strong,86,random,0.0009,100,6,0.05,100.0,9.0,0.1,10,5.0,0.47956212941275667,0.7480020486921799,0.5813039285016347,93300.0,14,906
3b_physical_strong,87,regular,0.1,100,6,0.05,100.0,9.0,0.1,10,5.0,0.4888661028539259,0.7573027135837858,0.5594250292924243,9900.0,9,753
3b_physical_strong,87,superintelligent,0.9,100,6,0.05,100.0,9.0,0.1,10,5.0,0.4888661028539259,0.7573027135837858,0.5594250292924243,2100.0,9,914
3b_physical_strong,87,oracle,1.0,100,6,0.05,100.0,9.0,0.1,10,5.0,0.4888661028539259,0.7573027135837858,0.5594250292924243,2100.0,9,914
3b_physical_strong,87,naive,0.009,100,6,0.05,100.0,9.0,0.1,10,5.0,0.4888661028539259,0.7573027135837858,0.5595330539562144,71700.0,11,851
3b_physical_strong,87,random,0.0009,100,6,0.05,100.0,9.0,0.1,10,5.0,0.4888661028539259,0.7573027135837858,0.5651546639633002,80300.0,10,874
3b_physical_strong,88,regular,0.1,100,6,0.05,100.0,9.0,0.1,10,5.0,0.5341974235351631,0.7467107164383294,0.5876971095430769,8100.0,7,809
3b_physical_strong,88,superintelligent,0.9,100,6,0.05,100.0,9.0,0.1,10,5.0,0.5341974235351631,0.7467107164383294,0.5876971095430769,1600.0,7,915
3b_physical_strong,88,oracle,1.0,100,6,0.05,100.0,9.0,0.1,10,5.0,0.5341974235351631,0.7467107164383294,0.5876971095430769,1500.0,7,915
3b_physical_strong,88,naive,0.009,100,6,0.05,100.0,9.0,0.1,10,5.0,0.5341974235351631,0.7467107164383294,0.5602147257197236,7700.0,3,900
3b_physical_strong,88,random,0.0009,100,6,0.05,100.0,9.0,0.1,10,5.0,0.5341974235351631,0.7467107164383294,0.5882086351405659,61500.0,7,792
3b_physical_strong,89,regular,0.1,100,6,0.05,100.0,9.0,0.1,10,5.0,0.4961842046219294,0.7515199572278274,0.5513766544666228,7800.0,7,895
3b_physical_strong,89,superintelligent,0.9,100,6,0.05,100.0,9.0,0.1,10,5.0,0.4961842046219294,0.7515199572278274,0.5513766544666228,1900.0,7,906
3b_physical_strong,89,oracle,1.0,100,6,0.05,100.0,9.0,0.1,10,5.0,0.4961842046219294,0.7515199572278274,0.5513766544666228,1900.0,7,906
3b_physical_strong,89,naive,0.009,100,6,0.05,100.0,9.0,0.1,10,5.0,0.4961842046219294,0.7515199572278274,0.547126822867792,48000.0,6,851
3b_physical_strong,89,random,0.0009,100,6,0.05,100.0,9.0,0.1,10,5.0,0.4961842046219294,0.7515199572278274,0.547126822867792,74600.0,6,794
3b_physical_strong,90,regular,0.1,100,6,0.05,100.0,9.0,0.1,10,5.0,0.4404110785490709,0.773774376934677,0.5918788419722522,19900.0,13,913
3b_physical_strong,90,superintelligent,0.9,100,6,0.05,100.0,9.0,0.1,10,5.0,0.4404110785490709,0.773774376934677,0.6091366128331872,2400.0,15,917
3b_physical_strong,90,oracle,1.0,100,6,0.05,100.0,9.0,0.1,10,5.0,0.4404110785490709,0.773774376934677,0.6091366128331872,2300.0,15,917
3b_physical_strong,90,naive,0.009,100,6,0.05,100.0,9.0,0.1,10,5.0,0.4404110785490709,0.773774376934677,0.5928671420629069,83400.0,14,912
3b_physical_strong,90,random,0.0009,100,6,0.05,100.0,9.0,0.1,10,5.0,0.4404110785490709,0.773774376934677,0.5823927421376762,93200.0,14,893
3b_physical_strong,91,regular,0.1,100,6,0.05,100.0,9.0,0.1,10,5.0,0.4841046713287122,0.7640449243108688,0.5872867343475633,15500.0,12,828
3b_physical_strong,91,superintelligent,0.9,100,6,0.05,100.0,9.0,0.1,10,5.0,0.4841046713287122,0.7640449243108688,0.5872867343475633,1300.0,12,912
3b_physical_strong,91,oracle,1.0,100,6,0.05,100.0,9.0,0.1,10,5.0,0.4841046713287122,0.7640449243108688,0.5872867343475633,1200.0,12,912
3b_physical_strong,91,naive,0.009,100,6,0.05,100.0,9.0,0.1,10,5.0,0.4841046713287122,0.7640449243108688,0.5647948560600797,66300.0,9,811
3b_physical_strong,91,random,0.0009,100,6,0.05,100.0,9.0,0.1,10,5.0,0.4841046713287122,0.7640449243108688,0.5710707981324062,87700.0,14,847
3b_physical_strong,92,regular,0.1,100,6,0.05,100.0,9.0,0.1,10,5.0,0.4699432346556797,0.7464886046182855,0.582144853019259,10200.0,12,835
3b_physical_strong,92,superintelligent,0.9,100,6,0.05,100.0,9.0,0.1,10,5.0,0.4699432346556797,0.7464886046182855,0.582144853019259,2000.0,12,916
3b_physical_strong,92,oracle,1.0,100,6,0.05,100.0,9.0,0.1,10,5.0,0.4699432346556797,0.7464886046182855,0.582144853019259,2000.0,12,916
3b_physical_strong,92,naive,0.009,100,6,0.05,100.0,9.0,0.1,10,5.0,0.4699432346556797,0.7464886046182855,0.5772037172390339,86900.0,15,904
3b_physical_strong,92,random,0.0009,100,6,0.05,100.0,9.0,0.1,10,5.0,0.4699432346556797,0.7464886046182855,0.573175584746519,90100.0,15,914
3b_physical_strong,93,regular,0.1,100,6,0.05,100.0,9.0,0.1,10,5.0,0.5088660102215158,0.7482421197272996,0.5638697943525832,4400.0,8,843
3b_physical_strong,93,superintelligent,0.9,100,6,0.05,100.0,9.0,0.1,10,5.0,0.5088660102215158,0.7482421197272996,0.5638697943525832,1300.0,8,913
3b_physical_strong,93,oracle,1.0,100,6,0.05,100.0,9.0,0.1,10,5.0,0.5088660102215158,0.7482421197272996,0.5638697943525832,1200.0,8,913
3b_physical_strong,93,naive,0.009,100,6,0.05,100.0,9.0,0.1,10,5.0,0.5088660102215158,0.7482421197272996,0.5640831962534136,77500.0,10,864
3b_physical_strong,93,random,0.0009,100,6,0.05,100.0,9.0,0.1,10,5.0,0.5088660102215158,0.7482421197272996,0.5582456973587044,87400.0,6,901
3b_physical_strong,94,regular,0.1,100,6,0.05,100.0,9.0,0.1,10,5.0,0.5090325265744328,0.7517035926827705,0.5333104875162075,3400.0,4,852
3b_physical_strong,94,superintelligent,0.9,100,6,0.05,100.0,9.0,0.1,10,5.0,0.5090325265744328,0.7517035926827705,0.5333104875162075,800.0,4,912
3b_physical_strong,94,oracle,1.0,100,6,0.05,100.0,9.0,0.1,10,5.0,0.5090325265744328,0.7517035926827705,0.5333104875162075,800.0,4,912
3b_physical_strong,94,naive,0.009,100,6,0.05,100.0,9.0,0.1,10,5.0,0.5090325265744328,0.7517035926827705,0.5333104875162075,32400.0,4,873
3b_physical_strong,94,random,0.0009,100,6,0.05,100.0,9.0,0.1,10,5.0,0.5090325265744328,0.7517035926827705,0.5340925069713081,37700.0,5,646
3b_physical_strong,95,regular,0.1,100,6,0.05,100.0,9.0,0.1,10,5.0,0.4806530128950542,0.7527142474568511,0.5474284781662271,14000.0,11,779
3b_physical_strong,95,superintelligent,0.9,100,6,0.05,100.0,9.0,0.1,10,5.0,0.4806530128950542,0.7527142474568511,0.5474284781662271,2000.0,11,908
3b_physical_strong,95,oracle,1.0,100,6,0.05,100.0,9.0,0.1,10,5.0,0.4806530128950542,0.7527142474568511,0.5474284781662271,1900.0,11,908
3b_physical_strong,95,naive,0.009,100,6,0.05,100.0,9.0,0.1,10,5.0,0.4806530128950542,0.7527142474568511,0.5513774553648491,49600.0,10,842
3b_physical_strong,95,random,0.0009,100,6,0.05,100.0,9.0,0.1,10,5.0,0.4806530128950542,0.7527142474568511,0.5561663504679432,57500.0,9,874
3b_physical_strong,96,regular,0.1,100,6,0.05,100.0,9.0,0.1,10,5.0,0.5000229232026289,0.7535689002612862,0.6023390768161286,8600.0,11,894
3b_physical_strong,96,superintelligent,0.9,100,6,0.05,100.0,9.0,0.1,10,5.0,0.5000229232026289,0.7535689002612862,0.6023390768161286,1600.0,11,913
3b_physical_strong,96,oracle,1.0,100,6,0.05,100.0,9.0,0.1,10,5.0,0.5000229232026289,0.7535689002612862,0.6023390768161286,1500.0,11,913
3b_physical_strong,96,naive,0.009,100,6,0.05,100.0,9.0,0.1,10,5.0,0.5000229232026289,0.7535689002612862,0.5856437528534119,82400.0,11,859
3b_physical_strong,96,random,0.0009,100,6,0.05,100.0,9.0,0.1,10,5.0,0.5000229232026289,0.7535689002612862,0.6023390768161286,70100.0,11,912
3b_physical_strong,97,regular,0.1,100,6,0.05,100.0,9.0,0.1,10,5.0,0.5032720638416306,0.7537969062594442,0.6299508199733659,9200.0,14,857
3b_physical_strong,97,superintelligent,0.9,100,6,0.05,100.0,9.0,0.1,10,5.0,0.5032720638416306,0.7537969062594442,0.6299508199733659,1400.0,14,911
3b_physical_strong,97,oracle,1.0,100,6,0.05,100.0,9.0,0.1,10,5.0,0.5032720638416306,0.7537969062594442,0.6299508199733659,1400.0,14,911
3b_physical_strong,97,naive,0.009,100,6,0.05,100.0,9.0,0.1,10,5.0,0.5032720638416306,0.7537969062594442,0.6106063730186665,84000.0,12,865
3b_physical_strong,97,random,0.0009,100,6,0.05,100.0,9.0,0.1,10,5.0,0.5032720638416306,0.7537969062594442,0.6065219309100734,72800.0,11,910
3b_physical_strong,98,regular,0.1,100,6,0.05,100.0,9.0,0.1,10,5.0,0.4528707573518735,0.7483844502005401,0.5369472281967411,4500.0,6,850
3b_physical_strong,98,superintelligent,0.9,100,6,0.05,100.0,9.0,0.1,10,5.0,0.4528707573518735,0.7483844502005401,0.5369472281967411,1000.0,6,911
3b_physical_strong,98,oracle,1.0,100,6,0.05,100.0,9.0,0.1,10,5.0,0.4528707573518735,0.7483844502005401,0.5369472281967411,1000.0,6,911
3b_physical_strong,98,naive,0.009,100,6,0.05,100.0,9.0,0.1,10,5.0,0.4528707573518735,0.7483844502005401,0.5369472281967411,49300.0,6,817
3b_physical_strong,98,random,0.0009,100,6,0.05,100.0,9.0,0.1,10,5.0,0.4528707573518735,0.7483844502005401,0.5152545056640776,81900.0,8,845
3b_physical_strong,99,regular,0.1,100,6,0.05,100.0,9.0,0.1,10,5.0,0.5296463888755669,0.7580504758448716,0.6072305879899826,7300.0,7,868
3b_physical_strong,99,superintelligent,0.9,100,6,0.05,100.0,9.0,0.1,10,5.0,0.5296463888755669,0.7580504758448716,0.6072305879899826,1900.0,7,912
3b_physical_strong,99,oracle,1.0,100,6,0.05,100.0,9.0,0.1,10,5.0,0.5296463888755669,0.7580504758448716,0.6072305879899826,1900.0,7,912
3b_physical_strong,99,naive,0.009,100,6,0.05,100.0,9.0,0.1,10,5.0,0.5296463888755669,0.7580504758448716,0.6059800101040104,53200.0,10,904
3b_physical_strong,99,random,0.0009,100,6,0.05,100.0,9.0,0.1,10,5.0,0.5296463888755669,0.7580504758448716,0.6031072161105545,64300.0,7,881
