scenario,replication,beta_label,beta,N,K_NK,dag_density,tau_test,noise_ratio,kappa_0,n_choke,tau_auth,initial_fitness,landscape_max,final_fitness,time_to_final_fitness,total_confirmed,total_refuted
0_trivial,0,regular,0.1,100,2,0.01,1.0,0.0,0.7,0,1.0,0.46828000392395824,0.7530370529751239,0.5400619425075238,26.0,13,13
0_trivial,0,superintelligent,0.9,100,2,0.01,1.0,0.0,0.7,0,1.0,0.46828000392395824,0.7530370529751239,0.5414770144708345,14.0,14,12
0_trivial,0,oracle,1.0,100,2,0.01,1.0,0.0,0.7,0,1.0,0.46828000392395824,0.7530370529751239,0.5414770144708345,14.0,14,12
0_trivial,0,naive,0.009,100,2,0.01,1.0,0.0,0.7,0,1.0,0.46828000392395824,0.7530370529751239,0.5400182770579012,27.0,15,12
0_trivial,0,random,0.0009,100,2,0.01,1.0,0.0,0.7,0,1.0,0.46828000392395824,0.7530370529751239,0.5400182770579012,26.0,15,12
0_trivial,1,regular,0.1,100,2,0.01,1.0,0.0,0.7,0,1.0,0.5115067387000398,0.7297822514285702,0.5700713564810606,22.0,11,13
0_trivial,1,superintelligent,0.9,100,2,0.01,1.0,0.0,0.7,0,1.0,0.5115067387000398,0.7297822514285702,0.5746586098108244,15.0,12,12
0_trivial,1,oracle,1.0,100,2,0.01,1.0,0.0,0.7,0,1.0,0.5115067387000398,0.7297822514285702,0.5767164741513597,13.0,13,11
0_trivial,1,naive,0.009,100,2,0.01,1.0,0.0,0.7,0,1.0,0.5115067387000398,0.7297822514285702,0.5700713564810606,21.0,11,13
0_trivial,1,random,0.0009,100,2,0.01,1.0,0.0,0.7,0,1.0,0.5115067387000398,0.7297822514285702,0.5746586098108244,21.0,12,12
0_trivial,2,regular,0.1,100,2,0.01,1.0,0.0,0.7,0,1.0,0.487422964932265,0.7438664520812045,0.5508675337381436,23.0,11,12
0_trivial,2,superintelligent,0.9,100,2,0.01,1.0,0.0,0.7,0,1.0,0.487422964932265,0.7438664520812045,0.5565817317127023,10.0,10,12
0_trivial,2,oracle,1.0,100,2,0.01,1.0,0.0,0.7,0,1.0,0.487422964932265,0.7438664520812045,0.5565817317127023,10.0,10,12
0_trivial,2,naive,0.009,100,2,0.01,1.0,0.0,0.7,0,1.0,0.487422964932265,0.7438664520812045,0.5554002732426281,21.0,9,13
0_trivial,2,random,0.0009,100,2,0.01,1.0,0.0,0.7,0,1.0,0.487422964932265,0.7438664520812045,0.5554002732426281,22.0,9,13
0_trivial,3,regular,0.1,100,2,0.01,1.0,0.0,0.7,0,1.0,0.4995312146888829,0.7099550989877338,0.5468001487830877,23.0,11,14
0_trivial,3,superintelligent,0.9,100,2,0.01,1.0,0.0,0.7,0,1.0,0.4995312146888829,0.7099550989877338,0.5468001487830877,11.0,11,14
0_trivial,3,oracle,1.0,100,2,0.01,1.0,0.0,0.7,0,1.0,0.4995312146888829,0.7099550989877338,0.5468001487830877,11.0,11,14
0_trivial,3,naive,0.009,100,2,0.01,1.0,0.0,0.7,0,1.0,0.4995312146888829,0.7099550989877338,0.5320531409205025,23.0,10,13
0_trivial,3,random,0.0009,100,2,0.01,1.0,0.0,0.7,0,1.0,0.4995312146888829,0.7099550989877338,0.5320531409205025,23.0,10,13
0_trivial,4,regular,0.1,100,2,0.01,1.0,0.0,0.7,0,1.0,0.5047131164136188,0.7655793023475601,0.5723457040138912,25.0,12,13
0_trivial,4,superintelligent,0.9,100,2,0.01,1.0,0.0,0.7,0,1.0,0.5047131164136188,0.7655793023475601,0.5859012104518898,14.0,13,12
0_trivial,4,oracle,1.0,100,2,0.01,1.0,0.0,0.7,0,1.0,0.5047131164136188,0.7655793023475601,0.5859012104518898,13.0,13,12
0_trivial,4,naive,0.009,100,2,0.01,1.0,0.0,0.7,0,1.0,0.5047131164136188,0.7655793023475601,0.5749963731970605,25.0,13,12
0_trivial,4,random,0.0009,100,2,0.01,1.0,0.0,0.7,0,1.0,0.5047131164136188,0.7655793023475601,0.5813566469455885,25.0,15,10
0_trivial,5,regular,0.1,100,2,0.01,1.0,0.0,0.7,0,1.0,0.506254434208643,0.7420689659841014,0.5675275206549967,16.0,10,14
0_trivial,5,superintelligent,0.9,100,2,0.01,1.0,0.0,0.7,0,1.0,0.506254434208643,0.7420689659841014,0.5688785445888016,11.0,11,15
0_trivial,5,oracle,1.0,100,2,0.01,1.0,0.0,0.7,0,1.0,0.506254434208643,0.7420689659841014,0.5688785445888016,11.0,11,15
0_trivial,5,naive,0.009,100,2,0.01,1.0,0.0,0.7,0,1.0,0.506254434208643,0.7420689659841014,0.5688785445888016,22.0,11,15
0_trivial,5,random,0.0009,100,2,0.01,1.0,0.0,0.7,0,1.0,0.506254434208643,0.7420689659841014,0.5688785445888016,26.0,11,15
0_trivial,6,regular,0.1,100,2,0.01,1.0,0.0,0.7,0,1.0,0.49219384646812203,0.7405535277161648,0.5377345931177195,25.0,8,18
0_trivial,6,superintelligent,0.9,100,2,0.01,1.0,0.0,0.7,0,1.0,0.49219384646812203,0.7405535277161648,0.5496044527140613,10.0,9,16
0_trivial,6,oracle,1.0,100,2,0.01,1.0,0.0,0.7,0,1.0,0.49219384646812203,0.7405535277161648,0.5496044527140613,9.0,9,16
0_trivial,6,naive,0.009,100,2,0.01,1.0,0.0,0.7,0,1.0,0.49219384646812203,0.7405535277161648,0.5387559249197122,25.0,9,17
0_trivial,6,random,0.0009,100,2,0.01,1.0,0.0,0.7,0,1.0,0.49219384646812203,0.7405535277161648,0.5403458526768231,24.0,8,17
0_trivial,7,regular,0.1,100,2,0.01,1.0,0.0,0.7,0,1.0,0.4968820383193398,0.7297459200255657,0.5362223715809954,21.0,12,12
0_trivial,7,superintelligent,0.9,100,2,0.01,1.0,0.0,0.7,0,1.0,0.4968820383193398,0.7297459200255657,0.5362223715809954,14.0,12,12
0_trivial,7,oracle,1.0,100,2,0.01,1.0,0.0,0.7,0,1.0,0.4968820383193398,0.7297459200255657,0.5362223715809954,12.0,12,12
0_trivial,7,naive,0.009,100,2,0.01,1.0,0.0,0.7,0,1.0,0.4968820383193398,0.7297459200255657,0.5357847685968641,23.0,13,12
0_trivial,7,random,0.0009,100,2,0.01,1.0,0.0,0.7,0,1.0,0.4968820383193398,0.7297459200255657,0.5412904380117349,26.0,13,13
0_trivial,8,regular,0.1,100,2,0.01,1.0,0.0,0.7,0,1.0,0.5116956970960178,0.7387217765289364,0.6064684862940708,25.0,15,12
0_trivial,8,superintelligent,0.9,100,2,0.01,1.0,0.0,0.7,0,1.0,0.5116956970960178,0.7387217765289364,0.6031446104907318,13.0,13,13
0_trivial,8,oracle,1.0,100,2,0.01,1.0,0.0,0.7,0,1.0,0.5116956970960178,0.7387217765289364,0.6031446104907318,13.0,13,13
0_trivial,8,naive,0.009,100,2,0.01,1.0,0.0,0.7,0,1.0,0.5116956970960178,0.7387217765289364,0.598603608643481,27.0,13,14
0_trivial,8,random,0.0009,100,2,0.01,1.0,0.0,0.7,0,1.0,0.5116956970960178,0.7387217765289364,0.5968134941309794,23.0,12,14
0_trivial,9,regular,0.1,100,2,0.01,1.0,0.0,0.7,0,1.0,0.48209099673856237,0.7222413331712085,0.5589946593795642,22.0,15,11
0_trivial,9,superintelligent,0.9,100,2,0.01,1.0,0.0,0.7,0,1.0,0.48209099673856237,0.7222413331712085,0.5739713449817387,16.0,14,12
0_trivial,9,oracle,1.0,100,2,0.01,1.0,0.0,0.7,0,1.0,0.48209099673856237,0.7222413331712085,0.5739713449817387,14.0,14,12
0_trivial,9,naive,0.009,100,2,0.01,1.0,0.0,0.7,0,1.0,0.48209099673856237,0.7222413331712085,0.5661326063206453,23.0,15,11
0_trivial,9,random,0.0009,100,2,0.01,1.0,0.0,0.7,0,1.0,0.48209099673856237,0.7222413331712085,0.5518217347033941,26.0,15,11
0_trivial,10,regular,0.1,100,2,0.01,1.0,0.0,0.7,0,1.0,0.48227978529997323,0.7304590079558236,0.5279081817440949,20.0,8,13
0_trivial,10,superintelligent,0.9,100,2,0.01,1.0,0.0,0.7,0,1.0,0.48227978529997323,0.7304590079558236,0.5279081817440949,9.0,8,13
0_trivial,10,oracle,1.0,100,2,0.01,1.0,0.0,0.7,0,1.0,0.48227978529997323,0.7304590079558236,0.5279081817440949,8.0,8,13
0_trivial,10,naive,0.009,100,2,0.01,1.0,0.0,0.7,0,1.0,0.48227978529997323,0.7304590079558236,0.5279081817440949,21.0,8,13
0_trivial,10,random,0.0009,100,2,0.01,1.0,0.0,0.7,0,1.0,0.48227978529997323,0.7304590079558236,0.5184131296120887,16.0,8,13
0_trivial,11,regular,0.1,100,2,0.01,1.0,0.0,0.7,0,1.0,0.4822059240031134,0.7623485686991465,0.5321790643979641,17.0,9,12
0_trivial,11,superintelligent,0.9,100,2,0.01,1.0,0.0,0.7,0,1.0,0.4822059240031134,0.7623485686991465,0.5391478502140958,11.0,10,9
0_trivial,11,oracle,1.0,100,2,0.01,1.0,0.0,0.7,0,1.0,0.4822059240031134,0.7623485686991465,0.5391478502140958,10.0,10,9
0_trivial,11,naive,0.009,100,2,0.01,1.0,0.0,0.7,0,1.0,0.4822059240031134,0.7623485686991465,0.5305368706969484,19.0,8,13
0_trivial,11,random,0.0009,100,2,0.01,1.0,0.0,0.7,0,1.0,0.4822059240031134,0.7623485686991465,0.5315903142778153,19.0,8,11
0_trivial,12,regular,0.1,100,2,0.01,1.0,0.0,0.7,0,1.0,0.46228357092135647,0.7224349306338163,0.559549249879196,26.0,16,12
0_trivial,12,superintelligent,0.9,100,2,0.01,1.0,0.0,0.7,0,1.0,0.46228357092135647,0.7224349306338163,0.559549249879196,19.0,16,12
0_trivial,12,oracle,1.0,100,2,0.01,1.0,0.0,0.7,0,1.0,0.46228357092135647,0.7224349306338163,0.559549249879196,16.0,16,12
0_trivial,12,naive,0.009,100,2,0.01,1.0,0.0,0.7,0,1.0,0.46228357092135647,0.7224349306338163,0.549923012129884,27.0,15,13
0_trivial,12,random,0.0009,100,2,0.01,1.0,0.0,0.7,0,1.0,0.46228357092135647,0.7224349306338163,0.559549249879196,28.0,16,12
0_trivial,13,regular,0.1,100,2,0.01,1.0,0.0,0.7,0,1.0,0.47840034533878034,0.721064593469921,0.549621319571586,26.0,14,14
0_trivial,13,superintelligent,0.9,100,2,0.01,1.0,0.0,0.7,0,1.0,0.47840034533878034,0.721064593469921,0.5379184532907356,12.0,12,16
0_trivial,13,oracle,1.0,100,2,0.01,1.0,0.0,0.7,0,1.0,0.47840034533878034,0.721064593469921,0.5379184532907356,12.0,12,16
0_trivial,13,naive,0.009,100,2,0.01,1.0,0.0,0.7,0,1.0,0.47840034533878034,0.721064593469921,0.5413308678192819,26.0,15,12
0_trivial,13,random,0.0009,100,2,0.01,1.0,0.0,0.7,0,1.0,0.47840034533878034,0.721064593469921,0.5404778164389235,28.0,12,16
0_trivial,14,regular,0.1,100,2,0.01,1.0,0.0,0.7,0,1.0,0.4740514566812092,0.6940984254723501,0.5338996108187879,25.0,12,13
0_trivial,14,superintelligent,0.9,100,2,0.01,1.0,0.0,0.7,0,1.0,0.4740514566812092,0.6940984254723501,0.543758694144456,16.0,12,13
0_trivial,14,oracle,1.0,100,2,0.01,1.0,0.0,0.7,0,1.0,0.4740514566812092,0.6940984254723501,0.543758694144456,12.0,12,13
0_trivial,14,naive,0.009,100,2,0.01,1.0,0.0,0.7,0,1.0,0.4740514566812092,0.6940984254723501,0.543758694144456,25.0,12,13
0_trivial,14,random,0.0009,100,2,0.01,1.0,0.0,0.7,0,1.0,0.4740514566812092,0.6940984254723501,0.5338996108187879,24.0,12,13
0_trivial,15,regular,0.1,100,2,0.01,1.0,0.0,0.7,0,1.0,0.4689394839407938,0.7628259101102579,0.5062510995258749,15.0,8,10
0_trivial,15,superintelligent,0.9,100,2,0.01,1.0,0.0,0.7,0,1.0,0.4689394839407938,0.7628259101102579,0.5164232509367573,13.0,10,11
0_trivial,15,oracle,1.0,100,2,0.01,1.0,0.0,0.7,0,1.0,0.4689394839407938,0.7628259101102579,0.5164232509367573,10.0,10,11
0_trivial,15,naive,0.009,100,2,0.01,1.0,0.0,0.7,0,1.0,0.4689394839407938,0.7628259101102579,0.5062510995258749,17.0,8,10
0_trivial,15,random,0.0009,100,2,0.01,1.0,0.0,0.7,0,1.0,0.4689394839407938,0.7628259101102579,0.5044446480045438,16.0,8,10
0_trivial,16,regular,0.1,100,2,0.01,1.0,0.0,0.7,0,1.0,0.5065617174613122,0.7262176943750637,0.5789185526878746,23.0,10,14
0_trivial,16,superintelligent,0.9,100,2,0.01,1.0,0.0,0.7,0,1.0,0.5065617174613122,0.7262176943750637,0.5789185526878746,10.0,10,14
0_trivial,16,oracle,1.0,100,2,0.01,1.0,0.0,0.7,0,1.0,0.5065617174613122,0.7262176943750637,0.5789185526878746,10.0,10,14
0_trivial,16,naive,0.009,100,2,0.01,1.0,0.0,0.7,0,1.0,0.5065617174613122,0.7262176943750637,0.5781725064158892,24.0,11,13
0_trivial,16,random,0.0009,100,2,0.01,1.0,0.0,0.7,0,1.0,0.5065617174613122,0.7262176943750637,0.5789185526878746,24.0,10,14
0_trivial,17,regular,0.1,100,2,0.01,1.0,0.0,0.7,0,1.0,0.513650451309114,0.7389502872063971,0.5832449429749386,26.0,14,14
0_trivial,17,superintelligent,0.9,100,2,0.01,1.0,0.0,0.7,0,1.0,0.513650451309114,0.7389502872063971,0.5963029611441748,16.0,16,12
0_trivial,17,oracle,1.0,100,2,0.01,1.0,0.0,0.7,0,1.0,0.513650451309114,0.7389502872063971,0.5963029611441748,16.0,16,12
0_trivial,17,naive,0.009,100,2,0.01,1.0,0.0,0.7,0,1.0,0.513650451309114,0.7389502872063971,0.5910259021835852,26.0,15,12
0_trivial,17,random,0.0009,100,2,0.01,1.0,0.0,0.7,0,1.0,0.513650451309114,0.7389502872063971,0.5846256519464689,27.0,14,13
0_trivial,18,regular,0.1,100,2,0.01,1.0,0.0,0.7,0,1.0,0.5023323010885946,0.7547256058211121,0.5745108175584204,20.0,10,12
0_trivial,18,superintelligent,0.9,100,2,0.01,1.0,0.0,0.7,0,1.0,0.5023323010885946,0.7547256058211121,0.5745108175584204,11.0,10,12
0_trivial,18,oracle,1.0,100,2,0.01,1.0,0.0,0.7,0,1.0,0.5023323010885946,0.7547256058211121,0.5745108175584204,10.0,10,12
0_trivial,18,naive,0.009,100,2,0.01,1.0,0.0,0.7,0,1.0,0.5023323010885946,0.7547256058211121,0.5812265963836798,23.0,11,14
0_trivial,18,random,0.0009,100,2,0.01,1.0,0.0,0.7,0,1.0,0.5023323010885946,0.7547256058211121,0.5795780515640019,23.0,11,12
0_trivial,19,regular,0.1,100,2,0.01,1.0,0.0,0.7,0,1.0,0.5104606614346313,0.7585050499882603,0.555411429271788,19.0,7,15
0_trivial,19,superintelligent,0.9,100,2,0.01,1.0,0.0,0.7,0,1.0,0.5104606614346313,0.7585050499882603,0.5680203774393887,11.0,10,13
0_trivial,19,oracle,1.0,100,2,0.01,1.0,0.0,0.7,0,1.0,0.5104606614346313,0.7585050499882603,0.5680203774393887,10.0,10,13
0_trivial,19,naive,0.009,100,2,0.01,1.0,0.0,0.7,0,1.0,0.5104606614346313,0.7585050499882603,0.555411429271788,19.0,7,15
0_trivial,19,random,0.0009,100,2,0.01,1.0,0.0,0.7,0,1.0,0.5104606614346313,0.7585050499882603,0.555411429271788,21.0,7,15
0_trivial,20,regular,0.1,100,2,0.01,1.0,0.0,0.7,0,1.0,0.47001507477427285,0.7220932706973443,0.5571107265460148,22.0,12,12
0_trivial,20,superintelligent,0.9,100,2,0.01,1.0,0.0,0.7,0,1.0,0.47001507477427285,0.7220932706973443,0.5603272313216402,11.0,11,12
0_trivial,20,oracle,1.0,100,2,0.01,1.0,0.0,0.7,0,1.0,0.47001507477427285,0.7220932706973443,0.5603272313216402,11.0,11,12
0_trivial,20,naive,0.009,100,2,0.01,1.0,0.0,0.7,0,1.0,0.47001507477427285,0.7220932706973443,0.5524953775008856,23.0,12,12
0_trivial,20,random,0.0009,100,2,0.01,1.0,0.0,0.7,0,1.0,0.47001507477427285,0.7220932706973443,0.5524953775008856,22.0,12,12
0_trivial,21,regular,0.1,100,2,0.01,1.0,0.0,0.7,0,1.0,0.48228112413724994,0.7301607166324987,0.5198825518922134,18.0,8,14
0_trivial,21,superintelligent,0.9,100,2,0.01,1.0,0.0,0.7,0,1.0,0.48228112413724994,0.7301607166324987,0.5198825518922134,8.0,8,14
0_trivial,21,oracle,1.0,100,2,0.01,1.0,0.0,0.7,0,1.0,0.48228112413724994,0.7301607166324987,0.5198825518922134,8.0,8,14
0_trivial,21,naive,0.009,100,2,0.01,1.0,0.0,0.7,0,1.0,0.48228112413724994,0.7301607166324987,0.5198825518922134,21.0,8,14
0_trivial,21,random,0.0009,100,2,0.01,1.0,0.0,0.7,0,1.0,0.48228112413724994,0.7301607166324987,0.5198825518922134,18.0,8,14
0_trivial,22,regular,0.1,100,2,0.01,1.0,0.0,0.7,0,1.0,0.5025059635968812,0.7168975682189991,0.5735070528638367,19.0,10,11
0_trivial,22,superintelligent,0.9,100,2,0.01,1.0,0.0,0.7,0,1.0,0.5025059635968812,0.7168975682189991,0.5841166297093696,15.0,13,11
0_trivial,22,oracle,1.0,100,2,0.01,1.0,0.0,0.7,0,1.0,0.5025059635968812,0.7168975682189991,0.5841166297093696,13.0,13,11
0_trivial,22,naive,0.009,100,2,0.01,1.0,0.0,0.7,0,1.0,0.5025059635968812,0.7168975682189991,0.5778945405082745,20.0,14,10
0_trivial,22,random,0.0009,100,2,0.01,1.0,0.0,0.7,0,1.0,0.5025059635968812,0.7168975682189991,0.5735070528638367,17.0,10,11
0_trivial,23,regular,0.1,100,2,0.01,1.0,0.0,0.7,0,1.0,0.5185132903731722,0.7116133272121307,0.571405756843174,24.0,11,13
0_trivial,23,superintelligent,0.9,100,2,0.01,1.0,0.0,0.7,0,1.0,0.5185132903731722,0.7116133272121307,0.5665405076046303,13.0,12,12
0_trivial,23,oracle,1.0,100,2,0.01,1.0,0.0,0.7,0,1.0,0.5185132903731722,0.7116133272121307,0.5665405076046303,12.0,12,12
0_trivial,23,naive,0.009,100,2,0.01,1.0,0.0,0.7,0,1.0,0.5185132903731722,0.7116133272121307,0.5670590141173009,22.0,10,12
0_trivial,23,random,0.0009,100,2,0.01,1.0,0.0,0.7,0,1.0,0.5185132903731722,0.7116133272121307,0.5665405076046303,22.0,12,12
0_trivial,24,regular,0.1,100,2,0.01,1.0,0.0,0.7,0,1.0,0.5021820688991272,0.7084461222306336,0.5317913444102317,21.0,9,13
0_trivial,24,superintelligent,0.9,100,2,0.01,1.0,0.0,0.7,0,1.0,0.5021820688991272,0.7084461222306336,0.5317913444102317,9.0,9,13
0_trivial,24,oracle,1.0,100,2,0.01,1.0,0.0,0.7,0,1.0,0.5021820688991272,0.7084461222306336,0.5317913444102317,9.0,9,13
0_trivial,24,naive,0.009,100,2,0.01,1.0,0.0,0.7,0,1.0,0.5021820688991272,0.7084461222306336,0.5317913444102317,21.0,9,13
0_trivial,24,random,0.0009,100,2,0.01,1.0,0.0,0.7,0,1.0,0.5021820688991272,0.7084461222306336,0.5317913444102317,20.0,9,13
0_trivial,25,regular,0.1,100,2,0.01,1.0,0.0,0.7,0,1.0,0.5215139001240502,0.7684732740443806,0.5916459868341781,26.0,13,13
0_trivial,25,superintelligent,0.9,100,2,0.01,1.0,0.0,0.7,0,1.0,0.5215139001240502,0.7684732740443806,0.6149945284284516,20.0,18,9
0_trivial,25,oracle,1.0,100,2,0.01,1.0,0.0,0.7,0,1.0,0.5215139001240502,0.7684732740443806,0.6149945284284516,18.0,18,9
0_trivial,25,naive,0.009,100,2,0.01,1.0,0.0,0.7,0,1.0,0.5215139001240502,0.7684732740443806,0.5916459868341781,26.0,13,13
0_trivial,25,random,0.0009,100,2,0.01,1.0,0.0,0.7,0,1.0,0.5215139001240502,0.7684732740443806,0.5872086086985665,25.0,14,12
0_trivial,26,regular,0.1,100,2,0.01,1.0,0.0,0.7,0,1.0,0.5031030230179172,0.7483176882927461,0.5372886862865723,23.0,10,15
0_trivial,26,superintelligent,0.9,100,2,0.01,1.0,0.0,0.7,0,1.0,0.5031030230179172,0.7483176882927461,0.5411033225315066,11.0,10,15
0_trivial,26,oracle,1.0,100,2,0.01,1.0,0.0,0.7,0,1.0,0.5031030230179172,0.7483176882927461,0.5411033225315066,10.0,10,15
0_trivial,26,naive,0.009,100,2,0.01,1.0,0.0,0.7,0,1.0,0.5031030230179172,0.7483176882927461,0.5428979383693373,20.0,11,14
0_trivial,26,random,0.0009,100,2,0.01,1.0,0.0,0.7,0,1.0,0.5031030230179172,0.7483176882927461,0.5379478287694478,21.0,11,14
0_trivial,27,regular,0.1,100,2,0.01,1.0,0.0,0.7,0,1.0,0.5059772959861132,0.7147522753716553,0.5370783006989066,17.0,8,9
0_trivial,27,superintelligent,0.9,100,2,0.01,1.0,0.0,0.7,0,1.0,0.5059772959861132,0.7147522753716553,0.5370783006989066,9.0,8,9
0_trivial,27,oracle,1.0,100,2,0.01,1.0,0.0,0.7,0,1.0,0.5059772959861132,0.7147522753716553,0.5370783006989066,8.0,8,9
0_trivial,27,naive,0.009,100,2,0.01,1.0,0.0,0.7,0,1.0,0.5059772959861132,0.7147522753716553,0.5236966380680581,13.0,6,9
0_trivial,27,random,0.0009,100,2,0.01,1.0,0.0,0.7,0,1.0,0.5059772959861132,0.7147522753716553,0.5351153269676729,19.0,8,11
0_trivial,28,regular,0.1,100,2,0.01,1.0,0.0,0.7,0,1.0,0.5023992128561499,0.7395064373397426,0.5707137995484564,23.0,8,15
0_trivial,28,superintelligent,0.9,100,2,0.01,1.0,0.0,0.7,0,1.0,0.5023992128561499,0.7395064373397426,0.5707137995484564,8.0,8,15
0_trivial,28,oracle,1.0,100,2,0.01,1.0,0.0,0.7,0,1.0,0.5023992128561499,0.7395064373397426,0.5707137995484564,8.0,8,15
0_trivial,28,naive,0.009,100,2,0.01,1.0,0.0,0.7,0,1.0,0.5023992128561499,0.7395064373397426,0.5707137995484564,22.0,8,15
0_trivial,28,random,0.0009,100,2,0.01,1.0,0.0,0.7,0,1.0,0.5023992128561499,0.7395064373397426,0.5550207188295448,22.0,7,15
0_trivial,29,regular,0.1,100,2,0.01,1.0,0.0,0.7,0,1.0,0.4608474081348311,0.7615030953923445,0.5865609215245569,25.0,18,10
0_trivial,29,superintelligent,0.9,100,2,0.01,1.0,0.0,0.7,0,1.0,0.4608474081348311,0.7615030953923445,0.5839428009259353,18.0,16,12
0_trivial,29,oracle,1.0,100,2,0.01,1.0,0.0,0.7,0,1.0,0.4608474081348311,0.7615030953923445,0.5839428009259353,16.0,16,12
0_trivial,29,naive,0.009,100,2,0.01,1.0,0.0,0.7,0,1.0,0.4608474081348311,0.7615030953923445,0.5842338484239048,28.0,17,11
0_trivial,29,random,0.0009,100,2,0.01,1.0,0.0,0.7,0,1.0,0.4608474081348311,0.7615030953923445,0.5810060750600486,26.0,16,12
0_trivial,30,regular,0.1,100,2,0.01,1.0,0.0,0.7,0,1.0,0.47849168871474035,0.7431424524167053,0.5265381970742693,14.0,6,14
0_trivial,30,superintelligent,0.9,100,2,0.01,1.0,0.0,0.7,0,1.0,0.47849168871474035,0.7431424524167053,0.5265381970742693,7.0,6,14
0_trivial,30,oracle,1.0,100,2,0.01,1.0,0.0,0.7,0,1.0,0.47849168871474035,0.7431424524167053,0.5265381970742693,6.0,6,14
0_trivial,30,naive,0.009,100,2,0.01,1.0,0.0,0.7,0,1.0,0.47849168871474035,0.7431424524167053,0.5250472426635533,20.0,6,14
0_trivial,30,random,0.0009,100,2,0.01,1.0,0.0,0.7,0,1.0,0.47849168871474035,0.7431424524167053,0.5250472426635533,18.0,6,14
0_trivial,31,regular,0.1,100,2,0.01,1.0,0.0,0.7,0,1.0,0.4916158292134029,0.7330268488290741,0.5401712365077989,24.0,9,16
0_trivial,31,superintelligent,0.9,100,2,0.01,1.0,0.0,0.7,0,1.0,0.4916158292134029,0.7330268488290741,0.5476237821398442,9.0,9,16
0_trivial,31,oracle,1.0,100,2,0.01,1.0,0.0,0.7,0,1.0,0.4916158292134029,0.7330268488290741,0.5476237821398442,9.0,9,16
0_trivial,31,naive,0.009,100,2,0.01,1.0,0.0,0.7,0,1.0,0.4916158292134029,0.7330268488290741,0.5345393615207484,17.0,10,15
0_trivial,31,random,0.0009,100,2,0.01,1.0,0.0,0.7,0,1.0,0.4916158292134029,0.7330268488290741,0.541472922651544,23.0,11,14
0_trivial,32,regular,0.1,100,2,0.01,1.0,0.0,0.7,0,1.0,0.5193134956110746,0.7522130720425163,0.5696807995598924,24.0,14,10
0_trivial,32,superintelligent,0.9,100,2,0.01,1.0,0.0,0.7,0,1.0,0.5193134956110746,0.7522130720425163,0.572475024597367,13.0,13,11
0_trivial,32,oracle,1.0,100,2,0.01,1.0,0.0,0.7,0,1.0,0.5193134956110746,0.7522130720425163,0.572475024597367,13.0,13,11
0_trivial,32,naive,0.009,100,2,0.01,1.0,0.0,0.7,0,1.0,0.5193134956110746,0.7522130720425163,0.5696807995598924,24.0,14,10
0_trivial,32,random,0.0009,100,2,0.01,1.0,0.0,0.7,0,1.0,0.5193134956110746,0.7522130720425163,0.5696807995598924,24.0,14,10
0_trivial,33,regular,0.1,100,2,0.01,1.0,0.0,0.7,0,1.0,0.5141678694266603,0.7096357514844586,0.5896879467196856,22.0,12,11
0_trivial,33,superintelligent,0.9,100,2,0.01,1.0,0.0,0.7,0,1.0,0.5141678694266603,0.7096357514844586,0.5896879467196856,12.0,12,11
0_trivial,33,oracle,1.0,100,2,0.01,1.0,0.0,0.7,0,1.0,0.5141678694266603,0.7096357514844586,0.5915042913928502,11.0,11,12
0_trivial,33,naive,0.009,100,2,0.01,1.0,0.0,0.7,0,1.0,0.5141678694266603,0.7096357514844586,0.5896879467196856,21.0,12,11
0_trivial,33,random,0.0009,100,2,0.01,1.0,0.0,0.7,0,1.0,0.5141678694266603,0.7096357514844586,0.5915042913928502,21.0,11,12
0_trivial,34,regular,0.1,100,2,0.01,1.0,0.0,0.7,0,1.0,0.49796496717755107,0.7343254888461203,0.5464639985630313,15.0,6,13
0_trivial,34,superintelligent,0.9,100,2,0.01,1.0,0.0,0.7,0,1.0,0.49796496717755107,0.7343254888461203,0.5464639985630313,7.0,6,13
0_trivial,34,oracle,1.0,100,2,0.01,1.0,0.0,0.7,0,1.0,0.49796496717755107,0.7343254888461203,0.5464639985630313,6.0,6,13
0_trivial,34,naive,0.009,100,2,0.01,1.0,0.0,0.7,0,1.0,0.49796496717755107,0.7343254888461203,0.5500395165262774,19.0,7,13
0_trivial,34,random,0.0009,100,2,0.01,1.0,0.0,0.7,0,1.0,0.49796496717755107,0.7343254888461203,0.5464639985630313,18.0,6,13
0_trivial,35,regular,0.1,100,2,0.01,1.0,0.0,0.7,0,1.0,0.5105571984059052,0.737538375357865,0.576546426485075,25.0,14,13
0_trivial,35,superintelligent,0.9,100,2,0.01,1.0,0.0,0.7,0,1.0,0.5105571984059052,0.737538375357865,0.5686910227467306,14.0,14,12
0_trivial,35,oracle,1.0,100,2,0.01,1.0,0.0,0.7,0,1.0,0.5105571984059052,0.737538375357865,0.5686910227467306,14.0,14,12
0_trivial,35,naive,0.009,100,2,0.01,1.0,0.0,0.7,0,1.0,0.5105571984059052,0.737538375357865,0.5686910227467306,26.0,14,12
0_trivial,35,random,0.0009,100,2,0.01,1.0,0.0,0.7,0,1.0,0.5105571984059052,0.737538375357865,0.5683368568195335,26.0,13,13
0_trivial,36,regular,0.1,100,2,0.01,1.0,0.0,0.7,0,1.0,0.4706286394908949,0.7500013457268772,0.5229331277192297,16.0,9,13
0_trivial,36,superintelligent,0.9,100,2,0.01,1.0,0.0,0.7,0,1.0,0.4706286394908949,0.7500013457268772,0.5401525899062516,13.0,13,10
0_trivial,36,oracle,1.0,100,2,0.01,1.0,0.0,0.7,0,1.0,0.4706286394908949,0.7500013457268772,0.5401525899062516,13.0,13,10
0_trivial,36,naive,0.009,100,2,0.01,1.0,0.0,0.7,0,1.0,0.4706286394908949,0.7500013457268772,0.5174361555282969,22.0,10,12
0_trivial,36,random,0.0009,100,2,0.01,1.0,0.0,0.7,0,1.0,0.4706286394908949,0.7500013457268772,0.5337537754604667,21.0,11,12
0_trivial,37,regular,0.1,100,2,0.01,1.0,0.0,0.7,0,1.0,0.4598014739619829,0.7478654903373642,0.5256586160093883,18.0,8,14
0_trivial,37,superintelligent,0.9,100,2,0.01,1.0,0.0,0.7,0,1.0,0.4598014739619829,0.7478654903373642,0.5256586160093883,9.0,8,14
0_trivial,37,oracle,1.0,100,2,0.01,1.0,0.0,0.7,0,1.0,0.4598014739619829,0.7478654903373642,0.5256586160093883,8.0,8,14
0_trivial,37,naive,0.009,100,2,0.01,1.0,0.0,0.7,0,1.0,0.4598014739619829,0.7478654903373642,0.5256586160093883,18.0,8,14
0_trivial,37,random,0.0009,100,2,0.01,1.0,0.0,0.7,0,1.0,0.4598014739619829,0.7478654903373642,0.5256586160093883,20.0,8,14
0_trivial,38,regular,0.1,100,2,0.01,1.0,0.0,0.7,0,1.0,0.4770174957177711,0.7305231669510349,0.5053568098998376,20.0,5,16
0_trivial,38,superintelligent,0.9,100,2,0.01,1.0,0.0,0.7,0,1.0,0.4770174957177711,0.7305231669510349,0.50842322846052,9.0,7,14
0_trivial,38,oracle,1.0,100,2,0.01,1.0,0.0,0.7,0,1.0,0.4770174957177711,0.7305231669510349,0.50842322846052,7.0,7,14
0_trivial,38,naive,0.009,100,2,0.01,1.0,0.0,0.7,0,1.0,0.4770174957177711,0.7305231669510349,0.5073982957649302,21.0,6,15
0_trivial,38,random,0.0009,100,2,0.01,1.0,0.0,0.7,0,1.0,0.4770174957177711,0.7305231669510349,0.5063817425954272,17.0,6,15
0_trivial,39,regular,0.1,100,2,0.01,1.0,0.0,0.7,0,1.0,0.5217514347678981,0.7526181869694946,0.5693612022316963,23.0,9,14
0_trivial,39,superintelligent,0.9,100,2,0.01,1.0,0.0,0.7,0,1.0,0.5217514347678981,0.7526181869694946,0.5693612022316963,9.0,9,14
0_trivial,39,oracle,1.0,100,2,0.01,1.0,0.0,0.7,0,1.0,0.5217514347678981,0.7526181869694946,0.5693612022316963,9.0,9,14
0_trivial,39,naive,0.009,100,2,0.01,1.0,0.0,0.7,0,1.0,0.5217514347678981,0.7526181869694946,0.5693612022316963,23.0,9,14
0_trivial,39,random,0.0009,100,2,0.01,1.0,0.0,0.7,0,1.0,0.5217514347678981,0.7526181869694946,0.5739278925299971,25.0,12,13
0_trivial,40,regular,0.1,100,2,0.01,1.0,0.0,0.7,0,1.0,0.5043950334757973,0.7160809269368987,0.5723942691854179,19.0,9,17
0_trivial,40,superintelligent,0.9,100,2,0.01,1.0,0.0,0.7,0,1.0,0.5043950334757973,0.7160809269368987,0.5722169453521603,9.0,9,17
0_trivial,40,oracle,1.0,100,2,0.01,1.0,0.0,0.7,0,1.0,0.5043950334757973,0.7160809269368987,0.5723942691854179,9.0,9,17
0_trivial,40,naive,0.009,100,2,0.01,1.0,0.0,0.7,0,1.0,0.5043950334757973,0.7160809269368987,0.5723942691854179,21.0,9,17
0_trivial,40,random,0.0009,100,2,0.01,1.0,0.0,0.7,0,1.0,0.5043950334757973,0.7160809269368987,0.5722169453521603,26.0,9,17
0_trivial,41,regular,0.1,100,2,0.01,1.0,0.0,0.7,0,1.0,0.500342042017353,0.7495546043354144,0.5668769248066104,24.0,15,12
0_trivial,41,superintelligent,0.9,100,2,0.01,1.0,0.0,0.7,0,1.0,0.500342042017353,0.7495546043354144,0.5880893196224722,14.0,14,14
0_trivial,41,oracle,1.0,100,2,0.01,1.0,0.0,0.7,0,1.0,0.500342042017353,0.7495546043354144,0.5880893196224722,14.0,14,14
0_trivial,41,naive,0.009,100,2,0.01,1.0,0.0,0.7,0,1.0,0.500342042017353,0.7495546043354144,0.5807588995677788,27.0,14,14
0_trivial,41,random,0.0009,100,2,0.01,1.0,0.0,0.7,0,1.0,0.500342042017353,0.7495546043354144,0.5733774716715581,26.0,15,12
0_trivial,42,regular,0.1,100,2,0.01,1.0,0.0,0.7,0,1.0,0.5000745592353883,0.7403953544815106,0.5558792827245508,24.0,12,14
0_trivial,42,superintelligent,0.9,100,2,0.01,1.0,0.0,0.7,0,1.0,0.5000745592353883,0.7403953544815106,0.5558792827245508,12.0,12,14
0_trivial,42,oracle,1.0,100,2,0.01,1.0,0.0,0.7,0,1.0,0.5000745592353883,0.7403953544815106,0.5558792827245508,12.0,12,14
0_trivial,42,naive,0.009,100,2,0.01,1.0,0.0,0.7,0,1.0,0.5000745592353883,0.7403953544815106,0.5608202832093865,26.0,13,14
0_trivial,42,random,0.0009,100,2,0.01,1.0,0.0,0.7,0,1.0,0.5000745592353883,0.7403953544815106,0.5558792827245508,24.0,12,14
0_trivial,43,regular,0.1,100,2,0.01,1.0,0.0,0.7,0,1.0,0.5252264331500288,0.7402252968942402,0.565932841402486,28.0,10,18
0_trivial,43,superintelligent,0.9,100,2,0.01,1.0,0.0,0.7,0,1.0,0.5252264331500288,0.7402252968942402,0.5680135206555359,9.0,9,19
0_trivial,43,oracle,1.0,100,2,0.01,1.0,0.0,0.7,0,1.0,0.5252264331500288,0.7402252968942402,0.5680135206555359,9.0,9,19
0_trivial,43,naive,0.009,100,2,0.01,1.0,0.0,0.7,0,1.0,0.5252264331500288,0.7402252968942402,0.5496326935402126,24.0,8,19
0_trivial,43,random,0.0009,100,2,0.01,1.0,0.0,0.7,0,1.0,0.5252264331500288,0.7402252968942402,0.5638669010722319,22.0,10,18
0_trivial,44,regular,0.1,100,2,0.01,1.0,0.0,0.7,0,1.0,0.4729668064083252,0.7254245429493785,0.5524658533417116,25.0,15,10
0_trivial,44,superintelligent,0.9,100,2,0.01,1.0,0.0,0.7,0,1.0,0.4729668064083252,0.7254245429493785,0.5705936355963188,17.0,16,8
0_trivial,44,oracle,1.0,100,2,0.01,1.0,0.0,0.7,0,1.0,0.4729668064083252,0.7254245429493785,0.5705936355963188,16.0,16,8
0_trivial,44,naive,0.009,100,2,0.01,1.0,0.0,0.7,0,1.0,0.4729668064083252,0.7254245429493785,0.5552934471643244,26.0,16,10
0_trivial,44,random,0.0009,100,2,0.01,1.0,0.0,0.7,0,1.0,0.4729668064083252,0.7254245429493785,0.5685270782983006,23.0,15,9
0_trivial,45,regular,0.1,100,2,0.01,1.0,0.0,0.7,0,1.0,0.5483454161274577,0.7263412051022851,0.5877686345602912,17.0,8,12
0_trivial,45,superintelligent,0.9,100,2,0.01,1.0,0.0,0.7,0,1.0,0.5483454161274577,0.7263412051022851,0.5877686345602912,8.0,8,12
0_trivial,45,oracle,1.0,100,2,0.01,1.0,0.0,0.7,0,1.0,0.5483454161274577,0.7263412051022851,0.5877686345602912,8.0,8,12
0_trivial,45,naive,0.009,100,2,0.01,1.0,0.0,0.7,0,1.0,0.5483454161274577,0.7263412051022851,0.5877686345602912,19.0,8,12
0_trivial,45,random,0.0009,100,2,0.01,1.0,0.0,0.7,0,1.0,0.5483454161274577,0.7263412051022851,0.590640597446487,21.0,9,12
0_trivial,46,regular,0.1,100,2,0.01,1.0,0.0,0.7,0,1.0,0.4891992342720708,0.7511523557751625,0.5141192757338012,14.0,7,13
0_trivial,46,superintelligent,0.9,100,2,0.01,1.0,0.0,0.7,0,1.0,0.4891992342720708,0.7511523557751625,0.5143822952347771,7.0,7,13
0_trivial,46,oracle,1.0,100,2,0.01,1.0,0.0,0.7,0,1.0,0.4891992342720708,0.7511523557751625,0.5143822952347771,7.0,7,13
0_trivial,46,naive,0.009,100,2,0.01,1.0,0.0,0.7,0,1.0,0.4891992342720708,0.7511523557751625,0.5141192757338012,20.0,7,13
0_trivial,46,random,0.0009,100,2,0.01,1.0,0.0,0.7,0,1.0,0.4891992342720708,0.7511523557751625,0.5143822952347771,18.0,7,13
0_trivial,47,regular,0.1,100,2,0.01,1.0,0.0,0.7,0,1.0,0.5104186301426471,0.7678693558289819,0.5848960979197577,25.0,13,14
0_trivial,47,superintelligent,0.9,100,2,0.01,1.0,0.0,0.7,0,1.0,0.5104186301426471,0.7678693558289819,0.5848960979197577,14.0,13,14
0_trivial,47,oracle,1.0,100,2,0.01,1.0,0.0,0.7,0,1.0,0.5104186301426471,0.7678693558289819,0.5848960979197577,13.0,13,14
0_trivial,47,naive,0.009,100,2,0.01,1.0,0.0,0.7,0,1.0,0.5104186301426471,0.7678693558289819,0.5815195602335074,25.0,14,13
0_trivial,47,random,0.0009,100,2,0.01,1.0,0.0,0.7,0,1.0,0.5104186301426471,0.7678693558289819,0.5841921725045577,26.0,14,13
0_trivial,48,regular,0.1,100,2,0.01,1.0,0.0,0.7,0,1.0,0.47313467649526136,0.7481215901209914,0.5547540823844841,27.0,13,14
0_trivial,48,superintelligent,0.9,100,2,0.01,1.0,0.0,0.7,0,1.0,0.47313467649526136,0.7481215901209914,0.5561976039183362,13.0,13,14
0_trivial,48,oracle,1.0,100,2,0.01,1.0,0.0,0.7,0,1.0,0.47313467649526136,0.7481215901209914,0.5561976039183362,13.0,13,14
0_trivial,48,naive,0.009,100,2,0.01,1.0,0.0,0.7,0,1.0,0.47313467649526136,0.7481215901209914,0.5547540823844841,27.0,13,14
0_trivial,48,random,0.0009,100,2,0.01,1.0,0.0,0.7,0,1.0,0.47313467649526136,0.7481215901209914,0.5551337796859048,27.0,12,15
0_trivial,49,regular,0.1,100,2,0.01,1.0,0.0,0.7,0,1.0,0.5055326334796066,0.7364296853020166,0.5642778041019716,25.0,11,14
0_trivial,49,superintelligent,0.9,100,2,0.01,1.0,0.0,0.7,0,1.0,0.5055326334796066,0.7364296853020166,0.5701037821226044,14.0,12,13
0_trivial,49,oracle,1.0,100,2,0.01,1.0,0.0,0.7,0,1.0,0.5055326334796066,0.7364296853020166,0.5701037821226044,12.0,12,13
0_trivial,49,naive,0.009,100,2,0.01,1.0,0.0,0.7,0,1.0,0.5055326334796066,0.7364296853020166,0.5690469637260765,25.0,11,14
0_trivial,49,random,0.0009,100,2,0.01,1.0,0.0,0.7,0,1.0,0.5055326334796066,0.7364296853020166,0.5642778041019716,23.0,11,14
0_trivial,50,regular,0.1,100,2,0.01,1.0,0.0,0.7,0,1.0,0.5095579447167407,0.7432594873262488,0.5736126022665824,24.0,14,11
0_trivial,50,superintelligent,0.9,100,2,0.01,1.0,0.0,0.7,0,1.0,0.5095579447167407,0.7432594873262488,0.5890360409523222,18.0,15,10
0_trivial,50,oracle,1.0,100,2,0.01,1.0,0.0,0.7,0,1.0,0.5095579447167407,0.7432594873262488,0.5890360409523222,15.0,15,10
0_trivial,50,naive,0.009,100,2,0.01,1.0,0.0,0.7,0,1.0,0.5095579447167407,0.7432594873262488,0.5831037221485524,24.0,14,11
0_trivial,50,random,0.0009,100,2,0.01,1.0,0.0,0.7,0,1.0,0.5095579447167407,0.7432594873262488,0.5658342080232545,24.0,14,12
0_trivial,51,regular,0.1,100,2,0.01,1.0,0.0,0.7,0,1.0,0.4673504567718517,0.7387769609626622,0.5473224404542101,27.0,15,12
0_trivial,51,superintelligent,0.9,100,2,0.01,1.0,0.0,0.7,0,1.0,0.4673504567718517,0.7387769609626622,0.550149641622311,16.0,15,12
0_trivial,51,oracle,1.0,100,2,0.01,1.0,0.0,0.7,0,1.0,0.4673504567718517,0.7387769609626622,0.550149641622311,15.0,15,12
0_trivial,51,naive,0.009,100,2,0.01,1.0,0.0,0.7,0,1.0,0.4673504567718517,0.7387769609626622,0.5463212939335294,27.0,16,11
0_trivial,51,random,0.0009,100,2,0.01,1.0,0.0,0.7,0,1.0,0.4673504567718517,0.7387769609626622,0.5450386542694599,25.0,14,12
0_trivial,52,regular,0.1,100,2,0.01,1.0,0.0,0.7,0,1.0,0.5087598645129825,0.7307347967450777,0.5220280671850824,10.0,5,13
0_trivial,52,superintelligent,0.9,100,2,0.01,1.0,0.0,0.7,0,1.0,0.5087598645129825,0.7307347967450777,0.5220280671850824,6.0,5,13
0_trivial,52,oracle,1.0,100,2,0.01,1.0,0.0,0.7,0,1.0,0.5087598645129825,0.7307347967450777,0.5220280671850824,5.0,5,13
0_trivial,52,naive,0.009,100,2,0.01,1.0,0.0,0.7,0,1.0,0.5087598645129825,0.7307347967450777,0.5220280671850824,16.0,5,13
0_trivial,52,random,0.0009,100,2,0.01,1.0,0.0,0.7,0,1.0,0.5087598645129825,0.7307347967450777,0.5235675082414332,16.0,7,11
0_trivial,53,regular,0.1,100,2,0.01,1.0,0.0,0.7,0,1.0,0.46998301372625695,0.7081519486948692,0.5348867803968432,23.0,9,15
0_trivial,53,superintelligent,0.9,100,2,0.01,1.0,0.0,0.7,0,1.0,0.46998301372625695,0.7081519486948692,0.5348867803968432,11.0,9,15
0_trivial,53,oracle,1.0,100,2,0.01,1.0,0.0,0.7,0,1.0,0.46998301372625695,0.7081519486948692,0.5348867803968432,9.0,9,15
0_trivial,53,naive,0.009,100,2,0.01,1.0,0.0,0.7,0,1.0,0.46998301372625695,0.7081519486948692,0.5316489324364698,22.0,9,15
0_trivial,53,random,0.0009,100,2,0.01,1.0,0.0,0.7,0,1.0,0.46998301372625695,0.7081519486948692,0.5292198294027742,23.0,8,16
0_trivial,54,regular,0.1,100,2,0.01,1.0,0.0,0.7,0,1.0,0.4819116642387957,0.7376174015820552,0.5518099400423588,26.0,13,15
0_trivial,54,superintelligent,0.9,100,2,0.01,1.0,0.0,0.7,0,1.0,0.4819116642387957,0.7376174015820552,0.5555022702750166,13.0,12,16
0_trivial,54,oracle,1.0,100,2,0.01,1.0,0.0,0.7,0,1.0,0.4819116642387957,0.7376174015820552,0.5555022702750166,12.0,12,16
0_trivial,54,naive,0.009,100,2,0.01,1.0,0.0,0.7,0,1.0,0.4819116642387957,0.7376174015820552,0.5547390377953174,26.0,11,15
0_trivial,54,random,0.0009,100,2,0.01,1.0,0.0,0.7,0,1.0,0.4819116642387957,0.7376174015820552,0.5450751471231129,25.0,10,15
0_trivial,55,regular,0.1,100,2,0.01,1.0,0.0,0.7,0,1.0,0.4713667618864358,0.7393904985293204,0.52095556693131,23.0,12,16
0_trivial,55,superintelligent,0.9,100,2,0.01,1.0,0.0,0.7,0,1.0,0.4713667618864358,0.7393904985293204,0.52095556693131,13.0,12,16
0_trivial,55,oracle,1.0,100,2,0.01,1.0,0.0,0.7,0,1.0,0.4713667618864358,0.7393904985293204,0.52095556693131,12.0,12,16
0_trivial,55,naive,0.009,100,2,0.01,1.0,0.0,0.7,0,1.0,0.4713667618864358,0.7393904985293204,0.5165020729842443,27.0,12,16
0_trivial,55,random,0.0009,100,2,0.01,1.0,0.0,0.7,0,1.0,0.4713667618864358,0.7393904985293204,0.5130632713832881,28.0,12,16
0_trivial,56,regular,0.1,100,2,0.01,1.0,0.0,0.7,0,1.0,0.5038180652629112,0.7458643703541034,0.5453019258110386,25.0,9,16
0_trivial,56,superintelligent,0.9,100,2,0.01,1.0,0.0,0.7,0,1.0,0.5038180652629112,0.7458643703541034,0.5492354249675555,11.0,10,15
0_trivial,56,oracle,1.0,100,2,0.01,1.0,0.0,0.7,0,1.0,0.5038180652629112,0.7458643703541034,0.5492354249675555,10.0,10,15
0_trivial,56,naive,0.009,100,2,0.01,1.0,0.0,0.7,0,1.0,0.5038180652629112,0.7458643703541034,0.555661813085707,26.0,10,17
0_trivial,56,random,0.0009,100,2,0.01,1.0,0.0,0.7,0,1.0,0.5038180652629112,0.7458643703541034,0.555661813085707,27.0,10,17
0_trivial,57,regular,0.1,100,2,0.01,1.0,0.0,0.7,0,1.0,0.5164417922142058,0.734807670112628,0.5534066694169331,17.0,7,16
0_trivial,57,superintelligent,0.9,100,2,0.01,1.0,0.0,0.7,0,1.0,0.5164417922142058,0.734807670112628,0.5534066694169331,7.0,7,16
0_trivial,57,oracle,1.0,100,2,0.01,1.0,0.0,0.7,0,1.0,0.5164417922142058,0.734807670112628,0.5534066694169331,7.0,7,16
0_trivial,57,naive,0.009,100,2,0.01,1.0,0.0,0.7,0,1.0,0.5164417922142058,0.734807670112628,0.5463063260213827,18.0,7,16
0_trivial,57,random,0.0009,100,2,0.01,1.0,0.0,0.7,0,1.0,0.5164417922142058,0.734807670112628,0.5550240984885498,22.0,8,15
0_trivial,58,regular,0.1,100,2,0.01,1.0,0.0,0.7,0,1.0,0.4449974102213152,0.7272928878140003,0.5543130695723533,25.0,17,8
0_trivial,58,superintelligent,0.9,100,2,0.01,1.0,0.0,0.7,0,1.0,0.4449974102213152,0.7272928878140003,0.560139458214106,18.0,17,8
0_trivial,58,oracle,1.0,100,2,0.01,1.0,0.0,0.7,0,1.0,0.4449974102213152,0.7272928878140003,0.560139458214106,17.0,17,8
0_trivial,58,naive,0.009,100,2,0.01,1.0,0.0,0.7,0,1.0,0.4449974102213152,0.7272928878140003,0.5563962751651182,22.0,16,9
0_trivial,58,random,0.0009,100,2,0.01,1.0,0.0,0.7,0,1.0,0.4449974102213152,0.7272928878140003,0.5548988026269798,25.0,16,9
0_trivial,59,regular,0.1,100,2,0.01,1.0,0.0,0.7,0,1.0,0.46636075817251993,0.748552997525275,0.5459400469835574,21.0,13,11
0_trivial,59,superintelligent,0.9,100,2,0.01,1.0,0.0,0.7,0,1.0,0.46636075817251993,0.748552997525275,0.5525996467663538,12.0,12,11
0_trivial,59,oracle,1.0,100,2,0.01,1.0,0.0,0.7,0,1.0,0.46636075817251993,0.748552997525275,0.5525996467663538,12.0,12,11
0_trivial,59,naive,0.009,100,2,0.01,1.0,0.0,0.7,0,1.0,0.46636075817251993,0.748552997525275,0.5525996467663538,23.0,12,11
0_trivial,59,random,0.0009,100,2,0.01,1.0,0.0,0.7,0,1.0,0.46636075817251993,0.748552997525275,0.5525996467663538,18.0,12,11
0_trivial,60,regular,0.1,100,2,0.01,1.0,0.0,0.7,0,1.0,0.4804940035127799,0.7350399352159226,0.5309697615129519,24.0,11,14
0_trivial,60,superintelligent,0.9,100,2,0.01,1.0,0.0,0.7,0,1.0,0.4804940035127799,0.7350399352159226,0.5435949840892185,10.0,10,15
0_trivial,60,oracle,1.0,100,2,0.01,1.0,0.0,0.7,0,1.0,0.4804940035127799,0.7350399352159226,0.5435949840892185,10.0,10,15
0_trivial,60,naive,0.009,100,2,0.01,1.0,0.0,0.7,0,1.0,0.4804940035127799,0.7350399352159226,0.530801001897043,25.0,12,13
0_trivial,60,random,0.0009,100,2,0.01,1.0,0.0,0.7,0,1.0,0.4804940035127799,0.7350399352159226,0.5422040760219402,23.0,11,14
0_trivial,61,regular,0.1,100,2,0.01,1.0,0.0,0.7,0,1.0,0.5531496550920036,0.7410858990008993,0.5827385061343854,18.0,8,13
0_trivial,61,superintelligent,0.9,100,2,0.01,1.0,0.0,0.7,0,1.0,0.5531496550920036,0.7410858990008993,0.5827385061343854,8.0,8,13
0_trivial,61,oracle,1.0,100,2,0.01,1.0,0.0,0.7,0,1.0,0.5531496550920036,0.7410858990008993,0.5827385061343854,8.0,8,13
0_trivial,61,naive,0.009,100,2,0.01,1.0,0.0,0.7,0,1.0,0.5531496550920036,0.7410858990008993,0.5827385061343854,20.0,8,13
0_trivial,61,random,0.0009,100,2,0.01,1.0,0.0,0.7,0,1.0,0.5531496550920036,0.7410858990008993,0.5827385061343854,21.0,8,13
0_trivial,62,regular,0.1,100,2,0.01,1.0,0.0,0.7,0,1.0,0.5032901794119671,0.7561263131612216,0.5440828576520196,22.0,11,14
0_trivial,62,superintelligent,0.9,100,2,0.01,1.0,0.0,0.7,0,1.0,0.5032901794119671,0.7561263131612216,0.5521764194795231,10.0,10,15
0_trivial,62,oracle,1.0,100,2,0.01,1.0,0.0,0.7,0,1.0,0.5032901794119671,0.7561263131612216,0.5521764194795231,10.0,10,15
0_trivial,62,naive,0.009,100,2,0.01,1.0,0.0,0.7,0,1.0,0.5032901794119671,0.7561263131612216,0.5464988256867617,23.0,11,14
0_trivial,62,random,0.0009,100,2,0.01,1.0,0.0,0.7,0,1.0,0.5032901794119671,0.7561263131612216,0.5427285070509523,24.0,9,16
0_trivial,63,regular,0.1,100,2,0.01,1.0,0.0,0.7,0,1.0,0.4711303497650223,0.7224964163155194,0.5817117409521423,25.0,13,14
0_trivial,63,superintelligent,0.9,100,2,0.01,1.0,0.0,0.7,0,1.0,0.4711303497650223,0.7224964163155194,0.5868907659488254,17.0,15,13
0_trivial,63,oracle,1.0,100,2,0.01,1.0,0.0,0.7,0,1.0,0.4711303497650223,0.7224964163155194,0.5868907659488254,15.0,15,13
0_trivial,63,naive,0.009,100,2,0.01,1.0,0.0,0.7,0,1.0,0.4711303497650223,0.7224964163155194,0.579633883443964,28.0,17,12
0_trivial,63,random,0.0009,100,2,0.01,1.0,0.0,0.7,0,1.0,0.4711303497650223,0.7224964163155194,0.5793328875081432,27.0,15,13
0_trivial,64,regular,0.1,100,2,0.01,1.0,0.0,0.7,0,1.0,0.5122971290962717,0.7398542313065387,0.6138223720694372,26.0,14,13
0_trivial,64,superintelligent,0.9,100,2,0.01,1.0,0.0,0.7,0,1.0,0.5122971290962717,0.7398542313065387,0.6208782760893697,15.0,14,11
0_trivial,64,oracle,1.0,100,2,0.01,1.0,0.0,0.7,0,1.0,0.5122971290962717,0.7398542313065387,0.6208782760893697,14.0,14,11
0_trivial,64,naive,0.009,100,2,0.01,1.0,0.0,0.7,0,1.0,0.5122971290962717,0.7398542313065387,0.6176371306075408,27.0,15,12
0_trivial,64,random,0.0009,100,2,0.01,1.0,0.0,0.7,0,1.0,0.5122971290962717,0.7398542313065387,0.6138223720694372,25.0,14,13
0_trivial,65,regular,0.1,100,2,0.01,1.0,0.0,0.7,0,1.0,0.4980374613120711,0.7309699578725262,0.5762284153248945,24.0,10,18
0_trivial,65,superintelligent,0.9,100,2,0.01,1.0,0.0,0.7,0,1.0,0.4980374613120711,0.7309699578725262,0.5796604423229833,11.0,11,18
0_trivial,65,oracle,1.0,100,2,0.01,1.0,0.0,0.7,0,1.0,0.4980374613120711,0.7309699578725262,0.5796604423229833,11.0,11,18
0_trivial,65,naive,0.009,100,2,0.01,1.0,0.0,0.7,0,1.0,0.4980374613120711,0.7309699578725262,0.5755601220530504,27.0,12,17
0_trivial,65,random,0.0009,100,2,0.01,1.0,0.0,0.7,0,1.0,0.4980374613120711,0.7309699578725262,0.5658493235260175,27.0,10,18
0_trivial,66,regular,0.1,100,2,0.01,1.0,0.0,0.7,0,1.0,0.49200154218718695,0.7385033439883161,0.5448131262721193,21.0,9,16
0_trivial,66,superintelligent,0.9,100,2,0.01,1.0,0.0,0.7,0,1.0,0.49200154218718695,0.7385033439883161,0.5448916478176814,9.0,8,16
0_trivial,66,oracle,1.0,100,2,0.01,1.0,0.0,0.7,0,1.0,0.49200154218718695,0.7385033439883161,0.5448916478176814,8.0,8,16
0_trivial,66,naive,0.009,100,2,0.01,1.0,0.0,0.7,0,1.0,0.49200154218718695,0.7385033439883161,0.5448916478176814,14.0,8,16
0_trivial,66,random,0.0009,100,2,0.01,1.0,0.0,0.7,0,1.0,0.49200154218718695,0.7385033439883161,0.5372856461410097,25.0,10,15
0_trivial,67,regular,0.1,100,2,0.01,1.0,0.0,0.7,0,1.0,0.4756119566639919,0.7163596460919467,0.5558892851015854,26.0,17,9
0_trivial,67,superintelligent,0.9,100,2,0.01,1.0,0.0,0.7,0,1.0,0.4756119566639919,0.7163596460919467,0.5558892851015854,18.0,17,9
0_trivial,67,oracle,1.0,100,2,0.01,1.0,0.0,0.7,0,1.0,0.4756119566639919,0.7163596460919467,0.5558892851015854,17.0,17,9
0_trivial,67,naive,0.009,100,2,0.01,1.0,0.0,0.7,0,1.0,0.4756119566639919,0.7163596460919467,0.5469774371173148,25.0,15,10
0_trivial,67,random,0.0009,100,2,0.01,1.0,0.0,0.7,0,1.0,0.4756119566639919,0.7163596460919467,0.5466163034139008,25.0,16,9
0_trivial,68,regular,0.1,100,2,0.01,1.0,0.0,0.7,0,1.0,0.5001456027272997,0.7634108143071201,0.5578125140963621,17.0,7,13
0_trivial,68,superintelligent,0.9,100,2,0.01,1.0,0.0,0.7,0,1.0,0.5001456027272997,0.7634108143071201,0.5578125140963621,8.0,7,13
0_trivial,68,oracle,1.0,100,2,0.01,1.0,0.0,0.7,0,1.0,0.5001456027272997,0.7634108143071201,0.5578125140963621,7.0,7,13
0_trivial,68,naive,0.009,100,2,0.01,1.0,0.0,0.7,0,1.0,0.5001456027272997,0.7634108143071201,0.5578125140963621,20.0,7,13
0_trivial,68,random,0.0009,100,2,0.01,1.0,0.0,0.7,0,1.0,0.5001456027272997,0.7634108143071201,0.5473595467492081,17.0,8,12
0_trivial,69,regular,0.1,100,2,0.01,1.0,0.0,0.7,0,1.0,0.5473812665932207,0.7323957367045452,0.6091493650934953,21.0,9,12
0_trivial,69,superintelligent,0.9,100,2,0.01,1.0,0.0,0.7,0,1.0,0.5473812665932207,0.7323957367045452,0.6091493650934953,9.0,9,12
0_trivial,69,oracle,1.0,100,2,0.01,1.0,0.0,0.7,0,1.0,0.5473812665932207,0.7323957367045452,0.6091493650934953,9.0,9,12
0_trivial,69,naive,0.009,100,2,0.01,1.0,0.0,0.7,0,1.0,0.5473812665932207,0.7323957367045452,0.6091493650934953,19.0,9,12
0_trivial,69,random,0.0009,100,2,0.01,1.0,0.0,0.7,0,1.0,0.5473812665932207,0.7323957367045452,0.6091493650934953,18.0,9,12
0_trivial,70,regular,0.1,100,2,0.01,1.0,0.0,0.7,0,1.0,0.5422586056060316,0.7255985677876386,0.5812749180283393,21.0,11,12
0_trivial,70,superintelligent,0.9,100,2,0.01,1.0,0.0,0.7,0,1.0,0.5422586056060316,0.7255985677876386,0.5924109835694165,9.0,9,14
0_trivial,70,oracle,1.0,100,2,0.01,1.0,0.0,0.7,0,1.0,0.5422586056060316,0.7255985677876386,0.5924109835694165,9.0,9,14
0_trivial,70,naive,0.009,100,2,0.01,1.0,0.0,0.7,0,1.0,0.5422586056060316,0.7255985677876386,0.586290453993716,23.0,10,13
0_trivial,70,random,0.0009,100,2,0.01,1.0,0.0,0.7,0,1.0,0.5422586056060316,0.7255985677876386,0.5812749180283393,22.0,11,12
0_trivial,71,regular,0.1,100,2,0.01,1.0,0.0,0.7,0,1.0,0.4652223099522622,0.7518295025490811,0.5435032109949196,22.0,12,12
0_trivial,71,superintelligent,0.9,100,2,0.01,1.0,0.0,0.7,0,1.0,0.4652223099522622,0.7518295025490811,0.5435032109949196,12.0,12,12
0_trivial,71,oracle,1.0,100,2,0.01,1.0,0.0,0.7,0,1.0,0.4652223099522622,0.7518295025490811,0.5435032109949196,12.0,12,12
0_trivial,71,naive,0.009,100,2,0.01,1.0,0.0,0.7,0,1.0,0.4652223099522622,0.7518295025490811,0.5385172737542803,22.0,11,13
0_trivial,71,random,0.0009,100,2,0.01,1.0,0.0,0.7,0,1.0,0.4652223099522622,0.7518295025490811,0.5422396824690102,24.0,13,11
0_trivial,72,regular,0.1,100,2,0.01,1.0,0.0,0.7,0,1.0,0.5208633608055312,0.7272558879302005,0.551295499234055,22.0,12,10
0_trivial,72,superintelligent,0.9,100,2,0.01,1.0,0.0,0.7,0,1.0,0.5208633608055312,0.7272558879302005,0.559749702219597,12.0,12,11
0_trivial,72,oracle,1.0,100,2,0.01,1.0,0.0,0.7,0,1.0,0.5208633608055312,0.7272558879302005,0.559749702219597,12.0,12,11
0_trivial,72,naive,0.009,100,2,0.01,1.0,0.0,0.7,0,1.0,0.5208633608055312,0.7272558879302005,0.5526657395462636,22.0,11,12
0_trivial,72,random,0.0009,100,2,0.01,1.0,0.0,0.7,0,1.0,0.5208633608055312,0.7272558879302005,0.5495181273244065,22.0,12,10
0_trivial,73,regular,0.1,100,2,0.01,1.0,0.0,0.7,0,1.0,0.46889327334825415,0.7359053066469526,0.5294227864419319,26.0,12,14
0_trivial,73,superintelligent,0.9,100,2,0.01,1.0,0.0,0.7,0,1.0,0.46889327334825415,0.7359053066469526,0.5294227864419319,15.0,12,14
0_trivial,73,oracle,1.0,100,2,0.01,1.0,0.0,0.7,0,1.0,0.46889327334825415,0.7359053066469526,0.5294227864419319,12.0,12,14
0_trivial,73,naive,0.009,100,2,0.01,1.0,0.0,0.7,0,1.0,0.46889327334825415,0.7359053066469526,0.5294227864419319,25.0,12,14
0_trivial,73,random,0.0009,100,2,0.01,1.0,0.0,0.7,0,1.0,0.46889327334825415,0.7359053066469526,0.5294227864419319,26.0,12,14
0_trivial,74,regular,0.1,100,2,0.01,1.0,0.0,0.7,0,1.0,0.4723814912460654,0.7292462141643036,0.5498548315350086,23.0,12,12
0_trivial,74,superintelligent,0.9,100,2,0.01,1.0,0.0,0.7,0,1.0,0.4723814912460654,0.7292462141643036,0.532288262953903,9.0,9,14
0_trivial,74,oracle,1.0,100,2,0.01,1.0,0.0,0.7,0,1.0,0.4723814912460654,0.7292462141643036,0.532288262953903,9.0,9,14
0_trivial,74,naive,0.009,100,2,0.01,1.0,0.0,0.7,0,1.0,0.4723814912460654,0.7292462141643036,0.5498548315350086,21.0,12,12
0_trivial,74,random,0.0009,100,2,0.01,1.0,0.0,0.7,0,1.0,0.4723814912460654,0.7292462141643036,0.5498548315350086,23.0,12,12
0_trivial,75,regular,0.1,100,2,0.01,1.0,0.0,0.7,0,1.0,0.46285013708982126,0.7318406136618341,0.5452609885396071,23.0,14,15
0_trivial,75,superintelligent,0.9,100,2,0.01,1.0,0.0,0.7,0,1.0,0.46285013708982126,0.7318406136618341,0.5487453027773533,15.0,14,14
0_trivial,75,oracle,1.0,100,2,0.01,1.0,0.0,0.7,0,1.0,0.46285013708982126,0.7318406136618341,0.5487453027773533,14.0,14,14
0_trivial,75,naive,0.009,100,2,0.01,1.0,0.0,0.7,0,1.0,0.46285013708982126,0.7318406136618341,0.545975914540547,29.0,15,14
0_trivial,75,random,0.0009,100,2,0.01,1.0,0.0,0.7,0,1.0,0.46285013708982126,0.7318406136618341,0.5480164284588094,26.0,15,13
0_trivial,76,regular,0.1,100,2,0.01,1.0,0.0,0.7,0,1.0,0.5313351858789985,0.7402533146288028,0.5801062824527954,27.0,10,17
0_trivial,76,superintelligent,0.9,100,2,0.01,1.0,0.0,0.7,0,1.0,0.5313351858789985,0.7402533146288028,0.5852594046109914,9.0,9,18
0_trivial,76,oracle,1.0,100,2,0.01,1.0,0.0,0.7,0,1.0,0.5313351858789985,0.7402533146288028,0.5852594046109914,9.0,9,18
0_trivial,76,naive,0.009,100,2,0.01,1.0,0.0,0.7,0,1.0,0.5313351858789985,0.7402533146288028,0.5852594046109914,25.0,9,18
0_trivial,76,random,0.0009,100,2,0.01,1.0,0.0,0.7,0,1.0,0.5313351858789985,0.7402533146288028,0.5801062824527954,25.0,10,17
0_trivial,77,regular,0.1,100,2,0.01,1.0,0.0,0.7,0,1.0,0.5418761085927439,0.747162196961873,0.6093807375628374,26.0,14,13
0_trivial,77,superintelligent,0.9,100,2,0.01,1.0,0.0,0.7,0,1.0,0.5418761085927439,0.747162196961873,0.6202152307854809,16.0,15,13
0_trivial,77,oracle,1.0,100,2,0.01,1.0,0.0,0.7,0,1.0,0.5418761085927439,0.747162196961873,0.6202152307854809,15.0,15,13
0_trivial,77,naive,0.009,100,2,0.01,1.0,0.0,0.7,0,1.0,0.5418761085927439,0.747162196961873,0.611886404463526,27.0,13,14
0_trivial,77,random,0.0009,100,2,0.01,1.0,0.0,0.7,0,1.0,0.5418761085927439,0.747162196961873,0.611886404463526,27.0,13,14
0_trivial,78,regular,0.1,100,2,0.01,1.0,0.0,0.7,0,1.0,0.5001902473896959,0.7377373690958984,0.543023644918316,17.0,7,13
0_trivial,78,superintelligent,0.9,100,2,0.01,1.0,0.0,0.7,0,1.0,0.5001902473896959,0.7377373690958984,0.543023644918316,8.0,7,13
0_trivial,78,oracle,1.0,100,2,0.01,1.0,0.0,0.7,0,1.0,0.5001902473896959,0.7377373690958984,0.543023644918316,7.0,7,13
0_trivial,78,naive,0.009,100,2,0.01,1.0,0.0,0.7,0,1.0,0.5001902473896959,0.7377373690958984,0.5389887471315788,17.0,9,12
0_trivial,78,random,0.0009,100,2,0.01,1.0,0.0,0.7,0,1.0,0.5001902473896959,0.7377373690958984,0.5338034941489724,18.0,8,12
0_trivial,79,regular,0.1,100,2,0.01,1.0,0.0,0.7,0,1.0,0.5310354017317023,0.745671265553581,0.56087968888629,16.0,6,13
0_trivial,79,superintelligent,0.9,100,2,0.01,1.0,0.0,0.7,0,1.0,0.5310354017317023,0.745671265553581,0.56087968888629,8.0,6,13
0_trivial,79,oracle,1.0,100,2,0.01,1.0,0.0,0.7,0,1.0,0.5310354017317023,0.745671265553581,0.56087968888629,6.0,6,13
0_trivial,79,naive,0.009,100,2,0.01,1.0,0.0,0.7,0,1.0,0.5310354017317023,0.745671265553581,0.56087968888629,16.0,6,13
0_trivial,79,random,0.0009,100,2,0.01,1.0,0.0,0.7,0,1.0,0.5310354017317023,0.745671265553581,0.56087968888629,19.0,6,13
0_trivial,80,regular,0.1,100,2,0.01,1.0,0.0,0.7,0,1.0,0.5145264241143995,0.7355800867374569,0.5426897526963383,18.0,6,16
0_trivial,80,superintelligent,0.9,100,2,0.01,1.0,0.0,0.7,0,1.0,0.5145264241143995,0.7355800867374569,0.5433666577733948,7.0,7,15
0_trivial,80,oracle,1.0,100,2,0.01,1.0,0.0,0.7,0,1.0,0.5145264241143995,0.7355800867374569,0.5433666577733948,7.0,7,15
0_trivial,80,naive,0.009,100,2,0.01,1.0,0.0,0.7,0,1.0,0.5145264241143995,0.7355800867374569,0.5476979116012441,21.0,8,14
0_trivial,80,random,0.0009,100,2,0.01,1.0,0.0,0.7,0,1.0,0.5145264241143995,0.7355800867374569,0.5476979116012441,22.0,8,14
0_trivial,81,regular,0.1,100,2,0.01,1.0,0.0,0.7,0,1.0,0.5286427303123556,0.7325208080921989,0.5986859785237314,24.0,10,14
0_trivial,81,superintelligent,0.9,100,2,0.01,1.0,0.0,0.7,0,1.0,0.5286427303123556,0.7325208080921989,0.5986859785237314,10.0,10,14
0_trivial,81,oracle,1.0,100,2,0.01,1.0,0.0,0.7,0,1.0,0.5286427303123556,0.7325208080921989,0.5986859785237314,10.0,10,14
0_trivial,81,naive,0.009,100,2,0.01,1.0,0.0,0.7,0,1.0,0.5286427303123556,0.7325208080921989,0.5986859785237314,22.0,10,14
0_trivial,81,random,0.0009,100,2,0.01,1.0,0.0,0.7,0,1.0,0.5286427303123556,0.7325208080921989,0.5926719863229268,21.0,11,13
0_trivial,82,regular,0.1,100,2,0.01,1.0,0.0,0.7,0,1.0,0.5390659543301373,0.7461651182527957,0.5905045772408181,26.0,13,16
0_trivial,82,superintelligent,0.9,100,2,0.01,1.0,0.0,0.7,0,1.0,0.5390659543301373,0.7461651182527957,0.6018886457907829,15.0,14,14
0_trivial,82,oracle,1.0,100,2,0.01,1.0,0.0,0.7,0,1.0,0.5390659543301373,0.7461651182527957,0.6018886457907829,14.0,14,14
0_trivial,82,naive,0.009,100,2,0.01,1.0,0.0,0.7,0,1.0,0.5390659543301373,0.7461651182527957,0.5935122559888203,28.0,14,14
0_trivial,82,random,0.0009,100,2,0.01,1.0,0.0,0.7,0,1.0,0.5390659543301373,0.7461651182527957,0.5987983048262193,25.0,13,14
0_trivial,83,regular,0.1,100,2,0.01,1.0,0.0,0.7,0,1.0,0.4976895697841344,0.770159380757928,0.5793340119314107,25.0,15,11
0_trivial,83,superintelligent,0.9,100,2,0.01,1.0,0.0,0.7,0,1.0,0.4976895697841344,0.770159380757928,0.5795720566968475,14.0,14,12
0_trivial,83,oracle,1.0,100,2,0.01,1.0,0.0,0.7,0,1.0,0.4976895697841344,0.770159380757928,0.5795720566968475,14.0,14,12
0_trivial,83,naive,0.009,100,2,0.01,1.0,0.0,0.7,0,1.0,0.4976895697841344,0.770159380757928,0.5785146750104079,24.0,16,10
0_trivial,83,random,0.0009,100,2,0.01,1.0,0.0,0.7,0,1.0,0.4976895697841344,0.770159380757928,0.5795720566968475,24.0,14,12
0_trivial,84,regular,0.1,100,2,0.01,1.0,0.0,0.7,0,1.0,0.5012734221633376,0.7475426850137287,0.5465173247409404,23.0,11,13
0_trivial,84,superintelligent,0.9,100,2,0.01,1.0,0.0,0.7,0,1.0,0.5012734221633376,0.7475426850137287,0.5580960205867347,14.0,11,13
0_trivial,84,oracle,1.0,100,2,0.01,1.0,0.0,0.7,0,1.0,0.5012734221633376,0.7475426850137287,0.5580960205867347,11.0,11,13
0_trivial,84,naive,0.009,100,2,0.01,1.0,0.0,0.7,0,1.0,0.5012734221633376,0.7475426850137287,0.5555316645556293,22.0,10,14
0_trivial,84,random,0.0009,100,2,0.01,1.0,0.0,0.7,0,1.0,0.5012734221633376,0.7475426850137287,0.5545034195037833,24.0,12,14
0_trivial,85,regular,0.1,100,2,0.01,1.0,0.0,0.7,0,1.0,0.4735529432859771,0.7418525295248456,0.5181019753053769,17.0,7,13
0_trivial,85,superintelligent,0.9,100,2,0.01,1.0,0.0,0.7,0,1.0,0.4735529432859771,0.7418525295248456,0.5181019753053769,8.0,7,13
0_trivial,85,oracle,1.0,100,2,0.01,1.0,0.0,0.7,0,1.0,0.4735529432859771,0.7418525295248456,0.5181019753053769,7.0,7,13
0_trivial,85,naive,0.009,100,2,0.01,1.0,0.0,0.7,0,1.0,0.4735529432859771,0.7418525295248456,0.5181019753053769,19.0,7,13
0_trivial,85,random,0.0009,100,2,0.01,1.0,0.0,0.7,0,1.0,0.4735529432859771,0.7418525295248456,0.525970435810189,24.0,10,14
0_trivial,86,regular,0.1,100,2,0.01,1.0,0.0,0.7,0,1.0,0.5249640277340079,0.7398227899627741,0.5732307996948657,23.0,8,15
0_trivial,86,superintelligent,0.9,100,2,0.01,1.0,0.0,0.7,0,1.0,0.5249640277340079,0.7398227899627741,0.5732307996948657,8.0,8,15
0_trivial,86,oracle,1.0,100,2,0.01,1.0,0.0,0.7,0,1.0,0.5249640277340079,0.7398227899627741,0.5732307996948657,8.0,8,15
0_trivial,86,naive,0.009,100,2,0.01,1.0,0.0,0.7,0,1.0,0.5249640277340079,0.7398227899627741,0.5648847953682368,17.0,8,15
0_trivial,86,random,0.0009,100,2,0.01,1.0,0.0,0.7,0,1.0,0.5249640277340079,0.7398227899627741,0.5732307996948657,23.0,8,15
0_trivial,87,regular,0.1,100,2,0.01,1.0,0.0,0.7,0,1.0,0.5202126109461682,0.7181344499353194,0.5394867446485961,16.0,5,13
0_trivial,87,superintelligent,0.9,100,2,0.01,1.0,0.0,0.7,0,1.0,0.5202126109461682,0.7181344499353194,0.5394867446485961,5.0,5,13
0_trivial,87,oracle,1.0,100,2,0.01,1.0,0.0,0.7,0,1.0,0.5202126109461682,0.7181344499353194,0.5394867446485961,5.0,5,13
0_trivial,87,naive,0.009,100,2,0.01,1.0,0.0,0.7,0,1.0,0.5202126109461682,0.7181344499353194,0.5394867446485961,14.0,5,13
0_trivial,87,random,0.0009,100,2,0.01,1.0,0.0,0.7,0,1.0,0.5202126109461682,0.7181344499353194,0.5394867446485961,14.0,5,13
0_trivial,88,regular,0.1,100,2,0.01,1.0,0.0,0.7,0,1.0,0.5347062301671933,0.7490926345735532,0.5698530714844634,23.0,11,12
0_trivial,88,superintelligent,0.9,100,2,0.01,1.0,0.0,0.7,0,1.0,0.5347062301671933,0.7490926345735532,0.5765305045843122,13.0,10,13
0_trivial,88,oracle,1.0,100,2,0.01,1.0,0.0,0.7,0,1.0,0.5347062301671933,0.7490926345735532,0.5765305045843122,10.0,10,13
0_trivial,88,naive,0.009,100,2,0.01,1.0,0.0,0.7,0,1.0,0.5347062301671933,0.7490926345735532,0.5727526697732511,22.0,11,12
0_trivial,88,random,0.0009,100,2,0.01,1.0,0.0,0.7,0,1.0,0.5347062301671933,0.7490926345735532,0.5727526697732511,23.0,11,12
0_trivial,89,regular,0.1,100,2,0.01,1.0,0.0,0.7,0,1.0,0.471880873245183,0.7183462582027561,0.5605903504946423,28.0,18,10
0_trivial,89,superintelligent,0.9,100,2,0.01,1.0,0.0,0.7,0,1.0,0.471880873245183,0.7183462582027561,0.5715488416585641,17.0,17,11
0_trivial,89,oracle,1.0,100,2,0.01,1.0,0.0,0.7,0,1.0,0.471880873245183,0.7183462582027561,0.5715488416585641,17.0,17,11
0_trivial,89,naive,0.009,100,2,0.01,1.0,0.0,0.7,0,1.0,0.471880873245183,0.7183462582027561,0.550379436394017,28.0,15,13
0_trivial,89,random,0.0009,100,2,0.01,1.0,0.0,0.7,0,1.0,0.471880873245183,0.7183462582027561,0.556933281882131,27.0,17,11
0_trivial,90,regular,0.1,100,2,0.01,1.0,0.0,0.7,0,1.0,0.45877735221944166,0.7286416144326165,0.5415213943293709,24.0,16,8
0_trivial,90,superintelligent,0.9,100,2,0.01,1.0,0.0,0.7,0,1.0,0.45877735221944166,0.7286416144326165,0.5371718049157438,14.0,14,9
0_trivial,90,oracle,1.0,100,2,0.01,1.0,0.0,0.7,0,1.0,0.45877735221944166,0.7286416144326165,0.5371718049157438,14.0,14,9
0_trivial,90,naive,0.009,100,2,0.01,1.0,0.0,0.7,0,1.0,0.45877735221944166,0.7286416144326165,0.5371718049157438,21.0,14,9
0_trivial,90,random,0.0009,100,2,0.01,1.0,0.0,0.7,0,1.0,0.45877735221944166,0.7286416144326165,0.5371718049157438,21.0,14,9
0_trivial,91,regular,0.1,100,2,0.01,1.0,0.0,0.7,0,1.0,0.49051767617216613,0.7332207326146296,0.5438183913917668,19.0,16,4
0_trivial,91,superintelligent,0.9,100,2,0.01,1.0,0.0,0.7,0,1.0,0.49051767617216613,0.7332207326146296,0.5383702564226794,13.0,12,8
0_trivial,91,oracle,1.0,100,2,0.01,1.0,0.0,0.7,0,1.0,0.49051767617216613,0.7332207326146296,0.5383702564226794,12.0,12,8
0_trivial,91,naive,0.009,100,2,0.01,1.0,0.0,0.7,0,1.0,0.49051767617216613,0.7332207326146296,0.5338752430167152,19.0,14,5
0_trivial,91,random,0.0009,100,2,0.01,1.0,0.0,0.7,0,1.0,0.49051767617216613,0.7332207326146296,0.540795100911811,20.0,14,6
0_trivial,92,regular,0.1,100,2,0.01,1.0,0.0,0.7,0,1.0,0.48855140786829865,0.7438906956345248,0.5253730467259881,15.0,8,16
0_trivial,92,superintelligent,0.9,100,2,0.01,1.0,0.0,0.7,0,1.0,0.48855140786829865,0.7438906956345248,0.5363664750739551,9.0,9,16
0_trivial,92,oracle,1.0,100,2,0.01,1.0,0.0,0.7,0,1.0,0.48855140786829865,0.7438906956345248,0.5363664750739551,9.0,9,16
0_trivial,92,naive,0.009,100,2,0.01,1.0,0.0,0.7,0,1.0,0.48855140786829865,0.7438906956345248,0.5186998693398731,20.0,7,16
0_trivial,92,random,0.0009,100,2,0.01,1.0,0.0,0.7,0,1.0,0.48855140786829865,0.7438906956345248,0.5236345528957815,17.0,6,19
0_trivial,93,regular,0.1,100,2,0.01,1.0,0.0,0.7,0,1.0,0.4590221227608939,0.7019281085014737,0.5308583280536038,28.0,14,14
0_trivial,93,superintelligent,0.9,100,2,0.01,1.0,0.0,0.7,0,1.0,0.4590221227608939,0.7019281085014737,0.523247281168379,13.0,13,12
0_trivial,93,oracle,1.0,100,2,0.01,1.0,0.0,0.7,0,1.0,0.4590221227608939,0.7019281085014737,0.523247281168379,13.0,13,12
0_trivial,93,naive,0.009,100,2,0.01,1.0,0.0,0.7,0,1.0,0.4590221227608939,0.7019281085014737,0.5198373232682806,26.0,14,12
0_trivial,93,random,0.0009,100,2,0.01,1.0,0.0,0.7,0,1.0,0.4590221227608939,0.7019281085014737,0.5176063689856555,25.0,13,12
0_trivial,94,regular,0.1,100,2,0.01,1.0,0.0,0.7,0,1.0,0.4687633562356458,0.7455745198107282,0.54885225337728,24.0,14,12
0_trivial,94,superintelligent,0.9,100,2,0.01,1.0,0.0,0.7,0,1.0,0.4687633562356458,0.7455745198107282,0.54885225337728,17.0,14,12
0_trivial,94,oracle,1.0,100,2,0.01,1.0,0.0,0.7,0,1.0,0.4687633562356458,0.7455745198107282,0.5513004761767014,15.0,15,11
0_trivial,94,naive,0.009,100,2,0.01,1.0,0.0,0.7,0,1.0,0.4687633562356458,0.7455745198107282,0.5513004761767014,26.0,15,11
0_trivial,94,random,0.0009,100,2,0.01,1.0,0.0,0.7,0,1.0,0.4687633562356458,0.7455745198107282,0.5375446607837202,26.0,12,14
0_trivial,95,regular,0.1,100,2,0.01,1.0,0.0,0.7,0,1.0,0.4571228666912541,0.7260308964841117,0.536545560425992,27.0,16,11
0_trivial,95,superintelligent,0.9,100,2,0.01,1.0,0.0,0.7,0,1.0,0.4571228666912541,0.7260308964841117,0.5458754279044672,19.0,18,9
0_trivial,95,oracle,1.0,100,2,0.01,1.0,0.0,0.7,0,1.0,0.4571228666912541,0.7260308964841117,0.5458754279044672,18.0,18,9
0_trivial,95,naive,0.009,100,2,0.01,1.0,0.0,0.7,0,1.0,0.4571228666912541,0.7260308964841117,0.5256602439731946,24.0,16,11
0_trivial,95,random,0.0009,100,2,0.01,1.0,0.0,0.7,0,1.0,0.4571228666912541,0.7260308964841117,0.5398552384670492,27.0,19,8
0_trivial,96,regular,0.1,100,2,0.01,1.0,0.0,0.7,0,1.0,0.5156793237488888,0.7314504357027184,0.560901226829065,21.0,11,16
0_trivial,96,superintelligent,0.9,100,2,0.01,1.0,0.0,0.7,0,1.0,0.5156793237488888,0.7314504357027184,0.5685383325593787,13.0,13,14
0_trivial,96,oracle,1.0,100,2,0.01,1.0,0.0,0.7,0,1.0,0.5156793237488888,0.7314504357027184,0.5685383325593787,13.0,13,14
0_trivial,96,naive,0.009,100,2,0.01,1.0,0.0,0.7,0,1.0,0.5156793237488888,0.7314504357027184,0.5612849124486988,25.0,12,14
0_trivial,96,random,0.0009,100,2,0.01,1.0,0.0,0.7,0,1.0,0.5156793237488888,0.7314504357027184,0.5582682682947339,21.0,11,15
0_trivial,97,regular,0.1,100,2,0.01,1.0,0.0,0.7,0,1.0,0.5345801475731798,0.7298859198736316,0.5619389605866595,19.0,9,11
0_trivial,97,superintelligent,0.9,100,2,0.01,1.0,0.0,0.7,0,1.0,0.5345801475731798,0.7298859198736316,0.5604773497873413,10.0,8,12
0_trivial,97,oracle,1.0,100,2,0.01,1.0,0.0,0.7,0,1.0,0.5345801475731798,0.7298859198736316,0.5619389605866595,9.0,9,11
0_trivial,97,naive,0.009,100,2,0.01,1.0,0.0,0.7,0,1.0,0.5345801475731798,0.7298859198736316,0.5619389605866595,20.0,9,11
0_trivial,97,random,0.0009,100,2,0.01,1.0,0.0,0.7,0,1.0,0.5345801475731798,0.7298859198736316,0.5604773497873413,20.0,8,12
0_trivial,98,regular,0.1,100,2,0.01,1.0,0.0,0.7,0,1.0,0.5121964161426082,0.757118656277281,0.5648326021405887,17.0,9,13
0_trivial,98,superintelligent,0.9,100,2,0.01,1.0,0.0,0.7,0,1.0,0.5121964161426082,0.757118656277281,0.5648326021405887,11.0,9,13
0_trivial,98,oracle,1.0,100,2,0.01,1.0,0.0,0.7,0,1.0,0.5121964161426082,0.757118656277281,0.5648326021405887,9.0,9,13
0_trivial,98,naive,0.009,100,2,0.01,1.0,0.0,0.7,0,1.0,0.5121964161426082,0.757118656277281,0.5648326021405887,20.0,9,13
0_trivial,98,random,0.0009,100,2,0.01,1.0,0.0,0.7,0,1.0,0.5121964161426082,0.757118656277281,0.5648326021405887,22.0,9,13
0_trivial,99,regular,0.1,100,2,0.01,1.0,0.0,0.7,0,1.0,0.48798400859893626,0.7272272209796715,0.5466268692773586,22.0,12,11
0_trivial,99,superintelligent,0.9,100,2,0.01,1.0,0.0,0.7,0,1.0,0.48798400859893626,0.7272272209796715,0.5530050547629372,19.0,16,9
0_trivial,99,oracle,1.0,100,2,0.01,1.0,0.0,0.7,0,1.0,0.48798400859893626,0.7272272209796715,0.5548962437777019,16.0,16,9
0_trivial,99,naive,0.009,100,2,0.01,1.0,0.0,0.7,0,1.0,0.48798400859893626,0.7272272209796715,0.5574639766007734,24.0,17,9
0_trivial,99,random,0.0009,100,2,0.01,1.0,0.0,0.7,0,1.0,0.48798400859893626,0.7272272209796715,0.5510783992479076,23.0,15,9
1_disaster,0,regular,0.1,100,2,0.01,1.0,3.0,0.7,0,1.0,0.532113488003755,0.7525194392268023,0.6055010683280357,127.0,10,311
1_disaster,0,superintelligent,0.9,100,2,0.01,1.0,3.0,0.7,0,1.0,0.532113488003755,0.7525194392268023,0.6020200258607037,12.0,11,312
1_disaster,0,oracle,1.0,100,2,0.01,1.0,3.0,0.7,0,1.0,0.532113488003755,0.7525194392268023,0.6020200258607037,11.0,11,312
1_disaster,0,naive,0.009,100,2,0.01,1.0,3.0,0.7,0,1.0,0.532113488003755,0.7525194392268023,0.6037366131906378,232.0,11,297
1_disaster,0,random,0.0009,100,2,0.01,1.0,3.0,0.7,0,1.0,0.532113488003755,0.7525194392268023,0.6037366131906378,278.0,11,311
1_disaster,1,regular,0.1,100,2,0.01,1.0,3.0,0.7,0,1.0,0.509864932296604,0.7259571380281955,0.5496876508683038,48.0,6,309
1_disaster,1,superintelligent,0.9,100,2,0.01,1.0,3.0,0.7,0,1.0,0.509864932296604,0.7259571380281955,0.5496876508683038,6.0,6,316
1_disaster,1,oracle,1.0,100,2,0.01,1.0,3.0,0.7,0,1.0,0.509864932296604,0.7259571380281955,0.5496876508683038,6.0,6,316
1_disaster,1,naive,0.009,100,2,0.01,1.0,3.0,0.7,0,1.0,0.509864932296604,0.7259571380281955,0.5496876508683038,249.0,6,291
1_disaster,1,random,0.0009,100,2,0.01,1.0,3.0,0.7,0,1.0,0.509864932296604,0.7259571380281955,0.5482089026514902,296.0,11,306
1_disaster,2,regular,0.1,100,2,0.01,1.0,3.0,0.7,0,1.0,0.4667614456657503,0.7298179461877744,0.52047052504649,104.0,13,290
1_disaster,2,superintelligent,0.9,100,2,0.01,1.0,3.0,0.7,0,1.0,0.4667614456657503,0.7298179461877744,0.52047052504649,13.0,13,314
1_disaster,2,oracle,1.0,100,2,0.01,1.0,3.0,0.7,0,1.0,0.4667614456657503,0.7298179461877744,0.52047052504649,13.0,13,314
1_disaster,2,naive,0.009,100,2,0.01,1.0,3.0,0.7,0,1.0,0.4667614456657503,0.7298179461877744,0.4968075973897125,304.0,10,307
1_disaster,2,random,0.0009,100,2,0.01,1.0,3.0,0.7,0,1.0,0.4667614456657503,0.7298179461877744,0.5166666896081128,312.0,14,310
1_disaster,3,regular,0.1,100,2,0.01,1.0,3.0,0.7,0,1.0,0.47735907316702364,0.7282013723194133,0.5424013149126916,80.0,10,311
1_disaster,3,superintelligent,0.9,100,2,0.01,1.0,3.0,0.7,0,1.0,0.47735907316702364,0.7282013723194133,0.5424013149126916,13.0,10,311
1_disaster,3,oracle,1.0,100,2,0.01,1.0,3.0,0.7,0,1.0,0.47735907316702364,0.7282013723194133,0.5424013149126916,10.0,10,311
1_disaster,3,naive,0.009,100,2,0.01,1.0,3.0,0.7,0,1.0,0.47735907316702364,0.7282013723194133,0.5416336561211788,311.0,10,311
1_disaster,3,random,0.0009,100,2,0.01,1.0,3.0,0.7,0,1.0,0.47735907316702364,0.7282013723194133,0.5416336561211788,224.0,10,307
1_disaster,4,regular,0.1,100,2,0.01,1.0,3.0,0.7,0,1.0,0.5743044970649209,0.752306764148713,0.6271387296172817,61.0,10,313
1_disaster,4,superintelligent,0.9,100,2,0.01,1.0,3.0,0.7,0,1.0,0.5743044970649209,0.752306764148713,0.6271387296172817,11.0,10,314
1_disaster,4,oracle,1.0,100,2,0.01,1.0,3.0,0.7,0,1.0,0.5743044970649209,0.752306764148713,0.6271387296172817,10.0,10,314
1_disaster,4,naive,0.009,100,2,0.01,1.0,3.0,0.7,0,1.0,0.5743044970649209,0.752306764148713,0.6261576061923627,303.0,11,292
1_disaster,4,random,0.0009,100,2,0.01,1.0,3.0,0.7,0,1.0,0.5743044970649209,0.752306764148713,0.6184167184625283,300.0,10,305
1_disaster,5,regular,0.1,100,2,0.01,1.0,3.0,0.7,0,1.0,0.43862551912608866,0.7346086365645725,0.5173487211603435,125.0,12,303
1_disaster,5,superintelligent,0.9,100,2,0.01,1.0,3.0,0.7,0,1.0,0.43862551912608866,0.7346086365645725,0.5173487211603435,14.0,12,310
1_disaster,5,oracle,1.0,100,2,0.01,1.0,3.0,0.7,0,1.0,0.43862551912608866,0.7346086365645725,0.5173487211603435,12.0,12,310
1_disaster,5,naive,0.009,100,2,0.01,1.0,3.0,0.7,0,1.0,0.43862551912608866,0.7346086365645725,0.5173487211603435,232.0,12,292
1_disaster,5,random,0.0009,100,2,0.01,1.0,3.0,0.7,0,1.0,0.43862551912608866,0.7346086365645725,0.5229173543647935,222.0,14,311
1_disaster,6,regular,0.1,100,2,0.01,1.0,3.0,0.7,0,1.0,0.5122309149435186,0.7209916449439208,0.5565137437443274,54.0,7,313
1_disaster,6,superintelligent,0.9,100,2,0.01,1.0,3.0,0.7,0,1.0,0.5122309149435186,0.7209916449439208,0.5565137437443274,7.0,7,313
1_disaster,6,oracle,1.0,100,2,0.01,1.0,3.0,0.7,0,1.0,0.5122309149435186,0.7209916449439208,0.5565137437443274,7.0,7,313
1_disaster,6,naive,0.009,100,2,0.01,1.0,3.0,0.7,0,1.0,0.5122309149435186,0.7209916449439208,0.5565137437443274,251.0,7,304
1_disaster,6,random,0.0009,100,2,0.01,1.0,3.0,0.7,0,1.0,0.5122309149435186,0.7209916449439208,0.5559439073047546,228.0,7,279
1_disaster,7,regular,0.1,100,2,0.01,1.0,3.0,0.7,0,1.0,0.5097257556427632,0.7420645942755151,0.5538428670380914,77.0,11,309
1_disaster,7,superintelligent,0.9,100,2,0.01,1.0,3.0,0.7,0,1.0,0.5097257556427632,0.7420645942755151,0.5519780069495333,13.0,11,316
1_disaster,7,oracle,1.0,100,2,0.01,1.0,3.0,0.7,0,1.0,0.5097257556427632,0.7420645942755151,0.5519780069495333,11.0,11,316
1_disaster,7,naive,0.009,100,2,0.01,1.0,3.0,0.7,0,1.0,0.5097257556427632,0.7420645942755151,0.5458971295628053,300.0,11,313
1_disaster,7,random,0.0009,100,2,0.01,1.0,3.0,0.7,0,1.0,0.5097257556427632,0.7420645942755151,0.535680180997227,313.0,10,306
1_disaster,8,regular,0.1,100,2,0.01,1.0,3.0,0.7,0,1.0,0.4776913456792832,0.7595741841255568,0.5593589453072609,107.0,14,298
1_disaster,8,superintelligent,0.9,100,2,0.01,1.0,3.0,0.7,0,1.0,0.4776913456792832,0.7595741841255568,0.5593589453072609,15.0,14,309
1_disaster,8,oracle,1.0,100,2,0.01,1.0,3.0,0.7,0,1.0,0.4776913456792832,0.7595741841255568,0.5593589453072609,14.0,14,309
1_disaster,8,naive,0.009,100,2,0.01,1.0,3.0,0.7,0,1.0,0.4776913456792832,0.7595741841255568,0.5404118220221753,290.0,17,303
1_disaster,8,random,0.0009,100,2,0.01,1.0,3.0,0.7,0,1.0,0.4776913456792832,0.7595741841255568,0.5422533875378229,303.0,16,287
1_disaster,9,regular,0.1,100,2,0.01,1.0,3.0,0.7,0,1.0,0.5219972679505355,0.7549186522506217,0.5712968026248045,90.0,8,305
1_disaster,9,superintelligent,0.9,100,2,0.01,1.0,3.0,0.7,0,1.0,0.5219972679505355,0.7549186522506217,0.5830755576376042,14.0,12,314
1_disaster,9,oracle,1.0,100,2,0.01,1.0,3.0,0.7,0,1.0,0.5219972679505355,0.7549186522506217,0.5830755576376042,12.0,12,314
1_disaster,9,naive,0.009,100,2,0.01,1.0,3.0,0.7,0,1.0,0.5219972679505355,0.7549186522506217,0.5712968026248045,318.0,8,310
1_disaster,9,random,0.0009,100,2,0.01,1.0,3.0,0.7,0,1.0,0.5219972679505355,0.7549186522506217,0.5830755576376042,309.0,12,297
1_disaster,10,regular,0.1,100,2,0.01,1.0,3.0,0.7,0,1.0,0.4849093507290993,0.7225478538598943,0.5776245999144254,110.0,11,308
1_disaster,10,superintelligent,0.9,100,2,0.01,1.0,3.0,0.7,0,1.0,0.4849093507290993,0.7225478538598943,0.5776245999144254,14.0,11,310
1_disaster,10,oracle,1.0,100,2,0.01,1.0,3.0,0.7,0,1.0,0.4849093507290993,0.7225478538598943,0.5776245999144254,11.0,11,310
1_disaster,10,naive,0.009,100,2,0.01,1.0,3.0,0.7,0,1.0,0.4849093507290993,0.7225478538598943,0.5766476263986164,276.0,12,297
1_disaster,10,random,0.0009,100,2,0.01,1.0,3.0,0.7,0,1.0,0.4849093507290993,0.7225478538598943,0.5766476263986164,284.0,12,309
1_disaster,11,regular,0.1,100,2,0.01,1.0,3.0,0.7,0,1.0,0.5208529640329737,0.7410081987491435,0.6136896842460314,99.0,11,301
1_disaster,11,superintelligent,0.9,100,2,0.01,1.0,3.0,0.7,0,1.0,0.5208529640329737,0.7410081987491435,0.6136896842460314,16.0,11,313
1_disaster,11,oracle,1.0,100,2,0.01,1.0,3.0,0.7,0,1.0,0.5208529640329737,0.7410081987491435,0.6136896842460314,11.0,11,313
1_disaster,11,naive,0.009,100,2,0.01,1.0,3.0,0.7,0,1.0,0.5208529640329737,0.7410081987491435,0.6043419016486539,316.0,9,307
1_disaster,11,random,0.0009,100,2,0.01,1.0,3.0,0.7,0,1.0,0.5208529640329737,0.7410081987491435,0.6118209335410283,294.0,10,302
1_disaster,12,regular,0.1,100,2,0.01,1.0,3.0,0.7,0,1.0,0.4809719446778775,0.7315698855820632,0.5153986998101427,72.0,6,321
1_disaster,12,superintelligent,0.9,100,2,0.01,1.0,3.0,0.7,0,1.0,0.4809719446778775,0.7315698855820632,0.5153986998101427,6.0,6,322
1_disaster,12,oracle,1.0,100,2,0.01,1.0,3.0,0.7,0,1.0,0.4809719446778775,0.7315698855820632,0.5153986998101427,6.0,6,322
1_disaster,12,naive,0.009,100,2,0.01,1.0,3.0,0.7,0,1.0,0.4809719446778775,0.7315698855820632,0.5153986998101427,205.0,6,312
1_disaster,12,random,0.0009,100,2,0.01,1.0,3.0,0.7,0,1.0,0.4809719446778775,0.7315698855820632,0.5141656106732502,314.0,7,307
1_disaster,13,regular,0.1,100,2,0.01,1.0,3.0,0.7,0,1.0,0.4992394275462063,0.7297664509961876,0.5570865045896748,131.0,13,305
1_disaster,13,superintelligent,0.9,100,2,0.01,1.0,3.0,0.7,0,1.0,0.4992394275462063,0.7297664509961876,0.5570865045896748,15.0,13,313
1_disaster,13,oracle,1.0,100,2,0.01,1.0,3.0,0.7,0,1.0,0.4992394275462063,0.7297664509961876,0.5570865045896748,13.0,13,313
1_disaster,13,naive,0.009,100,2,0.01,1.0,3.0,0.7,0,1.0,0.4992394275462063,0.7297664509961876,0.5462725148439582,259.0,11,288
1_disaster,13,random,0.0009,100,2,0.01,1.0,3.0,0.7,0,1.0,0.4992394275462063,0.7297664509961876,0.5497554618362532,258.0,13,303
1_disaster,14,regular,0.1,100,2,0.01,1.0,3.0,0.7,0,1.0,0.5021975296395879,0.7194706959101486,0.5465932517502938,101.0,8,284
1_disaster,14,superintelligent,0.9,100,2,0.01,1.0,3.0,0.7,0,1.0,0.5021975296395879,0.7194706959101486,0.5465932517502938,9.0,8,311
1_disaster,14,oracle,1.0,100,2,0.01,1.0,3.0,0.7,0,1.0,0.5021975296395879,0.7194706959101486,0.5465932517502938,8.0,8,311
1_disaster,14,naive,0.009,100,2,0.01,1.0,3.0,0.7,0,1.0,0.5021975296395879,0.7194706959101486,0.544014041250392,217.0,8,304
1_disaster,14,random,0.0009,100,2,0.01,1.0,3.0,0.7,0,1.0,0.5021975296395879,0.7194706959101486,0.5420390441137151,263.0,9,275
1_disaster,15,regular,0.1,100,2,0.01,1.0,3.0,0.7,0,1.0,0.4699228494128228,0.7499667734140267,0.5608978577059353,117.0,15,306
1_disaster,15,superintelligent,0.9,100,2,0.01,1.0,3.0,0.7,0,1.0,0.4699228494128228,0.7499667734140267,0.5608978577059353,17.0,15,311
1_disaster,15,oracle,1.0,100,2,0.01,1.0,3.0,0.7,0,1.0,0.4699228494128228,0.7499667734140267,0.5608978577059353,15.0,15,311
1_disaster,15,naive,0.009,100,2,0.01,1.0,3.0,0.7,0,1.0,0.4699228494128228,0.7499667734140267,0.5608978577059353,236.0,15,294
1_disaster,15,random,0.0009,100,2,0.01,1.0,3.0,0.7,0,1.0,0.4699228494128228,0.7499667734140267,0.5608978577059353,323.0,15,308
1_disaster,16,regular,0.1,100,2,0.01,1.0,3.0,0.7,0,1.0,0.539136935499147,0.7571656426261568,0.5950360946515921,73.0,9,282
1_disaster,16,superintelligent,0.9,100,2,0.01,1.0,3.0,0.7,0,1.0,0.539136935499147,0.7571656426261568,0.5950360946515921,9.0,9,314
1_disaster,16,oracle,1.0,100,2,0.01,1.0,3.0,0.7,0,1.0,0.539136935499147,0.7571656426261568,0.5950360946515921,9.0,9,314
1_disaster,16,naive,0.009,100,2,0.01,1.0,3.0,0.7,0,1.0,0.539136935499147,0.7571656426261568,0.5763834202318118,314.0,10,304
1_disaster,16,random,0.0009,100,2,0.01,1.0,3.0,0.7,0,1.0,0.539136935499147,0.7571656426261568,0.5950360946515921,233.0,9,298
1_disaster,17,regular,0.1,100,2,0.01,1.0,3.0,0.7,0,1.0,0.4914597161395271,0.7556753301873975,0.5715204325699321,141.0,13,308
1_disaster,17,superintelligent,0.9,100,2,0.01,1.0,3.0,0.7,0,1.0,0.4914597161395271,0.7556753301873975,0.5788406434231227,16.0,14,312
1_disaster,17,oracle,1.0,100,2,0.01,1.0,3.0,0.7,0,1.0,0.4914597161395271,0.7556753301873975,0.5788406434231227,14.0,14,312
1_disaster,17,naive,0.009,100,2,0.01,1.0,3.0,0.7,0,1.0,0.4914597161395271,0.7556753301873975,0.5858778561698292,311.0,15,306
1_disaster,17,random,0.0009,100,2,0.01,1.0,3.0,0.7,0,1.0,0.4914597161395271,0.7556753301873975,0.5785576453166388,323.0,14,309
1_disaster,18,regular,0.1,100,2,0.01,1.0,3.0,0.7,0,1.0,0.4753965415096841,0.7410529804771435,0.5477588895902852,63.0,9,296
1_disaster,18,superintelligent,0.9,100,2,0.01,1.0,3.0,0.7,0,1.0,0.4753965415096841,0.7410529804771435,0.5477588895902852,10.0,9,313
1_disaster,18,oracle,1.0,100,2,0.01,1.0,3.0,0.7,0,1.0,0.4753965415096841,0.7410529804771435,0.5477588895902852,9.0,9,313
1_disaster,18,naive,0.009,100,2,0.01,1.0,3.0,0.7,0,1.0,0.4753965415096841,0.7410529804771435,0.546875054919454,311.0,10,301
1_disaster,18,random,0.0009,100,2,0.01,1.0,3.0,0.7,0,1.0,0.4753965415096841,0.7410529804771435,0.5477588895902852,272.0,9,267
1_disaster,19,regular,0.1,100,2,0.01,1.0,3.0,0.7,0,1.0,0.5082533419607431,0.7270366850843962,0.5819509445464398,89.0,11,314
1_disaster,19,superintelligent,0.9,100,2,0.01,1.0,3.0,0.7,0,1.0,0.5082533419607431,0.7270366850843962,0.5819509445464398,13.0,11,314
1_disaster,19,oracle,1.0,100,2,0.01,1.0,3.0,0.7,0,1.0,0.5082533419607431,0.7270366850843962,0.5819509445464398,11.0,11,314
1_disaster,19,naive,0.009,100,2,0.01,1.0,3.0,0.7,0,1.0,0.5082533419607431,0.7270366850843962,0.5819509445464398,298.0,11,306
1_disaster,19,random,0.0009,100,2,0.01,1.0,3.0,0.7,0,1.0,0.5082533419607431,0.7270366850843962,0.5819509445464398,262.0,11,313
1_disaster,20,regular,0.1,100,2,0.01,1.0,3.0,0.7,0,1.0,0.5562821023586185,0.7350137520174629,0.599588087016503,70.0,9,312
1_disaster,20,superintelligent,0.9,100,2,0.01,1.0,3.0,0.7,0,1.0,0.5562821023586185,0.7350137520174629,0.599588087016503,9.0,9,315
1_disaster,20,oracle,1.0,100,2,0.01,1.0,3.0,0.7,0,1.0,0.5562821023586185,0.7350137520174629,0.599588087016503,9.0,9,315
1_disaster,20,naive,0.009,100,2,0.01,1.0,3.0,0.7,0,1.0,0.5562821023586185,0.7350137520174629,0.5982548449106647,315.0,8,307
1_disaster,20,random,0.0009,100,2,0.01,1.0,3.0,0.7,0,1.0,0.5562821023586185,0.7350137520174629,0.596131116157775,259.0,7,304
1_disaster,21,regular,0.1,100,2,0.01,1.0,3.0,0.7,0,1.0,0.49934057952306177,0.7431803420311274,0.5440369492824226,74.0,10,311
1_disaster,21,superintelligent,0.9,100,2,0.01,1.0,3.0,0.7,0,1.0,0.49934057952306177,0.7431803420311274,0.5440369492824226,10.0,10,312
1_disaster,21,oracle,1.0,100,2,0.01,1.0,3.0,0.7,0,1.0,0.49934057952306177,0.7431803420311274,0.5440369492824226,10.0,10,312
1_disaster,21,naive,0.009,100,2,0.01,1.0,3.0,0.7,0,1.0,0.49934057952306177,0.7431803420311274,0.5440369492824226,281.0,10,307
1_disaster,21,random,0.0009,100,2,0.01,1.0,3.0,0.7,0,1.0,0.49934057952306177,0.7431803420311274,0.5440369492824226,276.0,10,302
1_disaster,22,regular,0.1,100,2,0.01,1.0,3.0,0.7,0,1.0,0.506446999515017,0.746635911348435,0.5590534003411888,92.0,10,313
1_disaster,22,superintelligent,0.9,100,2,0.01,1.0,3.0,0.7,0,1.0,0.506446999515017,0.746635911348435,0.5590534003411888,11.0,10,316
1_disaster,22,oracle,1.0,100,2,0.01,1.0,3.0,0.7,0,1.0,0.506446999515017,0.746635911348435,0.5590534003411888,10.0,10,316
1_disaster,22,naive,0.009,100,2,0.01,1.0,3.0,0.7,0,1.0,0.506446999515017,0.746635911348435,0.5590534003411888,293.0,10,315
1_disaster,22,random,0.0009,100,2,0.01,1.0,3.0,0.7,0,1.0,0.506446999515017,0.746635911348435,0.5574153165561235,278.0,11,311
1_disaster,23,regular,0.1,100,2,0.01,1.0,3.0,0.7,0,1.0,0.49528386920561646,0.7297843739922272,0.5660998307107094,132.0,13,283
1_disaster,23,superintelligent,0.9,100,2,0.01,1.0,3.0,0.7,0,1.0,0.49528386920561646,0.7297843739922272,0.5822823304593988,17.0,16,310
1_disaster,23,oracle,1.0,100,2,0.01,1.0,3.0,0.7,0,1.0,0.49528386920561646,0.7297843739922272,0.5822823304593988,16.0,16,310
1_disaster,23,naive,0.009,100,2,0.01,1.0,3.0,0.7,0,1.0,0.49528386920561646,0.7297843739922272,0.5660998307107094,275.0,13,292
1_disaster,23,random,0.0009,100,2,0.01,1.0,3.0,0.7,0,1.0,0.49528386920561646,0.7297843739922272,0.564886464002288,277.0,12,295
1_disaster,24,regular,0.1,100,2,0.01,1.0,3.0,0.7,0,1.0,0.48681079290116314,0.7343343669418745,0.5370718759954317,144.0,11,304
1_disaster,24,superintelligent,0.9,100,2,0.01,1.0,3.0,0.7,0,1.0,0.48681079290116314,0.7343343669418745,0.5370718759954317,12.0,11,312
1_disaster,24,oracle,1.0,100,2,0.01,1.0,3.0,0.7,0,1.0,0.48681079290116314,0.7343343669418745,0.5370718759954317,11.0,11,312
1_disaster,24,naive,0.009,100,2,0.01,1.0,3.0,0.7,0,1.0,0.48681079290116314,0.7343343669418745,0.5365198178133512,321.0,10,311
1_disaster,24,random,0.0009,100,2,0.01,1.0,3.0,0.7,0,1.0,0.48681079290116314,0.7343343669418745,0.5370718759954317,317.0,11,306
1_disaster,25,regular,0.1,100,2,0.01,1.0,3.0,0.7,0,1.0,0.5642819114229961,0.7509806609231915,0.618888553112499,50.0,9,300
1_disaster,25,superintelligent,0.9,100,2,0.01,1.0,3.0,0.7,0,1.0,0.5642819114229961,0.7509806609231915,0.618888553112499,11.0,9,316
1_disaster,25,oracle,1.0,100,2,0.01,1.0,3.0,0.7,0,1.0,0.5642819114229961,0.7509806609231915,0.618888553112499,9.0,9,316
1_disaster,25,naive,0.009,100,2,0.01,1.0,3.0,0.7,0,1.0,0.5642819114229961,0.7509806609231915,0.6168542126722847,199.0,9,297
1_disaster,25,random,0.0009,100,2,0.01,1.0,3.0,0.7,0,1.0,0.5642819114229961,0.7509806609231915,0.6185678770453298,254.0,8,312
1_disaster,26,regular,0.1,100,2,0.01,1.0,3.0,0.7,0,1.0,0.5397816271039441,0.7375633455754703,0.5875034948732297,75.0,13,308
1_disaster,26,superintelligent,0.9,100,2,0.01,1.0,3.0,0.7,0,1.0,0.5397816271039441,0.7375633455754703,0.5912741996624679,15.0,13,314
1_disaster,26,oracle,1.0,100,2,0.01,1.0,3.0,0.7,0,1.0,0.5397816271039441,0.7375633455754703,0.5912741996624679,13.0,13,314
1_disaster,26,naive,0.009,100,2,0.01,1.0,3.0,0.7,0,1.0,0.5397816271039441,0.7375633455754703,0.5848068269418915,320.0,13,307
1_disaster,26,random,0.0009,100,2,0.01,1.0,3.0,0.7,0,1.0,0.5397816271039441,0.7375633455754703,0.5871935627012143,288.0,14,308
1_disaster,27,regular,0.1,100,2,0.01,1.0,3.0,0.7,0,1.0,0.4443072966244274,0.7213772535769513,0.5439022471105673,125.0,14,296
1_disaster,27,superintelligent,0.9,100,2,0.01,1.0,3.0,0.7,0,1.0,0.4443072966244274,0.7213772535769513,0.5449629948293122,17.0,14,314
1_disaster,27,oracle,1.0,100,2,0.01,1.0,3.0,0.7,0,1.0,0.4443072966244274,0.7213772535769513,0.5449629948293122,14.0,14,314
1_disaster,27,naive,0.009,100,2,0.01,1.0,3.0,0.7,0,1.0,0.4443072966244274,0.7213772535769513,0.5449629948293122,226.0,14,287
1_disaster,27,random,0.0009,100,2,0.01,1.0,3.0,0.7,0,1.0,0.4443072966244274,0.7213772535769513,0.5412983124641668,305.0,14,295
1_disaster,28,regular,0.1,100,2,0.01,1.0,3.0,0.7,0,1.0,0.47040347147487455,0.7135111841585371,0.548742133497849,120.0,15,288
1_disaster,28,superintelligent,0.9,100,2,0.01,1.0,3.0,0.7,0,1.0,0.47040347147487455,0.7135111841585371,0.549970613679194,17.0,16,311
1_disaster,28,oracle,1.0,100,2,0.01,1.0,3.0,0.7,0,1.0,0.47040347147487455,0.7135111841585371,0.549970613679194,16.0,16,311
1_disaster,28,naive,0.009,100,2,0.01,1.0,3.0,0.7,0,1.0,0.47040347147487455,0.7135111841585371,0.5482018145478572,325.0,15,310
1_disaster,28,random,0.0009,100,2,0.01,1.0,3.0,0.7,0,1.0,0.47040347147487455,0.7135111841585371,0.5486924513702937,293.0,15,278
1_disaster,29,regular,0.1,100,2,0.01,1.0,3.0,0.7,0,1.0,0.5123287077214935,0.7555648836074291,0.5864266498299382,78.0,10,304
1_disaster,29,superintelligent,0.9,100,2,0.01,1.0,3.0,0.7,0,1.0,0.5123287077214935,0.7555648836074291,0.5848042717123536,14.0,11,314
1_disaster,29,oracle,1.0,100,2,0.01,1.0,3.0,0.7,0,1.0,0.5123287077214935,0.7555648836074291,0.5848042717123536,11.0,11,314
1_disaster,29,naive,0.009,100,2,0.01,1.0,3.0,0.7,0,1.0,0.5123287077214935,0.7555648836074291,0.5848042717123536,253.0,11,314
1_disaster,29,random,0.0009,100,2,0.01,1.0,3.0,0.7,0,1.0,0.5123287077214935,0.7555648836074291,0.5808396291803717,319.0,10,309
1_disaster,30,regular,0.1,100,2,0.01,1.0,3.0,0.7,0,1.0,0.4868315029611964,0.764635046767068,0.5466788244874671,104.0,11,299
1_disaster,30,superintelligent,0.9,100,2,0.01,1.0,3.0,0.7,0,1.0,0.4868315029611964,0.764635046767068,0.5521558213130348,13.0,9,314
1_disaster,30,oracle,1.0,100,2,0.01,1.0,3.0,0.7,0,1.0,0.4868315029611964,0.764635046767068,0.5521558213130348,9.0,9,314
1_disaster,30,naive,0.009,100,2,0.01,1.0,3.0,0.7,0,1.0,0.4868315029611964,0.764635046767068,0.5466788244874671,217.0,11,300
1_disaster,30,random,0.0009,100,2,0.01,1.0,3.0,0.7,0,1.0,0.4868315029611964,0.764635046767068,0.5468714393231084,296.0,10,295
1_disaster,31,regular,0.1,100,2,0.01,1.0,3.0,0.7,0,1.0,0.5516401663736239,0.7449046125811303,0.6012787398118385,64.0,5,304
1_disaster,31,superintelligent,0.9,100,2,0.01,1.0,3.0,0.7,0,1.0,0.5516401663736239,0.7449046125811303,0.6012787398118385,5.0,5,317
1_disaster,31,oracle,1.0,100,2,0.01,1.0,3.0,0.7,0,1.0,0.5516401663736239,0.7449046125811303,0.6012787398118385,5.0,5,317
1_disaster,31,naive,0.009,100,2,0.01,1.0,3.0,0.7,0,1.0,0.5516401663736239,0.7449046125811303,0.5991973270655704,176.0,6,294
1_disaster,31,random,0.0009,100,2,0.01,1.0,3.0,0.7,0,1.0,0.5516401663736239,0.7449046125811303,0.5975530966942794,292.0,6,313
1_disaster,32,regular,0.1,100,2,0.01,1.0,3.0,0.7,0,1.0,0.4667216671066407,0.7251801139971552,0.5249709139958534,100.0,12,312
1_disaster,32,superintelligent,0.9,100,2,0.01,1.0,3.0,0.7,0,1.0,0.4667216671066407,0.7251801139971552,0.5249709139958534,13.0,12,313
1_disaster,32,oracle,1.0,100,2,0.01,1.0,3.0,0.7,0,1.0,0.4667216671066407,0.7251801139971552,0.5249709139958534,12.0,12,313
1_disaster,32,naive,0.009,100,2,0.01,1.0,3.0,0.7,0,1.0,0.4667216671066407,0.7251801139971552,0.524881778426161,295.0,14,285
1_disaster,32,random,0.0009,100,2,0.01,1.0,3.0,0.7,0,1.0,0.4667216671066407,0.7251801139971552,0.5265729831412678,318.0,13,306
1_disaster,33,regular,0.1,100,2,0.01,1.0,3.0,0.7,0,1.0,0.4951048809892976,0.7315816907678173,0.5509195114910266,122.0,12,305
1_disaster,33,superintelligent,0.9,100,2,0.01,1.0,3.0,0.7,0,1.0,0.4951048809892976,0.7315816907678173,0.5509195114910266,15.0,12,311
1_disaster,33,oracle,1.0,100,2,0.01,1.0,3.0,0.7,0,1.0,0.4951048809892976,0.7315816907678173,0.5509195114910266,12.0,12,311
1_disaster,33,naive,0.009,100,2,0.01,1.0,3.0,0.7,0,1.0,0.4951048809892976,0.7315816907678173,0.550294395020862,286.0,11,275
1_disaster,33,random,0.0009,100,2,0.01,1.0,3.0,0.7,0,1.0,0.4951048809892976,0.7315816907678173,0.55038003391989,305.0,15,296
1_disaster,34,regular,0.1,100,2,0.01,1.0,3.0,0.7,0,1.0,0.5411058212003818,0.7351166667754254,0.584962252862165,71.0,8,314
1_disaster,34,superintelligent,0.9,100,2,0.01,1.0,3.0,0.7,0,1.0,0.5411058212003818,0.7351166667754254,0.584962252862165,8.0,8,318
1_disaster,34,oracle,1.0,100,2,0.01,1.0,3.0,0.7,0,1.0,0.5411058212003818,0.7351166667754254,0.584962252862165,8.0,8,318
1_disaster,34,naive,0.009,100,2,0.01,1.0,3.0,0.7,0,1.0,0.5411058212003818,0.7351166667754254,0.5835520434548146,269.0,7,303
1_disaster,34,random,0.0009,100,2,0.01,1.0,3.0,0.7,0,1.0,0.5411058212003818,0.7351166667754254,0.5762299070080737,324.0,7,317
1_disaster,35,regular,0.1,100,2,0.01,1.0,3.0,0.7,0,1.0,0.49048819232443236,0.7539325172269541,0.5610540289676171,103.0,13,290
1_disaster,35,superintelligent,0.9,100,2,0.01,1.0,3.0,0.7,0,1.0,0.49048819232443236,0.7539325172269541,0.5619463164948141,12.0,12,310
1_disaster,35,oracle,1.0,100,2,0.01,1.0,3.0,0.7,0,1.0,0.49048819232443236,0.7539325172269541,0.5619463164948141,12.0,12,310
1_disaster,35,naive,0.009,100,2,0.01,1.0,3.0,0.7,0,1.0,0.49048819232443236,0.7539325172269541,0.5602684468319595,316.0,11,305
1_disaster,35,random,0.0009,100,2,0.01,1.0,3.0,0.7,0,1.0,0.49048819232443236,0.7539325172269541,0.5582822382428482,306.0,12,304
1_disaster,36,regular,0.1,100,2,0.01,1.0,3.0,0.7,0,1.0,0.523044298981648,0.7254158184175079,0.5684529977921877,74.0,10,302
1_disaster,36,superintelligent,0.9,100,2,0.01,1.0,3.0,0.7,0,1.0,0.523044298981648,0.7254158184175079,0.5684529977921877,12.0,10,314
1_disaster,36,oracle,1.0,100,2,0.01,1.0,3.0,0.7,0,1.0,0.523044298981648,0.7254158184175079,0.5684529977921877,10.0,10,314
1_disaster,36,naive,0.009,100,2,0.01,1.0,3.0,0.7,0,1.0,0.523044298981648,0.7254158184175079,0.5609534691562271,271.0,7,300
1_disaster,36,random,0.0009,100,2,0.01,1.0,3.0,0.7,0,1.0,0.523044298981648,0.7254158184175079,0.5646396212122461,322.0,9,314
1_disaster,37,regular,0.1,100,2,0.01,1.0,3.0,0.7,0,1.0,0.4636470531436479,0.7314721302973323,0.51428830464523,105.0,8,311
1_disaster,37,superintelligent,0.9,100,2,0.01,1.0,3.0,0.7,0,1.0,0.4636470531436479,0.7314721302973323,0.51428830464523,9.0,8,314
1_disaster,37,oracle,1.0,100,2,0.01,1.0,3.0,0.7,0,1.0,0.4636470531436479,0.7314721302973323,0.51428830464523,8.0,8,314
1_disaster,37,naive,0.009,100,2,0.01,1.0,3.0,0.7,0,1.0,0.4636470531436479,0.7314721302973323,0.51428830464523,306.0,8,314
1_disaster,37,random,0.0009,100,2,0.01,1.0,3.0,0.7,0,1.0,0.4636470531436479,0.7314721302973323,0.51428830464523,305.0,8,297
1_disaster,38,regular,0.1,100,2,0.01,1.0,3.0,0.7,0,1.0,0.45860725047635376,0.7322902171741321,0.5094383108460576,128.0,15,311
1_disaster,38,superintelligent,0.9,100,2,0.01,1.0,3.0,0.7,0,1.0,0.45860725047635376,0.7322902171741321,0.5189623088648245,19.0,18,310
1_disaster,38,oracle,1.0,100,2,0.01,1.0,3.0,0.7,0,1.0,0.45860725047635376,0.7322902171741321,0.5189623088648245,18.0,18,310
1_disaster,38,naive,0.009,100,2,0.01,1.0,3.0,0.7,0,1.0,0.45860725047635376,0.7322902171741321,0.5073327937366556,301.0,14,296
1_disaster,38,random,0.0009,100,2,0.01,1.0,3.0,0.7,0,1.0,0.45860725047635376,0.7322902171741321,0.5009566474786393,304.0,12,302
1_disaster,39,regular,0.1,100,2,0.01,1.0,3.0,0.7,0,1.0,0.5041924468616622,0.7493657454630469,0.5832754666950815,103.0,9,306
1_disaster,39,superintelligent,0.9,100,2,0.01,1.0,3.0,0.7,0,1.0,0.5041924468616622,0.7493657454630469,0.5832754666950815,11.0,9,314
1_disaster,39,oracle,1.0,100,2,0.01,1.0,3.0,0.7,0,1.0,0.5041924468616622,0.7493657454630469,0.5832754666950815,9.0,9,314
1_disaster,39,naive,0.009,100,2,0.01,1.0,3.0,0.7,0,1.0,0.5041924468616622,0.7493657454630469,0.5830994501383173,307.0,10,297
1_disaster,39,random,0.0009,100,2,0.01,1.0,3.0,0.7,0,1.0,0.5041924468616622,0.7493657454630469,0.5832754666950815,274.0,9,306
1_disaster,40,regular,0.1,100,2,0.01,1.0,3.0,0.7,0,1.0,0.5288396014676168,0.7490294749022319,0.5604115488770313,115.0,10,273
1_disaster,40,superintelligent,0.9,100,2,0.01,1.0,3.0,0.7,0,1.0,0.5288396014676168,0.7490294749022319,0.5604115488770313,10.0,10,315
1_disaster,40,oracle,1.0,100,2,0.01,1.0,3.0,0.7,0,1.0,0.5288396014676168,0.7490294749022319,0.5604115488770313,10.0,10,315
1_disaster,40,naive,0.009,100,2,0.01,1.0,3.0,0.7,0,1.0,0.5288396014676168,0.7490294749022319,0.5604115488770313,287.0,10,293
1_disaster,40,random,0.0009,100,2,0.01,1.0,3.0,0.7,0,1.0,0.5288396014676168,0.7490294749022319,0.5604115488770313,325.0,10,315
1_disaster,41,regular,0.1,100,2,0.01,1.0,3.0,0.7,0,1.0,0.49477604733824654,0.7568945542260134,0.5403463226375231,46.0,6,277
1_disaster,41,superintelligent,0.9,100,2,0.01,1.0,3.0,0.7,0,1.0,0.49477604733824654,0.7568945542260134,0.5403463226375231,6.0,6,314
1_disaster,41,oracle,1.0,100,2,0.01,1.0,3.0,0.7,0,1.0,0.49477604733824654,0.7568945542260134,0.5403463226375231,6.0,6,314
1_disaster,41,naive,0.009,100,2,0.01,1.0,3.0,0.7,0,1.0,0.49477604733824654,0.7568945542260134,0.5403463226375231,250.0,6,296
1_disaster,41,random,0.0009,100,2,0.01,1.0,3.0,0.7,0,1.0,0.49477604733824654,0.7568945542260134,0.5439281752670149,319.0,8,311
1_disaster,42,regular,0.1,100,2,0.01,1.0,3.0,0.7,0,1.0,0.5087211141814976,0.7321532330885955,0.5384300144041334,37.0,7,295
1_disaster,42,superintelligent,0.9,100,2,0.01,1.0,3.0,0.7,0,1.0,0.5087211141814976,0.7321532330885955,0.5384300144041334,7.0,7,313
1_disaster,42,oracle,1.0,100,2,0.01,1.0,3.0,0.7,0,1.0,0.5087211141814976,0.7321532330885955,0.5384300144041334,7.0,7,313
1_disaster,42,naive,0.009,100,2,0.01,1.0,3.0,0.7,0,1.0,0.5087211141814976,0.7321532330885955,0.5346576409308956,279.0,8,271
1_disaster,42,random,0.0009,100,2,0.01,1.0,3.0,0.7,0,1.0,0.5087211141814976,0.7321532330885955,0.5346576409308956,250.0,8,269
1_disaster,43,regular,0.1,100,2,0.01,1.0,3.0,0.7,0,1.0,0.49735179971602966,0.7573629642524582,0.5667934051821755,91.0,12,271
1_disaster,43,superintelligent,0.9,100,2,0.01,1.0,3.0,0.7,0,1.0,0.49735179971602966,0.7573629642524582,0.5667934051821755,12.0,12,314
1_disaster,43,oracle,1.0,100,2,0.01,1.0,3.0,0.7,0,1.0,0.49735179971602966,0.7573629642524582,0.5667934051821755,12.0,12,314
1_disaster,43,naive,0.009,100,2,0.01,1.0,3.0,0.7,0,1.0,0.49735179971602966,0.7573629642524582,0.5667934051821755,310.0,12,311
1_disaster,43,random,0.0009,100,2,0.01,1.0,3.0,0.7,0,1.0,0.49735179971602966,0.7573629642524582,0.5584781673323657,306.0,13,293
1_disaster,44,regular,0.1,100,2,0.01,1.0,3.0,0.7,0,1.0,0.493564648245336,0.7477322778370632,0.521872670616564,50.0,5,305
1_disaster,44,superintelligent,0.9,100,2,0.01,1.0,3.0,0.7,0,1.0,0.493564648245336,0.7477322778370632,0.521872670616564,5.0,5,317
1_disaster,44,oracle,1.0,100,2,0.01,1.0,3.0,0.7,0,1.0,0.493564648245336,0.7477322778370632,0.521872670616564,5.0,5,317
1_disaster,44,naive,0.009,100,2,0.01,1.0,3.0,0.7,0,1.0,0.493564648245336,0.7477322778370632,0.5198018149212814,232.0,4,305
1_disaster,44,random,0.0009,100,2,0.01,1.0,3.0,0.7,0,1.0,0.493564648245336,0.7477322778370632,0.5167111450832129,178.0,4,310
1_disaster,45,regular,0.1,100,2,0.01,1.0,3.0,0.7,0,1.0,0.5002136281777869,0.7317629286042969,0.5919626017705145,160.0,16,297
1_disaster,45,superintelligent,0.9,100,2,0.01,1.0,3.0,0.7,0,1.0,0.5002136281777869,0.7317629286042969,0.6009084511252576,19.0,17,312
1_disaster,45,oracle,1.0,100,2,0.01,1.0,3.0,0.7,0,1.0,0.5002136281777869,0.7317629286042969,0.6009084511252576,17.0,17,312
1_disaster,45,naive,0.009,100,2,0.01,1.0,3.0,0.7,0,1.0,0.5002136281777869,0.7317629286042969,0.598220998367781,324.0,18,306
1_disaster,45,random,0.0009,100,2,0.01,1.0,3.0,0.7,0,1.0,0.5002136281777869,0.7317629286042969,0.598220998367781,326.0,18,308
1_disaster,46,regular,0.1,100,2,0.01,1.0,3.0,0.7,0,1.0,0.49197101621049943,0.731319195006488,0.5591807165055002,112.0,13,291
1_disaster,46,superintelligent,0.9,100,2,0.01,1.0,3.0,0.7,0,1.0,0.49197101621049943,0.731319195006488,0.5742585586999279,15.0,14,310
1_disaster,46,oracle,1.0,100,2,0.01,1.0,3.0,0.7,0,1.0,0.49197101621049943,0.731319195006488,0.5742585586999279,14.0,14,310
1_disaster,46,naive,0.009,100,2,0.01,1.0,3.0,0.7,0,1.0,0.49197101621049943,0.731319195006488,0.5591807165055002,251.0,13,302
1_disaster,46,random,0.0009,100,2,0.01,1.0,3.0,0.7,0,1.0,0.49197101621049943,0.731319195006488,0.5743566464226374,318.0,14,311
1_disaster,47,regular,0.1,100,2,0.01,1.0,3.0,0.7,0,1.0,0.5102516173007379,0.7489992132425779,0.56932016996275,72.0,13,300
1_disaster,47,superintelligent,0.9,100,2,0.01,1.0,3.0,0.7,0,1.0,0.5102516173007379,0.7489992132425779,0.5846285124587332,15.0,15,312
1_disaster,47,oracle,1.0,100,2,0.01,1.0,3.0,0.7,0,1.0,0.5102516173007379,0.7489992132425779,0.5668647094509444,13.0,13,313
1_disaster,47,naive,0.009,100,2,0.01,1.0,3.0,0.7,0,1.0,0.5102516173007379,0.7489992132425779,0.5621413570160074,261.0,12,310
1_disaster,47,random,0.0009,100,2,0.01,1.0,3.0,0.7,0,1.0,0.5102516173007379,0.7489992132425779,0.5810338697596263,322.0,15,307
1_disaster,48,regular,0.1,100,2,0.01,1.0,3.0,0.7,0,1.0,0.5075618981923087,0.7681285351488183,0.5711755779318747,97.0,12,309
1_disaster,48,superintelligent,0.9,100,2,0.01,1.0,3.0,0.7,0,1.0,0.5075618981923087,0.7681285351488183,0.5711755779318747,12.0,12,315
1_disaster,48,oracle,1.0,100,2,0.01,1.0,3.0,0.7,0,1.0,0.5075618981923087,0.7681285351488183,0.5711755779318747,12.0,12,315
1_disaster,48,naive,0.009,100,2,0.01,1.0,3.0,0.7,0,1.0,0.5075618981923087,0.7681285351488183,0.5696195580722099,290.0,13,310
1_disaster,48,random,0.0009,100,2,0.01,1.0,3.0,0.7,0,1.0,0.5075618981923087,0.7681285351488183,0.5696195580722099,326.0,13,314
1_disaster,49,regular,0.1,100,2,0.01,1.0,3.0,0.7,0,1.0,0.49776099415046604,0.7419547443321756,0.5572012991460117,67.0,12,295
1_disaster,49,superintelligent,0.9,100,2,0.01,1.0,3.0,0.7,0,1.0,0.49776099415046604,0.7419547443321756,0.5572012991460117,14.0,12,313
1_disaster,49,oracle,1.0,100,2,0.01,1.0,3.0,0.7,0,1.0,0.49776099415046604,0.7419547443321756,0.5572012991460117,12.0,12,313
1_disaster,49,naive,0.009,100,2,0.01,1.0,3.0,0.7,0,1.0,0.49776099415046604,0.7419547443321756,0.5511818150350505,262.0,11,310
1_disaster,49,random,0.0009,100,2,0.01,1.0,3.0,0.7,0,1.0,0.49776099415046604,0.7419547443321756,0.5511818150350505,308.0,11,303
1_disaster,50,regular,0.1,100,2,0.01,1.0,3.0,0.7,0,1.0,0.4704097985027259,0.7370100482844648,0.5476286953811198,116.0,13,304
1_disaster,50,superintelligent,0.9,100,2,0.01,1.0,3.0,0.7,0,1.0,0.4704097985027259,0.7370100482844648,0.5476286953811198,16.0,13,312
1_disaster,50,oracle,1.0,100,2,0.01,1.0,3.0,0.7,0,1.0,0.4704097985027259,0.7370100482844648,0.5476286953811198,13.0,13,312
1_disaster,50,naive,0.009,100,2,0.01,1.0,3.0,0.7,0,1.0,0.4704097985027259,0.7370100482844648,0.545537578996998,149.0,14,311
1_disaster,50,random,0.0009,100,2,0.01,1.0,3.0,0.7,0,1.0,0.4704097985027259,0.7370100482844648,0.5476286953811198,317.0,13,304
1_disaster,51,regular,0.1,100,2,0.01,1.0,3.0,0.7,0,1.0,0.4765981067254128,0.7254300060422166,0.5459447649478895,79.0,9,309
1_disaster,51,superintelligent,0.9,100,2,0.01,1.0,3.0,0.7,0,1.0,0.4765981067254128,0.7254300060422166,0.5509893593739397,10.0,10,313
1_disaster,51,oracle,1.0,100,2,0.01,1.0,3.0,0.7,0,1.0,0.4765981067254128,0.7254300060422166,0.5509893593739397,10.0,10,313
1_disaster,51,naive,0.009,100,2,0.01,1.0,3.0,0.7,0,1.0,0.4765981067254128,0.7254300060422166,0.5472952868780593,289.0,13,306
1_disaster,51,random,0.0009,100,2,0.01,1.0,3.0,0.7,0,1.0,0.4765981067254128,0.7254300060422166,0.5472952868780593,325.0,13,312
1_disaster,52,regular,0.1,100,2,0.01,1.0,3.0,0.7,0,1.0,0.5453264486275476,0.7347452844451099,0.5812613769325953,92.0,8,311
1_disaster,52,superintelligent,0.9,100,2,0.01,1.0,3.0,0.7,0,1.0,0.5453264486275476,0.7347452844451099,0.5812613769325953,8.0,8,317
1_disaster,52,oracle,1.0,100,2,0.01,1.0,3.0,0.7,0,1.0,0.5453264486275476,0.7347452844451099,0.5812613769325953,8.0,8,317
1_disaster,52,naive,0.009,100,2,0.01,1.0,3.0,0.7,0,1.0,0.5453264486275476,0.7347452844451099,0.5812613769325953,277.0,8,299
1_disaster,52,random,0.0009,100,2,0.01,1.0,3.0,0.7,0,1.0,0.5453264486275476,0.7347452844451099,0.5812613769325953,280.0,8,284
1_disaster,53,regular,0.1,100,2,0.01,1.0,3.0,0.7,0,1.0,0.47339487315291373,0.750436957377831,0.5488367025154893,86.0,11,310
1_disaster,53,superintelligent,0.9,100,2,0.01,1.0,3.0,0.7,0,1.0,0.47339487315291373,0.750436957377831,0.5488367025154893,14.0,11,313
1_disaster,53,oracle,1.0,100,2,0.01,1.0,3.0,0.7,0,1.0,0.47339487315291373,0.750436957377831,0.5488367025154893,11.0,11,313
1_disaster,53,naive,0.009,100,2,0.01,1.0,3.0,0.7,0,1.0,0.47339487315291373,0.750436957377831,0.5410771194332142,304.0,13,296
1_disaster,53,random,0.0009,100,2,0.01,1.0,3.0,0.7,0,1.0,0.47339487315291373,0.750436957377831,0.5428391677408915,239.0,14,271
1_disaster,54,regular,0.1,100,2,0.01,1.0,3.0,0.7,0,1.0,0.47769392966827406,0.7419563296047852,0.5550321211845405,167.0,13,309
1_disaster,54,superintelligent,0.9,100,2,0.01,1.0,3.0,0.7,0,1.0,0.47769392966827406,0.7419563296047852,0.5550321211845405,13.0,13,309
1_disaster,54,oracle,1.0,100,2,0.01,1.0,3.0,0.7,0,1.0,0.47769392966827406,0.7419563296047852,0.5550321211845405,13.0,13,309
1_disaster,54,naive,0.009,100,2,0.01,1.0,3.0,0.7,0,1.0,0.47769392966827406,0.7419563296047852,0.5395179450182873,322.0,12,310
1_disaster,54,random,0.0009,100,2,0.01,1.0,3.0,0.7,0,1.0,0.47769392966827406,0.7419563296047852,0.556949561928824,271.0,17,277
1_disaster,55,regular,0.1,100,2,0.01,1.0,3.0,0.7,0,1.0,0.4910649518948439,0.7399290966755805,0.6021228930423499,138.0,16,275
1_disaster,55,superintelligent,0.9,100,2,0.01,1.0,3.0,0.7,0,1.0,0.4910649518948439,0.7399290966755805,0.6021228930423499,17.0,16,314
1_disaster,55,oracle,1.0,100,2,0.01,1.0,3.0,0.7,0,1.0,0.4910649518948439,0.7399290966755805,0.6021228930423499,16.0,16,314
1_disaster,55,naive,0.009,100,2,0.01,1.0,3.0,0.7,0,1.0,0.4910649518948439,0.7399290966755805,0.5988218727695634,290.0,16,312
1_disaster,55,random,0.0009,100,2,0.01,1.0,3.0,0.7,0,1.0,0.4910649518948439,0.7399290966755805,0.5996469337698335,314.0,17,307
1_disaster,56,regular,0.1,100,2,0.01,1.0,3.0,0.7,0,1.0,0.48008198538450175,0.7186031729530313,0.5415065863885578,94.0,11,286
1_disaster,56,superintelligent,0.9,100,2,0.01,1.0,3.0,0.7,0,1.0,0.48008198538450175,0.7186031729530313,0.5415065863885578,11.0,11,312
1_disaster,56,oracle,1.0,100,2,0.01,1.0,3.0,0.7,0,1.0,0.48008198538450175,0.7186031729530313,0.5415065863885578,11.0,11,312
1_disaster,56,naive,0.009,100,2,0.01,1.0,3.0,0.7,0,1.0,0.48008198538450175,0.7186031729530313,0.5428333120653768,318.0,10,308
1_disaster,56,random,0.0009,100,2,0.01,1.0,3.0,0.7,0,1.0,0.48008198538450175,0.7186031729530313,0.5379375348930779,277.0,10,307
1_disaster,57,regular,0.1,100,2,0.01,1.0,3.0,0.7,0,1.0,0.5200337465797223,0.7610218174037036,0.5795753702345937,132.0,12,305
1_disaster,57,superintelligent,0.9,100,2,0.01,1.0,3.0,0.7,0,1.0,0.5200337465797223,0.7610218174037036,0.5855977756366749,18.0,13,315
1_disaster,57,oracle,1.0,100,2,0.01,1.0,3.0,0.7,0,1.0,0.5200337465797223,0.7610218174037036,0.5855977756366749,13.0,13,315
1_disaster,57,naive,0.009,100,2,0.01,1.0,3.0,0.7,0,1.0,0.5200337465797223,0.7610218174037036,0.581403514481885,262.0,11,306
1_disaster,57,random,0.0009,100,2,0.01,1.0,3.0,0.7,0,1.0,0.5200337465797223,0.7610218174037036,0.5855977756366749,301.0,13,315
1_disaster,58,regular,0.1,100,2,0.01,1.0,3.0,0.7,0,1.0,0.49357797884983384,0.7430257307275397,0.5499825504716672,81.0,12,307
1_disaster,58,superintelligent,0.9,100,2,0.01,1.0,3.0,0.7,0,1.0,0.49357797884983384,0.7430257307275397,0.5499825504716672,14.0,12,312
1_disaster,58,oracle,1.0,100,2,0.01,1.0,3.0,0.7,0,1.0,0.49357797884983384,0.7430257307275397,0.5499825504716672,12.0,12,312
1_disaster,58,naive,0.009,100,2,0.01,1.0,3.0,0.7,0,1.0,0.49357797884983384,0.7430257307275397,0.5499825504716672,321.0,12,309
1_disaster,58,random,0.0009,100,2,0.01,1.0,3.0,0.7,0,1.0,0.49357797884983384,0.7430257307275397,0.5499825504716672,323.0,12,312
1_disaster,59,regular,0.1,100,2,0.01,1.0,3.0,0.7,0,1.0,0.5436915745709762,0.7636250082720353,0.6044880124349913,90.0,11,311
1_disaster,59,superintelligent,0.9,100,2,0.01,1.0,3.0,0.7,0,1.0,0.5436915745709762,0.7636250082720353,0.610024728438429,12.0,11,314
1_disaster,59,oracle,1.0,100,2,0.01,1.0,3.0,0.7,0,1.0,0.5436915745709762,0.7636250082720353,0.610024728438429,11.0,11,314
1_disaster,59,naive,0.009,100,2,0.01,1.0,3.0,0.7,0,1.0,0.5436915745709762,0.7636250082720353,0.6071588424335765,321.0,10,312
1_disaster,59,random,0.0009,100,2,0.01,1.0,3.0,0.7,0,1.0,0.5436915745709762,0.7636250082720353,0.6001679705985652,300.0,10,310
1_disaster,60,regular,0.1,100,2,0.01,1.0,3.0,0.7,0,1.0,0.4914888025783981,0.736383400107038,0.567608204923403,102.0,11,259
1_disaster,60,superintelligent,0.9,100,2,0.01,1.0,3.0,0.7,0,1.0,0.4914888025783981,0.736383400107038,0.567608204923403,15.0,11,313
1_disaster,60,oracle,1.0,100,2,0.01,1.0,3.0,0.7,0,1.0,0.4914888025783981,0.736383400107038,0.567608204923403,11.0,11,313
1_disaster,60,naive,0.009,100,2,0.01,1.0,3.0,0.7,0,1.0,0.4914888025783981,0.736383400107038,0.567608204923403,307.0,11,307
1_disaster,60,random,0.0009,100,2,0.01,1.0,3.0,0.7,0,1.0,0.4914888025783981,0.736383400107038,0.5656914407576301,310.0,11,308
1_disaster,61,regular,0.1,100,2,0.01,1.0,3.0,0.7,0,1.0,0.48640452733324385,0.7531283535601491,0.5638091913402112,94.0,11,280
1_disaster,61,superintelligent,0.9,100,2,0.01,1.0,3.0,0.7,0,1.0,0.48640452733324385,0.7531283535601491,0.5638091913402112,12.0,11,310
1_disaster,61,oracle,1.0,100,2,0.01,1.0,3.0,0.7,0,1.0,0.48640452733324385,0.7531283535601491,0.5638091913402112,11.0,11,310
1_disaster,61,naive,0.009,100,2,0.01,1.0,3.0,0.7,0,1.0,0.48640452733324385,0.7531283535601491,0.5602780533171734,315.0,12,303
1_disaster,61,random,0.0009,100,2,0.01,1.0,3.0,0.7,0,1.0,0.48640452733324385,0.7531283535601491,0.556025869711462,316.0,13,303
1_disaster,62,regular,0.1,100,2,0.01,1.0,3.0,0.7,0,1.0,0.5406063651498425,0.7370379125174494,0.572616642285039,46.0,7,282
1_disaster,62,superintelligent,0.9,100,2,0.01,1.0,3.0,0.7,0,1.0,0.5406063651498425,0.7370379125174494,0.572616642285039,7.0,7,317
1_disaster,62,oracle,1.0,100,2,0.01,1.0,3.0,0.7,0,1.0,0.5406063651498425,0.7370379125174494,0.572616642285039,7.0,7,317
1_disaster,62,naive,0.009,100,2,0.01,1.0,3.0,0.7,0,1.0,0.5406063651498425,0.7370379125174494,0.570217920838092,234.0,6,293
1_disaster,62,random,0.0009,100,2,0.01,1.0,3.0,0.7,0,1.0,0.5406063651498425,0.7370379125174494,0.570217920838092,280.0,6,309
1_disaster,63,regular,0.1,100,2,0.01,1.0,3.0,0.7,0,1.0,0.47448427256975534,0.7489605300395781,0.5529185738732678,108.0,12,309
1_disaster,63,superintelligent,0.9,100,2,0.01,1.0,3.0,0.7,0,1.0,0.47448427256975534,0.7489605300395781,0.5619020039475623,14.0,13,313
1_disaster,63,oracle,1.0,100,2,0.01,1.0,3.0,0.7,0,1.0,0.47448427256975534,0.7489605300395781,0.5619020039475623,13.0,13,313
1_disaster,63,naive,0.009,100,2,0.01,1.0,3.0,0.7,0,1.0,0.47448427256975534,0.7489605300395781,0.5533425827952254,279.0,14,309
1_disaster,63,random,0.0009,100,2,0.01,1.0,3.0,0.7,0,1.0,0.47448427256975534,0.7489605300395781,0.5554521962110148,311.0,14,309
1_disaster,64,regular,0.1,100,2,0.01,1.0,3.0,0.7,0,1.0,0.5353937734007403,0.7301951087618602,0.5725020854889853,117.0,11,304
1_disaster,64,superintelligent,0.9,100,2,0.01,1.0,3.0,0.7,0,1.0,0.5353937734007403,0.7301951087618602,0.5725020854889853,14.0,11,314
1_disaster,64,oracle,1.0,100,2,0.01,1.0,3.0,0.7,0,1.0,0.5353937734007403,0.7301951087618602,0.5725020854889853,11.0,11,314
1_disaster,64,naive,0.009,100,2,0.01,1.0,3.0,0.7,0,1.0,0.5353937734007403,0.7301951087618602,0.5725020854889853,315.0,11,309
1_disaster,64,random,0.0009,100,2,0.01,1.0,3.0,0.7,0,1.0,0.5353937734007403,0.7301951087618602,0.5666935123635753,310.0,10,300
1_disaster,65,regular,0.1,100,2,0.01,1.0,3.0,0.7,0,1.0,0.4261081119370695,0.7325631772392932,0.5401337753239368,92.0,19,302
1_disaster,65,superintelligent,0.9,100,2,0.01,1.0,3.0,0.7,0,1.0,0.4261081119370695,0.7325631772392932,0.5410271642995148,18.0,18,309
1_disaster,65,oracle,1.0,100,2,0.01,1.0,3.0,0.7,0,1.0,0.4261081119370695,0.7325631772392932,0.5410271642995148,18.0,18,309
1_disaster,65,naive,0.009,100,2,0.01,1.0,3.0,0.7,0,1.0,0.4261081119370695,0.7325631772392932,0.5401337753239368,317.0,19,298
1_disaster,65,random,0.0009,100,2,0.01,1.0,3.0,0.7,0,1.0,0.4261081119370695,0.7325631772392932,0.5410271642995148,316.0,18,298
1_disaster,66,regular,0.1,100,2,0.01,1.0,3.0,0.7,0,1.0,0.4964934146949335,0.7358914521537419,0.5579126850058792,87.0,10,285
1_disaster,66,superintelligent,0.9,100,2,0.01,1.0,3.0,0.7,0,1.0,0.4964934146949335,0.7358914521537419,0.5697652440729347,14.0,10,314
1_disaster,66,oracle,1.0,100,2,0.01,1.0,3.0,0.7,0,1.0,0.4964934146949335,0.7358914521537419,0.5697652440729347,10.0,10,314
1_disaster,66,naive,0.009,100,2,0.01,1.0,3.0,0.7,0,1.0,0.4964934146949335,0.7358914521537419,0.5515824015165394,323.0,9,314
1_disaster,66,random,0.0009,100,2,0.01,1.0,3.0,0.7,0,1.0,0.4964934146949335,0.7358914521537419,0.5593511978961261,315.0,10,311
1_disaster,67,regular,0.1,100,2,0.01,1.0,3.0,0.7,0,1.0,0.5082990216620997,0.7361310730567484,0.5650841607358439,78.0,11,280
1_disaster,67,superintelligent,0.9,100,2,0.01,1.0,3.0,0.7,0,1.0,0.5082990216620997,0.7361310730567484,0.5650841607358439,13.0,11,314
1_disaster,67,oracle,1.0,100,2,0.01,1.0,3.0,0.7,0,1.0,0.5082990216620997,0.7361310730567484,0.5650841607358439,11.0,11,314
1_disaster,67,naive,0.009,100,2,0.01,1.0,3.0,0.7,0,1.0,0.5082990216620997,0.7361310730567484,0.5591491448076209,300.0,12,307
1_disaster,67,random,0.0009,100,2,0.01,1.0,3.0,0.7,0,1.0,0.5082990216620997,0.7361310730567484,0.5597504881730756,313.0,13,300
1_disaster,68,regular,0.1,100,2,0.01,1.0,3.0,0.7,0,1.0,0.49649904469715167,0.7466577477616066,0.5714271760841727,79.0,12,301
1_disaster,68,superintelligent,0.9,100,2,0.01,1.0,3.0,0.7,0,1.0,0.49649904469715167,0.7466577477616066,0.5837114987557971,14.0,14,313
1_disaster,68,oracle,1.0,100,2,0.01,1.0,3.0,0.7,0,1.0,0.49649904469715167,0.7466577477616066,0.5837114987557971,14.0,14,313
1_disaster,68,naive,0.009,100,2,0.01,1.0,3.0,0.7,0,1.0,0.49649904469715167,0.7466577477616066,0.5780410998380151,270.0,16,303
1_disaster,68,random,0.0009,100,2,0.01,1.0,3.0,0.7,0,1.0,0.49649904469715167,0.7466577477616066,0.5780410998380151,310.0,16,294
1_disaster,69,regular,0.1,100,2,0.01,1.0,3.0,0.7,0,1.0,0.47483422667755376,0.6984638603792994,0.5528105397193713,139.0,13,263
1_disaster,69,superintelligent,0.9,100,2,0.01,1.0,3.0,0.7,0,1.0,0.47483422667755376,0.6984638603792994,0.554581963997138,16.0,13,313
1_disaster,69,oracle,1.0,100,2,0.01,1.0,3.0,0.7,0,1.0,0.47483422667755376,0.6984638603792994,0.554581963997138,13.0,13,313
1_disaster,69,naive,0.009,100,2,0.01,1.0,3.0,0.7,0,1.0,0.47483422667755376,0.6984638603792994,0.5500357110853382,256.0,12,304
1_disaster,69,random,0.0009,100,2,0.01,1.0,3.0,0.7,0,1.0,0.47483422667755376,0.6984638603792994,0.5369105122567887,293.0,10,283
1_disaster,70,regular,0.1,100,2,0.01,1.0,3.0,0.7,0,1.0,0.48586619118166724,0.7606672182497355,0.5489827751677406,31.0,11,299
1_disaster,70,superintelligent,0.9,100,2,0.01,1.0,3.0,0.7,0,1.0,0.48586619118166724,0.7606672182497355,0.5489827751677406,12.0,11,314
1_disaster,70,oracle,1.0,100,2,0.01,1.0,3.0,0.7,0,1.0,0.48586619118166724,0.7606672182497355,0.5489827751677406,11.0,11,314
1_disaster,70,naive,0.009,100,2,0.01,1.0,3.0,0.7,0,1.0,0.48586619118166724,0.7606672182497355,0.5494825109204706,301.0,13,292
1_disaster,70,random,0.0009,100,2,0.01,1.0,3.0,0.7,0,1.0,0.48586619118166724,0.7606672182497355,0.546338335465165,310.0,12,309
1_disaster,71,regular,0.1,100,2,0.01,1.0,3.0,0.7,0,1.0,0.533165221589262,0.7514211149010412,0.5730275615015887,149.0,11,306
1_disaster,71,superintelligent,0.9,100,2,0.01,1.0,3.0,0.7,0,1.0,0.533165221589262,0.7514211149010412,0.5730275615015887,11.0,11,311
1_disaster,71,oracle,1.0,100,2,0.01,1.0,3.0,0.7,0,1.0,0.533165221589262,0.7514211149010412,0.5730275615015887,11.0,11,311
1_disaster,71,naive,0.009,100,2,0.01,1.0,3.0,0.7,0,1.0,0.533165221589262,0.7514211149010412,0.5647697315146669,178.0,10,286
1_disaster,71,random,0.0009,100,2,0.01,1.0,3.0,0.7,0,1.0,0.533165221589262,0.7514211149010412,0.5625267872838206,294.0,11,309
1_disaster,72,regular,0.1,100,2,0.01,1.0,3.0,0.7,0,1.0,0.46360210875979846,0.7328793297774197,0.548312258386486,82.0,11,301
1_disaster,72,superintelligent,0.9,100,2,0.01,1.0,3.0,0.7,0,1.0,0.46360210875979846,0.7328793297774197,0.548312258386486,11.0,11,317
1_disaster,72,oracle,1.0,100,2,0.01,1.0,3.0,0.7,0,1.0,0.46360210875979846,0.7328793297774197,0.548312258386486,11.0,11,317
1_disaster,72,naive,0.009,100,2,0.01,1.0,3.0,0.7,0,1.0,0.46360210875979846,0.7328793297774197,0.5451689244669154,293.0,13,312
1_disaster,72,random,0.0009,100,2,0.01,1.0,3.0,0.7,0,1.0,0.46360210875979846,0.7328793297774197,0.5457134452420278,313.0,12,301
1_disaster,73,regular,0.1,100,2,0.01,1.0,3.0,0.7,0,1.0,0.47903099488218176,0.7251397876203105,0.5482723961719663,106.0,15,240
1_disaster,73,superintelligent,0.9,100,2,0.01,1.0,3.0,0.7,0,1.0,0.47903099488218176,0.7251397876203105,0.5511773484424538,21.0,15,312
1_disaster,73,oracle,1.0,100,2,0.01,1.0,3.0,0.7,0,1.0,0.47903099488218176,0.7251397876203105,0.5511773484424538,15.0,15,312
1_disaster,73,naive,0.009,100,2,0.01,1.0,3.0,0.7,0,1.0,0.47903099488218176,0.7251397876203105,0.5460208673938347,313.0,15,310
1_disaster,73,random,0.0009,100,2,0.01,1.0,3.0,0.7,0,1.0,0.47903099488218176,0.7251397876203105,0.5511138679645424,314.0,16,306
1_disaster,74,regular,0.1,100,2,0.01,1.0,3.0,0.7,0,1.0,0.4800185869065546,0.7306376630482654,0.5756588938918549,83.0,13,299
1_disaster,74,superintelligent,0.9,100,2,0.01,1.0,3.0,0.7,0,1.0,0.4800185869065546,0.7306376630482654,0.5756588938918549,13.0,13,312
1_disaster,74,oracle,1.0,100,2,0.01,1.0,3.0,0.7,0,1.0,0.4800185869065546,0.7306376630482654,0.5756588938918549,13.0,13,312
1_disaster,74,naive,0.009,100,2,0.01,1.0,3.0,0.7,0,1.0,0.4800185869065546,0.7306376630482654,0.5652788041043247,265.0,15,291
1_disaster,74,random,0.0009,100,2,0.01,1.0,3.0,0.7,0,1.0,0.4800185869065546,0.7306376630482654,0.5746131029537844,324.0,14,311
1_disaster,75,regular,0.1,100,2,0.01,1.0,3.0,0.7,0,1.0,0.5234781577563734,0.720872016805721,0.5713541638120091,82.0,9,303
1_disaster,75,superintelligent,0.9,100,2,0.01,1.0,3.0,0.7,0,1.0,0.5234781577563734,0.720872016805721,0.5713541638120091,9.0,9,316
1_disaster,75,oracle,1.0,100,2,0.01,1.0,3.0,0.7,0,1.0,0.5234781577563734,0.720872016805721,0.5713541638120091,9.0,9,316
1_disaster,75,naive,0.009,100,2,0.01,1.0,3.0,0.7,0,1.0,0.5234781577563734,0.720872016805721,0.5701598562528721,118.0,9,297
1_disaster,75,random,0.0009,100,2,0.01,1.0,3.0,0.7,0,1.0,0.5234781577563734,0.720872016805721,0.5701598562528721,267.0,9,302
1_disaster,76,regular,0.1,100,2,0.01,1.0,3.0,0.7,0,1.0,0.5200916216698729,0.7287154218346561,0.5809197556027957,80.0,14,285
1_disaster,76,superintelligent,0.9,100,2,0.01,1.0,3.0,0.7,0,1.0,0.5200916216698729,0.7287154218346561,0.5809197556027957,16.0,14,312
1_disaster,76,oracle,1.0,100,2,0.01,1.0,3.0,0.7,0,1.0,0.5200916216698729,0.7287154218346561,0.5809197556027957,14.0,14,312
1_disaster,76,naive,0.009,100,2,0.01,1.0,3.0,0.7,0,1.0,0.5200916216698729,0.7287154218346561,0.5805819930331413,311.0,13,304
1_disaster,76,random,0.0009,100,2,0.01,1.0,3.0,0.7,0,1.0,0.5200916216698729,0.7287154218346561,0.5770042043943568,248.0,12,289
1_disaster,77,regular,0.1,100,2,0.01,1.0,3.0,0.7,0,1.0,0.518840488281992,0.7481391483719054,0.6043784293151453,163.0,14,303
1_disaster,77,superintelligent,0.9,100,2,0.01,1.0,3.0,0.7,0,1.0,0.518840488281992,0.7481391483719054,0.6043784293151453,17.0,14,314
1_disaster,77,oracle,1.0,100,2,0.01,1.0,3.0,0.7,0,1.0,0.518840488281992,0.7481391483719054,0.6043784293151453,14.0,14,314
1_disaster,77,naive,0.009,100,2,0.01,1.0,3.0,0.7,0,1.0,0.518840488281992,0.7481391483719054,0.5975541082476737,323.0,13,310
1_disaster,77,random,0.0009,100,2,0.01,1.0,3.0,0.7,0,1.0,0.518840488281992,0.7481391483719054,0.5986504882820269,328.0,14,314
1_disaster,78,regular,0.1,100,2,0.01,1.0,3.0,0.7,0,1.0,0.5286032850936706,0.773873342551128,0.5620329530898274,63.0,9,309
1_disaster,78,superintelligent,0.9,100,2,0.01,1.0,3.0,0.7,0,1.0,0.5286032850936706,0.773873342551128,0.5620329530898274,10.0,9,313
1_disaster,78,oracle,1.0,100,2,0.01,1.0,3.0,0.7,0,1.0,0.5286032850936706,0.773873342551128,0.5620329530898274,9.0,9,313
1_disaster,78,naive,0.009,100,2,0.01,1.0,3.0,0.7,0,1.0,0.5286032850936706,0.773873342551128,0.5620329530898274,151.0,9,286
1_disaster,78,random,0.0009,100,2,0.01,1.0,3.0,0.7,0,1.0,0.5286032850936706,0.773873342551128,0.5620329530898274,315.0,9,306
1_disaster,79,regular,0.1,100,2,0.01,1.0,3.0,0.7,0,1.0,0.4507939288774063,0.7066612131807687,0.5323319549882508,66.0,11,317
1_disaster,79,superintelligent,0.9,100,2,0.01,1.0,3.0,0.7,0,1.0,0.4507939288774063,0.7066612131807687,0.5323319549882508,12.0,11,317
1_disaster,79,oracle,1.0,100,2,0.01,1.0,3.0,0.7,0,1.0,0.4507939288774063,0.7066612131807687,0.5323319549882508,11.0,11,317
1_disaster,79,naive,0.009,100,2,0.01,1.0,3.0,0.7,0,1.0,0.4507939288774063,0.7066612131807687,0.5280007525982641,310.0,10,309
1_disaster,79,random,0.0009,100,2,0.01,1.0,3.0,0.7,0,1.0,0.4507939288774063,0.7066612131807687,0.5182183421664821,319.0,10,309
1_disaster,80,regular,0.1,100,2,0.01,1.0,3.0,0.7,0,1.0,0.5133969979894113,0.7584127996605123,0.5611873494882718,66.0,10,312
1_disaster,80,superintelligent,0.9,100,2,0.01,1.0,3.0,0.7,0,1.0,0.5133969979894113,0.7584127996605123,0.5611873494882718,14.0,10,313
1_disaster,80,oracle,1.0,100,2,0.01,1.0,3.0,0.7,0,1.0,0.5133969979894113,0.7584127996605123,0.5611873494882718,10.0,10,313
1_disaster,80,naive,0.009,100,2,0.01,1.0,3.0,0.7,0,1.0,0.5133969979894113,0.7584127996605123,0.5723757018568353,311.0,11,311
1_disaster,80,random,0.0009,100,2,0.01,1.0,3.0,0.7,0,1.0,0.5133969979894113,0.7584127996605123,0.5723757018568353,315.0,11,308
1_disaster,81,regular,0.1,100,2,0.01,1.0,3.0,0.7,0,1.0,0.4908046161433367,0.7280751191164632,0.5725992252550681,72.0,11,247
1_disaster,81,superintelligent,0.9,100,2,0.01,1.0,3.0,0.7,0,1.0,0.4908046161433367,0.7280751191164632,0.5725992252550681,12.0,11,312
1_disaster,81,oracle,1.0,100,2,0.01,1.0,3.0,0.7,0,1.0,0.4908046161433367,0.7280751191164632,0.5725992252550681,11.0,11,312
1_disaster,81,naive,0.009,100,2,0.01,1.0,3.0,0.7,0,1.0,0.4908046161433367,0.7280751191164632,0.5699304965335473,319.0,14,305
1_disaster,81,random,0.0009,100,2,0.01,1.0,3.0,0.7,0,1.0,0.4908046161433367,0.7280751191164632,0.571235784957734,267.0,14,294
1_disaster,82,regular,0.1,100,2,0.01,1.0,3.0,0.7,0,1.0,0.5138947613834134,0.7449156777090564,0.5692829505289531,97.0,14,282
1_disaster,82,superintelligent,0.9,100,2,0.01,1.0,3.0,0.7,0,1.0,0.5138947613834134,0.7449156777090564,0.5692829505289531,14.0,14,315
1_disaster,82,oracle,1.0,100,2,0.01,1.0,3.0,0.7,0,1.0,0.5138947613834134,0.7449156777090564,0.5692829505289531,14.0,14,315
1_disaster,82,naive,0.009,100,2,0.01,1.0,3.0,0.7,0,1.0,0.5138947613834134,0.7449156777090564,0.5644774176741051,285.0,14,310
1_disaster,82,random,0.0009,100,2,0.01,1.0,3.0,0.7,0,1.0,0.5138947613834134,0.7449156777090564,0.5656128616448783,298.0,13,285
1_disaster,83,regular,0.1,100,2,0.01,1.0,3.0,0.7,0,1.0,0.49154451531376075,0.7519312954783479,0.5875834466602693,115.0,16,306
1_disaster,83,superintelligent,0.9,100,2,0.01,1.0,3.0,0.7,0,1.0,0.49154451531376075,0.7519312954783479,0.5875834466602693,18.0,16,313
1_disaster,83,oracle,1.0,100,2,0.01,1.0,3.0,0.7,0,1.0,0.49154451531376075,0.7519312954783479,0.5875834466602693,16.0,16,313
1_disaster,83,naive,0.009,100,2,0.01,1.0,3.0,0.7,0,1.0,0.49154451531376075,0.7519312954783479,0.5804490661324955,322.0,17,308
1_disaster,83,random,0.0009,100,2,0.01,1.0,3.0,0.7,0,1.0,0.49154451531376075,0.7519312954783479,0.577152847911549,312.0,14,306
1_disaster,84,regular,0.1,100,2,0.01,1.0,3.0,0.7,0,1.0,0.4967248276458982,0.7324489329102234,0.5463895879143867,131.0,13,293
1_disaster,84,superintelligent,0.9,100,2,0.01,1.0,3.0,0.7,0,1.0,0.4967248276458982,0.7324489329102234,0.5463895879143867,15.0,13,314
1_disaster,84,oracle,1.0,100,2,0.01,1.0,3.0,0.7,0,1.0,0.4967248276458982,0.7324489329102234,0.5463895879143867,13.0,13,314
1_disaster,84,naive,0.009,100,2,0.01,1.0,3.0,0.7,0,1.0,0.4967248276458982,0.7324489329102234,0.5473710846617271,323.0,12,312
1_disaster,84,random,0.0009,100,2,0.01,1.0,3.0,0.7,0,1.0,0.4967248276458982,0.7324489329102234,0.5352819393204377,276.0,11,304
1_disaster,85,regular,0.1,100,2,0.01,1.0,3.0,0.7,0,1.0,0.46738441099492845,0.7355917615889863,0.5256635927847358,88.0,12,308
1_disaster,85,superintelligent,0.9,100,2,0.01,1.0,3.0,0.7,0,1.0,0.46738441099492845,0.7355917615889863,0.5256635927847358,15.0,12,315
1_disaster,85,oracle,1.0,100,2,0.01,1.0,3.0,0.7,0,1.0,0.46738441099492845,0.7355917615889863,0.5256635927847358,12.0,12,315
1_disaster,85,naive,0.009,100,2,0.01,1.0,3.0,0.7,0,1.0,0.46738441099492845,0.7355917615889863,0.5176821963956244,272.0,12,309
1_disaster,85,random,0.0009,100,2,0.01,1.0,3.0,0.7,0,1.0,0.46738441099492845,0.7355917615889863,0.515268394012343,302.0,16,310
1_disaster,86,regular,0.1,100,2,0.01,1.0,3.0,0.7,0,1.0,0.44496040173072343,0.726815581446384,0.5590300250602835,152.0,16,271
1_disaster,86,superintelligent,0.9,100,2,0.01,1.0,3.0,0.7,0,1.0,0.44496040173072343,0.726815581446384,0.5669549838154063,21.0,15,309
1_disaster,86,oracle,1.0,100,2,0.01,1.0,3.0,0.7,0,1.0,0.44496040173072343,0.726815581446384,0.5669549838154063,15.0,15,309
1_disaster,86,naive,0.009,100,2,0.01,1.0,3.0,0.7,0,1.0,0.44496040173072343,0.726815581446384,0.5669549838154063,309.0,15,299
1_disaster,86,random,0.0009,100,2,0.01,1.0,3.0,0.7,0,1.0,0.44496040173072343,0.726815581446384,0.5543190901561552,308.0,15,304
1_disaster,87,regular,0.1,100,2,0.01,1.0,3.0,0.7,0,1.0,0.48682037270501544,0.7123293706465613,0.5183030329589479,102.0,9,258
1_disaster,87,superintelligent,0.9,100,2,0.01,1.0,3.0,0.7,0,1.0,0.48682037270501544,0.7123293706465613,0.5183030329589479,12.0,9,309
1_disaster,87,oracle,1.0,100,2,0.01,1.0,3.0,0.7,0,1.0,0.48682037270501544,0.7123293706465613,0.5183030329589479,9.0,9,309
1_disaster,87,naive,0.009,100,2,0.01,1.0,3.0,0.7,0,1.0,0.48682037270501544,0.7123293706465613,0.5183030329589479,284.0,9,275
1_disaster,87,random,0.0009,100,2,0.01,1.0,3.0,0.7,0,1.0,0.48682037270501544,0.7123293706465613,0.5183030329589479,234.0,9,258
1_disaster,88,regular,0.1,100,2,0.01,1.0,3.0,0.7,0,1.0,0.510406794362381,0.7408159125293776,0.5572596850048599,91.0,11,294
1_disaster,88,superintelligent,0.9,100,2,0.01,1.0,3.0,0.7,0,1.0,0.510406794362381,0.7408159125293776,0.5572596850048599,11.0,11,313
1_disaster,88,oracle,1.0,100,2,0.01,1.0,3.0,0.7,0,1.0,0.510406794362381,0.7408159125293776,0.5572596850048599,11.0,11,313
1_disaster,88,naive,0.009,100,2,0.01,1.0,3.0,0.7,0,1.0,0.510406794362381,0.7408159125293776,0.5538297259918538,168.0,9,290
1_disaster,88,random,0.0009,100,2,0.01,1.0,3.0,0.7,0,1.0,0.510406794362381,0.7408159125293776,0.5572596850048599,307.0,11,304
1_disaster,89,regular,0.1,100,2,0.01,1.0,3.0,0.7,0,1.0,0.4915211507297158,0.7648859215599138,0.5631215660307564,77.0,13,302
1_disaster,89,superintelligent,0.9,100,2,0.01,1.0,3.0,0.7,0,1.0,0.4915211507297158,0.7648859215599138,0.5631215660307564,13.0,13,313
1_disaster,89,oracle,1.0,100,2,0.01,1.0,3.0,0.7,0,1.0,0.4915211507297158,0.7648859215599138,0.5631215660307564,13.0,13,313
1_disaster,89,naive,0.009,100,2,0.01,1.0,3.0,0.7,0,1.0,0.4915211507297158,0.7648859215599138,0.5549846882285442,312.0,11,301
1_disaster,89,random,0.0009,100,2,0.01,1.0,3.0,0.7,0,1.0,0.4915211507297158,0.7648859215599138,0.5626615512554034,311.0,12,300
1_disaster,90,regular,0.1,100,2,0.01,1.0,3.0,0.7,0,1.0,0.4833282298503389,0.7221909120142006,0.5630047924237128,115.0,15,308
1_disaster,90,superintelligent,0.9,100,2,0.01,1.0,3.0,0.7,0,1.0,0.4833282298503389,0.7221909120142006,0.5630047924237128,16.0,15,314
1_disaster,90,oracle,1.0,100,2,0.01,1.0,3.0,0.7,0,1.0,0.4833282298503389,0.7221909120142006,0.5630047924237128,15.0,15,314
1_disaster,90,naive,0.009,100,2,0.01,1.0,3.0,0.7,0,1.0,0.4833282298503389,0.7221909120142006,0.5621172393961682,324.0,15,309
1_disaster,90,random,0.0009,100,2,0.01,1.0,3.0,0.7,0,1.0,0.4833282298503389,0.7221909120142006,0.5598737260079132,307.0,13,309
1_disaster,91,regular,0.1,100,2,0.01,1.0,3.0,0.7,0,1.0,0.4970174107728535,0.7550061193686495,0.5652139477603251,95.0,10,307
1_disaster,91,superintelligent,0.9,100,2,0.01,1.0,3.0,0.7,0,1.0,0.4970174107728535,0.7550061193686495,0.5652139477603251,10.0,10,312
1_disaster,91,oracle,1.0,100,2,0.01,1.0,3.0,0.7,0,1.0,0.4970174107728535,0.7550061193686495,0.5652139477603251,10.0,10,312
1_disaster,91,naive,0.009,100,2,0.01,1.0,3.0,0.7,0,1.0,0.4970174107728535,0.7550061193686495,0.5500877464624752,275.0,8,300
1_disaster,91,random,0.0009,100,2,0.01,1.0,3.0,0.7,0,1.0,0.4970174107728535,0.7550061193686495,0.5652139477603251,303.0,10,293
1_disaster,92,regular,0.1,100,2,0.01,1.0,3.0,0.7,0,1.0,0.5164277766027905,0.7487349850957096,0.574943212771444,83.0,10,266
1_disaster,92,superintelligent,0.9,100,2,0.01,1.0,3.0,0.7,0,1.0,0.5164277766027905,0.7487349850957096,0.574943212771444,11.0,10,311
1_disaster,92,oracle,1.0,100,2,0.01,1.0,3.0,0.7,0,1.0,0.5164277766027905,0.7487349850957096,0.574943212771444,10.0,10,311
1_disaster,92,naive,0.009,100,2,0.01,1.0,3.0,0.7,0,1.0,0.5164277766027905,0.7487349850957096,0.574943212771444,311.0,10,304
1_disaster,92,random,0.0009,100,2,0.01,1.0,3.0,0.7,0,1.0,0.5164277766027905,0.7487349850957096,0.574943212771444,318.0,10,310
1_disaster,93,regular,0.1,100,2,0.01,1.0,3.0,0.7,0,1.0,0.5006196545124798,0.7560783743766568,0.5701060601440339,103.0,11,309
1_disaster,93,superintelligent,0.9,100,2,0.01,1.0,3.0,0.7,0,1.0,0.5006196545124798,0.7560783743766568,0.5701060601440339,12.0,11,315
1_disaster,93,oracle,1.0,100,2,0.01,1.0,3.0,0.7,0,1.0,0.5006196545124798,0.7560783743766568,0.5701060601440339,11.0,11,315
1_disaster,93,naive,0.009,100,2,0.01,1.0,3.0,0.7,0,1.0,0.5006196545124798,0.7560783743766568,0.5562780444081036,320.0,12,308
1_disaster,93,random,0.0009,100,2,0.01,1.0,3.0,0.7,0,1.0,0.5006196545124798,0.7560783743766568,0.5737584948509923,294.0,13,291
1_disaster,94,regular,0.1,100,2,0.01,1.0,3.0,0.7,0,1.0,0.5227005075350192,0.7336602321046588,0.5549475501636737,156.0,11,303
1_disaster,94,superintelligent,0.9,100,2,0.01,1.0,3.0,0.7,0,1.0,0.5227005075350192,0.7336602321046588,0.5549475501636737,11.0,11,316
1_disaster,94,oracle,1.0,100,2,0.01,1.0,3.0,0.7,0,1.0,0.5227005075350192,0.7336602321046588,0.5549475501636737,11.0,11,316
1_disaster,94,naive,0.009,100,2,0.01,1.0,3.0,0.7,0,1.0,0.5227005075350192,0.7336602321046588,0.5518145141020283,306.0,10,296
1_disaster,94,random,0.0009,100,2,0.01,1.0,3.0,0.7,0,1.0,0.5227005075350192,0.7336602321046588,0.5497631243878265,325.0,11,314
1_disaster,95,regular,0.1,100,2,0.01,1.0,3.0,0.7,0,1.0,0.5193174558197389,0.7325181852090318,0.5735139636996345,99.0,12,267
1_disaster,95,superintelligent,0.9,100,2,0.01,1.0,3.0,0.7,0,1.0,0.5193174558197389,0.7325181852090318,0.5735139636996345,15.0,12,312
1_disaster,95,oracle,1.0,100,2,0.01,1.0,3.0,0.7,0,1.0,0.5193174558197389,0.7325181852090318,0.5735139636996345,12.0,12,312
1_disaster,95,naive,0.009,100,2,0.01,1.0,3.0,0.7,0,1.0,0.5193174558197389,0.7325181852090318,0.5735139636996345,307.0,12,295
1_disaster,95,random,0.0009,100,2,0.01,1.0,3.0,0.7,0,1.0,0.5193174558197389,0.7325181852090318,0.5735139636996345,240.0,12,307
1_disaster,96,regular,0.1,100,2,0.01,1.0,3.0,0.7,0,1.0,0.48183077793886503,0.7202385257487095,0.533863837700808,120.0,14,288
1_disaster,96,superintelligent,0.9,100,2,0.01,1.0,3.0,0.7,0,1.0,0.48183077793886503,0.7202385257487095,0.533863837700808,15.0,14,311
1_disaster,96,oracle,1.0,100,2,0.01,1.0,3.0,0.7,0,1.0,0.48183077793886503,0.7202385257487095,0.533863837700808,14.0,14,311
1_disaster,96,naive,0.009,100,2,0.01,1.0,3.0,0.7,0,1.0,0.48183077793886503,0.7202385257487095,0.533863837700808,271.0,14,271
1_disaster,96,random,0.0009,100,2,0.01,1.0,3.0,0.7,0,1.0,0.48183077793886503,0.7202385257487095,0.533863837700808,242.0,14,298
1_disaster,97,regular,0.1,100,2,0.01,1.0,3.0,0.7,0,1.0,0.47906625324491614,0.7450967633182204,0.5457898002664404,145.0,17,267
1_disaster,97,superintelligent,0.9,100,2,0.01,1.0,3.0,0.7,0,1.0,0.47906625324491614,0.7450967633182204,0.5475202119846233,18.0,18,308
1_disaster,97,oracle,1.0,100,2,0.01,1.0,3.0,0.7,0,1.0,0.47906625324491614,0.7450967633182204,0.5475202119846233,18.0,18,308
1_disaster,97,naive,0.009,100,2,0.01,1.0,3.0,0.7,0,1.0,0.47906625324491614,0.7450967633182204,0.5382264458139489,258.0,13,310
1_disaster,97,random,0.0009,100,2,0.01,1.0,3.0,0.7,0,1.0,0.47906625324491614,0.7450967633182204,0.5391411239122563,322.0,14,308
1_disaster,98,regular,0.1,100,2,0.01,1.0,3.0,0.7,0,1.0,0.5472507035904453,0.7405806542247052,0.6084698638822864,98.0,12,292
1_disaster,98,superintelligent,0.9,100,2,0.01,1.0,3.0,0.7,0,1.0,0.5472507035904453,0.7405806542247052,0.6086107294591436,12.0,11,315
1_disaster,98,oracle,1.0,100,2,0.01,1.0,3.0,0.7,0,1.0,0.5472507035904453,0.7405806542247052,0.6086107294591436,11.0,11,315
1_disaster,98,naive,0.009,100,2,0.01,1.0,3.0,0.7,0,1.0,0.5472507035904453,0.7405806542247052,0.6058349263089972,321.0,13,311
1_disaster,98,random,0.0009,100,2,0.01,1.0,3.0,0.7,0,1.0,0.5472507035904453,0.7405806542247052,0.6084698638822864,314.0,12,306
1_disaster,99,regular,0.1,100,2,0.01,1.0,3.0,0.7,0,1.0,0.4961814913976427,0.7230140226631946,0.5349255776840045,76.0,9,262
1_disaster,99,superintelligent,0.9,100,2,0.01,1.0,3.0,0.7,0,1.0,0.4961814913976427,0.7230140226631946,0.5349255776840045,9.0,9,312
1_disaster,99,oracle,1.0,100,2,0.01,1.0,3.0,0.7,0,1.0,0.4961814913976427,0.7230140226631946,0.5349255776840045,9.0,9,312
1_disaster,99,naive,0.009,100,2,0.01,1.0,3.0,0.7,0,1.0,0.4961814913976427,0.7230140226631946,0.5349255776840045,289.0,9,284
1_disaster,99,random,0.0009,100,2,0.01,1.0,3.0,0.7,0,1.0,0.4961814913976427,0.7230140226631946,0.5328333990145964,318.0,10,308
2a_digital_weak,0,regular,0.1,100,4,0.05,1.0,9.0,0.1,0,1.0,0.5026291564213594,0.7583152762055447,0.5566858632719139,56.0,8,839
2a_digital_weak,0,superintelligent,0.9,100,4,0.05,1.0,9.0,0.1,0,1.0,0.5026291564213594,0.7583152762055447,0.5566858632719139,11.0,8,915
2a_digital_weak,0,oracle,1.0,100,4,0.05,1.0,9.0,0.1,0,1.0,0.5026291564213594,0.7583152762055447,0.5566858632719139,8.0,8,915
2a_digital_weak,0,naive,0.009,100,4,0.05,1.0,9.0,0.1,0,1.0,0.5026291564213594,0.7583152762055447,0.5526294337547845,234.0,9,911
2a_digital_weak,0,random,0.0009,100,4,0.05,1.0,9.0,0.1,0,1.0,0.5026291564213594,0.7583152762055447,0.5498755286923782,598.0,10,823
2a_digital_weak,1,regular,0.1,100,4,0.05,1.0,9.0,0.1,0,1.0,0.49269776385747194,0.7439434926490904,0.5694563901876911,81.0,9,895
2a_digital_weak,1,superintelligent,0.9,100,4,0.05,1.0,9.0,0.1,0,1.0,0.49269776385747194,0.7439434926490904,0.5694563901876911,11.0,9,910
2a_digital_weak,1,oracle,1.0,100,4,0.05,1.0,9.0,0.1,0,1.0,0.49269776385747194,0.7439434926490904,0.5694563901876911,9.0,9,910
2a_digital_weak,1,naive,0.009,100,4,0.05,1.0,9.0,0.1,0,1.0,0.49269776385747194,0.7439434926490904,0.5623892117342048,599.0,8,815
2a_digital_weak,1,random,0.0009,100,4,0.05,1.0,9.0,0.1,0,1.0,0.49269776385747194,0.7439434926490904,0.5734390960321136,894.0,11,886
2a_digital_weak,2,regular,0.1,100,4,0.05,1.0,9.0,0.1,0,1.0,0.4511235670214249,0.7514138395612908,0.5281585948461835,39.0,6,843
2a_digital_weak,2,superintelligent,0.9,100,4,0.05,1.0,9.0,0.1,0,1.0,0.4511235670214249,0.7514138395612908,0.5281585948461835,7.0,6,912
2a_digital_weak,2,oracle,1.0,100,4,0.05,1.0,9.0,0.1,0,1.0,0.4511235670214249,0.7514138395612908,0.5281585948461835,6.0,6,912
2a_digital_weak,2,naive,0.009,100,4,0.05,1.0,9.0,0.1,0,1.0,0.4511235670214249,0.7514138395612908,0.527495842370543,490.0,7,752
2a_digital_weak,2,random,0.0009,100,4,0.05,1.0,9.0,0.1,0,1.0,0.4511235670214249,0.7514138395612908,0.5261547475529164,859.0,8,856
2a_digital_weak,3,regular,0.1,100,4,0.05,1.0,9.0,0.1,0,1.0,0.5301181481758624,0.7562349834560463,0.5672262383632273,83.0,7,858
2a_digital_weak,3,superintelligent,0.9,100,4,0.05,1.0,9.0,0.1,0,1.0,0.5301181481758624,0.7562349834560463,0.5672262383632273,8.0,7,910
2a_digital_weak,3,oracle,1.0,100,4,0.05,1.0,9.0,0.1,0,1.0,0.5301181481758624,0.7562349834560463,0.5672262383632273,7.0,7,910
2a_digital_weak,3,naive,0.009,100,4,0.05,1.0,9.0,0.1,0,1.0,0.5301181481758624,0.7562349834560463,0.5672262383632273,630.0,7,728
2a_digital_weak,3,random,0.0009,100,4,0.05,1.0,9.0,0.1,0,1.0,0.5301181481758624,0.7562349834560463,0.555991540608297,902.0,7,910
2a_digital_weak,4,regular,0.1,100,4,0.05,1.0,9.0,0.1,0,1.0,0.540869712142618,0.7529662545288788,0.6255813305513391,63.0,9,906
2a_digital_weak,4,superintelligent,0.9,100,4,0.05,1.0,9.0,0.1,0,1.0,0.540869712142618,0.7529662545288788,0.6255813305513391,9.0,9,915
2a_digital_weak,4,oracle,1.0,100,4,0.05,1.0,9.0,0.1,0,1.0,0.540869712142618,0.7529662545288788,0.6255813305513391,9.0,9,915
2a_digital_weak,4,naive,0.009,100,4,0.05,1.0,9.0,0.1,0,1.0,0.540869712142618,0.7529662545288788,0.6255813305513391,489.0,9,892
2a_digital_weak,4,random,0.0009,100,4,0.05,1.0,9.0,0.1,0,1.0,0.540869712142618,0.7529662545288788,0.6255813305513391,827.0,9,869
2a_digital_weak,5,regular,0.1,100,4,0.05,1.0,9.0,0.1,0,1.0,0.5552046721368424,0.7517791929216878,0.6078584041357209,50.0,5,873
2a_digital_weak,5,superintelligent,0.9,100,4,0.05,1.0,9.0,0.1,0,1.0,0.5552046721368424,0.7517791929216878,0.6078584041357209,5.0,5,915
2a_digital_weak,5,oracle,1.0,100,4,0.05,1.0,9.0,0.1,0,1.0,0.5552046721368424,0.7517791929216878,0.6078584041357209,5.0,5,915
2a_digital_weak,5,naive,0.009,100,4,0.05,1.0,9.0,0.1,0,1.0,0.5552046721368424,0.7517791929216878,0.6078584041357209,329.0,5,825
2a_digital_weak,5,random,0.0009,100,4,0.05,1.0,9.0,0.1,0,1.0,0.5552046721368424,0.7517791929216878,0.6078584041357209,497.0,5,753
2a_digital_weak,6,regular,0.1,100,4,0.05,1.0,9.0,0.1,0,1.0,0.5201647932153018,0.7660392607669708,0.6775069806919207,231.0,19,919
2a_digital_weak,6,superintelligent,0.9,100,4,0.05,1.0,9.0,0.1,0,1.0,0.5201647932153018,0.7660392607669708,0.6775069806919207,22.0,19,922
2a_digital_weak,6,oracle,1.0,100,4,0.05,1.0,9.0,0.1,0,1.0,0.5201647932153018,0.7660392607669708,0.6775069806919207,19.0,19,922
2a_digital_weak,6,naive,0.009,100,4,0.05,1.0,9.0,0.1,0,1.0,0.5201647932153018,0.7660392607669708,0.6526322155285219,817.0,17,914
2a_digital_weak,6,random,0.0009,100,4,0.05,1.0,9.0,0.1,0,1.0,0.5201647932153018,0.7660392607669708,0.6390475610658226,876.0,16,860
2a_digital_weak,7,regular,0.1,100,4,0.05,1.0,9.0,0.1,0,1.0,0.43606382960904566,0.7489657340637281,0.5634537511157767,93.0,12,875
2a_digital_weak,7,superintelligent,0.9,100,4,0.05,1.0,9.0,0.1,0,1.0,0.43606382960904566,0.7489657340637281,0.5634537511157767,12.0,12,914
2a_digital_weak,7,oracle,1.0,100,4,0.05,1.0,9.0,0.1,0,1.0,0.43606382960904566,0.7489657340637281,0.5634537511157767,12.0,12,914
2a_digital_weak,7,naive,0.009,100,4,0.05,1.0,9.0,0.1,0,1.0,0.43606382960904566,0.7489657340637281,0.5634537511157767,663.0,12,902
2a_digital_weak,7,random,0.0009,100,4,0.05,1.0,9.0,0.1,0,1.0,0.43606382960904566,0.7489657340637281,0.5510454239507039,919.0,21,898
2a_digital_weak,8,regular,0.1,100,4,0.05,1.0,9.0,0.1,0,1.0,0.4838051607679292,0.7559047092777708,0.599577891753018,207.0,16,838
2a_digital_weak,8,superintelligent,0.9,100,4,0.05,1.0,9.0,0.1,0,1.0,0.4838051607679292,0.7559047092777708,0.599577891753018,20.0,16,917
2a_digital_weak,8,oracle,1.0,100,4,0.05,1.0,9.0,0.1,0,1.0,0.4838051607679292,0.7559047092777708,0.599577891753018,16.0,16,917
2a_digital_weak,8,naive,0.009,100,4,0.05,1.0,9.0,0.1,0,1.0,0.4838051607679292,0.7559047092777708,0.5410508869852177,199.0,6,722
2a_digital_weak,8,random,0.0009,100,4,0.05,1.0,9.0,0.1,0,1.0,0.4838051607679292,0.7559047092777708,0.5410508869852177,794.0,6,808
2a_digital_weak,9,regular,0.1,100,4,0.05,1.0,9.0,0.1,0,1.0,0.48327365572033243,0.7676158425192133,0.5197421356378813,47.0,7,896
2a_digital_weak,9,superintelligent,0.9,100,4,0.05,1.0,9.0,0.1,0,1.0,0.48327365572033243,0.7676158425192133,0.5197421356378813,8.0,7,908
2a_digital_weak,9,oracle,1.0,100,4,0.05,1.0,9.0,0.1,0,1.0,0.48327365572033243,0.7676158425192133,0.5197421356378813,7.0,7,908
2a_digital_weak,9,naive,0.009,100,4,0.05,1.0,9.0,0.1,0,1.0,0.48327365572033243,0.7676158425192133,0.5141163151751226,258.0,7,869
2a_digital_weak,9,random,0.0009,100,4,0.05,1.0,9.0,0.1,0,1.0,0.48327365572033243,0.7676158425192133,0.5193719923292763,847.0,8,897
2a_digital_weak,10,regular,0.1,100,4,0.05,1.0,9.0,0.1,0,1.0,0.5092332565987402,0.7409643959059173,0.6074250980219627,73.0,11,727
2a_digital_weak,10,superintelligent,0.9,100,4,0.05,1.0,9.0,0.1,0,1.0,0.5092332565987402,0.7409643959059173,0.6074250980219627,11.0,11,907
2a_digital_weak,10,oracle,1.0,100,4,0.05,1.0,9.0,0.1,0,1.0,0.5092332565987402,0.7409643959059173,0.6074250980219627,11.0,11,907
2a_digital_weak,10,naive,0.009,100,4,0.05,1.0,9.0,0.1,0,1.0,0.5092332565987402,0.7409643959059173,0.5652153293394196,902.0,9,893
2a_digital_weak,10,random,0.0009,100,4,0.05,1.0,9.0,0.1,0,1.0,0.5092332565987402,0.7409643959059173,0.5862150471499633,866.0,11,855
2a_digital_weak,11,regular,0.1,100,4,0.05,1.0,9.0,0.1,0,1.0,0.5035742178707839,0.7569658116346856,0.5642889643747933,77.0,9,810
2a_digital_weak,11,superintelligent,0.9,100,4,0.05,1.0,9.0,0.1,0,1.0,0.5035742178707839,0.7569658116346856,0.5642889643747933,14.0,9,916
2a_digital_weak,11,oracle,1.0,100,4,0.05,1.0,9.0,0.1,0,1.0,0.5035742178707839,0.7569658116346856,0.5642889643747933,9.0,9,916
2a_digital_weak,11,naive,0.009,100,4,0.05,1.0,9.0,0.1,0,1.0,0.5035742178707839,0.7569658116346856,0.5691790191857197,415.0,8,894
2a_digital_weak,11,random,0.0009,100,4,0.05,1.0,9.0,0.1,0,1.0,0.5035742178707839,0.7569658116346856,0.5691790191857197,851.0,8,906
2a_digital_weak,12,regular,0.1,100,4,0.05,1.0,9.0,0.1,0,1.0,0.49148680083186674,0.7620193845529855,0.5943616645062488,107.0,16,892
2a_digital_weak,12,superintelligent,0.9,100,4,0.05,1.0,9.0,0.1,0,1.0,0.49148680083186674,0.7620193845529855,0.5943616645062488,17.0,16,915
2a_digital_weak,12,oracle,1.0,100,4,0.05,1.0,9.0,0.1,0,1.0,0.49148680083186674,0.7620193845529855,0.5943616645062488,16.0,16,915
2a_digital_weak,12,naive,0.009,100,4,0.05,1.0,9.0,0.1,0,1.0,0.49148680083186674,0.7620193845529855,0.5877362560264587,705.0,15,911
2a_digital_weak,12,random,0.0009,100,4,0.05,1.0,9.0,0.1,0,1.0,0.49148680083186674,0.7620193845529855,0.5913681014147956,922.0,15,907
2a_digital_weak,13,regular,0.1,100,4,0.05,1.0,9.0,0.1,0,1.0,0.5083483286170972,0.7578608991692154,0.5806264842179167,119.0,9,910
2a_digital_weak,13,superintelligent,0.9,100,4,0.05,1.0,9.0,0.1,0,1.0,0.5083483286170972,0.7578608991692154,0.5806264842179167,10.0,9,912
2a_digital_weak,13,oracle,1.0,100,4,0.05,1.0,9.0,0.1,0,1.0,0.5083483286170972,0.7578608991692154,0.5806264842179167,9.0,9,912
2a_digital_weak,13,naive,0.009,100,4,0.05,1.0,9.0,0.1,0,1.0,0.5083483286170972,0.7578608991692154,0.5859052618619056,278.0,8,904
2a_digital_weak,13,random,0.0009,100,4,0.05,1.0,9.0,0.1,0,1.0,0.5083483286170972,0.7578608991692154,0.5628274788991677,654.0,8,899
2a_digital_weak,14,regular,0.1,100,4,0.05,1.0,9.0,0.1,0,1.0,0.4483884301982834,0.7702387842652957,0.5449852349474981,145.0,11,883
2a_digital_weak,14,superintelligent,0.9,100,4,0.05,1.0,9.0,0.1,0,1.0,0.4483884301982834,0.7702387842652957,0.5449852349474981,11.0,11,916
2a_digital_weak,14,oracle,1.0,100,4,0.05,1.0,9.0,0.1,0,1.0,0.4483884301982834,0.7702387842652957,0.5449852349474981,11.0,11,916
2a_digital_weak,14,naive,0.009,100,4,0.05,1.0,9.0,0.1,0,1.0,0.4483884301982834,0.7702387842652957,0.54747212655696,445.0,11,903
2a_digital_weak,14,random,0.0009,100,4,0.05,1.0,9.0,0.1,0,1.0,0.4483884301982834,0.7702387842652957,0.5457186531740021,898.0,12,905
2a_digital_weak,15,regular,0.1,100,4,0.05,1.0,9.0,0.1,0,1.0,0.5268658372279797,0.7656910761668517,0.6352528803754233,216.0,12,862
2a_digital_weak,15,superintelligent,0.9,100,4,0.05,1.0,9.0,0.1,0,1.0,0.5268658372279797,0.7656910761668517,0.6352528803754233,13.0,12,912
2a_digital_weak,15,oracle,1.0,100,4,0.05,1.0,9.0,0.1,0,1.0,0.5268658372279797,0.7656910761668517,0.6352528803754233,12.0,12,912
2a_digital_weak,15,naive,0.009,100,4,0.05,1.0,9.0,0.1,0,1.0,0.5268658372279797,0.7656910761668517,0.6194171564001082,713.0,9,875
2a_digital_weak,15,random,0.0009,100,4,0.05,1.0,9.0,0.1,0,1.0,0.5268658372279797,0.7656910761668517,0.6064807422439888,889.0,7,911
2a_digital_weak,16,regular,0.1,100,4,0.05,1.0,9.0,0.1,0,1.0,0.4699909047806608,0.7538172151521383,0.561308928820879,110.0,9,846
2a_digital_weak,16,superintelligent,0.9,100,4,0.05,1.0,9.0,0.1,0,1.0,0.4699909047806608,0.7538172151521383,0.561308928820879,10.0,9,914
2a_digital_weak,16,oracle,1.0,100,4,0.05,1.0,9.0,0.1,0,1.0,0.4699909047806608,0.7538172151521383,0.561308928820879,9.0,9,914
2a_digital_weak,16,naive,0.009,100,4,0.05,1.0,9.0,0.1,0,1.0,0.4699909047806608,0.7538172151521383,0.5568567926944169,489.0,10,875
2a_digital_weak,16,random,0.0009,100,4,0.05,1.0,9.0,0.1,0,1.0,0.4699909047806608,0.7538172151521383,0.5846693335204307,928.0,15,913
2a_digital_weak,17,regular,0.1,100,4,0.05,1.0,9.0,0.1,0,1.0,0.5052047530093844,0.7522552983432514,0.6046759555734261,105.0,15,912
2a_digital_weak,17,superintelligent,0.9,100,4,0.05,1.0,9.0,0.1,0,1.0,0.5052047530093844,0.7522552983432514,0.6046759555734261,15.0,15,913
2a_digital_weak,17,oracle,1.0,100,4,0.05,1.0,9.0,0.1,0,1.0,0.5052047530093844,0.7522552983432514,0.6046759555734261,15.0,15,913
2a_digital_weak,17,naive,0.009,100,4,0.05,1.0,9.0,0.1,0,1.0,0.5052047530093844,0.7522552983432514,0.6040596890505558,882.0,14,868
2a_digital_weak,17,random,0.0009,100,4,0.05,1.0,9.0,0.1,0,1.0,0.5052047530093844,0.7522552983432514,0.5825178178183803,899.0,12,887
2a_digital_weak,18,regular,0.1,100,4,0.05,1.0,9.0,0.1,0,1.0,0.4484177179185847,0.7527101379731812,0.4845337788724617,66.0,7,901
2a_digital_weak,18,superintelligent,0.9,100,4,0.05,1.0,9.0,0.1,0,1.0,0.4484177179185847,0.7527101379731812,0.485308161351031,7.0,7,909
2a_digital_weak,18,oracle,1.0,100,4,0.05,1.0,9.0,0.1,0,1.0,0.4484177179185847,0.7527101379731812,0.485308161351031,7.0,7,909
2a_digital_weak,18,naive,0.009,100,4,0.05,1.0,9.0,0.1,0,1.0,0.4484177179185847,0.7527101379731812,0.4845337788724617,606.0,7,814
2a_digital_weak,18,random,0.0009,100,4,0.05,1.0,9.0,0.1,0,1.0,0.4484177179185847,0.7527101379731812,0.47600716954379313,838.0,6,832
2a_digital_weak,19,regular,0.1,100,4,0.05,1.0,9.0,0.1,0,1.0,0.5024476985322942,0.7556862981605891,0.5709436297804168,73.0,13,901
2a_digital_weak,19,superintelligent,0.9,100,4,0.05,1.0,9.0,0.1,0,1.0,0.5024476985322942,0.7556862981605891,0.5709436297804168,15.0,13,910
2a_digital_weak,19,oracle,1.0,100,4,0.05,1.0,9.0,0.1,0,1.0,0.5024476985322942,0.7556862981605891,0.5709436297804168,13.0,13,910
2a_digital_weak,19,naive,0.009,100,4,0.05,1.0,9.0,0.1,0,1.0,0.5024476985322942,0.7556862981605891,0.5709436297804168,663.0,13,857
2a_digital_weak,19,random,0.0009,100,4,0.05,1.0,9.0,0.1,0,1.0,0.5024476985322942,0.7556862981605891,0.5621317733489616,910.0,9,901
2a_digital_weak,20,regular,0.1,100,4,0.05,1.0,9.0,0.1,0,1.0,0.46627970861023316,0.7630938997381903,0.5685246690075174,75.0,9,910
2a_digital_weak,20,superintelligent,0.9,100,4,0.05,1.0,9.0,0.1,0,1.0,0.46627970861023316,0.7630938997381903,0.5685246690075174,9.0,9,913
2a_digital_weak,20,oracle,1.0,100,4,0.05,1.0,9.0,0.1,0,1.0,0.46627970861023316,0.7630938997381903,0.5685246690075174,9.0,9,913
2a_digital_weak,20,naive,0.009,100,4,0.05,1.0,9.0,0.1,0,1.0,0.46627970861023316,0.7630938997381903,0.5630252682948896,411.0,9,878
2a_digital_weak,20,random,0.0009,100,4,0.05,1.0,9.0,0.1,0,1.0,0.46627970861023316,0.7630938997381903,0.5746123650324829,888.0,13,910
2a_digital_weak,21,regular,0.1,100,4,0.05,1.0,9.0,0.1,0,1.0,0.513252586922607,0.7662782978809081,0.5843875302432516,65.0,10,908
2a_digital_weak,21,superintelligent,0.9,100,4,0.05,1.0,9.0,0.1,0,1.0,0.513252586922607,0.7662782978809081,0.5843875302432516,12.0,10,913
2a_digital_weak,21,oracle,1.0,100,4,0.05,1.0,9.0,0.1,0,1.0,0.513252586922607,0.7662782978809081,0.5843875302432516,10.0,10,913
2a_digital_weak,21,naive,0.009,100,4,0.05,1.0,9.0,0.1,0,1.0,0.513252586922607,0.7662782978809081,0.5766093618714763,677.0,11,891
2a_digital_weak,21,random,0.0009,100,4,0.05,1.0,9.0,0.1,0,1.0,0.513252586922607,0.7662782978809081,0.5820691063807792,879.0,8,908
2a_digital_weak,22,regular,0.1,100,4,0.05,1.0,9.0,0.1,0,1.0,0.44428087737646854,0.7382440530701865,0.5697904443489719,177.0,19,880
2a_digital_weak,22,superintelligent,0.9,100,4,0.05,1.0,9.0,0.1,0,1.0,0.44428087737646854,0.7382440530701865,0.5540047311037612,17.0,15,914
2a_digital_weak,22,oracle,1.0,100,4,0.05,1.0,9.0,0.1,0,1.0,0.44428087737646854,0.7382440530701865,0.5540047311037612,15.0,15,914
2a_digital_weak,22,naive,0.009,100,4,0.05,1.0,9.0,0.1,0,1.0,0.44428087737646854,0.7382440530701865,0.5862686762258218,898.0,21,911
2a_digital_weak,22,random,0.0009,100,4,0.05,1.0,9.0,0.1,0,1.0,0.44428087737646854,0.7382440530701865,0.5350532551983747,917.0,11,906
2a_digital_weak,23,regular,0.1,100,4,0.05,1.0,9.0,0.1,0,1.0,0.49779617120749237,0.7533656119260931,0.6161297310631382,128.0,15,842
2a_digital_weak,23,superintelligent,0.9,100,4,0.05,1.0,9.0,0.1,0,1.0,0.49779617120749237,0.7533656119260931,0.6210073230277814,15.0,14,912
2a_digital_weak,23,oracle,1.0,100,4,0.05,1.0,9.0,0.1,0,1.0,0.49779617120749237,0.7533656119260931,0.6210073230277814,14.0,14,912
2a_digital_weak,23,naive,0.009,100,4,0.05,1.0,9.0,0.1,0,1.0,0.49779617120749237,0.7533656119260931,0.6086739519064648,706.0,13,791
2a_digital_weak,23,random,0.0009,100,4,0.05,1.0,9.0,0.1,0,1.0,0.49779617120749237,0.7533656119260931,0.6188651009646011,900.0,17,902
2a_digital_weak,24,regular,0.1,100,4,0.05,1.0,9.0,0.1,0,1.0,0.5134572780965507,0.7502057720068509,0.5570709596149449,33.0,5,906
2a_digital_weak,24,superintelligent,0.9,100,4,0.05,1.0,9.0,0.1,0,1.0,0.5134572780965507,0.7502057720068509,0.5570709596149449,5.0,5,912
2a_digital_weak,24,oracle,1.0,100,4,0.05,1.0,9.0,0.1,0,1.0,0.5134572780965507,0.7502057720068509,0.5570709596149449,5.0,5,912
2a_digital_weak,24,naive,0.009,100,4,0.05,1.0,9.0,0.1,0,1.0,0.5134572780965507,0.7502057720068509,0.5570709596149449,149.0,5,784
2a_digital_weak,24,random,0.0009,100,4,0.05,1.0,9.0,0.1,0,1.0,0.5134572780965507,0.7502057720068509,0.5570709596149449,905.0,5,906
2a_digital_weak,25,regular,0.1,100,4,0.05,1.0,9.0,0.1,0,1.0,0.4832972020528578,0.7557728314730082,0.5576825571668811,166.0,15,795
2a_digital_weak,25,superintelligent,0.9,100,4,0.05,1.0,9.0,0.1,0,1.0,0.4832972020528578,0.7557728314730082,0.5576825571668811,15.0,15,910
2a_digital_weak,25,oracle,1.0,100,4,0.05,1.0,9.0,0.1,0,1.0,0.4832972020528578,0.7557728314730082,0.5576825571668811,15.0,15,910
2a_digital_weak,25,naive,0.009,100,4,0.05,1.0,9.0,0.1,0,1.0,0.4832972020528578,0.7557728314730082,0.5343439796121588,732.0,9,895
2a_digital_weak,25,random,0.0009,100,4,0.05,1.0,9.0,0.1,0,1.0,0.4832972020528578,0.7557728314730082,0.5387552972616896,914.0,13,904
2a_digital_weak,26,regular,0.1,100,4,0.05,1.0,9.0,0.1,0,1.0,0.48333326469346344,0.7546927821602817,0.5577318986559168,71.0,8,907
2a_digital_weak,26,superintelligent,0.9,100,4,0.05,1.0,9.0,0.1,0,1.0,0.48333326469346344,0.7546927821602817,0.5577318986559168,11.0,8,913
2a_digital_weak,26,oracle,1.0,100,4,0.05,1.0,9.0,0.1,0,1.0,0.48333326469346344,0.7546927821602817,0.5577318986559168,8.0,8,913
2a_digital_weak,26,naive,0.009,100,4,0.05,1.0,9.0,0.1,0,1.0,0.48333326469346344,0.7546927821602817,0.555659616653229,547.0,10,847
2a_digital_weak,26,random,0.0009,100,4,0.05,1.0,9.0,0.1,0,1.0,0.48333326469346344,0.7546927821602817,0.5443274044168136,801.0,11,887
2a_digital_weak,27,regular,0.1,100,4,0.05,1.0,9.0,0.1,0,1.0,0.5403001251063968,0.7549324872799846,0.5726449113716262,30.0,6,878
2a_digital_weak,27,superintelligent,0.9,100,4,0.05,1.0,9.0,0.1,0,1.0,0.5403001251063968,0.7549324872799846,0.5726449113716262,6.0,6,913
2a_digital_weak,27,oracle,1.0,100,4,0.05,1.0,9.0,0.1,0,1.0,0.5403001251063968,0.7549324872799846,0.5726449113716262,6.0,6,913
2a_digital_weak,27,naive,0.009,100,4,0.05,1.0,9.0,0.1,0,1.0,0.5403001251063968,0.7549324872799846,0.5726449113716262,412.0,6,736
2a_digital_weak,27,random,0.0009,100,4,0.05,1.0,9.0,0.1,0,1.0,0.5403001251063968,0.7549324872799846,0.5689030321706661,534.0,6,835
2a_digital_weak,28,regular,0.1,100,4,0.05,1.0,9.0,0.1,0,1.0,0.4843966854124281,0.7526231823217632,0.5660753100084677,100.0,11,792
2a_digital_weak,28,superintelligent,0.9,100,4,0.05,1.0,9.0,0.1,0,1.0,0.4843966854124281,0.7526231823217632,0.5660753100084677,12.0,11,919
2a_digital_weak,28,oracle,1.0,100,4,0.05,1.0,9.0,0.1,0,1.0,0.4843966854124281,0.7526231823217632,0.5660753100084677,11.0,11,919
2a_digital_weak,28,naive,0.009,100,4,0.05,1.0,9.0,0.1,0,1.0,0.4843966854124281,0.7526231823217632,0.5636199751019108,865.0,10,897
2a_digital_weak,28,random,0.0009,100,4,0.05,1.0,9.0,0.1,0,1.0,0.4843966854124281,0.7526231823217632,0.562955786508597,920.0,11,919
2a_digital_weak,29,regular,0.1,100,4,0.05,1.0,9.0,0.1,0,1.0,0.48827380450173147,0.7518010322011817,0.5694596460377008,64.0,12,845
2a_digital_weak,29,superintelligent,0.9,100,4,0.05,1.0,9.0,0.1,0,1.0,0.48827380450173147,0.7518010322011817,0.5694596460377008,13.0,12,913
2a_digital_weak,29,oracle,1.0,100,4,0.05,1.0,9.0,0.1,0,1.0,0.48827380450173147,0.7518010322011817,0.5694596460377008,12.0,12,913
2a_digital_weak,29,naive,0.009,100,4,0.05,1.0,9.0,0.1,0,1.0,0.48827380450173147,0.7518010322011817,0.5742258581538533,370.0,12,915
2a_digital_weak,29,random,0.0009,100,4,0.05,1.0,9.0,0.1,0,1.0,0.48827380450173147,0.7518010322011817,0.5800003183415141,883.0,16,885
2a_digital_weak,30,regular,0.1,100,4,0.05,1.0,9.0,0.1,0,1.0,0.48748951006060715,0.7436799418376251,0.5771837526589869,73.0,17,824
2a_digital_weak,30,superintelligent,0.9,100,4,0.05,1.0,9.0,0.1,0,1.0,0.48748951006060715,0.7436799418376251,0.5771837526589869,19.0,17,911
2a_digital_weak,30,oracle,1.0,100,4,0.05,1.0,9.0,0.1,0,1.0,0.48748951006060715,0.7436799418376251,0.5771837526589869,17.0,17,911
2a_digital_weak,30,naive,0.009,100,4,0.05,1.0,9.0,0.1,0,1.0,0.48748951006060715,0.7436799418376251,0.559799550696991,802.0,14,911
2a_digital_weak,30,random,0.0009,100,4,0.05,1.0,9.0,0.1,0,1.0,0.48748951006060715,0.7436799418376251,0.5646915602520477,902.0,14,904
2a_digital_weak,31,regular,0.1,100,4,0.05,1.0,9.0,0.1,0,1.0,0.4910606985441108,0.7570272452336945,0.5551259997371241,72.0,7,899
2a_digital_weak,31,superintelligent,0.9,100,4,0.05,1.0,9.0,0.1,0,1.0,0.4910606985441108,0.7570272452336945,0.5551259997371241,8.0,7,916
2a_digital_weak,31,oracle,1.0,100,4,0.05,1.0,9.0,0.1,0,1.0,0.4910606985441108,0.7570272452336945,0.5551259997371241,7.0,7,916
2a_digital_weak,31,naive,0.009,100,4,0.05,1.0,9.0,0.1,0,1.0,0.4910606985441108,0.7570272452336945,0.5600322010929879,523.0,9,867
2a_digital_weak,31,random,0.0009,100,4,0.05,1.0,9.0,0.1,0,1.0,0.4910606985441108,0.7570272452336945,0.5600322010929879,864.0,9,877
2a_digital_weak,32,regular,0.1,100,4,0.05,1.0,9.0,0.1,0,1.0,0.4735375465294047,0.7590997963290372,0.5559802931780627,40.0,7,901
2a_digital_weak,32,superintelligent,0.9,100,4,0.05,1.0,9.0,0.1,0,1.0,0.4735375465294047,0.7590997963290372,0.5559802931780627,7.0,7,913
2a_digital_weak,32,oracle,1.0,100,4,0.05,1.0,9.0,0.1,0,1.0,0.4735375465294047,0.7590997963290372,0.5559802931780627,7.0,7,913
2a_digital_weak,32,naive,0.009,100,4,0.05,1.0,9.0,0.1,0,1.0,0.4735375465294047,0.7590997963290372,0.5673096275687118,619.0,8,788
2a_digital_weak,32,random,0.0009,100,4,0.05,1.0,9.0,0.1,0,1.0,0.4735375465294047,0.7590997963290372,0.5559802931780627,880.0,7,887
2a_digital_weak,33,regular,0.1,100,4,0.05,1.0,9.0,0.1,0,1.0,0.45896351754303977,0.7537518046111471,0.5495410671679823,167.0,13,906
2a_digital_weak,33,superintelligent,0.9,100,4,0.05,1.0,9.0,0.1,0,1.0,0.45896351754303977,0.7537518046111471,0.5767507080331232,19.0,16,916
2a_digital_weak,33,oracle,1.0,100,4,0.05,1.0,9.0,0.1,0,1.0,0.45896351754303977,0.7537518046111471,0.5767507080331232,16.0,16,916
2a_digital_weak,33,naive,0.009,100,4,0.05,1.0,9.0,0.1,0,1.0,0.45896351754303977,0.7537518046111471,0.5710317990255797,894.0,16,878
2a_digital_weak,33,random,0.0009,100,4,0.05,1.0,9.0,0.1,0,1.0,0.45896351754303977,0.7537518046111471,0.5389958312846894,852.0,11,913
2a_digital_weak,34,regular,0.1,100,4,0.05,1.0,9.0,0.1,0,1.0,0.5015814367213278,0.7467926825396194,0.5536553532804469,69.0,9,902
2a_digital_weak,34,superintelligent,0.9,100,4,0.05,1.0,9.0,0.1,0,1.0,0.5015814367213278,0.7467926825396194,0.5536553532804469,9.0,9,912
2a_digital_weak,34,oracle,1.0,100,4,0.05,1.0,9.0,0.1,0,1.0,0.5015814367213278,0.7467926825396194,0.5536553532804469,9.0,9,912
2a_digital_weak,34,naive,0.009,100,4,0.05,1.0,9.0,0.1,0,1.0,0.5015814367213278,0.7467926825396194,0.5536553532804469,594.0,9,905
2a_digital_weak,34,random,0.0009,100,4,0.05,1.0,9.0,0.1,0,1.0,0.5015814367213278,0.7467926825396194,0.5489113575165198,888.0,8,880
2a_digital_weak,35,regular,0.1,100,4,0.05,1.0,9.0,0.1,0,1.0,0.4542785905448033,0.7534859417448209,0.49200601981080416,14.0,4,809
2a_digital_weak,35,superintelligent,0.9,100,4,0.05,1.0,9.0,0.1,0,1.0,0.4542785905448033,0.7534859417448209,0.49200601981080416,4.0,4,910
2a_digital_weak,35,oracle,1.0,100,4,0.05,1.0,9.0,0.1,0,1.0,0.4542785905448033,0.7534859417448209,0.49200601981080416,4.0,4,910
2a_digital_weak,35,naive,0.009,100,4,0.05,1.0,9.0,0.1,0,1.0,0.4542785905448033,0.7534859417448209,0.4911144915913528,302.0,6,894
2a_digital_weak,35,random,0.0009,100,4,0.05,1.0,9.0,0.1,0,1.0,0.4542785905448033,0.7534859417448209,0.49200601981080416,598.0,4,830
2a_digital_weak,36,regular,0.1,100,4,0.05,1.0,9.0,0.1,0,1.0,0.5097067327596346,0.7553811911797059,0.5693662798274647,122.0,10,890
2a_digital_weak,36,superintelligent,0.9,100,4,0.05,1.0,9.0,0.1,0,1.0,0.5097067327596346,0.7553811911797059,0.5693662798274647,11.0,10,912
2a_digital_weak,36,oracle,1.0,100,4,0.05,1.0,9.0,0.1,0,1.0,0.5097067327596346,0.7553811911797059,0.5693662798274647,10.0,10,912
2a_digital_weak,36,naive,0.009,100,4,0.05,1.0,9.0,0.1,0,1.0,0.5097067327596346,0.7553811911797059,0.5620841721530795,627.0,11,784
2a_digital_weak,36,random,0.0009,100,4,0.05,1.0,9.0,0.1,0,1.0,0.5097067327596346,0.7553811911797059,0.5595419159526578,844.0,9,844
2a_digital_weak,37,regular,0.1,100,4,0.05,1.0,9.0,0.1,0,1.0,0.4942476453144326,0.7604892751551852,0.5376901472683667,61.0,7,888
2a_digital_weak,37,superintelligent,0.9,100,4,0.05,1.0,9.0,0.1,0,1.0,0.4942476453144326,0.7604892751551852,0.5376901472683667,8.0,7,909
2a_digital_weak,37,oracle,1.0,100,4,0.05,1.0,9.0,0.1,0,1.0,0.4942476453144326,0.7604892751551852,0.5376901472683667,7.0,7,909
2a_digital_weak,37,naive,0.009,100,4,0.05,1.0,9.0,0.1,0,1.0,0.4942476453144326,0.7604892751551852,0.5376901472683667,538.0,7,880
2a_digital_weak,37,random,0.0009,100,4,0.05,1.0,9.0,0.1,0,1.0,0.4942476453144326,0.7604892751551852,0.5369226333040535,908.0,8,908
2a_digital_weak,38,regular,0.1,100,4,0.05,1.0,9.0,0.1,0,1.0,0.4807800278079988,0.758345702950586,0.5823267329993027,193.0,11,878
2a_digital_weak,38,superintelligent,0.9,100,4,0.05,1.0,9.0,0.1,0,1.0,0.4807800278079988,0.758345702950586,0.5882203775752338,13.0,12,914
2a_digital_weak,38,oracle,1.0,100,4,0.05,1.0,9.0,0.1,0,1.0,0.4807800278079988,0.758345702950586,0.5882203775752338,12.0,12,914
2a_digital_weak,38,naive,0.009,100,4,0.05,1.0,9.0,0.1,0,1.0,0.4807800278079988,0.758345702950586,0.5691826119809221,883.0,11,899
2a_digital_weak,38,random,0.0009,100,4,0.05,1.0,9.0,0.1,0,1.0,0.4807800278079988,0.758345702950586,0.568576170580403,910.0,10,906
2a_digital_weak,39,regular,0.1,100,4,0.05,1.0,9.0,0.1,0,1.0,0.47999674647604607,0.749910543451283,0.5444995025801548,164.0,15,913
2a_digital_weak,39,superintelligent,0.9,100,4,0.05,1.0,9.0,0.1,0,1.0,0.47999674647604607,0.749910543451283,0.5709935134326632,21.0,19,916
2a_digital_weak,39,oracle,1.0,100,4,0.05,1.0,9.0,0.1,0,1.0,0.47999674647604607,0.749910543451283,0.5709935134326632,19.0,19,916
2a_digital_weak,39,naive,0.009,100,4,0.05,1.0,9.0,0.1,0,1.0,0.47999674647604607,0.749910543451283,0.547965384592142,897.0,13,884
2a_digital_weak,39,random,0.0009,100,4,0.05,1.0,9.0,0.1,0,1.0,0.47999674647604607,0.749910543451283,0.54739685708139,929.0,16,913
2a_digital_weak,40,regular,0.1,100,4,0.05,1.0,9.0,0.1,0,1.0,0.558561487020625,0.7479331605615969,0.5808416919964339,13.0,4,824
2a_digital_weak,40,superintelligent,0.9,100,4,0.05,1.0,9.0,0.1,0,1.0,0.558561487020625,0.7479331605615969,0.5808416919964339,4.0,4,910
2a_digital_weak,40,oracle,1.0,100,4,0.05,1.0,9.0,0.1,0,1.0,0.558561487020625,0.7479331605615969,0.5808416919964339,4.0,4,910
2a_digital_weak,40,naive,0.009,100,4,0.05,1.0,9.0,0.1,0,1.0,0.558561487020625,0.7479331605615969,0.5808416919964339,75.0,4,892
2a_digital_weak,40,random,0.0009,100,4,0.05,1.0,9.0,0.1,0,1.0,0.558561487020625,0.7479331605615969,0.5808416919964339,908.0,4,908
2a_digital_weak,41,regular,0.1,100,4,0.05,1.0,9.0,0.1,0,1.0,0.4988098446863164,0.7454035203838129,0.5901602609618616,117.0,14,853
2a_digital_weak,41,superintelligent,0.9,100,4,0.05,1.0,9.0,0.1,0,1.0,0.4988098446863164,0.7454035203838129,0.5901602609618616,16.0,14,913
2a_digital_weak,41,oracle,1.0,100,4,0.05,1.0,9.0,0.1,0,1.0,0.4988098446863164,0.7454035203838129,0.5901602609618616,14.0,14,913
2a_digital_weak,41,naive,0.009,100,4,0.05,1.0,9.0,0.1,0,1.0,0.4988098446863164,0.7454035203838129,0.5778475426689184,288.0,11,843
2a_digital_weak,41,random,0.0009,100,4,0.05,1.0,9.0,0.1,0,1.0,0.4988098446863164,0.7454035203838129,0.5808189171638639,861.0,12,913
2a_digital_weak,42,regular,0.1,100,4,0.05,1.0,9.0,0.1,0,1.0,0.5053998187225585,0.7461494543948625,0.5449993406337816,18.0,4,904
2a_digital_weak,42,superintelligent,0.9,100,4,0.05,1.0,9.0,0.1,0,1.0,0.5053998187225585,0.7461494543948625,0.5449993406337816,5.0,4,911
2a_digital_weak,42,oracle,1.0,100,4,0.05,1.0,9.0,0.1,0,1.0,0.5053998187225585,0.7461494543948625,0.5449993406337816,4.0,4,911
2a_digital_weak,42,naive,0.009,100,4,0.05,1.0,9.0,0.1,0,1.0,0.5053998187225585,0.7461494543948625,0.5449993406337816,547.0,4,903
2a_digital_weak,42,random,0.0009,100,4,0.05,1.0,9.0,0.1,0,1.0,0.5053998187225585,0.7461494543948625,0.5449993406337816,781.0,4,881
2a_digital_weak,43,regular,0.1,100,4,0.05,1.0,9.0,0.1,0,1.0,0.48053737488257675,0.7729785884474182,0.5801013268982761,92.0,11,610
2a_digital_weak,43,superintelligent,0.9,100,4,0.05,1.0,9.0,0.1,0,1.0,0.48053737488257675,0.7729785884474182,0.5864709520178156,16.0,12,910
2a_digital_weak,43,oracle,1.0,100,4,0.05,1.0,9.0,0.1,0,1.0,0.48053737488257675,0.7729785884474182,0.5864709520178156,12.0,12,910
2a_digital_weak,43,naive,0.009,100,4,0.05,1.0,9.0,0.1,0,1.0,0.48053737488257675,0.7729785884474182,0.5864604564413288,720.0,10,732
2a_digital_weak,43,random,0.0009,100,4,0.05,1.0,9.0,0.1,0,1.0,0.48053737488257675,0.7729785884474182,0.5590677155773998,864.0,9,855
2a_digital_weak,44,regular,0.1,100,4,0.05,1.0,9.0,0.1,0,1.0,0.5021682955449651,0.7594114152533727,0.5905584696500212,139.0,11,712
2a_digital_weak,44,superintelligent,0.9,100,4,0.05,1.0,9.0,0.1,0,1.0,0.5021682955449651,0.7594114152533727,0.5942430893807902,14.0,12,909
2a_digital_weak,44,oracle,1.0,100,4,0.05,1.0,9.0,0.1,0,1.0,0.5021682955449651,0.7594114152533727,0.5942430893807902,12.0,12,909
2a_digital_weak,44,naive,0.009,100,4,0.05,1.0,9.0,0.1,0,1.0,0.5021682955449651,0.7594114152533727,0.5724599368940189,919.0,9,917
2a_digital_weak,44,random,0.0009,100,4,0.05,1.0,9.0,0.1,0,1.0,0.5021682955449651,0.7594114152533727,0.5652844601931889,906.0,13,908
2a_digital_weak,45,regular,0.1,100,4,0.05,1.0,9.0,0.1,0,1.0,0.45220796804419694,0.7534811369764538,0.5928934834272981,131.0,15,851
2a_digital_weak,45,superintelligent,0.9,100,4,0.05,1.0,9.0,0.1,0,1.0,0.45220796804419694,0.7534811369764538,0.6020814259270783,18.0,15,918
2a_digital_weak,45,oracle,1.0,100,4,0.05,1.0,9.0,0.1,0,1.0,0.45220796804419694,0.7534811369764538,0.6020814259270783,15.0,15,918
2a_digital_weak,45,naive,0.009,100,4,0.05,1.0,9.0,0.1,0,1.0,0.45220796804419694,0.7534811369764538,0.583105251448681,899.0,16,913
2a_digital_weak,45,random,0.0009,100,4,0.05,1.0,9.0,0.1,0,1.0,0.45220796804419694,0.7534811369764538,0.5975491700108492,912.0,15,898
2a_digital_weak,46,regular,0.1,100,4,0.05,1.0,9.0,0.1,0,1.0,0.4749299249329092,0.770443199797397,0.5465298321501119,81.0,8,790
2a_digital_weak,46,superintelligent,0.9,100,4,0.05,1.0,9.0,0.1,0,1.0,0.4749299249329092,0.770443199797397,0.5465298321501119,10.0,8,911
2a_digital_weak,46,oracle,1.0,100,4,0.05,1.0,9.0,0.1,0,1.0,0.4749299249329092,0.770443199797397,0.5465298321501119,8.0,8,911
2a_digital_weak,46,naive,0.009,100,4,0.05,1.0,9.0,0.1,0,1.0,0.4749299249329092,0.770443199797397,0.5556621966150876,649.0,11,882
2a_digital_weak,46,random,0.0009,100,4,0.05,1.0,9.0,0.1,0,1.0,0.4749299249329092,0.770443199797397,0.5639563556911803,847.0,12,858
2a_digital_weak,47,regular,0.1,100,4,0.05,1.0,9.0,0.1,0,1.0,0.5122886602711546,0.7574156557276503,0.6020455072081226,146.0,12,830
2a_digital_weak,47,superintelligent,0.9,100,4,0.05,1.0,9.0,0.1,0,1.0,0.5122886602711546,0.7574156557276503,0.6020455072081226,12.0,12,912
2a_digital_weak,47,oracle,1.0,100,4,0.05,1.0,9.0,0.1,0,1.0,0.5122886602711546,0.7574156557276503,0.6020455072081226,12.0,12,912
2a_digital_weak,47,naive,0.009,100,4,0.05,1.0,9.0,0.1,0,1.0,0.5122886602711546,0.7574156557276503,0.603076735893743,832.0,13,897
2a_digital_weak,47,random,0.0009,100,4,0.05,1.0,9.0,0.1,0,1.0,0.5122886602711546,0.7574156557276503,0.6020455072081226,752.0,12,906
2a_digital_weak,48,regular,0.1,100,4,0.05,1.0,9.0,0.1,0,1.0,0.5357513958819309,0.7700884152555425,0.6097581919523841,40.0,6,789
2a_digital_weak,48,superintelligent,0.9,100,4,0.05,1.0,9.0,0.1,0,1.0,0.5357513958819309,0.7700884152555425,0.6097581919523841,6.0,6,909
2a_digital_weak,48,oracle,1.0,100,4,0.05,1.0,9.0,0.1,0,1.0,0.5357513958819309,0.7700884152555425,0.6097581919523841,6.0,6,909
2a_digital_weak,48,naive,0.009,100,4,0.05,1.0,9.0,0.1,0,1.0,0.5357513958819309,0.7700884152555425,0.6097581919523841,164.0,6,761
2a_digital_weak,48,random,0.0009,100,4,0.05,1.0,9.0,0.1,0,1.0,0.5357513958819309,0.7700884152555425,0.6065235607366748,798.0,8,888
2a_digital_weak,49,regular,0.1,100,4,0.05,1.0,9.0,0.1,0,1.0,0.5154840267836742,0.7402928288195187,0.6067516392382156,94.0,15,898
2a_digital_weak,49,superintelligent,0.9,100,4,0.05,1.0,9.0,0.1,0,1.0,0.5154840267836742,0.7402928288195187,0.5956346360310594,10.0,10,915
2a_digital_weak,49,oracle,1.0,100,4,0.05,1.0,9.0,0.1,0,1.0,0.5154840267836742,0.7402928288195187,0.5956346360310594,10.0,10,915
2a_digital_weak,49,naive,0.009,100,4,0.05,1.0,9.0,0.1,0,1.0,0.5154840267836742,0.7402928288195187,0.5956346360310594,625.0,10,896
2a_digital_weak,49,random,0.0009,100,4,0.05,1.0,9.0,0.1,0,1.0,0.5154840267836742,0.7402928288195187,0.5789574116682007,827.0,12,893
2a_digital_weak,50,regular,0.1,100,4,0.05,1.0,9.0,0.1,0,1.0,0.5042394801759533,0.7618481876692699,0.5772584409225798,122.0,13,882
2a_digital_weak,50,superintelligent,0.9,100,4,0.05,1.0,9.0,0.1,0,1.0,0.5042394801759533,0.7618481876692699,0.5772584409225798,17.0,13,915
2a_digital_weak,50,oracle,1.0,100,4,0.05,1.0,9.0,0.1,0,1.0,0.5042394801759533,0.7618481876692699,0.5772584409225798,13.0,13,915
2a_digital_weak,50,naive,0.009,100,4,0.05,1.0,9.0,0.1,0,1.0,0.5042394801759533,0.7618481876692699,0.5707536646346147,751.0,13,853
2a_digital_weak,50,random,0.0009,100,4,0.05,1.0,9.0,0.1,0,1.0,0.5042394801759533,0.7618481876692699,0.5574993066522884,842.0,9,875
2a_digital_weak,51,regular,0.1,100,4,0.05,1.0,9.0,0.1,0,1.0,0.49547813676960745,0.7719261798959577,0.5464066014175121,74.0,6,809
2a_digital_weak,51,superintelligent,0.9,100,4,0.05,1.0,9.0,0.1,0,1.0,0.49547813676960745,0.7719261798959577,0.5464066014175121,6.0,6,914
2a_digital_weak,51,oracle,1.0,100,4,0.05,1.0,9.0,0.1,0,1.0,0.49547813676960745,0.7719261798959577,0.5464066014175121,6.0,6,914
2a_digital_weak,51,naive,0.009,100,4,0.05,1.0,9.0,0.1,0,1.0,0.49547813676960745,0.7719261798959577,0.5433919275519046,225.0,6,845
2a_digital_weak,51,random,0.0009,100,4,0.05,1.0,9.0,0.1,0,1.0,0.49547813676960745,0.7719261798959577,0.5473046016185097,846.0,8,880
2a_digital_weak,52,regular,0.1,100,4,0.05,1.0,9.0,0.1,0,1.0,0.5431010593594863,0.7579734202848782,0.629627085059659,193.0,14,903
2a_digital_weak,52,superintelligent,0.9,100,4,0.05,1.0,9.0,0.1,0,1.0,0.5431010593594863,0.7579734202848782,0.6300125420648324,17.0,12,919
2a_digital_weak,52,oracle,1.0,100,4,0.05,1.0,9.0,0.1,0,1.0,0.5431010593594863,0.7579734202848782,0.6300125420648324,12.0,12,919
2a_digital_weak,52,naive,0.009,100,4,0.05,1.0,9.0,0.1,0,1.0,0.5431010593594863,0.7579734202848782,0.6041734305433166,600.0,10,870
2a_digital_weak,52,random,0.0009,100,4,0.05,1.0,9.0,0.1,0,1.0,0.5431010593594863,0.7579734202848782,0.6092475874565201,925.0,11,916
2a_digital_weak,53,regular,0.1,100,4,0.05,1.0,9.0,0.1,0,1.0,0.4569260590828192,0.7529944033583407,0.5546353891632501,135.0,12,866
2a_digital_weak,53,superintelligent,0.9,100,4,0.05,1.0,9.0,0.1,0,1.0,0.4569260590828192,0.7529944033583407,0.5546353891632501,14.0,12,911
2a_digital_weak,53,oracle,1.0,100,4,0.05,1.0,9.0,0.1,0,1.0,0.4569260590828192,0.7529944033583407,0.5546353891632501,12.0,12,911
2a_digital_weak,53,naive,0.009,100,4,0.05,1.0,9.0,0.1,0,1.0,0.4569260590828192,0.7529944033583407,0.5257616638474345,752.0,9,904
2a_digital_weak,53,random,0.0009,100,4,0.05,1.0,9.0,0.1,0,1.0,0.4569260590828192,0.7529944033583407,0.529935147777521,904.0,10,894
2a_digital_weak,54,regular,0.1,100,4,0.05,1.0,9.0,0.1,0,1.0,0.48716039244708215,0.7608808345197272,0.5309142899233028,67.0,6,845
2a_digital_weak,54,superintelligent,0.9,100,4,0.05,1.0,9.0,0.1,0,1.0,0.48716039244708215,0.7608808345197272,0.5309142899233028,7.0,6,915
2a_digital_weak,54,oracle,1.0,100,4,0.05,1.0,9.0,0.1,0,1.0,0.48716039244708215,0.7608808345197272,0.5309142899233028,6.0,6,915
2a_digital_weak,54,naive,0.009,100,4,0.05,1.0,9.0,0.1,0,1.0,0.48716039244708215,0.7608808345197272,0.5309142899233028,459.0,6,847
2a_digital_weak,54,random,0.0009,100,4,0.05,1.0,9.0,0.1,0,1.0,0.48716039244708215,0.7608808345197272,0.5150985640972975,507.0,5,903
2a_digital_weak,55,regular,0.1,100,4,0.05,1.0,9.0,0.1,0,1.0,0.43314106186976276,0.766345592393634,0.4874617547560263,55.0,8,553
2a_digital_weak,55,superintelligent,0.9,100,4,0.05,1.0,9.0,0.1,0,1.0,0.43314106186976276,0.766345592393634,0.4874617547560263,8.0,8,906
2a_digital_weak,55,oracle,1.0,100,4,0.05,1.0,9.0,0.1,0,1.0,0.43314106186976276,0.766345592393634,0.4874617547560263,8.0,8,906
2a_digital_weak,55,naive,0.009,100,4,0.05,1.0,9.0,0.1,0,1.0,0.43314106186976276,0.766345592393634,0.4874617547560263,423.0,8,765
2a_digital_weak,55,random,0.0009,100,4,0.05,1.0,9.0,0.1,0,1.0,0.43314106186976276,0.766345592393634,0.4874617547560263,759.0,8,751
2a_digital_weak,56,regular,0.1,100,4,0.05,1.0,9.0,0.1,0,1.0,0.5062919942559774,0.7620739606286047,0.6088819687637163,170.0,13,882
2a_digital_weak,56,superintelligent,0.9,100,4,0.05,1.0,9.0,0.1,0,1.0,0.5062919942559774,0.7620739606286047,0.6088819687637163,14.0,13,913
2a_digital_weak,56,oracle,1.0,100,4,0.05,1.0,9.0,0.1,0,1.0,0.5062919942559774,0.7620739606286047,0.6088819687637163,13.0,13,913
2a_digital_weak,56,naive,0.009,100,4,0.05,1.0,9.0,0.1,0,1.0,0.5062919942559774,0.7620739606286047,0.6339254423214398,671.0,15,902
2a_digital_weak,56,random,0.0009,100,4,0.05,1.0,9.0,0.1,0,1.0,0.5062919942559774,0.7620739606286047,0.6005345649261877,884.0,9,912
2a_digital_weak,57,regular,0.1,100,4,0.05,1.0,9.0,0.1,0,1.0,0.4652889657171496,0.7478987790626186,0.561081112651788,130.0,18,908
2a_digital_weak,57,superintelligent,0.9,100,4,0.05,1.0,9.0,0.1,0,1.0,0.4652889657171496,0.7478987790626186,0.5621572378053064,21.0,17,912
2a_digital_weak,57,oracle,1.0,100,4,0.05,1.0,9.0,0.1,0,1.0,0.4652889657171496,0.7478987790626186,0.5621572378053064,17.0,17,912
2a_digital_weak,57,naive,0.009,100,4,0.05,1.0,9.0,0.1,0,1.0,0.4652889657171496,0.7478987790626186,0.531431433342981,624.0,11,854
2a_digital_weak,57,random,0.0009,100,4,0.05,1.0,9.0,0.1,0,1.0,0.4652889657171496,0.7478987790626186,0.5446058258656029,905.0,16,889
2a_digital_weak,58,regular,0.1,100,4,0.05,1.0,9.0,0.1,0,1.0,0.4821882148118091,0.7528359317651538,0.5748012959652748,116.0,16,895
2a_digital_weak,58,superintelligent,0.9,100,4,0.05,1.0,9.0,0.1,0,1.0,0.4821882148118091,0.7528359317651538,0.5748012959652748,17.0,16,914
2a_digital_weak,58,oracle,1.0,100,4,0.05,1.0,9.0,0.1,0,1.0,0.4821882148118091,0.7528359317651538,0.5748012959652748,16.0,16,914
2a_digital_weak,58,naive,0.009,100,4,0.05,1.0,9.0,0.1,0,1.0,0.4821882148118091,0.7528359317651538,0.5518258314366942,754.0,12,803
2a_digital_weak,58,random,0.0009,100,4,0.05,1.0,9.0,0.1,0,1.0,0.4821882148118091,0.7528359317651538,0.5492479779449466,638.0,12,874
2a_digital_weak,59,regular,0.1,100,4,0.05,1.0,9.0,0.1,0,1.0,0.5070127197242946,0.7512150479448053,0.5792082517395695,146.0,11,858
2a_digital_weak,59,superintelligent,0.9,100,4,0.05,1.0,9.0,0.1,0,1.0,0.5070127197242946,0.7512150479448053,0.5792082517395695,12.0,11,911
2a_digital_weak,59,oracle,1.0,100,4,0.05,1.0,9.0,0.1,0,1.0,0.5070127197242946,0.7512150479448053,0.5792082517395695,11.0,11,911
2a_digital_weak,59,naive,0.009,100,4,0.05,1.0,9.0,0.1,0,1.0,0.5070127197242946,0.7512150479448053,0.584991100704056,873.0,11,900
2a_digital_weak,59,random,0.0009,100,4,0.05,1.0,9.0,0.1,0,1.0,0.5070127197242946,0.7512150479448053,0.5792082517395695,919.0,11,908
2a_digital_weak,60,regular,0.1,100,4,0.05,1.0,9.0,0.1,0,1.0,0.4695825731954069,0.7603762922797856,0.5746734335733595,179.0,16,880
2a_digital_weak,60,superintelligent,0.9,100,4,0.05,1.0,9.0,0.1,0,1.0,0.4695825731954069,0.7603762922797856,0.5746734335733595,16.0,16,908
2a_digital_weak,60,oracle,1.0,100,4,0.05,1.0,9.0,0.1,0,1.0,0.4695825731954069,0.7603762922797856,0.5746734335733595,16.0,16,908
2a_digital_weak,60,naive,0.009,100,4,0.05,1.0,9.0,0.1,0,1.0,0.4695825731954069,0.7603762922797856,0.564184330880922,491.0,12,773
2a_digital_weak,60,random,0.0009,100,4,0.05,1.0,9.0,0.1,0,1.0,0.4695825731954069,0.7603762922797856,0.5697722259797865,911.0,14,897
2a_digital_weak,61,regular,0.1,100,4,0.05,1.0,9.0,0.1,0,1.0,0.47471855303429455,0.749802503006892,0.5654077924219353,120.0,13,867
2a_digital_weak,61,superintelligent,0.9,100,4,0.05,1.0,9.0,0.1,0,1.0,0.47471855303429455,0.749802503006892,0.607151790969317,23.0,19,917
2a_digital_weak,61,oracle,1.0,100,4,0.05,1.0,9.0,0.1,0,1.0,0.47471855303429455,0.749802503006892,0.607151790969317,19.0,19,917
2a_digital_weak,61,naive,0.009,100,4,0.05,1.0,9.0,0.1,0,1.0,0.47471855303429455,0.749802503006892,0.5853296036813085,796.0,16,885
2a_digital_weak,61,random,0.0009,100,4,0.05,1.0,9.0,0.1,0,1.0,0.47471855303429455,0.749802503006892,0.5632119062118561,921.0,14,914
2a_digital_weak,62,regular,0.1,100,4,0.05,1.0,9.0,0.1,0,1.0,0.49732548132037363,0.7519486119419304,0.5367519348592361,117.0,9,856
2a_digital_weak,62,superintelligent,0.9,100,4,0.05,1.0,9.0,0.1,0,1.0,0.49732548132037363,0.7519486119419304,0.5367519348592361,10.0,9,905
2a_digital_weak,62,oracle,1.0,100,4,0.05,1.0,9.0,0.1,0,1.0,0.49732548132037363,0.7519486119419304,0.5367519348592361,9.0,9,905
2a_digital_weak,62,naive,0.009,100,4,0.05,1.0,9.0,0.1,0,1.0,0.49732548132037363,0.7519486119419304,0.5367519348592361,696.0,9,891
2a_digital_weak,62,random,0.0009,100,4,0.05,1.0,9.0,0.1,0,1.0,0.49732548132037363,0.7519486119419304,0.5367519348592361,885.0,9,876
2a_digital_weak,63,regular,0.1,100,4,0.05,1.0,9.0,0.1,0,1.0,0.5138491392902084,0.760152318323673,0.5901703141269489,124.0,9,855
2a_digital_weak,63,superintelligent,0.9,100,4,0.05,1.0,9.0,0.1,0,1.0,0.5138491392902084,0.760152318323673,0.5901703141269489,9.0,9,911
2a_digital_weak,63,oracle,1.0,100,4,0.05,1.0,9.0,0.1,0,1.0,0.5138491392902084,0.760152318323673,0.5901703141269489,9.0,9,911
2a_digital_weak,63,naive,0.009,100,4,0.05,1.0,9.0,0.1,0,1.0,0.5138491392902084,0.760152318323673,0.6024745459697435,548.0,10,899
2a_digital_weak,63,random,0.0009,100,4,0.05,1.0,9.0,0.1,0,1.0,0.5138491392902084,0.760152318323673,0.5746763558884525,831.0,9,878
2a_digital_weak,64,regular,0.1,100,4,0.05,1.0,9.0,0.1,0,1.0,0.5256464630487576,0.7604372301601322,0.5757320657920298,44.0,6,739
2a_digital_weak,64,superintelligent,0.9,100,4,0.05,1.0,9.0,0.1,0,1.0,0.5256464630487576,0.7604372301601322,0.5757320657920298,6.0,6,913
2a_digital_weak,64,oracle,1.0,100,4,0.05,1.0,9.0,0.1,0,1.0,0.5256464630487576,0.7604372301601322,0.5757320657920298,6.0,6,913
2a_digital_weak,64,naive,0.009,100,4,0.05,1.0,9.0,0.1,0,1.0,0.5256464630487576,0.7604372301601322,0.5757320657920298,597.0,6,797
2a_digital_weak,64,random,0.0009,100,4,0.05,1.0,9.0,0.1,0,1.0,0.5256464630487576,0.7604372301601322,0.5633249122012669,862.0,6,906
2a_digital_weak,65,regular,0.1,100,4,0.05,1.0,9.0,0.1,0,1.0,0.49613028475602067,0.7382026904066223,0.5313990979752495,69.0,6,763
2a_digital_weak,65,superintelligent,0.9,100,4,0.05,1.0,9.0,0.1,0,1.0,0.49613028475602067,0.7382026904066223,0.5313990979752495,6.0,6,911
2a_digital_weak,65,oracle,1.0,100,4,0.05,1.0,9.0,0.1,0,1.0,0.49613028475602067,0.7382026904066223,0.5313990979752495,6.0,6,911
2a_digital_weak,65,naive,0.009,100,4,0.05,1.0,9.0,0.1,0,1.0,0.49613028475602067,0.7382026904066223,0.546061424894344,408.0,7,772
2a_digital_weak,65,random,0.0009,100,4,0.05,1.0,9.0,0.1,0,1.0,0.49613028475602067,0.7382026904066223,0.546061424894344,772.0,7,765
2a_digital_weak,66,regular,0.1,100,4,0.05,1.0,9.0,0.1,0,1.0,0.46170721543749854,0.7448956881190633,0.5771914538206065,91.0,11,865
2a_digital_weak,66,superintelligent,0.9,100,4,0.05,1.0,9.0,0.1,0,1.0,0.46170721543749854,0.7448956881190633,0.5771914538206065,12.0,11,915
2a_digital_weak,66,oracle,1.0,100,4,0.05,1.0,9.0,0.1,0,1.0,0.46170721543749854,0.7448956881190633,0.5771914538206065,11.0,11,915
2a_digital_weak,66,naive,0.009,100,4,0.05,1.0,9.0,0.1,0,1.0,0.46170721543749854,0.7448956881190633,0.5814540085038016,587.0,15,861
2a_digital_weak,66,random,0.0009,100,4,0.05,1.0,9.0,0.1,0,1.0,0.46170721543749854,0.7448956881190633,0.5684613805887994,888.0,13,875
2a_digital_weak,67,regular,0.1,100,4,0.05,1.0,9.0,0.1,0,1.0,0.5407329170734547,0.7438836846195684,0.6077200135630205,112.0,14,865
2a_digital_weak,67,superintelligent,0.9,100,4,0.05,1.0,9.0,0.1,0,1.0,0.5407329170734547,0.7438836846195684,0.6077200135630205,16.0,14,914
2a_digital_weak,67,oracle,1.0,100,4,0.05,1.0,9.0,0.1,0,1.0,0.5407329170734547,0.7438836846195684,0.6077200135630205,14.0,14,914
2a_digital_weak,67,naive,0.009,100,4,0.05,1.0,9.0,0.1,0,1.0,0.5407329170734547,0.7438836846195684,0.6023367037430496,579.0,10,719
2a_digital_weak,67,random,0.0009,100,4,0.05,1.0,9.0,0.1,0,1.0,0.5407329170734547,0.7438836846195684,0.5966097881206067,921.0,11,910
2a_digital_weak,68,regular,0.1,100,4,0.05,1.0,9.0,0.1,0,1.0,0.5167263914507769,0.7600510933127663,0.5454880414334723,116.0,8,887
2a_digital_weak,68,superintelligent,0.9,100,4,0.05,1.0,9.0,0.1,0,1.0,0.5167263914507769,0.7600510933127663,0.5454880414334723,8.0,8,912
2a_digital_weak,68,oracle,1.0,100,4,0.05,1.0,9.0,0.1,0,1.0,0.5167263914507769,0.7600510933127663,0.5454880414334723,8.0,8,912
2a_digital_weak,68,naive,0.009,100,4,0.05,1.0,9.0,0.1,0,1.0,0.5167263914507769,0.7600510933127663,0.5457539238780879,309.0,6,908
2a_digital_weak,68,random,0.0009,100,4,0.05,1.0,9.0,0.1,0,1.0,0.5167263914507769,0.7600510933127663,0.5457539238780879,850.0,6,910
2a_digital_weak,69,regular,0.1,100,4,0.05,1.0,9.0,0.1,0,1.0,0.5230951690091223,0.7442234449350013,0.5876493577661833,88.0,10,862
2a_digital_weak,69,superintelligent,0.9,100,4,0.05,1.0,9.0,0.1,0,1.0,0.5230951690091223,0.7442234449350013,0.5876493577661833,10.0,10,911
2a_digital_weak,69,oracle,1.0,100,4,0.05,1.0,9.0,0.1,0,1.0,0.5230951690091223,0.7442234449350013,0.5876493577661833,10.0,10,911
2a_digital_weak,69,naive,0.009,100,4,0.05,1.0,9.0,0.1,0,1.0,0.5230951690091223,0.7442234449350013,0.6325062547550311,876.0,14,880
2a_digital_weak,69,random,0.0009,100,4,0.05,1.0,9.0,0.1,0,1.0,0.5230951690091223,0.7442234449350013,0.5876493577661833,888.0,10,904
2a_digital_weak,70,regular,0.1,100,4,0.05,1.0,9.0,0.1,0,1.0,0.4814083204762698,0.7559894336943417,0.5429013733479213,194.0,11,875
2a_digital_weak,70,superintelligent,0.9,100,4,0.05,1.0,9.0,0.1,0,1.0,0.4814083204762698,0.7559894336943417,0.5429013733479213,15.0,11,910
2a_digital_weak,70,oracle,1.0,100,4,0.05,1.0,9.0,0.1,0,1.0,0.4814083204762698,0.7559894336943417,0.5429013733479213,11.0,11,910
2a_digital_weak,70,naive,0.009,100,4,0.05,1.0,9.0,0.1,0,1.0,0.4814083204762698,0.7559894336943417,0.5429013733479213,661.0,11,887
2a_digital_weak,70,random,0.0009,100,4,0.05,1.0,9.0,0.1,0,1.0,0.4814083204762698,0.7559894336943417,0.5344165819084743,880.0,7,880
2a_digital_weak,71,regular,0.1,100,4,0.05,1.0,9.0,0.1,0,1.0,0.5146202560530414,0.7892859077839739,0.5481198233652697,32.0,5,859
2a_digital_weak,71,superintelligent,0.9,100,4,0.05,1.0,9.0,0.1,0,1.0,0.5146202560530414,0.7892859077839739,0.5481198233652697,5.0,5,912
2a_digital_weak,71,oracle,1.0,100,4,0.05,1.0,9.0,0.1,0,1.0,0.5146202560530414,0.7892859077839739,0.5481198233652697,5.0,5,912
2a_digital_weak,71,naive,0.009,100,4,0.05,1.0,9.0,0.1,0,1.0,0.5146202560530414,0.7892859077839739,0.5481198233652697,512.0,5,902
2a_digital_weak,71,random,0.0009,100,4,0.05,1.0,9.0,0.1,0,1.0,0.5146202560530414,0.7892859077839739,0.5481198233652697,564.0,5,825
2a_digital_weak,72,regular,0.1,100,4,0.05,1.0,9.0,0.1,0,1.0,0.4742420593259672,0.7664278009528425,0.580352125101831,93.0,14,823
2a_digital_weak,72,superintelligent,0.9,100,4,0.05,1.0,9.0,0.1,0,1.0,0.4742420593259672,0.7664278009528425,0.5884789612454349,18.0,15,913
2a_digital_weak,72,oracle,1.0,100,4,0.05,1.0,9.0,0.1,0,1.0,0.4742420593259672,0.7664278009528425,0.5884789612454349,15.0,15,913
2a_digital_weak,72,naive,0.009,100,4,0.05,1.0,9.0,0.1,0,1.0,0.4742420593259672,0.7664278009528425,0.574199901769394,927.0,17,910
2a_digital_weak,72,random,0.0009,100,4,0.05,1.0,9.0,0.1,0,1.0,0.4742420593259672,0.7664278009528425,0.5722666701515579,921.0,13,908
2a_digital_weak,73,regular,0.1,100,4,0.05,1.0,9.0,0.1,0,1.0,0.5082751765263185,0.7517290016015903,0.5845038785138619,82.0,8,902
2a_digital_weak,73,superintelligent,0.9,100,4,0.05,1.0,9.0,0.1,0,1.0,0.5082751765263185,0.7517290016015903,0.5845038785138619,9.0,8,916
2a_digital_weak,73,oracle,1.0,100,4,0.05,1.0,9.0,0.1,0,1.0,0.5082751765263185,0.7517290016015903,0.5845038785138619,8.0,8,916
2a_digital_weak,73,naive,0.009,100,4,0.05,1.0,9.0,0.1,0,1.0,0.5082751765263185,0.7517290016015903,0.5686674028284461,399.0,8,813
2a_digital_weak,73,random,0.0009,100,4,0.05,1.0,9.0,0.1,0,1.0,0.5082751765263185,0.7517290016015903,0.5845038785138619,921.0,8,914
2a_digital_weak,74,regular,0.1,100,4,0.05,1.0,9.0,0.1,0,1.0,0.5319231677704589,0.7608900859355426,0.628404769531978,137.0,15,908
2a_digital_weak,74,superintelligent,0.9,100,4,0.05,1.0,9.0,0.1,0,1.0,0.5319231677704589,0.7608900859355426,0.628404769531978,17.0,15,918
2a_digital_weak,74,oracle,1.0,100,4,0.05,1.0,9.0,0.1,0,1.0,0.5319231677704589,0.7608900859355426,0.628404769531978,15.0,15,918
2a_digital_weak,74,naive,0.009,100,4,0.05,1.0,9.0,0.1,0,1.0,0.5319231677704589,0.7608900859355426,0.6258183883139276,495.0,16,845
2a_digital_weak,74,random,0.0009,100,4,0.05,1.0,9.0,0.1,0,1.0,0.5319231677704589,0.7608900859355426,0.6158469865823653,634.0,12,908
2a_digital_weak,75,regular,0.1,100,4,0.05,1.0,9.0,0.1,0,1.0,0.4997955222139897,0.7515153202095897,0.5374868748454049,67.0,7,906
2a_digital_weak,75,superintelligent,0.9,100,4,0.05,1.0,9.0,0.1,0,1.0,0.4997955222139897,0.7515153202095897,0.5374868748454049,7.0,7,907
2a_digital_weak,75,oracle,1.0,100,4,0.05,1.0,9.0,0.1,0,1.0,0.4997955222139897,0.7515153202095897,0.5374868748454049,7.0,7,907
2a_digital_weak,75,naive,0.009,100,4,0.05,1.0,9.0,0.1,0,1.0,0.4997955222139897,0.7515153202095897,0.5359929977840047,360.0,6,901
2a_digital_weak,75,random,0.0009,100,4,0.05,1.0,9.0,0.1,0,1.0,0.4997955222139897,0.7515153202095897,0.5367577387613762,892.0,6,886
2a_digital_weak,76,regular,0.1,100,4,0.05,1.0,9.0,0.1,0,1.0,0.5495461704386633,0.7415265667637169,0.6047002601088585,67.0,6,872
2a_digital_weak,76,superintelligent,0.9,100,4,0.05,1.0,9.0,0.1,0,1.0,0.5495461704386633,0.7415265667637169,0.6047002601088585,7.0,6,914
2a_digital_weak,76,oracle,1.0,100,4,0.05,1.0,9.0,0.1,0,1.0,0.5495461704386633,0.7415265667637169,0.6047002601088585,6.0,6,914
2a_digital_weak,76,naive,0.009,100,4,0.05,1.0,9.0,0.1,0,1.0,0.5495461704386633,0.7415265667637169,0.6047002601088585,183.0,6,892
2a_digital_weak,76,random,0.0009,100,4,0.05,1.0,9.0,0.1,0,1.0,0.5495461704386633,0.7415265667637169,0.6047002601088585,854.0,6,909
2a_digital_weak,77,regular,0.1,100,4,0.05,1.0,9.0,0.1,0,1.0,0.4944309126822535,0.7556658404632517,0.5774317055704185,166.0,15,783
2a_digital_weak,77,superintelligent,0.9,100,4,0.05,1.0,9.0,0.1,0,1.0,0.4944309126822535,0.7556658404632517,0.5850659319772867,15.0,10,916
2a_digital_weak,77,oracle,1.0,100,4,0.05,1.0,9.0,0.1,0,1.0,0.4944309126822535,0.7556658404632517,0.5850659319772867,10.0,10,916
2a_digital_weak,77,naive,0.009,100,4,0.05,1.0,9.0,0.1,0,1.0,0.4944309126822535,0.7556658404632517,0.5875356101063681,671.0,13,915
2a_digital_weak,77,random,0.0009,100,4,0.05,1.0,9.0,0.1,0,1.0,0.4944309126822535,0.7556658404632517,0.5991019760566831,866.0,19,904
2a_digital_weak,78,regular,0.1,100,4,0.05,1.0,9.0,0.1,0,1.0,0.47740655731793624,0.7468756839610291,0.5239319536827448,48.0,5,847
2a_digital_weak,78,superintelligent,0.9,100,4,0.05,1.0,9.0,0.1,0,1.0,0.47740655731793624,0.7468756839610291,0.5239319536827448,6.0,5,908
2a_digital_weak,78,oracle,1.0,100,4,0.05,1.0,9.0,0.1,0,1.0,0.47740655731793624,0.7468756839610291,0.5239319536827448,5.0,5,908
2a_digital_weak,78,naive,0.009,100,4,0.05,1.0,9.0,0.1,0,1.0,0.47740655731793624,0.7468756839610291,0.5239319536827448,107.0,5,751
2a_digital_weak,78,random,0.0009,100,4,0.05,1.0,9.0,0.1,0,1.0,0.47740655731793624,0.7468756839610291,0.5186180180355617,875.0,8,867
2a_digital_weak,79,regular,0.1,100,4,0.05,1.0,9.0,0.1,0,1.0,0.4520215324068675,0.7633406441762163,0.550837256555086,162.0,16,904
2a_digital_weak,79,superintelligent,0.9,100,4,0.05,1.0,9.0,0.1,0,1.0,0.4520215324068675,0.7633406441762163,0.550837256555086,17.0,16,915
2a_digital_weak,79,oracle,1.0,100,4,0.05,1.0,9.0,0.1,0,1.0,0.4520215324068675,0.7633406441762163,0.550837256555086,16.0,16,915
2a_digital_weak,79,naive,0.009,100,4,0.05,1.0,9.0,0.1,0,1.0,0.4520215324068675,0.7633406441762163,0.5350969638501606,822.0,12,889
2a_digital_weak,79,random,0.0009,100,4,0.05,1.0,9.0,0.1,0,1.0,0.4520215324068675,0.7633406441762163,0.5443459992528681,704.0,14,886
2a_digital_weak,80,regular,0.1,100,4,0.05,1.0,9.0,0.1,0,1.0,0.4643927712430219,0.7392181732786894,0.5566401332894573,76.0,11,894
2a_digital_weak,80,superintelligent,0.9,100,4,0.05,1.0,9.0,0.1,0,1.0,0.4643927712430219,0.7392181732786894,0.5566401332894573,14.0,11,916
2a_digital_weak,80,oracle,1.0,100,4,0.05,1.0,9.0,0.1,0,1.0,0.4643927712430219,0.7392181732786894,0.5566401332894573,11.0,11,916
2a_digital_weak,80,naive,0.009,100,4,0.05,1.0,9.0,0.1,0,1.0,0.4643927712430219,0.7392181732786894,0.5466329350385831,703.0,11,912
2a_digital_weak,80,random,0.0009,100,4,0.05,1.0,9.0,0.1,0,1.0,0.4643927712430219,0.7392181732786894,0.5466329350385831,910.0,11,914
2a_digital_weak,81,regular,0.1,100,4,0.05,1.0,9.0,0.1,0,1.0,0.44090027973976625,0.7499909386333842,0.5186179429421078,61.0,8,881
2a_digital_weak,81,superintelligent,0.9,100,4,0.05,1.0,9.0,0.1,0,1.0,0.44090027973976625,0.7499909386333842,0.5477464863786793,18.0,15,909
2a_digital_weak,81,oracle,1.0,100,4,0.05,1.0,9.0,0.1,0,1.0,0.44090027973976625,0.7499909386333842,0.5477464863786793,15.0,15,909
2a_digital_weak,81,naive,0.009,100,4,0.05,1.0,9.0,0.1,0,1.0,0.44090027973976625,0.7499909386333842,0.5079008926270455,514.0,9,830
2a_digital_weak,81,random,0.0009,100,4,0.05,1.0,9.0,0.1,0,1.0,0.44090027973976625,0.7499909386333842,0.5174110313108669,836.0,9,831
2a_digital_weak,82,regular,0.1,100,4,0.05,1.0,9.0,0.1,0,1.0,0.49349497592736474,0.7425046978499478,0.5784460992461861,127.0,11,911
2a_digital_weak,82,superintelligent,0.9,100,4,0.05,1.0,9.0,0.1,0,1.0,0.49349497592736474,0.7425046978499478,0.587489261168921,12.0,12,913
2a_digital_weak,82,oracle,1.0,100,4,0.05,1.0,9.0,0.1,0,1.0,0.49349497592736474,0.7425046978499478,0.587489261168921,12.0,12,913
2a_digital_weak,82,naive,0.009,100,4,0.05,1.0,9.0,0.1,0,1.0,0.49349497592736474,0.7425046978499478,0.5724310868763977,808.0,14,806
2a_digital_weak,82,random,0.0009,100,4,0.05,1.0,9.0,0.1,0,1.0,0.49349497592736474,0.7425046978499478,0.5702379469903479,923.0,12,911
2a_digital_weak,83,regular,0.1,100,4,0.05,1.0,9.0,0.1,0,1.0,0.4994171260541767,0.7591583963911326,0.5291496154710744,72.0,5,890
2a_digital_weak,83,superintelligent,0.9,100,4,0.05,1.0,9.0,0.1,0,1.0,0.4994171260541767,0.7591583963911326,0.5291496154710744,5.0,5,913
2a_digital_weak,83,oracle,1.0,100,4,0.05,1.0,9.0,0.1,0,1.0,0.4994171260541767,0.7591583963911326,0.5291496154710744,5.0,5,913
2a_digital_weak,83,naive,0.009,100,4,0.05,1.0,9.0,0.1,0,1.0,0.4994171260541767,0.7591583963911326,0.5291496154710744,408.0,5,748
2a_digital_weak,83,random,0.0009,100,4,0.05,1.0,9.0,0.1,0,1.0,0.4994171260541767,0.7591583963911326,0.5339322691692263,815.0,8,908
2a_digital_weak,84,regular,0.1,100,4,0.05,1.0,9.0,0.1,0,1.0,0.5035371835207237,0.7427457974593624,0.5702721706950282,51.0,8,894
2a_digital_weak,84,superintelligent,0.9,100,4,0.05,1.0,9.0,0.1,0,1.0,0.5035371835207237,0.7427457974593624,0.5712324827887396,9.0,9,914
2a_digital_weak,84,oracle,1.0,100,4,0.05,1.0,9.0,0.1,0,1.0,0.5035371835207237,0.7427457974593624,0.5712324827887396,9.0,9,914
2a_digital_weak,84,naive,0.009,100,4,0.05,1.0,9.0,0.1,0,1.0,0.5035371835207237,0.7427457974593624,0.5692694516903716,601.0,10,907
2a_digital_weak,84,random,0.0009,100,4,0.05,1.0,9.0,0.1,0,1.0,0.5035371835207237,0.7427457974593624,0.5594107076290138,802.0,7,909
2a_digital_weak,85,regular,0.1,100,4,0.05,1.0,9.0,0.1,0,1.0,0.5477782862030106,0.7550894145301453,0.5673163106187095,43.0,5,886
2a_digital_weak,85,superintelligent,0.9,100,4,0.05,1.0,9.0,0.1,0,1.0,0.5477782862030106,0.7550894145301453,0.5673163106187095,7.0,5,911
2a_digital_weak,85,oracle,1.0,100,4,0.05,1.0,9.0,0.1,0,1.0,0.5477782862030106,0.7550894145301453,0.5673163106187095,5.0,5,911
2a_digital_weak,85,naive,0.009,100,4,0.05,1.0,9.0,0.1,0,1.0,0.5477782862030106,0.7550894145301453,0.5673163106187095,267.0,5,901
2a_digital_weak,85,random,0.0009,100,4,0.05,1.0,9.0,0.1,0,1.0,0.5477782862030106,0.7550894145301453,0.5673163106187095,858.0,5,853
2a_digital_weak,86,regular,0.1,100,4,0.05,1.0,9.0,0.1,0,1.0,0.4777009549825442,0.7598071158907418,0.572172675857649,116.0,9,915
2a_digital_weak,86,superintelligent,0.9,100,4,0.05,1.0,9.0,0.1,0,1.0,0.4777009549825442,0.7598071158907418,0.5899365264486716,14.0,13,915
2a_digital_weak,86,oracle,1.0,100,4,0.05,1.0,9.0,0.1,0,1.0,0.4777009549825442,0.7598071158907418,0.5899365264486716,13.0,13,915
2a_digital_weak,86,naive,0.009,100,4,0.05,1.0,9.0,0.1,0,1.0,0.4777009549825442,0.7598071158907418,0.5541123119833749,725.0,9,830
2a_digital_weak,86,random,0.0009,100,4,0.05,1.0,9.0,0.1,0,1.0,0.4777009549825442,0.7598071158907418,0.5713778500669041,818.0,9,866
2a_digital_weak,87,regular,0.1,100,4,0.05,1.0,9.0,0.1,0,1.0,0.5505514569650126,0.7718658097740763,0.5935790953178636,51.0,6,904
2a_digital_weak,87,superintelligent,0.9,100,4,0.05,1.0,9.0,0.1,0,1.0,0.5505514569650126,0.7718658097740763,0.5935790953178636,6.0,6,911
2a_digital_weak,87,oracle,1.0,100,4,0.05,1.0,9.0,0.1,0,1.0,0.5505514569650126,0.7718658097740763,0.5935790953178636,6.0,6,911
2a_digital_weak,87,naive,0.009,100,4,0.05,1.0,9.0,0.1,0,1.0,0.5505514569650126,0.7718658097740763,0.5935790953178636,308.0,6,815
2a_digital_weak,87,random,0.0009,100,4,0.05,1.0,9.0,0.1,0,1.0,0.5505514569650126,0.7718658097740763,0.5935790953178636,783.0,6,877
2a_digital_weak,88,regular,0.1,100,4,0.05,1.0,9.0,0.1,0,1.0,0.48666898022158805,0.7599233650022944,0.5881627764015362,118.0,9,890
2a_digital_weak,88,superintelligent,0.9,100,4,0.05,1.0,9.0,0.1,0,1.0,0.48666898022158805,0.7599233650022944,0.5881627764015362,10.0,9,913
2a_digital_weak,88,oracle,1.0,100,4,0.05,1.0,9.0,0.1,0,1.0,0.48666898022158805,0.7599233650022944,0.5881627764015362,9.0,9,913
2a_digital_weak,88,naive,0.009,100,4,0.05,1.0,9.0,0.1,0,1.0,0.48666898022158805,0.7599233650022944,0.5520775895820671,635.0,8,812
2a_digital_weak,88,random,0.0009,100,4,0.05,1.0,9.0,0.1,0,1.0,0.48666898022158805,0.7599233650022944,0.5463412613619022,783.0,9,774
2a_digital_weak,89,regular,0.1,100,4,0.05,1.0,9.0,0.1,0,1.0,0.49064516138797104,0.7597519690624109,0.580399108489851,125.0,11,862
2a_digital_weak,89,superintelligent,0.9,100,4,0.05,1.0,9.0,0.1,0,1.0,0.49064516138797104,0.7597519690624109,0.5846285766059738,13.0,12,917
2a_digital_weak,89,oracle,1.0,100,4,0.05,1.0,9.0,0.1,0,1.0,0.49064516138797104,0.7597519690624109,0.5846285766059738,12.0,12,917
2a_digital_weak,89,naive,0.009,100,4,0.05,1.0,9.0,0.1,0,1.0,0.49064516138797104,0.7597519690624109,0.5791223207404058,918.0,13,909
2a_digital_weak,89,random,0.0009,100,4,0.05,1.0,9.0,0.1,0,1.0,0.49064516138797104,0.7597519690624109,0.6045331164908008,927.0,15,913
2a_digital_weak,90,regular,0.1,100,4,0.05,1.0,9.0,0.1,0,1.0,0.431722916381517,0.7484306993711861,0.5095040455286465,92.0,12,788
2a_digital_weak,90,superintelligent,0.9,100,4,0.05,1.0,9.0,0.1,0,1.0,0.431722916381517,0.7484306993711861,0.5095040455286465,15.0,12,911
2a_digital_weak,90,oracle,1.0,100,4,0.05,1.0,9.0,0.1,0,1.0,0.431722916381517,0.7484306993711861,0.5095040455286465,12.0,12,911
2a_digital_weak,90,naive,0.009,100,4,0.05,1.0,9.0,0.1,0,1.0,0.431722916381517,0.7484306993711861,0.5483268049748875,902.0,24,903
2a_digital_weak,90,random,0.0009,100,4,0.05,1.0,9.0,0.1,0,1.0,0.431722916381517,0.7484306993711861,0.5060135606498224,902.0,12,890
2a_digital_weak,91,regular,0.1,100,4,0.05,1.0,9.0,0.1,0,1.0,0.49847365416685263,0.7486708073361271,0.5875830612454463,79.0,14,877
2a_digital_weak,91,superintelligent,0.9,100,4,0.05,1.0,9.0,0.1,0,1.0,0.49847365416685263,0.7486708073361271,0.5875830612454463,16.0,14,912
2a_digital_weak,91,oracle,1.0,100,4,0.05,1.0,9.0,0.1,0,1.0,0.49847365416685263,0.7486708073361271,0.5864432742421127,14.0,14,912
2a_digital_weak,91,naive,0.009,100,4,0.05,1.0,9.0,0.1,0,1.0,0.49847365416685263,0.7486708073361271,0.5632449972508966,605.0,11,830
2a_digital_weak,91,random,0.0009,100,4,0.05,1.0,9.0,0.1,0,1.0,0.49847365416685263,0.7486708073361271,0.5674169219669363,791.0,11,877
2a_digital_weak,92,regular,0.1,100,4,0.05,1.0,9.0,0.1,0,1.0,0.5012197301575849,0.7477407880525185,0.538138160599529,34.0,4,892
2a_digital_weak,92,superintelligent,0.9,100,4,0.05,1.0,9.0,0.1,0,1.0,0.5012197301575849,0.7477407880525185,0.538138160599529,4.0,4,912
2a_digital_weak,92,oracle,1.0,100,4,0.05,1.0,9.0,0.1,0,1.0,0.5012197301575849,0.7477407880525185,0.538138160599529,4.0,4,912
2a_digital_weak,92,naive,0.009,100,4,0.05,1.0,9.0,0.1,0,1.0,0.5012197301575849,0.7477407880525185,0.538138160599529,267.0,4,852
2a_digital_weak,92,random,0.0009,100,4,0.05,1.0,9.0,0.1,0,1.0,0.5012197301575849,0.7477407880525185,0.538138160599529,684.0,4,893
2a_digital_weak,93,regular,0.1,100,4,0.05,1.0,9.0,0.1,0,1.0,0.5559079130464969,0.7426467210112621,0.6424977155715673,119.0,11,914
2a_digital_weak,93,superintelligent,0.9,100,4,0.05,1.0,9.0,0.1,0,1.0,0.5559079130464969,0.7426467210112621,0.6424977155715673,12.0,11,917
2a_digital_weak,93,oracle,1.0,100,4,0.05,1.0,9.0,0.1,0,1.0,0.5559079130464969,0.7426467210112621,0.6424977155715673,11.0,11,917
2a_digital_weak,93,naive,0.009,100,4,0.05,1.0,9.0,0.1,0,1.0,0.5559079130464969,0.7426467210112621,0.603366816724016,521.0,9,806
2a_digital_weak,93,random,0.0009,100,4,0.05,1.0,9.0,0.1,0,1.0,0.5559079130464969,0.7426467210112621,0.6027633991168411,618.0,9,869
2a_digital_weak,94,regular,0.1,100,4,0.05,1.0,9.0,0.1,0,1.0,0.49225999894849265,0.763313694546168,0.5959101748954992,120.0,15,903
2a_digital_weak,94,superintelligent,0.9,100,4,0.05,1.0,9.0,0.1,0,1.0,0.49225999894849265,0.763313694546168,0.5959101748954992,22.0,15,918
2a_digital_weak,94,oracle,1.0,100,4,0.05,1.0,9.0,0.1,0,1.0,0.49225999894849265,0.763313694546168,0.5959101748954992,15.0,15,918
2a_digital_weak,94,naive,0.009,100,4,0.05,1.0,9.0,0.1,0,1.0,0.49225999894849265,0.763313694546168,0.590709092524307,665.0,15,855
2a_digital_weak,94,random,0.0009,100,4,0.05,1.0,9.0,0.1,0,1.0,0.49225999894849265,0.763313694546168,0.5937366306816528,797.0,14,897
2a_digital_weak,95,regular,0.1,100,4,0.05,1.0,9.0,0.1,0,1.0,0.5088028780005276,0.7432678062756524,0.5699184606671118,96.0,13,909
2a_digital_weak,95,superintelligent,0.9,100,4,0.05,1.0,9.0,0.1,0,1.0,0.5088028780005276,0.7432678062756524,0.5699184606671118,16.0,13,910
2a_digital_weak,95,oracle,1.0,100,4,0.05,1.0,9.0,0.1,0,1.0,0.5088028780005276,0.7432678062756524,0.5699184606671118,13.0,13,910
2a_digital_weak,95,naive,0.009,100,4,0.05,1.0,9.0,0.1,0,1.0,0.5088028780005276,0.7432678062756524,0.5665600465167158,546.0,11,768
2a_digital_weak,95,random,0.0009,100,4,0.05,1.0,9.0,0.1,0,1.0,0.5088028780005276,0.7432678062756524,0.5643416993285312,766.0,11,909
2a_digital_weak,96,regular,0.1,100,4,0.05,1.0,9.0,0.1,0,1.0,0.499508760719034,0.7454477273787562,0.5786108967006617,64.0,9,887
2a_digital_weak,96,superintelligent,0.9,100,4,0.05,1.0,9.0,0.1,0,1.0,0.499508760719034,0.7454477273787562,0.5786108967006617,9.0,9,916
2a_digital_weak,96,oracle,1.0,100,4,0.05,1.0,9.0,0.1,0,1.0,0.499508760719034,0.7454477273787562,0.5786108967006617,9.0,9,916
2a_digital_weak,96,naive,0.009,100,4,0.05,1.0,9.0,0.1,0,1.0,0.499508760719034,0.7454477273787562,0.5918737460549163,383.0,12,869
2a_digital_weak,96,random,0.0009,100,4,0.05,1.0,9.0,0.1,0,1.0,0.499508760719034,0.7454477273787562,0.5797542830055776,919.0,11,914
2a_digital_weak,97,regular,0.1,100,4,0.05,1.0,9.0,0.1,0,1.0,0.4999504053263341,0.7527330529864678,0.5899386706130608,140.0,11,777
2a_digital_weak,97,superintelligent,0.9,100,4,0.05,1.0,9.0,0.1,0,1.0,0.4999504053263341,0.7527330529864678,0.5899386706130608,13.0,11,911
2a_digital_weak,97,oracle,1.0,100,4,0.05,1.0,9.0,0.1,0,1.0,0.4999504053263341,0.7527330529864678,0.5899386706130608,11.0,11,911
2a_digital_weak,97,naive,0.009,100,4,0.05,1.0,9.0,0.1,0,1.0,0.4999504053263341,0.7527330529864678,0.5899386706130608,538.0,11,789
2a_digital_weak,97,random,0.0009,100,4,0.05,1.0,9.0,0.1,0,1.0,0.4999504053263341,0.7527330529864678,0.5899386706130608,827.0,11,831
2a_digital_weak,98,regular,0.1,100,4,0.05,1.0,9.0,0.1,0,1.0,0.46192433009366596,0.7619375171644395,0.5042089757566461,37.0,5,901
2a_digital_weak,98,superintelligent,0.9,100,4,0.05,1.0,9.0,0.1,0,1.0,0.46192433009366596,0.7619375171644395,0.5042089757566461,5.0,5,910
2a_digital_weak,98,oracle,1.0,100,4,0.05,1.0,9.0,0.1,0,1.0,0.46192433009366596,0.7619375171644395,0.5042089757566461,5.0,5,910
2a_digital_weak,98,naive,0.009,100,4,0.05,1.0,9.0,0.1,0,1.0,0.46192433009366596,0.7619375171644395,0.5042089757566461,280.0,5,878
2a_digital_weak,98,random,0.0009,100,4,0.05,1.0,9.0,0.1,0,1.0,0.46192433009366596,0.7619375171644395,0.5064399908660642,763.0,5,868
2a_digital_weak,99,regular,0.1,100,4,0.05,1.0,9.0,0.1,0,1.0,0.4639058726197238,0.742568868105299,0.5195904956488276,82.0,9,865
2a_digital_weak,99,superintelligent,0.9,100,4,0.05,1.0,9.0,0.1,0,1.0,0.4639058726197238,0.742568868105299,0.5195904956488276,11.0,9,914
2a_digital_weak,99,oracle,1.0,100,4,0.05,1.0,9.0,0.1,0,1.0,0.4639058726197238,0.742568868105299,0.5195904956488276,9.0,9,914
2a_digital_weak,99,naive,0.009,100,4,0.05,1.0,9.0,0.1,0,1.0,0.4639058726197238,0.742568868105299,0.5093279790675951,792.0,11,862
2a_digital_weak,99,random,0.0009,100,4,0.05,1.0,9.0,0.1,0,1.0,0.4639058726197238,0.742568868105299,0.5215049107358196,910.0,12,913
2b_digital_strong,0,regular,0.1,100,4,0.05,1.0,9.0,0.1,10,20.0,0.4811542833969862,0.7626432882642248,0.5211304015740806,90.0,8,825
2b_digital_strong,0,superintelligent,0.9,100,4,0.05,1.0,9.0,0.1,10,20.0,0.4811542833969862,0.7626432882642248,0.5211304015740806,65.0,8,912
2b_digital_strong,0,oracle,1.0,100,4,0.05,1.0,9.0,0.1,10,20.0,0.4811542833969862,0.7626432882642248,0.5211304015740806,65.0,8,912
2b_digital_strong,0,naive,0.009,100,4,0.05,1.0,9.0,0.1,10,20.0,0.4811542833969862,0.7626432882642248,0.5113825722487075,585.0,5,896
2b_digital_strong,0,random,0.0009,100,4,0.05,1.0,9.0,0.1,10,20.0,0.4811542833969862,0.7626432882642248,0.5146577753954572,733.0,7,817
2b_digital_strong,1,regular,0.1,100,4,0.05,1.0,9.0,0.1,10,20.0,0.48838107592156005,0.7541366243858244,0.5252076213212228,35.0,3,732
2b_digital_strong,1,superintelligent,0.9,100,4,0.05,1.0,9.0,0.1,10,20.0,0.48838107592156005,0.7541366243858244,0.5252076213212228,3.0,3,909
2b_digital_strong,1,oracle,1.0,100,4,0.05,1.0,9.0,0.1,10,20.0,0.48838107592156005,0.7541366243858244,0.5252076213212228,3.0,3,909
2b_digital_strong,1,naive,0.009,100,4,0.05,1.0,9.0,0.1,10,20.0,0.48838107592156005,0.7541366243858244,0.5252076213212228,241.0,3,879
2b_digital_strong,1,random,0.0009,100,4,0.05,1.0,9.0,0.1,10,20.0,0.48838107592156005,0.7541366243858244,0.5237323242556358,852.0,4,810
2b_digital_strong,2,regular,0.1,100,4,0.05,1.0,9.0,0.1,10,20.0,0.49289235748435983,0.7438915104284521,0.5677318039127625,136.0,11,839
2b_digital_strong,2,superintelligent,0.9,100,4,0.05,1.0,9.0,0.1,10,20.0,0.49289235748435983,0.7438915104284521,0.5677318039127625,33.0,11,910
2b_digital_strong,2,oracle,1.0,100,4,0.05,1.0,9.0,0.1,10,20.0,0.49289235748435983,0.7438915104284521,0.5677318039127625,30.0,11,910
2b_digital_strong,2,naive,0.009,100,4,0.05,1.0,9.0,0.1,10,20.0,0.49289235748435983,0.7438915104284521,0.5504968098832776,410.0,9,868
2b_digital_strong,2,random,0.0009,100,4,0.05,1.0,9.0,0.1,10,20.0,0.49289235748435983,0.7438915104284521,0.5533827255477146,991.0,11,904
2b_digital_strong,3,regular,0.1,100,4,0.05,1.0,9.0,0.1,10,20.0,0.473390960721224,0.7447060383673236,0.5556276287786421,113.0,12,860
2b_digital_strong,3,superintelligent,0.9,100,4,0.05,1.0,9.0,0.1,10,20.0,0.473390960721224,0.7447060383673236,0.5556276287786421,12.0,12,908
2b_digital_strong,3,oracle,1.0,100,4,0.05,1.0,9.0,0.1,10,20.0,0.473390960721224,0.7447060383673236,0.5556276287786421,12.0,12,908
2b_digital_strong,3,naive,0.009,100,4,0.05,1.0,9.0,0.1,10,20.0,0.473390960721224,0.7447060383673236,0.5328387058599473,244.0,7,896
2b_digital_strong,3,random,0.0009,100,4,0.05,1.0,9.0,0.1,10,20.0,0.473390960721224,0.7447060383673236,0.5434777262464625,932.0,12,907
2b_digital_strong,4,regular,0.1,100,4,0.05,1.0,9.0,0.1,10,20.0,0.4823518479250838,0.7544884060401316,0.5739758632695261,265.0,20,864
2b_digital_strong,4,superintelligent,0.9,100,4,0.05,1.0,9.0,0.1,10,20.0,0.4823518479250838,0.7544884060401316,0.5698685758766773,104.0,22,908
2b_digital_strong,4,oracle,1.0,100,4,0.05,1.0,9.0,0.1,10,20.0,0.4823518479250838,0.7544884060401316,0.5698685758766773,98.0,22,908
2b_digital_strong,4,naive,0.009,100,4,0.05,1.0,9.0,0.1,10,20.0,0.4823518479250838,0.7544884060401316,0.5393597700901115,966.0,13,911
2b_digital_strong,4,random,0.0009,100,4,0.05,1.0,9.0,0.1,10,20.0,0.4823518479250838,0.7544884060401316,0.5415396650118387,957.0,14,866
2b_digital_strong,5,regular,0.1,100,4,0.05,1.0,9.0,0.1,10,20.0,0.503108685513468,0.7655719103254762,0.6315119710411741,176.0,17,859
2b_digital_strong,5,superintelligent,0.9,100,4,0.05,1.0,9.0,0.1,10,20.0,0.503108685513468,0.7655719103254762,0.6315119710411741,76.0,17,915
2b_digital_strong,5,oracle,1.0,100,4,0.05,1.0,9.0,0.1,10,20.0,0.503108685513468,0.7655719103254762,0.6315119710411741,74.0,17,915
2b_digital_strong,5,naive,0.009,100,4,0.05,1.0,9.0,0.1,10,20.0,0.503108685513468,0.7655719103254762,0.6265323948058772,768.0,13,882
2b_digital_strong,5,random,0.0009,100,4,0.05,1.0,9.0,0.1,10,20.0,0.503108685513468,0.7655719103254762,0.6216853271320208,1039.0,17,898
2b_digital_strong,6,regular,0.1,100,4,0.05,1.0,9.0,0.1,10,20.0,0.505985554864743,0.7772711700839042,0.5707533705656372,229.0,11,906
2b_digital_strong,6,superintelligent,0.9,100,4,0.05,1.0,9.0,0.1,10,20.0,0.505985554864743,0.7772711700839042,0.5722873429829071,86.0,10,918
2b_digital_strong,6,oracle,1.0,100,4,0.05,1.0,9.0,0.1,10,20.0,0.505985554864743,0.7772711700839042,0.5722873429829071,86.0,10,918
2b_digital_strong,6,naive,0.009,100,4,0.05,1.0,9.0,0.1,10,20.0,0.505985554864743,0.7772711700839042,0.5707533705656372,812.0,11,906
2b_digital_strong,6,random,0.0009,100,4,0.05,1.0,9.0,0.1,10,20.0,0.505985554864743,0.7772711700839042,0.5707533705656372,985.0,11,905
2b_digital_strong,7,regular,0.1,100,4,0.05,1.0,9.0,0.1,10,20.0,0.49901032817225677,0.7561252113351317,0.5627156723769331,137.0,11,810
2b_digital_strong,7,superintelligent,0.9,100,4,0.05,1.0,9.0,0.1,10,20.0,0.49901032817225677,0.7561252113351317,0.5627156723769331,12.0,11,910
2b_digital_strong,7,oracle,1.0,100,4,0.05,1.0,9.0,0.1,10,20.0,0.49901032817225677,0.7561252113351317,0.5627156723769331,11.0,11,910
2b_digital_strong,7,naive,0.009,100,4,0.05,1.0,9.0,0.1,10,20.0,0.49901032817225677,0.7561252113351317,0.6066484198224373,828.0,11,868
2b_digital_strong,7,random,0.0009,100,4,0.05,1.0,9.0,0.1,10,20.0,0.49901032817225677,0.7561252113351317,0.594881264404194,903.0,11,911
2b_digital_strong,8,regular,0.1,100,4,0.05,1.0,9.0,0.1,10,20.0,0.5050913694845689,0.7565766190120506,0.6063093894797205,210.0,18,913
2b_digital_strong,8,superintelligent,0.9,100,4,0.05,1.0,9.0,0.1,10,20.0,0.5050913694845689,0.7565766190120506,0.6054944398894752,75.0,17,916
2b_digital_strong,8,oracle,1.0,100,4,0.05,1.0,9.0,0.1,10,20.0,0.5050913694845689,0.7565766190120506,0.6054944398894752,74.0,17,916
2b_digital_strong,8,naive,0.009,100,4,0.05,1.0,9.0,0.1,10,20.0,0.5050913694845689,0.7565766190120506,0.5823238517997588,548.0,10,902
2b_digital_strong,8,random,0.0009,100,4,0.05,1.0,9.0,0.1,10,20.0,0.5050913694845689,0.7565766190120506,0.5759197966834981,999.0,10,913
2b_digital_strong,9,regular,0.1,100,4,0.05,1.0,9.0,0.1,10,20.0,0.461575346902319,0.7567872772792439,0.5609867822193361,196.0,14,870
2b_digital_strong,9,superintelligent,0.9,100,4,0.05,1.0,9.0,0.1,10,20.0,0.461575346902319,0.7567872772792439,0.5609867822193361,91.0,14,914
2b_digital_strong,9,oracle,1.0,100,4,0.05,1.0,9.0,0.1,10,20.0,0.461575346902319,0.7567872772792439,0.5609867822193361,90.0,14,914
2b_digital_strong,9,naive,0.009,100,4,0.05,1.0,9.0,0.1,10,20.0,0.461575346902319,0.7567872772792439,0.5598896643385846,532.0,13,907
2b_digital_strong,9,random,0.0009,100,4,0.05,1.0,9.0,0.1,10,20.0,0.461575346902319,0.7567872772792439,0.5632242665540089,1058.0,14,912
2b_digital_strong,10,regular,0.1,100,4,0.05,1.0,9.0,0.1,10,20.0,0.47801956661180434,0.7750333250737177,0.5401604591546877,157.0,9,896
2b_digital_strong,10,superintelligent,0.9,100,4,0.05,1.0,9.0,0.1,10,20.0,0.47801956661180434,0.7750333250737177,0.5528257618394953,51.0,11,911
2b_digital_strong,10,oracle,1.0,100,4,0.05,1.0,9.0,0.1,10,20.0,0.47801956661180434,0.7750333250737177,0.5528257618394953,49.0,11,911
2b_digital_strong,10,naive,0.009,100,4,0.05,1.0,9.0,0.1,10,20.0,0.47801956661180434,0.7750333250737177,0.5401604591546877,689.0,9,884
2b_digital_strong,10,random,0.0009,100,4,0.05,1.0,9.0,0.1,10,20.0,0.47801956661180434,0.7750333250737177,0.5491213640735694,849.0,11,869
2b_digital_strong,11,regular,0.1,100,4,0.05,1.0,9.0,0.1,10,20.0,0.4585734326751539,0.7654625477019221,0.6055812529851345,283.0,20,901
2b_digital_strong,11,superintelligent,0.9,100,4,0.05,1.0,9.0,0.1,10,20.0,0.4585734326751539,0.7654625477019221,0.6055812529851345,101.0,20,913
2b_digital_strong,11,oracle,1.0,100,4,0.05,1.0,9.0,0.1,10,20.0,0.4585734326751539,0.7654625477019221,0.6055812529851345,96.0,20,913
2b_digital_strong,11,naive,0.009,100,4,0.05,1.0,9.0,0.1,10,20.0,0.4585734326751539,0.7654625477019221,0.6024095078804084,777.0,17,861
2b_digital_strong,11,random,0.0009,100,4,0.05,1.0,9.0,0.1,10,20.0,0.4585734326751539,0.7654625477019221,0.5743104774324506,1009.0,14,915
2b_digital_strong,12,regular,0.1,100,4,0.05,1.0,9.0,0.1,10,20.0,0.5389262496229825,0.7438503349202596,0.5639375036917931,116.0,4,908
2b_digital_strong,12,superintelligent,0.9,100,4,0.05,1.0,9.0,0.1,10,20.0,0.5389262496229825,0.7438503349202596,0.5639375036917931,61.0,4,914
2b_digital_strong,12,oracle,1.0,100,4,0.05,1.0,9.0,0.1,10,20.0,0.5389262496229825,0.7438503349202596,0.5639375036917931,61.0,4,914
2b_digital_strong,12,naive,0.009,100,4,0.05,1.0,9.0,0.1,10,20.0,0.5389262496229825,0.7438503349202596,0.5639375036917931,250.0,4,830
2b_digital_strong,12,random,0.0009,100,4,0.05,1.0,9.0,0.1,10,20.0,0.5389262496229825,0.7438503349202596,0.5515196075909421,467.0,5,834
2b_digital_strong,13,regular,0.1,100,4,0.05,1.0,9.0,0.1,10,20.0,0.5153530391094211,0.7528703932159014,0.5614420008867191,70.0,7,855
2b_digital_strong,13,superintelligent,0.9,100,4,0.05,1.0,9.0,0.1,10,20.0,0.5153530391094211,0.7528703932159014,0.5614420008867191,26.0,7,908
2b_digital_strong,13,oracle,1.0,100,4,0.05,1.0,9.0,0.1,10,20.0,0.5153530391094211,0.7528703932159014,0.5614420008867191,26.0,7,908
2b_digital_strong,13,naive,0.009,100,4,0.05,1.0,9.0,0.1,10,20.0,0.5153530391094211,0.7528703932159014,0.5593863805670175,789.0,6,896
2b_digital_strong,13,random,0.0009,100,4,0.05,1.0,9.0,0.1,10,20.0,0.5153530391094211,0.7528703932159014,0.5602838480522352,988.0,5,909
2b_digital_strong,14,regular,0.1,100,4,0.05,1.0,9.0,0.1,10,20.0,0.49490256082530026,0.7537763152012023,0.5428136867880863,115.0,9,714
2b_digital_strong,14,superintelligent,0.9,100,4,0.05,1.0,9.0,0.1,10,20.0,0.49490256082530026,0.7537763152012023,0.5428136867880863,68.0,9,910
2b_digital_strong,14,oracle,1.0,100,4,0.05,1.0,9.0,0.1,10,20.0,0.49490256082530026,0.7537763152012023,0.5428136867880863,66.0,9,910
2b_digital_strong,14,naive,0.009,100,4,0.05,1.0,9.0,0.1,10,20.0,0.49490256082530026,0.7537763152012023,0.5345511800429837,617.0,7,719
2b_digital_strong,14,random,0.0009,100,4,0.05,1.0,9.0,0.1,10,20.0,0.49490256082530026,0.7537763152012023,0.5345511800429837,1003.0,7,893
2b_digital_strong,15,regular,0.1,100,4,0.05,1.0,9.0,0.1,10,20.0,0.44529331869958383,0.7646412041971639,0.6000739965893157,147.0,17,903
2b_digital_strong,15,superintelligent,0.9,100,4,0.05,1.0,9.0,0.1,10,20.0,0.44529331869958383,0.7646412041971639,0.6000739965893157,37.0,17,913
2b_digital_strong,15,oracle,1.0,100,4,0.05,1.0,9.0,0.1,10,20.0,0.44529331869958383,0.7646412041971639,0.6000739965893157,36.0,17,913
2b_digital_strong,15,naive,0.009,100,4,0.05,1.0,9.0,0.1,10,20.0,0.44529331869958383,0.7646412041971639,0.6000739965893157,810.0,17,854
2b_digital_strong,15,random,0.0009,100,4,0.05,1.0,9.0,0.1,10,20.0,0.44529331869958383,0.7646412041971639,0.5793496472492753,988.0,15,903
2b_digital_strong,16,regular,0.1,100,4,0.05,1.0,9.0,0.1,10,20.0,0.5180525500128298,0.7530798935609764,0.5780908765828499,230.0,9,842
2b_digital_strong,16,superintelligent,0.9,100,4,0.05,1.0,9.0,0.1,10,20.0,0.5180525500128298,0.7530798935609764,0.5780908765828499,48.0,9,910
2b_digital_strong,16,oracle,1.0,100,4,0.05,1.0,9.0,0.1,10,20.0,0.5180525500128298,0.7530798935609764,0.5780908765828499,47.0,9,910
2b_digital_strong,16,naive,0.009,100,4,0.05,1.0,9.0,0.1,10,20.0,0.5180525500128298,0.7530798935609764,0.5768516902676002,716.0,10,806
2b_digital_strong,16,random,0.0009,100,4,0.05,1.0,9.0,0.1,10,20.0,0.5180525500128298,0.7530798935609764,0.5619829483170978,864.0,8,888
2b_digital_strong,17,regular,0.1,100,4,0.05,1.0,9.0,0.1,10,20.0,0.5157681797918895,0.7579116414828323,0.587099347075313,146.0,12,870
2b_digital_strong,17,superintelligent,0.9,100,4,0.05,1.0,9.0,0.1,10,20.0,0.5157681797918895,0.7579116414828323,0.587099347075313,70.0,12,913
2b_digital_strong,17,oracle,1.0,100,4,0.05,1.0,9.0,0.1,10,20.0,0.5157681797918895,0.7579116414828323,0.587099347075313,69.0,12,913
2b_digital_strong,17,naive,0.009,100,4,0.05,1.0,9.0,0.1,10,20.0,0.5157681797918895,0.7579116414828323,0.5765199756537556,689.0,9,865
2b_digital_strong,17,random,0.0009,100,4,0.05,1.0,9.0,0.1,10,20.0,0.5157681797918895,0.7579116414828323,0.5452611569388036,622.0,4,883
2b_digital_strong,18,regular,0.1,100,4,0.05,1.0,9.0,0.1,10,20.0,0.459723123943121,0.7581390825079829,0.5669551718335342,169.0,13,913
2b_digital_strong,18,superintelligent,0.9,100,4,0.05,1.0,9.0,0.1,10,20.0,0.459723123943121,0.7581390825079829,0.5669551718335342,90.0,13,916
2b_digital_strong,18,oracle,1.0,100,4,0.05,1.0,9.0,0.1,10,20.0,0.459723123943121,0.7581390825079829,0.5669551718335342,89.0,13,916
2b_digital_strong,18,naive,0.009,100,4,0.05,1.0,9.0,0.1,10,20.0,0.459723123943121,0.7581390825079829,0.5412975972359894,957.0,9,912
2b_digital_strong,18,random,0.0009,100,4,0.05,1.0,9.0,0.1,10,20.0,0.459723123943121,0.7581390825079829,0.5508903521032886,960.0,13,891
2b_digital_strong,19,regular,0.1,100,4,0.05,1.0,9.0,0.1,10,20.0,0.4809905825113182,0.7529888814356223,0.5770895057296986,165.0,17,718
2b_digital_strong,19,superintelligent,0.9,100,4,0.05,1.0,9.0,0.1,10,20.0,0.4809905825113182,0.7529888814356223,0.5770895057296986,74.0,17,909
2b_digital_strong,19,oracle,1.0,100,4,0.05,1.0,9.0,0.1,10,20.0,0.4809905825113182,0.7529888814356223,0.5770895057296986,74.0,17,909
2b_digital_strong,19,naive,0.009,100,4,0.05,1.0,9.0,0.1,10,20.0,0.4809905825113182,0.7529888814356223,0.5754174175094086,678.0,13,902
2b_digital_strong,19,random,0.0009,100,4,0.05,1.0,9.0,0.1,10,20.0,0.4809905825113182,0.7529888814356223,0.5752330126173164,1011.0,14,907
2b_digital_strong,20,regular,0.1,100,4,0.05,1.0,9.0,0.1,10,20.0,0.4814345200007061,0.7495908311498438,0.5554532653155448,140.0,10,794
2b_digital_strong,20,superintelligent,0.9,100,4,0.05,1.0,9.0,0.1,10,20.0,0.4814345200007061,0.7495908311498438,0.5554532653155448,10.0,10,911
2b_digital_strong,20,oracle,1.0,100,4,0.05,1.0,9.0,0.1,10,20.0,0.4814345200007061,0.7495908311498438,0.5554532653155448,10.0,10,911
2b_digital_strong,20,naive,0.009,100,4,0.05,1.0,9.0,0.1,10,20.0,0.4814345200007061,0.7495908311498438,0.5457317692210525,715.0,12,817
2b_digital_strong,20,random,0.0009,100,4,0.05,1.0,9.0,0.1,10,20.0,0.4814345200007061,0.7495908311498438,0.5506355091496942,859.0,10,855
2b_digital_strong,21,regular,0.1,100,4,0.05,1.0,9.0,0.1,10,20.0,0.4955244043297817,0.7568107370396071,0.5254465407996753,97.0,7,792
2b_digital_strong,21,superintelligent,0.9,100,4,0.05,1.0,9.0,0.1,10,20.0,0.4955244043297817,0.7568107370396071,0.5254465407996753,28.0,7,915
2b_digital_strong,21,oracle,1.0,100,4,0.05,1.0,9.0,0.1,10,20.0,0.4955244043297817,0.7568107370396071,0.5254465407996753,26.0,7,915
2b_digital_strong,21,naive,0.009,100,4,0.05,1.0,9.0,0.1,10,20.0,0.4955244043297817,0.7568107370396071,0.535696213790613,897.0,12,828
2b_digital_strong,21,random,0.0009,100,4,0.05,1.0,9.0,0.1,10,20.0,0.4955244043297817,0.7568107370396071,0.5450647904036521,859.0,11,912
2b_digital_strong,22,regular,0.1,100,4,0.05,1.0,9.0,0.1,10,20.0,0.49754358015313443,0.7636250984379803,0.5979473129978364,250.0,12,759
2b_digital_strong,22,superintelligent,0.9,100,4,0.05,1.0,9.0,0.1,10,20.0,0.49754358015313443,0.7636250984379803,0.5979473129978364,89.0,12,915
2b_digital_strong,22,oracle,1.0,100,4,0.05,1.0,9.0,0.1,10,20.0,0.49754358015313443,0.7636250984379803,0.5979473129978364,88.0,12,915
2b_digital_strong,22,naive,0.009,100,4,0.05,1.0,9.0,0.1,10,20.0,0.49754358015313443,0.7636250984379803,0.5939374348153372,807.0,13,752
2b_digital_strong,22,random,0.0009,100,4,0.05,1.0,9.0,0.1,10,20.0,0.49754358015313443,0.7636250984379803,0.5979473129978364,1033.0,12,911
2b_digital_strong,23,regular,0.1,100,4,0.05,1.0,9.0,0.1,10,20.0,0.4715074677761582,0.7704541455637013,0.5358142427039388,131.0,11,883
2b_digital_strong,23,superintelligent,0.9,100,4,0.05,1.0,9.0,0.1,10,20.0,0.4715074677761582,0.7704541455637013,0.5358142427039388,13.0,11,914
2b_digital_strong,23,oracle,1.0,100,4,0.05,1.0,9.0,0.1,10,20.0,0.4715074677761582,0.7704541455637013,0.5358142427039388,11.0,11,914
2b_digital_strong,23,naive,0.009,100,4,0.05,1.0,9.0,0.1,10,20.0,0.4715074677761582,0.7704541455637013,0.5358142427039388,608.0,11,908
2b_digital_strong,23,random,0.0009,100,4,0.05,1.0,9.0,0.1,10,20.0,0.4715074677761582,0.7704541455637013,0.5348254946040997,857.0,12,863
2b_digital_strong,24,regular,0.1,100,4,0.05,1.0,9.0,0.1,10,20.0,0.5664286382035535,0.7504535498582807,0.6196139019381142,151.0,8,772
2b_digital_strong,24,superintelligent,0.9,100,4,0.05,1.0,9.0,0.1,10,20.0,0.5664286382035535,0.7504535498582807,0.6196139019381142,48.0,8,912
2b_digital_strong,24,oracle,1.0,100,4,0.05,1.0,9.0,0.1,10,20.0,0.5664286382035535,0.7504535498582807,0.6196139019381142,46.0,8,912
2b_digital_strong,24,naive,0.009,100,4,0.05,1.0,9.0,0.1,10,20.0,0.5664286382035535,0.7504535498582807,0.6133897678878527,547.0,7,912
2b_digital_strong,24,random,0.0009,100,4,0.05,1.0,9.0,0.1,10,20.0,0.5664286382035535,0.7504535498582807,0.6063236122468872,1012.0,6,892
2b_digital_strong,25,regular,0.1,100,4,0.05,1.0,9.0,0.1,10,20.0,0.4799843400863233,0.764887391350212,0.5388777085303856,190.0,10,898
2b_digital_strong,25,superintelligent,0.9,100,4,0.05,1.0,9.0,0.1,10,20.0,0.4799843400863233,0.764887391350212,0.541671445112693,66.0,9,913
2b_digital_strong,25,oracle,1.0,100,4,0.05,1.0,9.0,0.1,10,20.0,0.4799843400863233,0.764887391350212,0.541671445112693,66.0,9,913
2b_digital_strong,25,naive,0.009,100,4,0.05,1.0,9.0,0.1,10,20.0,0.4799843400863233,0.764887391350212,0.541671445112693,788.0,9,912
2b_digital_strong,25,random,0.0009,100,4,0.05,1.0,9.0,0.1,10,20.0,0.4799843400863233,0.764887391350212,0.5330282115691977,932.0,8,871
2b_digital_strong,26,regular,0.1,100,4,0.05,1.0,9.0,0.1,10,20.0,0.5037402737687028,0.7523806214303234,0.5715610993928046,69.0,9,606
2b_digital_strong,26,superintelligent,0.9,100,4,0.05,1.0,9.0,0.1,10,20.0,0.5037402737687028,0.7523806214303234,0.5694726055845645,29.0,9,908
2b_digital_strong,26,oracle,1.0,100,4,0.05,1.0,9.0,0.1,10,20.0,0.5037402737687028,0.7523806214303234,0.5694726055845645,28.0,9,908
2b_digital_strong,26,naive,0.009,100,4,0.05,1.0,9.0,0.1,10,20.0,0.5037402737687028,0.7523806214303234,0.5677593645996298,828.0,9,856
2b_digital_strong,26,random,0.0009,100,4,0.05,1.0,9.0,0.1,10,20.0,0.5037402737687028,0.7523806214303234,0.5517863830696499,897.0,9,878
2b_digital_strong,27,regular,0.1,100,4,0.05,1.0,9.0,0.1,10,20.0,0.44319744964959545,0.7523197602052729,0.5434220088486479,190.0,16,910
2b_digital_strong,27,superintelligent,0.9,100,4,0.05,1.0,9.0,0.1,10,20.0,0.44319744964959545,0.7523197602052729,0.5434220088486479,57.0,16,910
2b_digital_strong,27,oracle,1.0,100,4,0.05,1.0,9.0,0.1,10,20.0,0.44319744964959545,0.7523197602052729,0.5434220088486479,54.0,16,910
2b_digital_strong,27,naive,0.009,100,4,0.05,1.0,9.0,0.1,10,20.0,0.44319744964959545,0.7523197602052729,0.5256838494217005,485.0,12,881
2b_digital_strong,27,random,0.0009,100,4,0.05,1.0,9.0,0.1,10,20.0,0.44319744964959545,0.7523197602052729,0.5516661577199542,997.0,16,900
2b_digital_strong,28,regular,0.1,100,4,0.05,1.0,9.0,0.1,10,20.0,0.5490164974476887,0.7530181758710929,0.5811840219377276,36.0,4,909
2b_digital_strong,28,superintelligent,0.9,100,4,0.05,1.0,9.0,0.1,10,20.0,0.5490164974476887,0.7530181758710929,0.5811840219377276,23.0,4,913
2b_digital_strong,28,oracle,1.0,100,4,0.05,1.0,9.0,0.1,10,20.0,0.5490164974476887,0.7530181758710929,0.5811840219377276,23.0,4,913
2b_digital_strong,28,naive,0.009,100,4,0.05,1.0,9.0,0.1,10,20.0,0.5490164974476887,0.7530181758710929,0.5777249969579816,415.0,5,599
2b_digital_strong,28,random,0.0009,100,4,0.05,1.0,9.0,0.1,10,20.0,0.5490164974476887,0.7530181758710929,0.5811840219377276,913.0,4,893
2b_digital_strong,29,regular,0.1,100,4,0.05,1.0,9.0,0.1,10,20.0,0.47707224136950027,0.7649075237804683,0.6138870882170998,200.0,18,791
2b_digital_strong,29,superintelligent,0.9,100,4,0.05,1.0,9.0,0.1,10,20.0,0.47707224136950027,0.7649075237804683,0.6138870882170998,59.0,18,914
2b_digital_strong,29,oracle,1.0,100,4,0.05,1.0,9.0,0.1,10,20.0,0.47707224136950027,0.7649075237804683,0.6138870882170998,56.0,18,914
2b_digital_strong,29,naive,0.009,100,4,0.05,1.0,9.0,0.1,10,20.0,0.47707224136950027,0.7649075237804683,0.6054078986058361,1035.0,18,910
2b_digital_strong,29,random,0.0009,100,4,0.05,1.0,9.0,0.1,10,20.0,0.47707224136950027,0.7649075237804683,0.5702387145296581,1025.0,16,914
2b_digital_strong,30,regular,0.1,100,4,0.05,1.0,9.0,0.1,10,20.0,0.510415895478683,0.7761353116766072,0.5824933387705576,126.0,10,841
2b_digital_strong,30,superintelligent,0.9,100,4,0.05,1.0,9.0,0.1,10,20.0,0.510415895478683,0.7761353116766072,0.5824933387705576,50.0,10,910
2b_digital_strong,30,oracle,1.0,100,4,0.05,1.0,9.0,0.1,10,20.0,0.510415895478683,0.7761353116766072,0.5824933387705576,48.0,10,910
2b_digital_strong,30,naive,0.009,100,4,0.05,1.0,9.0,0.1,10,20.0,0.510415895478683,0.7761353116766072,0.5824933387705576,595.0,10,885
2b_digital_strong,30,random,0.0009,100,4,0.05,1.0,9.0,0.1,10,20.0,0.510415895478683,0.7761353116766072,0.5912707499260889,956.0,10,898
2b_digital_strong,31,regular,0.1,100,4,0.05,1.0,9.0,0.1,10,20.0,0.5239557514370895,0.7570725175216451,0.5897875712157684,245.0,12,835
2b_digital_strong,31,superintelligent,0.9,100,4,0.05,1.0,9.0,0.1,10,20.0,0.5239557514370895,0.7570725175216451,0.5897875712157684,53.0,12,909
2b_digital_strong,31,oracle,1.0,100,4,0.05,1.0,9.0,0.1,10,20.0,0.5239557514370895,0.7570725175216451,0.5897875712157684,50.0,12,909
2b_digital_strong,31,naive,0.009,100,4,0.05,1.0,9.0,0.1,10,20.0,0.5239557514370895,0.7570725175216451,0.582853527012239,701.0,9,907
2b_digital_strong,31,random,0.0009,100,4,0.05,1.0,9.0,0.1,10,20.0,0.5239557514370895,0.7570725175216451,0.5671543295194245,837.0,7,861
2b_digital_strong,32,regular,0.1,100,4,0.05,1.0,9.0,0.1,10,20.0,0.5189032759465633,0.7711221118333841,0.6208778986134927,225.0,14,911
2b_digital_strong,32,superintelligent,0.9,100,4,0.05,1.0,9.0,0.1,10,20.0,0.5189032759465633,0.7711221118333841,0.6439090603211115,118.0,21,915
2b_digital_strong,32,oracle,1.0,100,4,0.05,1.0,9.0,0.1,10,20.0,0.5189032759465633,0.7711221118333841,0.6439090603211115,116.0,21,915
2b_digital_strong,32,naive,0.009,100,4,0.05,1.0,9.0,0.1,10,20.0,0.5189032759465633,0.7711221118333841,0.6215099901576752,864.0,14,913
2b_digital_strong,32,random,0.0009,100,4,0.05,1.0,9.0,0.1,10,20.0,0.5189032759465633,0.7711221118333841,0.6196152674287034,1008.0,14,915
2b_digital_strong,33,regular,0.1,100,4,0.05,1.0,9.0,0.1,10,20.0,0.5297791838014451,0.7580427001018561,0.6202454781665008,136.0,12,749
2b_digital_strong,33,superintelligent,0.9,100,4,0.05,1.0,9.0,0.1,10,20.0,0.5297791838014451,0.7580427001018561,0.6202454781665008,31.0,12,917
2b_digital_strong,33,oracle,1.0,100,4,0.05,1.0,9.0,0.1,10,20.0,0.5297791838014451,0.7580427001018561,0.6202454781665008,31.0,12,917
2b_digital_strong,33,naive,0.009,100,4,0.05,1.0,9.0,0.1,10,20.0,0.5297791838014451,0.7580427001018561,0.6202454781665008,781.0,12,915
2b_digital_strong,33,random,0.0009,100,4,0.05,1.0,9.0,0.1,10,20.0,0.5297791838014451,0.7580427001018561,0.6179896468430959,1016.0,10,911
2b_digital_strong,34,regular,0.1,100,4,0.05,1.0,9.0,0.1,10,20.0,0.5107900266298367,0.7451458696606362,0.5741764761279685,169.0,11,817
2b_digital_strong,34,superintelligent,0.9,100,4,0.05,1.0,9.0,0.1,10,20.0,0.5107900266298367,0.7451458696606362,0.5741764761279685,50.0,11,911
2b_digital_strong,34,oracle,1.0,100,4,0.05,1.0,9.0,0.1,10,20.0,0.5107900266298367,0.7451458696606362,0.5741764761279685,49.0,11,911
2b_digital_strong,34,naive,0.009,100,4,0.05,1.0,9.0,0.1,10,20.0,0.5107900266298367,0.7451458696606362,0.5620279488248072,828.0,10,865
2b_digital_strong,34,random,0.0009,100,4,0.05,1.0,9.0,0.1,10,20.0,0.5107900266298367,0.7451458696606362,0.5743381779352679,1035.0,10,911
2b_digital_strong,35,regular,0.1,100,4,0.05,1.0,9.0,0.1,10,20.0,0.4991483161940152,0.7622492538358127,0.5537596848795479,132.0,10,906
2b_digital_strong,35,superintelligent,0.9,100,4,0.05,1.0,9.0,0.1,10,20.0,0.4991483161940152,0.7622492538358127,0.5537596848795479,49.0,10,911
2b_digital_strong,35,oracle,1.0,100,4,0.05,1.0,9.0,0.1,10,20.0,0.4991483161940152,0.7622492538358127,0.5537596848795479,48.0,10,911
2b_digital_strong,35,naive,0.009,100,4,0.05,1.0,9.0,0.1,10,20.0,0.4991483161940152,0.7622492538358127,0.5503727551617101,484.0,10,786
2b_digital_strong,35,random,0.0009,100,4,0.05,1.0,9.0,0.1,10,20.0,0.4991483161940152,0.7622492538358127,0.5503727551617101,1023.0,10,910
2b_digital_strong,36,regular,0.1,100,4,0.05,1.0,9.0,0.1,10,20.0,0.4797965300558394,0.7600502119886297,0.5535348895526755,62.0,9,673
2b_digital_strong,36,superintelligent,0.9,100,4,0.05,1.0,9.0,0.1,10,20.0,0.4797965300558394,0.7600502119886297,0.5535348895526755,14.0,9,908
2b_digital_strong,36,oracle,1.0,100,4,0.05,1.0,9.0,0.1,10,20.0,0.4797965300558394,0.7600502119886297,0.5535348895526755,9.0,9,908
2b_digital_strong,36,naive,0.009,100,4,0.05,1.0,9.0,0.1,10,20.0,0.4797965300558394,0.7600502119886297,0.5685273541010281,849.0,10,901
2b_digital_strong,36,random,0.0009,100,4,0.05,1.0,9.0,0.1,10,20.0,0.4797965300558394,0.7600502119886297,0.5685273541010281,962.0,10,907
2b_digital_strong,37,regular,0.1,100,4,0.05,1.0,9.0,0.1,10,20.0,0.4845749961324251,0.7533277791093577,0.5533334687449291,225.0,12,879
2b_digital_strong,37,superintelligent,0.9,100,4,0.05,1.0,9.0,0.1,10,20.0,0.4845749961324251,0.7533277791093577,0.5677835781340782,53.0,12,911
2b_digital_strong,37,oracle,1.0,100,4,0.05,1.0,9.0,0.1,10,20.0,0.4845749961324251,0.7533277791093577,0.5677835781340782,50.0,12,911
2b_digital_strong,37,naive,0.009,100,4,0.05,1.0,9.0,0.1,10,20.0,0.4845749961324251,0.7533277791093577,0.5655840705255851,954.0,13,888
2b_digital_strong,37,random,0.0009,100,4,0.05,1.0,9.0,0.1,10,20.0,0.4845749961324251,0.7533277791093577,0.5442916024272287,973.0,9,888
2b_digital_strong,38,regular,0.1,100,4,0.05,1.0,9.0,0.1,10,20.0,0.5036905754011721,0.7452815071204579,0.6051694971019402,230.0,14,843
2b_digital_strong,38,superintelligent,0.9,100,4,0.05,1.0,9.0,0.1,10,20.0,0.5036905754011721,0.7452815071204579,0.6051694971019402,91.0,14,914
2b_digital_strong,38,oracle,1.0,100,4,0.05,1.0,9.0,0.1,10,20.0,0.5036905754011721,0.7452815071204579,0.6051694971019402,90.0,14,914
2b_digital_strong,38,naive,0.009,100,4,0.05,1.0,9.0,0.1,10,20.0,0.5036905754011721,0.7452815071204579,0.6048926123185785,865.0,13,867
2b_digital_strong,38,random,0.0009,100,4,0.05,1.0,9.0,0.1,10,20.0,0.5036905754011721,0.7452815071204579,0.6048926123185785,977.0,13,895
2b_digital_strong,39,regular,0.1,100,4,0.05,1.0,9.0,0.1,10,20.0,0.5412679329732143,0.763236385819794,0.6179549396183867,145.0,13,888
2b_digital_strong,39,superintelligent,0.9,100,4,0.05,1.0,9.0,0.1,10,20.0,0.5412679329732143,0.763236385819794,0.6179549396183867,73.0,13,916
2b_digital_strong,39,oracle,1.0,100,4,0.05,1.0,9.0,0.1,10,20.0,0.5412679329732143,0.763236385819794,0.6179549396183867,70.0,13,916
2b_digital_strong,39,naive,0.009,100,4,0.05,1.0,9.0,0.1,10,20.0,0.5412679329732143,0.763236385819794,0.5814842442753144,685.0,7,894
2b_digital_strong,39,random,0.0009,100,4,0.05,1.0,9.0,0.1,10,20.0,0.5412679329732143,0.763236385819794,0.6370417839192466,1060.0,18,915
2b_digital_strong,40,regular,0.1,100,4,0.05,1.0,9.0,0.1,10,20.0,0.44543161356529487,0.7462057261865773,0.5294134684802806,254.0,12,832
2b_digital_strong,40,superintelligent,0.9,100,4,0.05,1.0,9.0,0.1,10,20.0,0.44543161356529487,0.7462057261865773,0.5294134684802806,88.0,12,908
2b_digital_strong,40,oracle,1.0,100,4,0.05,1.0,9.0,0.1,10,20.0,0.44543161356529487,0.7462057261865773,0.5294134684802806,88.0,12,908
2b_digital_strong,40,naive,0.009,100,4,0.05,1.0,9.0,0.1,10,20.0,0.44543161356529487,0.7462057261865773,0.5294134684802806,857.0,12,854
2b_digital_strong,40,random,0.0009,100,4,0.05,1.0,9.0,0.1,10,20.0,0.44543161356529487,0.7462057261865773,0.5134007055700429,574.0,10,874
2b_digital_strong,41,regular,0.1,100,4,0.05,1.0,9.0,0.1,10,20.0,0.49060340966642796,0.7589404900993793,0.5429024855796458,115.0,5,870
2b_digital_strong,41,superintelligent,0.9,100,4,0.05,1.0,9.0,0.1,10,20.0,0.49060340966642796,0.7589404900993793,0.5429024855796458,24.0,5,910
2b_digital_strong,41,oracle,1.0,100,4,0.05,1.0,9.0,0.1,10,20.0,0.49060340966642796,0.7589404900993793,0.5429024855796458,24.0,5,910
2b_digital_strong,41,naive,0.009,100,4,0.05,1.0,9.0,0.1,10,20.0,0.49060340966642796,0.7589404900993793,0.5429024855796458,500.0,5,882
2b_digital_strong,41,random,0.0009,100,4,0.05,1.0,9.0,0.1,10,20.0,0.49060340966642796,0.7589404900993793,0.5626871802596984,1011.0,9,912
2b_digital_strong,42,regular,0.1,100,4,0.05,1.0,9.0,0.1,10,20.0,0.49554499796679174,0.7572545244208333,0.5846364479959774,199.0,12,859
2b_digital_strong,42,superintelligent,0.9,100,4,0.05,1.0,9.0,0.1,10,20.0,0.49554499796679174,0.7572545244208333,0.5846364479959774,70.0,12,910
2b_digital_strong,42,oracle,1.0,100,4,0.05,1.0,9.0,0.1,10,20.0,0.49554499796679174,0.7572545244208333,0.5846364479959774,69.0,12,910
2b_digital_strong,42,naive,0.009,100,4,0.05,1.0,9.0,0.1,10,20.0,0.49554499796679174,0.7572545244208333,0.5718248836040777,1002.0,10,905
2b_digital_strong,42,random,0.0009,100,4,0.05,1.0,9.0,0.1,10,20.0,0.49554499796679174,0.7572545244208333,0.5846364479959774,1036.0,12,910
2b_digital_strong,43,regular,0.1,100,4,0.05,1.0,9.0,0.1,10,20.0,0.5155392831289058,0.7664288258410139,0.5870298530294557,226.0,11,910
2b_digital_strong,43,superintelligent,0.9,100,4,0.05,1.0,9.0,0.1,10,20.0,0.5155392831289058,0.7664288258410139,0.5870298530294557,126.0,11,913
2b_digital_strong,43,oracle,1.0,100,4,0.05,1.0,9.0,0.1,10,20.0,0.5155392831289058,0.7664288258410139,0.5870298530294557,125.0,11,913
2b_digital_strong,43,naive,0.009,100,4,0.05,1.0,9.0,0.1,10,20.0,0.5155392831289058,0.7664288258410139,0.5741764790839037,758.0,11,887
2b_digital_strong,43,random,0.0009,100,4,0.05,1.0,9.0,0.1,10,20.0,0.5155392831289058,0.7664288258410139,0.5741764790839037,893.0,11,898
2b_digital_strong,44,regular,0.1,100,4,0.05,1.0,9.0,0.1,10,20.0,0.5281370210183808,0.7637929539559378,0.6397806006394628,319.0,18,907
2b_digital_strong,44,superintelligent,0.9,100,4,0.05,1.0,9.0,0.1,10,20.0,0.5281370210183808,0.7637929539559378,0.6397806006394628,119.0,18,917
2b_digital_strong,44,oracle,1.0,100,4,0.05,1.0,9.0,0.1,10,20.0,0.5281370210183808,0.7637929539559378,0.6397806006394628,113.0,18,917
2b_digital_strong,44,naive,0.009,100,4,0.05,1.0,9.0,0.1,10,20.0,0.5281370210183808,0.7637929539559378,0.6305081927615812,811.0,14,905
2b_digital_strong,44,random,0.0009,100,4,0.05,1.0,9.0,0.1,10,20.0,0.5281370210183808,0.7637929539559378,0.578567079417275,977.0,9,875
2b_digital_strong,45,regular,0.1,100,4,0.05,1.0,9.0,0.1,10,20.0,0.5308395330649315,0.7603162612483199,0.5703257315872953,75.0,5,848
2b_digital_strong,45,superintelligent,0.9,100,4,0.05,1.0,9.0,0.1,10,20.0,0.5308395330649315,0.7603162612483199,0.5715137221261025,45.0,6,915
2b_digital_strong,45,oracle,1.0,100,4,0.05,1.0,9.0,0.1,10,20.0,0.5308395330649315,0.7603162612483199,0.5715137221261025,44.0,6,915
2b_digital_strong,45,naive,0.009,100,4,0.05,1.0,9.0,0.1,10,20.0,0.5308395330649315,0.7603162612483199,0.5700459012721765,470.0,8,869
2b_digital_strong,45,random,0.0009,100,4,0.05,1.0,9.0,0.1,10,20.0,0.5308395330649315,0.7603162612483199,0.56927635530615,919.0,8,899
2b_digital_strong,46,regular,0.1,100,4,0.05,1.0,9.0,0.1,10,20.0,0.5315717925834141,0.7618983530776064,0.5923055700739396,147.0,11,795
2b_digital_strong,46,superintelligent,0.9,100,4,0.05,1.0,9.0,0.1,10,20.0,0.5315717925834141,0.7618983530776064,0.5923055700739396,30.0,11,907
2b_digital_strong,46,oracle,1.0,100,4,0.05,1.0,9.0,0.1,10,20.0,0.5315717925834141,0.7618983530776064,0.5923055700739396,30.0,11,907
2b_digital_strong,46,naive,0.009,100,4,0.05,1.0,9.0,0.1,10,20.0,0.5315717925834141,0.7618983530776064,0.5923055700739396,470.0,11,764
2b_digital_strong,46,random,0.0009,100,4,0.05,1.0,9.0,0.1,10,20.0,0.5315717925834141,0.7618983530776064,0.5908462717418446,935.0,10,888
2b_digital_strong,47,regular,0.1,100,4,0.05,1.0,9.0,0.1,10,20.0,0.4880628229846724,0.7608362155296358,0.5071915344958168,49.0,4,536
2b_digital_strong,47,superintelligent,0.9,100,4,0.05,1.0,9.0,0.1,10,20.0,0.4880628229846724,0.7608362155296358,0.5071915344958168,24.0,4,907
2b_digital_strong,47,oracle,1.0,100,4,0.05,1.0,9.0,0.1,10,20.0,0.4880628229846724,0.7608362155296358,0.5071915344958168,23.0,4,907
2b_digital_strong,47,naive,0.009,100,4,0.05,1.0,9.0,0.1,10,20.0,0.4880628229846724,0.7608362155296358,0.5070785720745483,631.0,5,901
2b_digital_strong,47,random,0.0009,100,4,0.05,1.0,9.0,0.1,10,20.0,0.4880628229846724,0.7608362155296358,0.5071915344958168,284.0,4,541
2b_digital_strong,48,regular,0.1,100,4,0.05,1.0,9.0,0.1,10,20.0,0.4258247149959002,0.7700810135621787,0.5166511221744613,204.0,10,856
2b_digital_strong,48,superintelligent,0.9,100,4,0.05,1.0,9.0,0.1,10,20.0,0.4258247149959002,0.7700810135621787,0.5166511221744613,69.0,10,909
2b_digital_strong,48,oracle,1.0,100,4,0.05,1.0,9.0,0.1,10,20.0,0.4258247149959002,0.7700810135621787,0.5166511221744613,67.0,10,909
2b_digital_strong,48,naive,0.009,100,4,0.05,1.0,9.0,0.1,10,20.0,0.4258247149959002,0.7700810135621787,0.5054245540345824,797.0,10,910
2b_digital_strong,48,random,0.0009,100,4,0.05,1.0,9.0,0.1,10,20.0,0.4258247149959002,0.7700810135621787,0.5108380861544213,707.0,10,900
2b_digital_strong,49,regular,0.1,100,4,0.05,1.0,9.0,0.1,10,20.0,0.48467062318560594,0.7778927546699392,0.6110697898669165,251.0,16,790
2b_digital_strong,49,superintelligent,0.9,100,4,0.05,1.0,9.0,0.1,10,20.0,0.48467062318560594,0.7778927546699392,0.6110697898669165,131.0,16,917
2b_digital_strong,49,oracle,1.0,100,4,0.05,1.0,9.0,0.1,10,20.0,0.48467062318560594,0.7778927546699392,0.6110697898669165,130.0,16,917
2b_digital_strong,49,naive,0.009,100,4,0.05,1.0,9.0,0.1,10,20.0,0.48467062318560594,0.7778927546699392,0.5979637635025301,958.0,13,888
2b_digital_strong,49,random,0.0009,100,4,0.05,1.0,9.0,0.1,10,20.0,0.48467062318560594,0.7778927546699392,0.5982160696179573,986.0,12,879
2b_digital_strong,50,regular,0.1,100,4,0.05,1.0,9.0,0.1,10,20.0,0.48505990882960526,0.7498097701874407,0.5740623078615306,223.0,14,887
2b_digital_strong,50,superintelligent,0.9,100,4,0.05,1.0,9.0,0.1,10,20.0,0.48505990882960526,0.7498097701874407,0.5740623078615306,56.0,14,913
2b_digital_strong,50,oracle,1.0,100,4,0.05,1.0,9.0,0.1,10,20.0,0.48505990882960526,0.7498097701874407,0.5740623078615306,52.0,14,913
2b_digital_strong,50,naive,0.009,100,4,0.05,1.0,9.0,0.1,10,20.0,0.48505990882960526,0.7498097701874407,0.5692455202739112,949.0,15,839
2b_digital_strong,50,random,0.0009,100,4,0.05,1.0,9.0,0.1,10,20.0,0.48505990882960526,0.7498097701874407,0.5824385236352096,1020.0,18,907
2b_digital_strong,51,regular,0.1,100,4,0.05,1.0,9.0,0.1,10,20.0,0.48155696836377493,0.7557671191699706,0.5292552652961828,141.0,9,902
2b_digital_strong,51,superintelligent,0.9,100,4,0.05,1.0,9.0,0.1,10,20.0,0.48155696836377493,0.7557671191699706,0.5292552652961828,48.0,9,912
2b_digital_strong,51,oracle,1.0,100,4,0.05,1.0,9.0,0.1,10,20.0,0.48155696836377493,0.7557671191699706,0.5292552652961828,47.0,9,912
2b_digital_strong,51,naive,0.009,100,4,0.05,1.0,9.0,0.1,10,20.0,0.48155696836377493,0.7557671191699706,0.5233678399746344,757.0,7,892
2b_digital_strong,51,random,0.0009,100,4,0.05,1.0,9.0,0.1,10,20.0,0.48155696836377493,0.7557671191699706,0.5233678399746344,540.0,7,846
2b_digital_strong,52,regular,0.1,100,4,0.05,1.0,9.0,0.1,10,20.0,0.45256649899689216,0.7470937659622469,0.5535838857696489,169.0,13,912
2b_digital_strong,52,superintelligent,0.9,100,4,0.05,1.0,9.0,0.1,10,20.0,0.45256649899689216,0.7470937659622469,0.5597518568400387,71.0,12,915
2b_digital_strong,52,oracle,1.0,100,4,0.05,1.0,9.0,0.1,10,20.0,0.45256649899689216,0.7470937659622469,0.5597518568400387,69.0,12,915
2b_digital_strong,52,naive,0.009,100,4,0.05,1.0,9.0,0.1,10,20.0,0.45256649899689216,0.7470937659622469,0.5671503715143045,461.0,11,914
2b_digital_strong,52,random,0.0009,100,4,0.05,1.0,9.0,0.1,10,20.0,0.45256649899689216,0.7470937659622469,0.551363292184353,991.0,14,907
2b_digital_strong,53,regular,0.1,100,4,0.05,1.0,9.0,0.1,10,20.0,0.52344949414379,0.7515132331036528,0.6113483382157772,209.0,10,908
2b_digital_strong,53,superintelligent,0.9,100,4,0.05,1.0,9.0,0.1,10,20.0,0.52344949414379,0.7515132331036528,0.6113483382157772,31.0,10,919
2b_digital_strong,53,oracle,1.0,100,4,0.05,1.0,9.0,0.1,10,20.0,0.52344949414379,0.7515132331036528,0.6113483382157772,29.0,10,919
2b_digital_strong,53,naive,0.009,100,4,0.05,1.0,9.0,0.1,10,20.0,0.52344949414379,0.7515132331036528,0.6113483382157772,772.0,10,877
2b_digital_strong,53,random,0.0009,100,4,0.05,1.0,9.0,0.1,10,20.0,0.52344949414379,0.7515132331036528,0.6113483382157772,1002.0,10,917
2b_digital_strong,54,regular,0.1,100,4,0.05,1.0,9.0,0.1,10,20.0,0.516018461855224,0.7600216990042126,0.5623633522361784,158.0,6,906
2b_digital_strong,54,superintelligent,0.9,100,4,0.05,1.0,9.0,0.1,10,20.0,0.516018461855224,0.7600216990042126,0.5623633522361784,44.0,6,912
2b_digital_strong,54,oracle,1.0,100,4,0.05,1.0,9.0,0.1,10,20.0,0.516018461855224,0.7600216990042126,0.5623633522361784,44.0,6,912
2b_digital_strong,54,naive,0.009,100,4,0.05,1.0,9.0,0.1,10,20.0,0.516018461855224,0.7600216990042126,0.5623633522361784,274.0,6,838
2b_digital_strong,54,random,0.0009,100,4,0.05,1.0,9.0,0.1,10,20.0,0.516018461855224,0.7600216990042126,0.5623633522361784,714.0,6,756
2b_digital_strong,55,regular,0.1,100,4,0.05,1.0,9.0,0.1,10,20.0,0.45389262369749,0.7557537761614178,0.5147653402592858,93.0,8,845
2b_digital_strong,55,superintelligent,0.9,100,4,0.05,1.0,9.0,0.1,10,20.0,0.45389262369749,0.7557537761614178,0.5147653402592858,48.0,8,912
2b_digital_strong,55,oracle,1.0,100,4,0.05,1.0,9.0,0.1,10,20.0,0.45389262369749,0.7557537761614178,0.5147653402592858,46.0,8,912
2b_digital_strong,55,naive,0.009,100,4,0.05,1.0,9.0,0.1,10,20.0,0.45389262369749,0.7557537761614178,0.5433195552210018,1004.0,12,880
2b_digital_strong,55,random,0.0009,100,4,0.05,1.0,9.0,0.1,10,20.0,0.45389262369749,0.7557537761614178,0.5360083850948646,948.0,10,891
2b_digital_strong,56,regular,0.1,100,4,0.05,1.0,9.0,0.1,10,20.0,0.48198540846925725,0.7643606597682296,0.5923623298733268,204.0,14,836
2b_digital_strong,56,superintelligent,0.9,100,4,0.05,1.0,9.0,0.1,10,20.0,0.48198540846925725,0.7643606597682296,0.5923623298733268,56.0,14,911
2b_digital_strong,56,oracle,1.0,100,4,0.05,1.0,9.0,0.1,10,20.0,0.48198540846925725,0.7643606597682296,0.5923623298733268,52.0,14,911
2b_digital_strong,56,naive,0.009,100,4,0.05,1.0,9.0,0.1,10,20.0,0.48198540846925725,0.7643606597682296,0.599431474465268,864.0,13,897
2b_digital_strong,56,random,0.0009,100,4,0.05,1.0,9.0,0.1,10,20.0,0.48198540846925725,0.7643606597682296,0.5991954189245282,981.0,19,910
2b_digital_strong,57,regular,0.1,100,4,0.05,1.0,9.0,0.1,10,20.0,0.5177979290939903,0.7650376716808626,0.5577908255132514,82.0,7,848
2b_digital_strong,57,superintelligent,0.9,100,4,0.05,1.0,9.0,0.1,10,20.0,0.5177979290939903,0.7650376716808626,0.5577908255132514,65.0,7,910
2b_digital_strong,57,oracle,1.0,100,4,0.05,1.0,9.0,0.1,10,20.0,0.5177979290939903,0.7650376716808626,0.5577908255132514,64.0,7,910
2b_digital_strong,57,naive,0.009,100,4,0.05,1.0,9.0,0.1,10,20.0,0.5177979290939903,0.7650376716808626,0.5577908255132514,431.0,7,887
2b_digital_strong,57,random,0.0009,100,4,0.05,1.0,9.0,0.1,10,20.0,0.5177979290939903,0.7650376716808626,0.5577908255132514,966.0,7,847
2b_digital_strong,58,regular,0.1,100,4,0.05,1.0,9.0,0.1,10,20.0,0.568286214257411,0.7511890157412899,0.5970093450926857,52.0,5,908
2b_digital_strong,58,superintelligent,0.9,100,4,0.05,1.0,9.0,0.1,10,20.0,0.568286214257411,0.7511890157412899,0.5970093450926857,43.0,5,911
2b_digital_strong,58,oracle,1.0,100,4,0.05,1.0,9.0,0.1,10,20.0,0.568286214257411,0.7511890157412899,0.5970093450926857,43.0,5,911
2b_digital_strong,58,naive,0.009,100,4,0.05,1.0,9.0,0.1,10,20.0,0.568286214257411,0.7511890157412899,0.5860496732465797,390.0,4,910
2b_digital_strong,58,random,0.0009,100,4,0.05,1.0,9.0,0.1,10,20.0,0.568286214257411,0.7511890157412899,0.5834670703257897,780.0,4,912
2b_digital_strong,59,regular,0.1,100,4,0.05,1.0,9.0,0.1,10,20.0,0.5301343720158491,0.7619628048897208,0.592790419365739,239.0,16,858
2b_digital_strong,59,superintelligent,0.9,100,4,0.05,1.0,9.0,0.1,10,20.0,0.5301343720158491,0.7619628048897208,0.596322011723761,112.0,15,912
2b_digital_strong,59,oracle,1.0,100,4,0.05,1.0,9.0,0.1,10,20.0,0.5301343720158491,0.7619628048897208,0.596322011723761,110.0,15,912
2b_digital_strong,59,naive,0.009,100,4,0.05,1.0,9.0,0.1,10,20.0,0.5301343720158491,0.7619628048897208,0.5830947899171448,790.0,13,894
2b_digital_strong,59,random,0.0009,100,4,0.05,1.0,9.0,0.1,10,20.0,0.5301343720158491,0.7619628048897208,0.5698182012499313,1028.0,10,904
2b_digital_strong,60,regular,0.1,100,4,0.05,1.0,9.0,0.1,10,20.0,0.5230466292152446,0.7636520958738174,0.586847293279941,156.0,10,863
2b_digital_strong,60,superintelligent,0.9,100,4,0.05,1.0,9.0,0.1,10,20.0,0.5230466292152446,0.7636520958738174,0.5893975213014169,50.0,11,912
2b_digital_strong,60,oracle,1.0,100,4,0.05,1.0,9.0,0.1,10,20.0,0.5230466292152446,0.7636520958738174,0.5893975213014169,49.0,11,912
2b_digital_strong,60,naive,0.009,100,4,0.05,1.0,9.0,0.1,10,20.0,0.5230466292152446,0.7636520958738174,0.586847293279941,609.0,10,909
2b_digital_strong,60,random,0.0009,100,4,0.05,1.0,9.0,0.1,10,20.0,0.5230466292152446,0.7636520958738174,0.5697240995262621,905.0,9,893
2b_digital_strong,61,regular,0.1,100,4,0.05,1.0,9.0,0.1,10,20.0,0.4701451306816884,0.7532074530352652,0.5640694459733733,158.0,15,879
2b_digital_strong,61,superintelligent,0.9,100,4,0.05,1.0,9.0,0.1,10,20.0,0.4701451306816884,0.7532074530352652,0.5640694459733733,35.0,15,908
2b_digital_strong,61,oracle,1.0,100,4,0.05,1.0,9.0,0.1,10,20.0,0.4701451306816884,0.7532074530352652,0.5640694459733733,34.0,15,908
2b_digital_strong,61,naive,0.009,100,4,0.05,1.0,9.0,0.1,10,20.0,0.4701451306816884,0.7532074530352652,0.5475371561857707,971.0,15,880
2b_digital_strong,61,random,0.0009,100,4,0.05,1.0,9.0,0.1,10,20.0,0.4701451306816884,0.7532074530352652,0.5435617795032989,1001.0,16,909
2b_digital_strong,62,regular,0.1,100,4,0.05,1.0,9.0,0.1,10,20.0,0.5202180942428879,0.752143135092905,0.619832017959101,138.0,12,890
2b_digital_strong,62,superintelligent,0.9,100,4,0.05,1.0,9.0,0.1,10,20.0,0.5202180942428879,0.752143135092905,0.619832017959101,32.0,12,911
2b_digital_strong,62,oracle,1.0,100,4,0.05,1.0,9.0,0.1,10,20.0,0.5202180942428879,0.752143135092905,0.619832017959101,31.0,12,911
2b_digital_strong,62,naive,0.009,100,4,0.05,1.0,9.0,0.1,10,20.0,0.5202180942428879,0.752143135092905,0.620602724623726,544.0,11,887
2b_digital_strong,62,random,0.0009,100,4,0.05,1.0,9.0,0.1,10,20.0,0.5202180942428879,0.752143135092905,0.620602724623726,911.0,11,890
2b_digital_strong,63,regular,0.1,100,4,0.05,1.0,9.0,0.1,10,20.0,0.49410214220261556,0.7570055022024827,0.5524950433419731,72.0,8,817
2b_digital_strong,63,superintelligent,0.9,100,4,0.05,1.0,9.0,0.1,10,20.0,0.49410214220261556,0.7570055022024827,0.5524950433419731,9.0,8,911
2b_digital_strong,63,oracle,1.0,100,4,0.05,1.0,9.0,0.1,10,20.0,0.49410214220261556,0.7570055022024827,0.5524950433419731,8.0,8,911
2b_digital_strong,63,naive,0.009,100,4,0.05,1.0,9.0,0.1,10,20.0,0.49410214220261556,0.7570055022024827,0.5603263821291801,696.0,10,896
2b_digital_strong,63,random,0.0009,100,4,0.05,1.0,9.0,0.1,10,20.0,0.49410214220261556,0.7570055022024827,0.5635225810192448,755.0,9,907
2b_digital_strong,64,regular,0.1,100,4,0.05,1.0,9.0,0.1,10,20.0,0.5449320387006719,0.7461067151511117,0.5788509491302188,108.0,9,760
2b_digital_strong,64,superintelligent,0.9,100,4,0.05,1.0,9.0,0.1,10,20.0,0.5449320387006719,0.7461067151511117,0.5788509491302188,31.0,9,913
2b_digital_strong,64,oracle,1.0,100,4,0.05,1.0,9.0,0.1,10,20.0,0.5449320387006719,0.7461067151511117,0.5788509491302188,28.0,9,913
2b_digital_strong,64,naive,0.009,100,4,0.05,1.0,9.0,0.1,10,20.0,0.5449320387006719,0.7461067151511117,0.5779546216972073,524.0,8,905
2b_digital_strong,64,random,0.0009,100,4,0.05,1.0,9.0,0.1,10,20.0,0.5449320387006719,0.7461067151511117,0.5747798326058232,769.0,7,837
2b_digital_strong,65,regular,0.1,100,4,0.05,1.0,9.0,0.1,10,20.0,0.5164845456842856,0.7475908789681021,0.5607242013682494,95.0,7,874
2b_digital_strong,65,superintelligent,0.9,100,4,0.05,1.0,9.0,0.1,10,20.0,0.5164845456842856,0.7475908789681021,0.5607242013682494,7.0,7,912
2b_digital_strong,65,oracle,1.0,100,4,0.05,1.0,9.0,0.1,10,20.0,0.5164845456842856,0.7475908789681021,0.5607242013682494,7.0,7,912
2b_digital_strong,65,naive,0.009,100,4,0.05,1.0,9.0,0.1,10,20.0,0.5164845456842856,0.7475908789681021,0.5607242013682494,329.0,7,779
2b_digital_strong,65,random,0.0009,100,4,0.05,1.0,9.0,0.1,10,20.0,0.5164845456842856,0.7475908789681021,0.5514877923311015,653.0,6,670
2b_digital_strong,66,regular,0.1,100,4,0.05,1.0,9.0,0.1,10,20.0,0.5250244359915889,0.7630654440743566,0.5580315663449507,94.0,7,778
2b_digital_strong,66,superintelligent,0.9,100,4,0.05,1.0,9.0,0.1,10,20.0,0.5250244359915889,0.7630654440743566,0.5580315663449507,27.0,7,910
2b_digital_strong,66,oracle,1.0,100,4,0.05,1.0,9.0,0.1,10,20.0,0.5250244359915889,0.7630654440743566,0.5580315663449507,26.0,7,910
2b_digital_strong,66,naive,0.009,100,4,0.05,1.0,9.0,0.1,10,20.0,0.5250244359915889,0.7630654440743566,0.5576842827312471,424.0,6,794
2b_digital_strong,66,random,0.0009,100,4,0.05,1.0,9.0,0.1,10,20.0,0.5250244359915889,0.7630654440743566,0.5589566712660289,855.0,5,837
2b_digital_strong,67,regular,0.1,100,4,0.05,1.0,9.0,0.1,10,20.0,0.504194198074098,0.7734446376490224,0.5780768899113492,179.0,11,890
2b_digital_strong,67,superintelligent,0.9,100,4,0.05,1.0,9.0,0.1,10,20.0,0.504194198074098,0.7734446376490224,0.5780768899113492,49.0,11,908
2b_digital_strong,67,oracle,1.0,100,4,0.05,1.0,9.0,0.1,10,20.0,0.504194198074098,0.7734446376490224,0.5780768899113492,49.0,11,908
2b_digital_strong,67,naive,0.009,100,4,0.05,1.0,9.0,0.1,10,20.0,0.504194198074098,0.7734446376490224,0.5723538562241169,382.0,9,811
2b_digital_strong,67,random,0.0009,100,4,0.05,1.0,9.0,0.1,10,20.0,0.504194198074098,0.7734446376490224,0.5692890378695243,772.0,8,844
2b_digital_strong,68,regular,0.1,100,4,0.05,1.0,9.0,0.1,10,20.0,0.5166906458724881,0.7701552467089419,0.5978290518066561,239.0,18,908
2b_digital_strong,68,superintelligent,0.9,100,4,0.05,1.0,9.0,0.1,10,20.0,0.5166906458724881,0.7701552467089419,0.5978290518066561,95.0,18,916
2b_digital_strong,68,oracle,1.0,100,4,0.05,1.0,9.0,0.1,10,20.0,0.5166906458724881,0.7701552467089419,0.5978290518066561,94.0,18,916
2b_digital_strong,68,naive,0.009,100,4,0.05,1.0,9.0,0.1,10,20.0,0.5166906458724881,0.7701552467089419,0.6054884976416127,950.0,16,913
2b_digital_strong,68,random,0.0009,100,4,0.05,1.0,9.0,0.1,10,20.0,0.5166906458724881,0.7701552467089419,0.5685065131204449,1016.0,13,909
2b_digital_strong,69,regular,0.1,100,4,0.05,1.0,9.0,0.1,10,20.0,0.5403576582656725,0.7451668635851593,0.596697778625218,170.0,9,919
2b_digital_strong,69,superintelligent,0.9,100,4,0.05,1.0,9.0,0.1,10,20.0,0.5403576582656725,0.7451668635851593,0.6095913522589325,107.0,11,919
2b_digital_strong,69,oracle,1.0,100,4,0.05,1.0,9.0,0.1,10,20.0,0.5403576582656725,0.7451668635851593,0.6095913522589325,106.0,11,919
2b_digital_strong,69,naive,0.009,100,4,0.05,1.0,9.0,0.1,10,20.0,0.5403576582656725,0.7451668635851593,0.6095913522589325,677.0,11,890
2b_digital_strong,69,random,0.0009,100,4,0.05,1.0,9.0,0.1,10,20.0,0.5403576582656725,0.7451668635851593,0.5890001787139679,694.0,8,871
2b_digital_strong,70,regular,0.1,100,4,0.05,1.0,9.0,0.1,10,20.0,0.5466505284287259,0.7559937462717083,0.610424711942601,158.0,11,818
2b_digital_strong,70,superintelligent,0.9,100,4,0.05,1.0,9.0,0.1,10,20.0,0.5466505284287259,0.7559937462717083,0.610424711942601,49.0,11,907
2b_digital_strong,70,oracle,1.0,100,4,0.05,1.0,9.0,0.1,10,20.0,0.5466505284287259,0.7559937462717083,0.610424711942601,49.0,11,907
2b_digital_strong,70,naive,0.009,100,4,0.05,1.0,9.0,0.1,10,20.0,0.5466505284287259,0.7559937462717083,0.6059557458106648,765.0,10,812
2b_digital_strong,70,random,0.0009,100,4,0.05,1.0,9.0,0.1,10,20.0,0.5466505284287259,0.7559937462717083,0.6006335793917374,998.0,10,893
2b_digital_strong,71,regular,0.1,100,4,0.05,1.0,9.0,0.1,10,20.0,0.4982036655124024,0.7615662136959931,0.593258307298155,154.0,14,913
2b_digital_strong,71,superintelligent,0.9,100,4,0.05,1.0,9.0,0.1,10,20.0,0.4982036655124024,0.7615662136959931,0.593258307298155,56.0,14,916
2b_digital_strong,71,oracle,1.0,100,4,0.05,1.0,9.0,0.1,10,20.0,0.4982036655124024,0.7615662136959931,0.593258307298155,52.0,14,916
2b_digital_strong,71,naive,0.009,100,4,0.05,1.0,9.0,0.1,10,20.0,0.4982036655124024,0.7615662136959931,0.6117328244983561,646.0,19,808
2b_digital_strong,71,random,0.0009,100,4,0.05,1.0,9.0,0.1,10,20.0,0.4982036655124024,0.7615662136959931,0.5953509682912674,1051.0,18,919
2b_digital_strong,72,regular,0.1,100,4,0.05,1.0,9.0,0.1,10,20.0,0.546801539202924,0.7610364108566485,0.559569430988153,45.0,3,845
2b_digital_strong,72,superintelligent,0.9,100,4,0.05,1.0,9.0,0.1,10,20.0,0.546801539202924,0.7610364108566485,0.559569430988153,3.0,3,911
2b_digital_strong,72,oracle,1.0,100,4,0.05,1.0,9.0,0.1,10,20.0,0.546801539202924,0.7610364108566485,0.559569430988153,3.0,3,911
2b_digital_strong,72,naive,0.009,100,4,0.05,1.0,9.0,0.1,10,20.0,0.546801539202924,0.7610364108566485,0.559569430988153,191.0,3,810
2b_digital_strong,72,random,0.0009,100,4,0.05,1.0,9.0,0.1,10,20.0,0.546801539202924,0.7610364108566485,0.5586675502200223,672.0,4,901
2b_digital_strong,73,regular,0.1,100,4,0.05,1.0,9.0,0.1,10,20.0,0.4766897884608094,0.7712140290280136,0.5820290348833842,195.0,13,893
2b_digital_strong,73,superintelligent,0.9,100,4,0.05,1.0,9.0,0.1,10,20.0,0.4766897884608094,0.7712140290280136,0.5820290348833842,52.0,13,917
2b_digital_strong,73,oracle,1.0,100,4,0.05,1.0,9.0,0.1,10,20.0,0.4766897884608094,0.7712140290280136,0.5820290348833842,51.0,13,917
2b_digital_strong,73,naive,0.009,100,4,0.05,1.0,9.0,0.1,10,20.0,0.4766897884608094,0.7712140290280136,0.5640371243973448,823.0,11,878
2b_digital_strong,73,random,0.0009,100,4,0.05,1.0,9.0,0.1,10,20.0,0.4766897884608094,0.7712140290280136,0.5643715194881136,974.0,11,911
2b_digital_strong,74,regular,0.1,100,4,0.05,1.0,9.0,0.1,10,20.0,0.513281903586732,0.7566821624311058,0.5381357708917619,59.0,5,827
2b_digital_strong,74,superintelligent,0.9,100,4,0.05,1.0,9.0,0.1,10,20.0,0.513281903586732,0.7566821624311058,0.5381357708917619,24.0,5,914
2b_digital_strong,74,oracle,1.0,100,4,0.05,1.0,9.0,0.1,10,20.0,0.513281903586732,0.7566821624311058,0.5381357708917619,24.0,5,914
2b_digital_strong,74,naive,0.009,100,4,0.05,1.0,9.0,0.1,10,20.0,0.513281903586732,0.7566821624311058,0.5381357708917619,677.0,5,914
2b_digital_strong,74,random,0.0009,100,4,0.05,1.0,9.0,0.1,10,20.0,0.513281903586732,0.7566821624311058,0.5381357708917619,909.0,5,839
2b_digital_strong,75,regular,0.1,100,4,0.05,1.0,9.0,0.1,10,20.0,0.5008222801572433,0.7589422748283882,0.578255638017866,223.0,12,840
2b_digital_strong,75,superintelligent,0.9,100,4,0.05,1.0,9.0,0.1,10,20.0,0.5008222801572433,0.7589422748283882,0.578255638017866,92.0,12,910
2b_digital_strong,75,oracle,1.0,100,4,0.05,1.0,9.0,0.1,10,20.0,0.5008222801572433,0.7589422748283882,0.578255638017866,88.0,12,910
2b_digital_strong,75,naive,0.009,100,4,0.05,1.0,9.0,0.1,10,20.0,0.5008222801572433,0.7589422748283882,0.5770157814974963,839.0,12,812
2b_digital_strong,75,random,0.0009,100,4,0.05,1.0,9.0,0.1,10,20.0,0.5008222801572433,0.7589422748283882,0.5743527076598987,968.0,11,874
2b_digital_strong,76,regular,0.1,100,4,0.05,1.0,9.0,0.1,10,20.0,0.510160844858378,0.7514053777317413,0.5586518103635271,63.0,5,903
2b_digital_strong,76,superintelligent,0.9,100,4,0.05,1.0,9.0,0.1,10,20.0,0.510160844858378,0.7514053777317413,0.5586518103635271,5.0,5,913
2b_digital_strong,76,oracle,1.0,100,4,0.05,1.0,9.0,0.1,10,20.0,0.510160844858378,0.7514053777317413,0.5586518103635271,5.0,5,913
2b_digital_strong,76,naive,0.009,100,4,0.05,1.0,9.0,0.1,10,20.0,0.510160844858378,0.7514053777317413,0.5586518103635271,101.0,5,880
2b_digital_strong,76,random,0.0009,100,4,0.05,1.0,9.0,0.1,10,20.0,0.510160844858378,0.7514053777317413,0.5548634746421992,836.0,5,833
2b_digital_strong,77,regular,0.1,100,4,0.05,1.0,9.0,0.1,10,20.0,0.4718839836178452,0.7518407805606838,0.5387035887148138,77.0,7,887
2b_digital_strong,77,superintelligent,0.9,100,4,0.05,1.0,9.0,0.1,10,20.0,0.4718839836178452,0.7518407805606838,0.5387035887148138,10.0,7,911
2b_digital_strong,77,oracle,1.0,100,4,0.05,1.0,9.0,0.1,10,20.0,0.4718839836178452,0.7518407805606838,0.5387035887148138,7.0,7,911
2b_digital_strong,77,naive,0.009,100,4,0.05,1.0,9.0,0.1,10,20.0,0.4718839836178452,0.7518407805606838,0.529554347303603,241.0,6,758
2b_digital_strong,77,random,0.0009,100,4,0.05,1.0,9.0,0.1,10,20.0,0.4718839836178452,0.7518407805606838,0.529554347303603,947.0,6,903
2b_digital_strong,78,regular,0.1,100,4,0.05,1.0,9.0,0.1,10,20.0,0.5106671158386064,0.7530664813133351,0.5754954735972742,64.0,6,828
2b_digital_strong,78,superintelligent,0.9,100,4,0.05,1.0,9.0,0.1,10,20.0,0.5106671158386064,0.7530664813133351,0.5754954735972742,26.0,6,910
2b_digital_strong,78,oracle,1.0,100,4,0.05,1.0,9.0,0.1,10,20.0,0.5106671158386064,0.7530664813133351,0.5754954735972742,25.0,6,910
2b_digital_strong,78,naive,0.009,100,4,0.05,1.0,9.0,0.1,10,20.0,0.5106671158386064,0.7530664813133351,0.5754954735972742,592.0,6,893
2b_digital_strong,78,random,0.0009,100,4,0.05,1.0,9.0,0.1,10,20.0,0.5106671158386064,0.7530664813133351,0.5661432766326636,974.0,5,897
2b_digital_strong,79,regular,0.1,100,4,0.05,1.0,9.0,0.1,10,20.0,0.5081570322231651,0.7619032548512599,0.5873176599239155,145.0,10,900
2b_digital_strong,79,superintelligent,0.9,100,4,0.05,1.0,9.0,0.1,10,20.0,0.5081570322231651,0.7619032548512599,0.5873176599239155,30.0,10,916
2b_digital_strong,79,oracle,1.0,100,4,0.05,1.0,9.0,0.1,10,20.0,0.5081570322231651,0.7619032548512599,0.5873176599239155,29.0,10,916
2b_digital_strong,79,naive,0.009,100,4,0.05,1.0,9.0,0.1,10,20.0,0.5081570322231651,0.7619032548512599,0.588537866978022,659.0,11,791
2b_digital_strong,79,random,0.0009,100,4,0.05,1.0,9.0,0.1,10,20.0,0.5081570322231651,0.7619032548512599,0.5729711942299488,946.0,9,912
2b_digital_strong,80,regular,0.1,100,4,0.05,1.0,9.0,0.1,10,20.0,0.5006383934025389,0.7619845365818607,0.5705264119495006,101.0,10,752
2b_digital_strong,80,superintelligent,0.9,100,4,0.05,1.0,9.0,0.1,10,20.0,0.5006383934025389,0.7619845365818607,0.5705264119495006,29.0,10,909
2b_digital_strong,80,oracle,1.0,100,4,0.05,1.0,9.0,0.1,10,20.0,0.5006383934025389,0.7619845365818607,0.5705264119495006,29.0,10,909
2b_digital_strong,80,naive,0.009,100,4,0.05,1.0,9.0,0.1,10,20.0,0.5006383934025389,0.7619845365818607,0.5562572836070092,728.0,6,887
2b_digital_strong,80,random,0.0009,100,4,0.05,1.0,9.0,0.1,10,20.0,0.5006383934025389,0.7619845365818607,0.5562572836070092,811.0,6,847
2b_digital_strong,81,regular,0.1,100,4,0.05,1.0,9.0,0.1,10,20.0,0.418843443956195,0.7684772886342472,0.554626644769438,157.0,15,877
2b_digital_strong,81,superintelligent,0.9,100,4,0.05,1.0,9.0,0.1,10,20.0,0.418843443956195,0.7684772886342472,0.554626644769438,53.0,15,911
2b_digital_strong,81,oracle,1.0,100,4,0.05,1.0,9.0,0.1,10,20.0,0.418843443956195,0.7684772886342472,0.554626644769438,53.0,15,911
2b_digital_strong,81,naive,0.009,100,4,0.05,1.0,9.0,0.1,10,20.0,0.418843443956195,0.7684772886342472,0.5039391893823169,974.0,12,911
2b_digital_strong,81,random,0.0009,100,4,0.05,1.0,9.0,0.1,10,20.0,0.418843443956195,0.7684772886342472,0.5440619725699186,1011.0,14,912
2b_digital_strong,82,regular,0.1,100,4,0.05,1.0,9.0,0.1,10,20.0,0.5059660716453315,0.7490392529421572,0.5874297537292406,120.0,12,910
2b_digital_strong,82,superintelligent,0.9,100,4,0.05,1.0,9.0,0.1,10,20.0,0.5059660716453315,0.7490392529421572,0.5874297537292406,32.0,12,910
2b_digital_strong,82,oracle,1.0,100,4,0.05,1.0,9.0,0.1,10,20.0,0.5059660716453315,0.7490392529421572,0.5874297537292406,31.0,12,910
2b_digital_strong,82,naive,0.009,100,4,0.05,1.0,9.0,0.1,10,20.0,0.5059660716453315,0.7490392529421572,0.5887547367525662,957.0,14,890
2b_digital_strong,82,random,0.0009,100,4,0.05,1.0,9.0,0.1,10,20.0,0.5059660716453315,0.7490392529421572,0.5712050498456974,998.0,10,912
2b_digital_strong,83,regular,0.1,100,4,0.05,1.0,9.0,0.1,10,20.0,0.4965883005537261,0.7877276443836579,0.5630728599501555,180.0,11,892
2b_digital_strong,83,superintelligent,0.9,100,4,0.05,1.0,9.0,0.1,10,20.0,0.4965883005537261,0.7877276443836579,0.5739940472107005,52.0,13,912
2b_digital_strong,83,oracle,1.0,100,4,0.05,1.0,9.0,0.1,10,20.0,0.4965883005537261,0.7877276443836579,0.5739940472107005,51.0,13,912
2b_digital_strong,83,naive,0.009,100,4,0.05,1.0,9.0,0.1,10,20.0,0.4965883005537261,0.7877276443836579,0.5626819182041559,909.0,10,885
2b_digital_strong,83,random,0.0009,100,4,0.05,1.0,9.0,0.1,10,20.0,0.4965883005537261,0.7877276443836579,0.5626819182041559,1047.0,10,904
2b_digital_strong,84,regular,0.1,100,4,0.05,1.0,9.0,0.1,10,20.0,0.4654188076155778,0.7700523624254687,0.5927966798545914,267.0,19,909
2b_digital_strong,84,superintelligent,0.9,100,4,0.05,1.0,9.0,0.1,10,20.0,0.4654188076155778,0.7700523624254687,0.5927966798545914,97.0,19,910
2b_digital_strong,84,oracle,1.0,100,4,0.05,1.0,9.0,0.1,10,20.0,0.4654188076155778,0.7700523624254687,0.5927966798545914,95.0,19,910
2b_digital_strong,84,naive,0.009,100,4,0.05,1.0,9.0,0.1,10,20.0,0.4654188076155778,0.7700523624254687,0.5927966798545914,868.0,19,880
2b_digital_strong,84,random,0.0009,100,4,0.05,1.0,9.0,0.1,10,20.0,0.4654188076155778,0.7700523624254687,0.5583733195248404,995.0,12,888
2b_digital_strong,85,regular,0.1,100,4,0.05,1.0,9.0,0.1,10,20.0,0.4743970507740815,0.7511313794140319,0.5234434641024612,68.0,7,824
2b_digital_strong,85,superintelligent,0.9,100,4,0.05,1.0,9.0,0.1,10,20.0,0.4743970507740815,0.7511313794140319,0.5234434641024612,28.0,7,911
2b_digital_strong,85,oracle,1.0,100,4,0.05,1.0,9.0,0.1,10,20.0,0.4743970507740815,0.7511313794140319,0.5234434641024612,26.0,7,911
2b_digital_strong,85,naive,0.009,100,4,0.05,1.0,9.0,0.1,10,20.0,0.4743970507740815,0.7511313794140319,0.5234434641024612,470.0,7,897
2b_digital_strong,85,random,0.0009,100,4,0.05,1.0,9.0,0.1,10,20.0,0.4743970507740815,0.7511313794140319,0.5199663252675709,961.0,9,857
2b_digital_strong,86,regular,0.1,100,4,0.05,1.0,9.0,0.1,10,20.0,0.491038337661457,0.7697150570963261,0.5427480048924038,52.0,7,774
2b_digital_strong,86,superintelligent,0.9,100,4,0.05,1.0,9.0,0.1,10,20.0,0.491038337661457,0.7697150570963261,0.5427480048924038,7.0,7,912
2b_digital_strong,86,oracle,1.0,100,4,0.05,1.0,9.0,0.1,10,20.0,0.491038337661457,0.7697150570963261,0.5427480048924038,7.0,7,912
2b_digital_strong,86,naive,0.009,100,4,0.05,1.0,9.0,0.1,10,20.0,0.491038337661457,0.7697150570963261,0.555338123168681,422.0,9,909
2b_digital_strong,86,random,0.0009,100,4,0.05,1.0,9.0,0.1,10,20.0,0.491038337661457,0.7697150570963261,0.5399475370452258,901.0,7,862
2b_digital_strong,87,regular,0.1,100,4,0.05,1.0,9.0,0.1,10,20.0,0.47654623427425574,0.7657299823926115,0.5736689840284446,192.0,15,889
2b_digital_strong,87,superintelligent,0.9,100,4,0.05,1.0,9.0,0.1,10,20.0,0.47654623427425574,0.7657299823926115,0.5736689840284446,73.0,15,911
2b_digital_strong,87,oracle,1.0,100,4,0.05,1.0,9.0,0.1,10,20.0,0.47654623427425574,0.7657299823926115,0.5736689840284446,72.0,15,911
2b_digital_strong,87,naive,0.009,100,4,0.05,1.0,9.0,0.1,10,20.0,0.47654623427425574,0.7657299823926115,0.537828940434742,1005.0,11,899
2b_digital_strong,87,random,0.0009,100,4,0.05,1.0,9.0,0.1,10,20.0,0.47654623427425574,0.7657299823926115,0.5310284215077811,996.0,11,910
2b_digital_strong,88,regular,0.1,100,4,0.05,1.0,9.0,0.1,10,20.0,0.5102906587078905,0.7626182178653642,0.572556368152055,102.0,10,883
2b_digital_strong,88,superintelligent,0.9,100,4,0.05,1.0,9.0,0.1,10,20.0,0.5102906587078905,0.7626182178653642,0.572556368152055,30.0,10,911
2b_digital_strong,88,oracle,1.0,100,4,0.05,1.0,9.0,0.1,10,20.0,0.5102906587078905,0.7626182178653642,0.572556368152055,29.0,10,911
2b_digital_strong,88,naive,0.009,100,4,0.05,1.0,9.0,0.1,10,20.0,0.5102906587078905,0.7626182178653642,0.572556368152055,749.0,10,823
2b_digital_strong,88,random,0.0009,100,4,0.05,1.0,9.0,0.1,10,20.0,0.5102906587078905,0.7626182178653642,0.572556368152055,964.0,10,878
2b_digital_strong,89,regular,0.1,100,4,0.05,1.0,9.0,0.1,10,20.0,0.494396039095116,0.749341246353106,0.5761753098014182,186.0,12,878
2b_digital_strong,89,superintelligent,0.9,100,4,0.05,1.0,9.0,0.1,10,20.0,0.494396039095116,0.749341246353106,0.5761753098014182,50.0,12,918
2b_digital_strong,89,oracle,1.0,100,4,0.05,1.0,9.0,0.1,10,20.0,0.494396039095116,0.749341246353106,0.5761753098014182,50.0,12,918
2b_digital_strong,89,naive,0.009,100,4,0.05,1.0,9.0,0.1,10,20.0,0.494396039095116,0.749341246353106,0.5761753098014182,583.0,12,909
2b_digital_strong,89,random,0.0009,100,4,0.05,1.0,9.0,0.1,10,20.0,0.494396039095116,0.749341246353106,0.5701291475292217,880.0,11,909
2b_digital_strong,90,regular,0.1,100,4,0.05,1.0,9.0,0.1,10,20.0,0.4518327722888356,0.7517984642698786,0.5654388337534729,163.0,16,908
2b_digital_strong,90,superintelligent,0.9,100,4,0.05,1.0,9.0,0.1,10,20.0,0.4518327722888356,0.7517984642698786,0.5654388337534729,74.0,16,914
2b_digital_strong,90,oracle,1.0,100,4,0.05,1.0,9.0,0.1,10,20.0,0.4518327722888356,0.7517984642698786,0.5654388337534729,73.0,16,914
2b_digital_strong,90,naive,0.009,100,4,0.05,1.0,9.0,0.1,10,20.0,0.4518327722888356,0.7517984642698786,0.561459795685219,977.0,15,888
2b_digital_strong,90,random,0.0009,100,4,0.05,1.0,9.0,0.1,10,20.0,0.4518327722888356,0.7517984642698786,0.5551059613676044,971.0,15,861
2b_digital_strong,91,regular,0.1,100,4,0.05,1.0,9.0,0.1,10,20.0,0.5287871026633103,0.7523694293635157,0.5845543871121914,36.0,8,895
2b_digital_strong,91,superintelligent,0.9,100,4,0.05,1.0,9.0,0.1,10,20.0,0.5287871026633103,0.7523694293635157,0.5845543871121914,8.0,8,912
2b_digital_strong,91,oracle,1.0,100,4,0.05,1.0,9.0,0.1,10,20.0,0.5287871026633103,0.7523694293635157,0.5845543871121914,8.0,8,912
2b_digital_strong,91,naive,0.009,100,4,0.05,1.0,9.0,0.1,10,20.0,0.5287871026633103,0.7523694293635157,0.5825497369086592,711.0,8,837
2b_digital_strong,91,random,0.0009,100,4,0.05,1.0,9.0,0.1,10,20.0,0.5287871026633103,0.7523694293635157,0.5825497369086592,835.0,8,906
2b_digital_strong,92,regular,0.1,100,4,0.05,1.0,9.0,0.1,10,20.0,0.4985280168480371,0.7612827490567259,0.5532467901460398,206.0,14,892
2b_digital_strong,92,superintelligent,0.9,100,4,0.05,1.0,9.0,0.1,10,20.0,0.4985280168480371,0.7612827490567259,0.5532467901460398,73.0,14,912
2b_digital_strong,92,oracle,1.0,100,4,0.05,1.0,9.0,0.1,10,20.0,0.4985280168480371,0.7612827490567259,0.5532467901460398,71.0,14,912
2b_digital_strong,92,naive,0.009,100,4,0.05,1.0,9.0,0.1,10,20.0,0.4985280168480371,0.7612827490567259,0.5433617783801545,825.0,12,831
2b_digital_strong,92,random,0.0009,100,4,0.05,1.0,9.0,0.1,10,20.0,0.4985280168480371,0.7612827490567259,0.5370584410734238,1034.0,10,910
2b_digital_strong,93,regular,0.1,100,4,0.05,1.0,9.0,0.1,10,20.0,0.48149727148989396,0.7456203773381271,0.5499410351220523,95.0,9,901
2b_digital_strong,93,superintelligent,0.9,100,4,0.05,1.0,9.0,0.1,10,20.0,0.48149727148989396,0.7456203773381271,0.5499410351220523,9.0,9,912
2b_digital_strong,93,oracle,1.0,100,4,0.05,1.0,9.0,0.1,10,20.0,0.48149727148989396,0.7456203773381271,0.5499410351220523,9.0,9,912
2b_digital_strong,93,naive,0.009,100,4,0.05,1.0,9.0,0.1,10,20.0,0.48149727148989396,0.7456203773381271,0.5493640419167252,663.0,11,844
2b_digital_strong,93,random,0.0009,100,4,0.05,1.0,9.0,0.1,10,20.0,0.48149727148989396,0.7456203773381271,0.5430624664271143,939.0,9,907
2b_digital_strong,94,regular,0.1,100,4,0.05,1.0,9.0,0.1,10,20.0,0.47988211074030557,0.7501293745232214,0.5540906638502744,145.0,14,803
2b_digital_strong,94,superintelligent,0.9,100,4,0.05,1.0,9.0,0.1,10,20.0,0.47988211074030557,0.7501293745232214,0.5540906638502744,54.0,14,913
2b_digital_strong,94,oracle,1.0,100,4,0.05,1.0,9.0,0.1,10,20.0,0.47988211074030557,0.7501293745232214,0.5540906638502744,52.0,14,913
2b_digital_strong,94,naive,0.009,100,4,0.05,1.0,9.0,0.1,10,20.0,0.47988211074030557,0.7501293745232214,0.5452818329795361,941.0,15,878
2b_digital_strong,94,random,0.0009,100,4,0.05,1.0,9.0,0.1,10,20.0,0.47988211074030557,0.7501293745232214,0.5334500357137226,1011.0,13,903
2b_digital_strong,95,regular,0.1,100,4,0.05,1.0,9.0,0.1,10,20.0,0.5183583086095562,0.7600134959758192,0.5989850135078507,282.0,15,916
2b_digital_strong,95,superintelligent,0.9,100,4,0.05,1.0,9.0,0.1,10,20.0,0.5183583086095562,0.7600134959758192,0.5989850135078507,91.0,15,920
2b_digital_strong,95,oracle,1.0,100,4,0.05,1.0,9.0,0.1,10,20.0,0.5183583086095562,0.7600134959758192,0.5989850135078507,91.0,15,920
2b_digital_strong,95,naive,0.009,100,4,0.05,1.0,9.0,0.1,10,20.0,0.5183583086095562,0.7600134959758192,0.5974964833778835,987.0,12,886
2b_digital_strong,95,random,0.0009,100,4,0.05,1.0,9.0,0.1,10,20.0,0.5183583086095562,0.7600134959758192,0.5767245681413682,864.0,10,906
2b_digital_strong,96,regular,0.1,100,4,0.05,1.0,9.0,0.1,10,20.0,0.4719138520880846,0.7614550729690995,0.5859202999173618,315.0,16,753
2b_digital_strong,96,superintelligent,0.9,100,4,0.05,1.0,9.0,0.1,10,20.0,0.4719138520880846,0.7614550729690995,0.5859202999173618,97.0,16,912
2b_digital_strong,96,oracle,1.0,100,4,0.05,1.0,9.0,0.1,10,20.0,0.4719138520880846,0.7614550729690995,0.5859202999173618,92.0,16,912
2b_digital_strong,96,naive,0.009,100,4,0.05,1.0,9.0,0.1,10,20.0,0.4719138520880846,0.7614550729690995,0.5632051462533306,974.0,12,882
2b_digital_strong,96,random,0.0009,100,4,0.05,1.0,9.0,0.1,10,20.0,0.4719138520880846,0.7614550729690995,0.5592698739263325,991.0,13,909
2b_digital_strong,97,regular,0.1,100,4,0.05,1.0,9.0,0.1,10,20.0,0.523158310180341,0.7736280034132988,0.6177989786189628,192.0,12,912
2b_digital_strong,97,superintelligent,0.9,100,4,0.05,1.0,9.0,0.1,10,20.0,0.523158310180341,0.7736280034132988,0.6177989786189628,89.0,12,917
2b_digital_strong,97,oracle,1.0,100,4,0.05,1.0,9.0,0.1,10,20.0,0.523158310180341,0.7736280034132988,0.6177989786189628,88.0,12,917
2b_digital_strong,97,naive,0.009,100,4,0.05,1.0,9.0,0.1,10,20.0,0.523158310180341,0.7736280034132988,0.6177632579309897,977.0,15,898
2b_digital_strong,97,random,0.0009,100,4,0.05,1.0,9.0,0.1,10,20.0,0.523158310180341,0.7736280034132988,0.6177989786189628,989.0,12,885
2b_digital_strong,98,regular,0.1,100,4,0.05,1.0,9.0,0.1,10,20.0,0.48386941905169256,0.7451755570247918,0.5768383298316978,265.0,15,888
2b_digital_strong,98,superintelligent,0.9,100,4,0.05,1.0,9.0,0.1,10,20.0,0.48386941905169256,0.7451755570247918,0.5875712012520051,114.0,17,909
2b_digital_strong,98,oracle,1.0,100,4,0.05,1.0,9.0,0.1,10,20.0,0.48386941905169256,0.7451755570247918,0.5875712012520051,112.0,17,909
2b_digital_strong,98,naive,0.009,100,4,0.05,1.0,9.0,0.1,10,20.0,0.48386941905169256,0.7451755570247918,0.5768383298316978,1012.0,15,909
2b_digital_strong,98,random,0.0009,100,4,0.05,1.0,9.0,0.1,10,20.0,0.48386941905169256,0.7451755570247918,0.5814068173088394,930.0,16,893
2b_digital_strong,99,regular,0.1,100,4,0.05,1.0,9.0,0.1,10,20.0,0.48049007334551386,0.7840253083490418,0.5460851806597741,127.0,10,855
2b_digital_strong,99,superintelligent,0.9,100,4,0.05,1.0,9.0,0.1,10,20.0,0.48049007334551386,0.7840253083490418,0.55927997546184,50.0,10,911
2b_digital_strong,99,oracle,1.0,100,4,0.05,1.0,9.0,0.1,10,20.0,0.48049007334551386,0.7840253083490418,0.55927997546184,48.0,10,911
2b_digital_strong,99,naive,0.009,100,4,0.05,1.0,9.0,0.1,10,20.0,0.48049007334551386,0.7840253083490418,0.55927997546184,803.0,10,907
2b_digital_strong,99,random,0.0009,100,4,0.05,1.0,9.0,0.1,10,20.0,0.48049007334551386,0.7840253083490418,0.542168593591215,1006.0,10,882
3a_physical_weak,0,regular,0.1,100,6,0.05,100.0,9.0,0.1,0,1.0,0.5012835938584761,0.7484666540447438,0.6071190528553599,6200.0,13,902
3a_physical_weak,0,superintelligent,0.9,100,6,0.05,100.0,9.0,0.1,0,1.0,0.5012835938584761,0.7484666540447438,0.6082867311667823,1400.0,12,913
3a_physical_weak,0,oracle,1.0,100,6,0.05,100.0,9.0,0.1,0,1.0,0.5012835938584761,0.7484666540447438,0.6082867311667823,1200.0,12,913
3a_physical_weak,0,naive,0.009,100,6,0.05,100.0,9.0,0.1,0,1.0,0.5012835938584761,0.7484666540447438,0.5847429527999378,56900.0,9,832
3a_physical_weak,0,random,0.0009,100,6,0.05,100.0,9.0,0.1,0,1.0,0.5012835938584761,0.7484666540447438,0.5958088914351664,92400.0,12,916
3a_physical_weak,1,regular,0.1,100,6,0.05,100.0,9.0,0.1,0,1.0,0.48714991535003965,0.7520934362174857,0.568007697455464,18500.0,14,789
3a_physical_weak,1,superintelligent,0.9,100,6,0.05,100.0,9.0,0.1,0,1.0,0.48714991535003965,0.7520934362174857,0.568007697455464,1700.0,14,910
3a_physical_weak,1,oracle,1.0,100,6,0.05,100.0,9.0,0.1,0,1.0,0.48714991535003965,0.7520934362174857,0.568007697455464,1400.0,14,910
3a_physical_weak,1,naive,0.009,100,6,0.05,100.0,9.0,0.1,0,1.0,0.48714991535003965,0.7520934362174857,0.5447762265191999,43600.0,12,764
3a_physical_weak,1,random,0.0009,100,6,0.05,100.0,9.0,0.1,0,1.0,0.48714991535003965,0.7520934362174857,0.5383075577988872,80000.0,11,910
3a_physical_weak,2,regular,0.1,100,6,0.05,100.0,9.0,0.1,0,1.0,0.5125880662971287,0.7528363849117575,0.6227122702189595,12600.0,11,790
3a_physical_weak,2,superintelligent,0.9,100,6,0.05,100.0,9.0,0.1,0,1.0,0.5125880662971287,0.7528363849117575,0.6227122702189595,1400.0,11,911
3a_physical_weak,2,oracle,1.0,100,6,0.05,100.0,9.0,0.1,0,1.0,0.5125880662971287,0.7528363849117575,0.6227122702189595,1100.0,11,911
3a_physical_weak,2,naive,0.009,100,6,0.05,100.0,9.0,0.1,0,1.0,0.5125880662971287,0.7528363849117575,0.6113181010752013,54800.0,11,808
3a_physical_weak,2,random,0.0009,100,6,0.05,100.0,9.0,0.1,0,1.0,0.5125880662971287,0.7528363849117575,0.6278365343977353,82800.0,17,894
3a_physical_weak,3,regular,0.1,100,6,0.05,100.0,9.0,0.1,0,1.0,0.494755296406803,0.7572684063731093,0.5636408237866289,11600.0,11,826
3a_physical_weak,3,superintelligent,0.9,100,6,0.05,100.0,9.0,0.1,0,1.0,0.494755296406803,0.7572684063731093,0.5636408237866289,1300.0,11,913
3a_physical_weak,3,oracle,1.0,100,6,0.05,100.0,9.0,0.1,0,1.0,0.494755296406803,0.7572684063731093,0.5636408237866289,1100.0,11,913
3a_physical_weak,3,naive,0.009,100,6,0.05,100.0,9.0,0.1,0,1.0,0.494755296406803,0.7572684063731093,0.5694167040212177,62200.0,11,913
3a_physical_weak,3,random,0.0009,100,6,0.05,100.0,9.0,0.1,0,1.0,0.494755296406803,0.7572684063731093,0.5462992005167497,36300.0,7,903
3a_physical_weak,4,regular,0.1,100,6,0.05,100.0,9.0,0.1,0,1.0,0.4683705239978615,0.7680343332653737,0.560745624444209,5100.0,8,860
3a_physical_weak,4,superintelligent,0.9,100,6,0.05,100.0,9.0,0.1,0,1.0,0.4683705239978615,0.7680343332653737,0.5703689689487643,1000.0,9,911
3a_physical_weak,4,oracle,1.0,100,6,0.05,100.0,9.0,0.1,0,1.0,0.4683705239978615,0.7680343332653737,0.5703689689487643,900.0,9,911
3a_physical_weak,4,naive,0.009,100,6,0.05,100.0,9.0,0.1,0,1.0,0.4683705239978615,0.7680343332653737,0.560745624444209,51700.0,8,833
3a_physical_weak,4,random,0.0009,100,6,0.05,100.0,9.0,0.1,0,1.0,0.4683705239978615,0.7680343332653737,0.5645927731466387,88900.0,10,907
3a_physical_weak,5,regular,0.1,100,6,0.05,100.0,9.0,0.1,0,1.0,0.5005294811807621,0.7475411289239998,0.6156729866961699,13400.0,14,865
3a_physical_weak,5,superintelligent,0.9,100,6,0.05,100.0,9.0,0.1,0,1.0,0.5005294811807621,0.7475411289239998,0.6156729866961699,1600.0,14,917
3a_physical_weak,5,oracle,1.0,100,6,0.05,100.0,9.0,0.1,0,1.0,0.5005294811807621,0.7475411289239998,0.6156729866961699,1400.0,14,917
3a_physical_weak,5,naive,0.009,100,6,0.05,100.0,9.0,0.1,0,1.0,0.5005294811807621,0.7475411289239998,0.5931255962427624,78500.0,14,881
3a_physical_weak,5,random,0.0009,100,6,0.05,100.0,9.0,0.1,0,1.0,0.5005294811807621,0.7475411289239998,0.5869535836770636,90500.0,12,901
3a_physical_weak,6,regular,0.1,100,6,0.05,100.0,9.0,0.1,0,1.0,0.5173302685068055,0.7570880416095073,0.5542449952415422,8500.0,8,730
3a_physical_weak,6,superintelligent,0.9,100,6,0.05,100.0,9.0,0.1,0,1.0,0.5173302685068055,0.7570880416095073,0.5542449952415422,1100.0,8,910
3a_physical_weak,6,oracle,1.0,100,6,0.05,100.0,9.0,0.1,0,1.0,0.5173302685068055,0.7570880416095073,0.5542449952415422,800.0,8,910
3a_physical_weak,6,naive,0.009,100,6,0.05,100.0,9.0,0.1,0,1.0,0.5173302685068055,0.7570880416095073,0.5567784964544075,49100.0,7,905
3a_physical_weak,6,random,0.0009,100,6,0.05,100.0,9.0,0.1,0,1.0,0.5173302685068055,0.7570880416095073,0.5760184152239219,83900.0,9,868
3a_physical_weak,7,regular,0.1,100,6,0.05,100.0,9.0,0.1,0,1.0,0.4591296401896882,0.7625058439400679,0.55204721896833,15600.0,13,861
3a_physical_weak,7,superintelligent,0.9,100,6,0.05,100.0,9.0,0.1,0,1.0,0.4591296401896882,0.7625058439400679,0.55204721896833,1700.0,13,913
3a_physical_weak,7,oracle,1.0,100,6,0.05,100.0,9.0,0.1,0,1.0,0.4591296401896882,0.7625058439400679,0.55204721896833,1300.0,13,913
3a_physical_weak,7,naive,0.009,100,6,0.05,100.0,9.0,0.1,0,1.0,0.4591296401896882,0.7625058439400679,0.5418368566908475,87500.0,10,868
3a_physical_weak,7,random,0.0009,100,6,0.05,100.0,9.0,0.1,0,1.0,0.4591296401896882,0.7625058439400679,0.5441978810994427,89000.0,11,896
3a_physical_weak,8,regular,0.1,100,6,0.05,100.0,9.0,0.1,0,1.0,0.526222410488333,0.7556317157024642,0.6044856972348093,6000.0,6,903
3a_physical_weak,8,superintelligent,0.9,100,6,0.05,100.0,9.0,0.1,0,1.0,0.526222410488333,0.7556317157024642,0.6044856972348093,600.0,6,913
3a_physical_weak,8,oracle,1.0,100,6,0.05,100.0,9.0,0.1,0,1.0,0.526222410488333,0.7556317157024642,0.6044856972348093,600.0,6,913
3a_physical_weak,8,naive,0.009,100,6,0.05,100.0,9.0,0.1,0,1.0,0.526222410488333,0.7556317157024642,0.5837640308064667,58600.0,8,905
3a_physical_weak,8,random,0.0009,100,6,0.05,100.0,9.0,0.1,0,1.0,0.526222410488333,0.7556317157024642,0.5706091637247015,85500.0,8,859
3a_physical_weak,9,regular,0.1,100,6,0.05,100.0,9.0,0.1,0,1.0,0.5389673475997221,0.755012553349644,0.6139775693402512,7700.0,9,831
3a_physical_weak,9,superintelligent,0.9,100,6,0.05,100.0,9.0,0.1,0,1.0,0.5389673475997221,0.755012553349644,0.6139775693402512,900.0,9,912
3a_physical_weak,9,oracle,1.0,100,6,0.05,100.0,9.0,0.1,0,1.0,0.5389673475997221,0.755012553349644,0.6139775693402512,900.0,9,912
3a_physical_weak,9,naive,0.009,100,6,0.05,100.0,9.0,0.1,0,1.0,0.5389673475997221,0.755012553349644,0.6029138299646705,76700.0,8,885
3a_physical_weak,9,random,0.0009,100,6,0.05,100.0,9.0,0.1,0,1.0,0.5389673475997221,0.755012553349644,0.6139775693402512,78300.0,9,901
3a_physical_weak,10,regular,0.1,100,6,0.05,100.0,9.0,0.1,0,1.0,0.47813818080744375,0.7632626571587298,0.552256111879657,10000.0,14,905
3a_physical_weak,10,superintelligent,0.9,100,6,0.05,100.0,9.0,0.1,0,1.0,0.47813818080744375,0.7632626571587298,0.552256111879657,1700.0,14,912
3a_physical_weak,10,oracle,1.0,100,6,0.05,100.0,9.0,0.1,0,1.0,0.47813818080744375,0.7632626571587298,0.552256111879657,1400.0,14,912
3a_physical_weak,10,naive,0.009,100,6,0.05,100.0,9.0,0.1,0,1.0,0.47813818080744375,0.7632626571587298,0.5428265185976158,39000.0,11,908
3a_physical_weak,10,random,0.0009,100,6,0.05,100.0,9.0,0.1,0,1.0,0.47813818080744375,0.7632626571587298,0.5516796169746929,67900.0,11,877
3a_physical_weak,11,regular,0.1,100,6,0.05,100.0,9.0,0.1,0,1.0,0.5246205737335131,0.7582352432913086,0.5553116141920673,600.0,2,903
3a_physical_weak,11,superintelligent,0.9,100,6,0.05,100.0,9.0,0.1,0,1.0,0.5246205737335131,0.7582352432913086,0.5553116141920673,200.0,2,913
3a_physical_weak,11,oracle,1.0,100,6,0.05,100.0,9.0,0.1,0,1.0,0.5246205737335131,0.7582352432913086,0.5553116141920673,200.0,2,913
3a_physical_weak,11,naive,0.009,100,6,0.05,100.0,9.0,0.1,0,1.0,0.5246205737335131,0.7582352432913086,0.6101913241741861,41700.0,10,903
3a_physical_weak,11,random,0.0009,100,6,0.05,100.0,9.0,0.1,0,1.0,0.5246205737335131,0.7582352432913086,0.5853061836587616,72300.0,6,889
3a_physical_weak,12,regular,0.1,100,6,0.05,100.0,9.0,0.1,0,1.0,0.48265328097358,0.7549963648702599,0.6338083405256818,11100.0,14,915
3a_physical_weak,12,superintelligent,0.9,100,6,0.05,100.0,9.0,0.1,0,1.0,0.48265328097358,0.7549963648702599,0.6338083405256818,1500.0,14,917
3a_physical_weak,12,oracle,1.0,100,6,0.05,100.0,9.0,0.1,0,1.0,0.48265328097358,0.7549963648702599,0.6338083405256818,1400.0,14,917
3a_physical_weak,12,naive,0.009,100,6,0.05,100.0,9.0,0.1,0,1.0,0.48265328097358,0.7549963648702599,0.6125202544862881,79900.0,15,909
3a_physical_weak,12,random,0.0009,100,6,0.05,100.0,9.0,0.1,0,1.0,0.48265328097358,0.7549963648702599,0.61877301937355,92700.0,14,913
3a_physical_weak,13,regular,0.1,100,6,0.05,100.0,9.0,0.1,0,1.0,0.49045574538555625,0.7581753104664636,0.5799195217581892,11100.0,9,912
3a_physical_weak,13,superintelligent,0.9,100,6,0.05,100.0,9.0,0.1,0,1.0,0.49045574538555625,0.7581753104664636,0.5799195217581892,1000.0,9,916
3a_physical_weak,13,oracle,1.0,100,6,0.05,100.0,9.0,0.1,0,1.0,0.49045574538555625,0.7581753104664636,0.5799195217581892,900.0,9,916
3a_physical_weak,13,naive,0.009,100,6,0.05,100.0,9.0,0.1,0,1.0,0.49045574538555625,0.7581753104664636,0.5688741164846709,63400.0,12,905
3a_physical_weak,13,random,0.0009,100,6,0.05,100.0,9.0,0.1,0,1.0,0.49045574538555625,0.7581753104664636,0.5808272644627686,92000.0,13,907
3a_physical_weak,14,regular,0.1,100,6,0.05,100.0,9.0,0.1,0,1.0,0.46283621548432613,0.749810380594789,0.5898346561832191,16800.0,15,787
3a_physical_weak,14,superintelligent,0.9,100,6,0.05,100.0,9.0,0.1,0,1.0,0.46283621548432613,0.749810380594789,0.5898346561832191,2000.0,15,910
3a_physical_weak,14,oracle,1.0,100,6,0.05,100.0,9.0,0.1,0,1.0,0.46283621548432613,0.749810380594789,0.5898346561832191,1500.0,15,910
3a_physical_weak,14,naive,0.009,100,6,0.05,100.0,9.0,0.1,0,1.0,0.46283621548432613,0.749810380594789,0.5365110383344801,63200.0,10,879
3a_physical_weak,14,random,0.0009,100,6,0.05,100.0,9.0,0.1,0,1.0,0.46283621548432613,0.749810380594789,0.5308533832967376,86400.0,9,905
3a_physical_weak,15,regular,0.1,100,6,0.05,100.0,9.0,0.1,0,1.0,0.5046438117429876,0.7580797185161448,0.6524342889857054,11700.0,13,680
3a_physical_weak,15,superintelligent,0.9,100,6,0.05,100.0,9.0,0.1,0,1.0,0.5046438117429876,0.7580797185161448,0.6524342889857054,1500.0,13,909
3a_physical_weak,15,oracle,1.0,100,6,0.05,100.0,9.0,0.1,0,1.0,0.5046438117429876,0.7580797185161448,0.6524342889857054,1300.0,13,909
3a_physical_weak,15,naive,0.009,100,6,0.05,100.0,9.0,0.1,0,1.0,0.5046438117429876,0.7580797185161448,0.6261374759061632,75200.0,11,787
3a_physical_weak,15,random,0.0009,100,6,0.05,100.0,9.0,0.1,0,1.0,0.5046438117429876,0.7580797185161448,0.6280955949400301,67200.0,12,855
3a_physical_weak,16,regular,0.1,100,6,0.05,100.0,9.0,0.1,0,1.0,0.4676168042764275,0.7692569487999495,0.5880998480460938,15900.0,12,888
3a_physical_weak,16,superintelligent,0.9,100,6,0.05,100.0,9.0,0.1,0,1.0,0.4676168042764275,0.7692569487999495,0.5880998480460938,1400.0,12,917
3a_physical_weak,16,oracle,1.0,100,6,0.05,100.0,9.0,0.1,0,1.0,0.4676168042764275,0.7692569487999495,0.5880998480460938,1200.0,12,917
3a_physical_weak,16,naive,0.009,100,6,0.05,100.0,9.0,0.1,0,1.0,0.4676168042764275,0.7692569487999495,0.5896549852535495,71300.0,12,902
3a_physical_weak,16,random,0.0009,100,6,0.05,100.0,9.0,0.1,0,1.0,0.4676168042764275,0.7692569487999495,0.5512959022346975,91800.0,14,911
3a_physical_weak,17,regular,0.1,100,6,0.05,100.0,9.0,0.1,0,1.0,0.4500990857989091,0.7561450056683977,0.5897521145277751,14600.0,17,881
3a_physical_weak,17,superintelligent,0.9,100,6,0.05,100.0,9.0,0.1,0,1.0,0.4500990857989091,0.7561450056683977,0.5897521145277751,1800.0,17,916
3a_physical_weak,17,oracle,1.0,100,6,0.05,100.0,9.0,0.1,0,1.0,0.4500990857989091,0.7561450056683977,0.5897521145277751,1700.0,17,916
3a_physical_weak,17,naive,0.009,100,6,0.05,100.0,9.0,0.1,0,1.0,0.4500990857989091,0.7561450056683977,0.5747564435416398,88800.0,15,902
3a_physical_weak,17,random,0.0009,100,6,0.05,100.0,9.0,0.1,0,1.0,0.4500990857989091,0.7561450056683977,0.5497629991264595,88400.0,11,911
3a_physical_weak,18,regular,0.1,100,6,0.05,100.0,9.0,0.1,0,1.0,0.46739572970826837,0.7555356747903862,0.5903596227394616,10600.0,13,846
3a_physical_weak,18,superintelligent,0.9,100,6,0.05,100.0,9.0,0.1,0,1.0,0.46739572970826837,0.7555356747903862,0.5903596227394616,1400.0,13,913
3a_physical_weak,18,oracle,1.0,100,6,0.05,100.0,9.0,0.1,0,1.0,0.46739572970826837,0.7555356747903862,0.5903596227394616,1300.0,13,913
3a_physical_weak,18,naive,0.009,100,6,0.05,100.0,9.0,0.1,0,1.0,0.46739572970826837,0.7555356747903862,0.5903596227394616,51700.0,13,843
3a_physical_weak,18,random,0.0009,100,6,0.05,100.0,9.0,0.1,0,1.0,0.46739572970826837,0.7555356747903862,0.579217024676339,88600.0,13,873
3a_physical_weak,19,regular,0.1,100,6,0.05,100.0,9.0,0.1,0,1.0,0.5668713523920461,0.7492457599140213,0.5818364300800084,3400.0,3,832
3a_physical_weak,19,superintelligent,0.9,100,6,0.05,100.0,9.0,0.1,0,1.0,0.5668713523920461,0.7492457599140213,0.5818364300800084,300.0,3,915
3a_physical_weak,19,oracle,1.0,100,6,0.05,100.0,9.0,0.1,0,1.0,0.5668713523920461,0.7492457599140213,0.5818364300800084,300.0,3,915
3a_physical_weak,19,naive,0.009,100,6,0.05,100.0,9.0,0.1,0,1.0,0.5668713523920461,0.7492457599140213,0.5818364300800084,32800.0,3,906
3a_physical_weak,19,random,0.0009,100,6,0.05,100.0,9.0,0.1,0,1.0,0.5668713523920461,0.7492457599140213,0.5818364300800084,70400.0,3,827
3a_physical_weak,20,regular,0.1,100,6,0.05,100.0,9.0,0.1,0,1.0,0.4892809436736287,0.7573483789338792,0.5880717661610607,10700.0,11,897
3a_physical_weak,20,superintelligent,0.9,100,6,0.05,100.0,9.0,0.1,0,1.0,0.4892809436736287,0.7573483789338792,0.5880717661610607,1300.0,11,913
3a_physical_weak,20,oracle,1.0,100,6,0.05,100.0,9.0,0.1,0,1.0,0.4892809436736287,0.7573483789338792,0.5880717661610607,1100.0,11,913
3a_physical_weak,20,naive,0.009,100,6,0.05,100.0,9.0,0.1,0,1.0,0.4892809436736287,0.7573483789338792,0.5773638677587836,71900.0,11,905
3a_physical_weak,20,random,0.0009,100,6,0.05,100.0,9.0,0.1,0,1.0,0.4892809436736287,0.7573483789338792,0.5692572984931704,91300.0,8,914
3a_physical_weak,21,regular,0.1,100,6,0.05,100.0,9.0,0.1,0,1.0,0.5118354403089591,0.7487703248250619,0.5827575956468324,8300.0,9,880
3a_physical_weak,21,superintelligent,0.9,100,6,0.05,100.0,9.0,0.1,0,1.0,0.5118354403089591,0.7487703248250619,0.5827575956468324,1000.0,9,912
3a_physical_weak,21,oracle,1.0,100,6,0.05,100.0,9.0,0.1,0,1.0,0.5118354403089591,0.7487703248250619,0.5827575956468324,900.0,9,912
3a_physical_weak,21,naive,0.009,100,6,0.05,100.0,9.0,0.1,0,1.0,0.5118354403089591,0.7487703248250619,0.5821412673315106,53600.0,8,901
3a_physical_weak,21,random,0.0009,100,6,0.05,100.0,9.0,0.1,0,1.0,0.5118354403089591,0.7487703248250619,0.5821412673315106,90800.0,8,913
3a_physical_weak,22,regular,0.1,100,6,0.05,100.0,9.0,0.1,0,1.0,0.4444893818481642,0.7581666671974042,0.5549759647398593,3800.0,8,897
3a_physical_weak,22,superintelligent,0.9,100,6,0.05,100.0,9.0,0.1,0,1.0,0.4444893818481642,0.7581666671974042,0.5549759647398593,900.0,8,914
3a_physical_weak,22,oracle,1.0,100,6,0.05,100.0,9.0,0.1,0,1.0,0.4444893818481642,0.7581666671974042,0.5549759647398593,800.0,8,914
3a_physical_weak,22,naive,0.009,100,6,0.05,100.0,9.0,0.1,0,1.0,0.4444893818481642,0.7581666671974042,0.5522880267564875,45200.0,9,907
3a_physical_weak,22,random,0.0009,100,6,0.05,100.0,9.0,0.1,0,1.0,0.4444893818481642,0.7581666671974042,0.5524143000690146,88800.0,15,886
3a_physical_weak,23,regular,0.1,100,6,0.05,100.0,9.0,0.1,0,1.0,0.5337789164459213,0.7573498739809318,0.610955916704475,7300.0,11,615
3a_physical_weak,23,superintelligent,0.9,100,6,0.05,100.0,9.0,0.1,0,1.0,0.5337789164459213,0.7573498739809318,0.610955916704475,1200.0,11,910
3a_physical_weak,23,oracle,1.0,100,6,0.05,100.0,9.0,0.1,0,1.0,0.5337789164459213,0.7573498739809318,0.610955916704475,1100.0,11,910
3a_physical_weak,23,naive,0.009,100,6,0.05,100.0,9.0,0.1,0,1.0,0.5337789164459213,0.7573498739809318,0.5994024985344728,57400.0,8,837
3a_physical_weak,23,random,0.0009,100,6,0.05,100.0,9.0,0.1,0,1.0,0.5337789164459213,0.7573498739809318,0.5999436813874142,79900.0,9,837
3a_physical_weak,24,regular,0.1,100,6,0.05,100.0,9.0,0.1,0,1.0,0.547113992243332,0.7497706989792011,0.5933561080090631,6000.0,8,921
3a_physical_weak,24,superintelligent,0.9,100,6,0.05,100.0,9.0,0.1,0,1.0,0.547113992243332,0.7497706989792011,0.5933561080090631,800.0,8,922
3a_physical_weak,24,oracle,1.0,100,6,0.05,100.0,9.0,0.1,0,1.0,0.547113992243332,0.7497706989792011,0.5933561080090631,800.0,8,922
3a_physical_weak,24,naive,0.009,100,6,0.05,100.0,9.0,0.1,0,1.0,0.547113992243332,0.7497706989792011,0.5947430687424028,35500.0,5,894
3a_physical_weak,24,random,0.0009,100,6,0.05,100.0,9.0,0.1,0,1.0,0.547113992243332,0.7497706989792011,0.5717500691716727,49200.0,5,875
3a_physical_weak,25,regular,0.1,100,6,0.05,100.0,9.0,0.1,0,1.0,0.5136943417597138,0.7554987247086441,0.6512276108922699,13600.0,15,848
3a_physical_weak,25,superintelligent,0.9,100,6,0.05,100.0,9.0,0.1,0,1.0,0.5136943417597138,0.7554987247086441,0.6652213169619265,1600.0,16,912
3a_physical_weak,25,oracle,1.0,100,6,0.05,100.0,9.0,0.1,0,1.0,0.5136943417597138,0.7554987247086441,0.6652213169619265,1600.0,16,912
3a_physical_weak,25,naive,0.009,100,6,0.05,100.0,9.0,0.1,0,1.0,0.5136943417597138,0.7554987247086441,0.6208710950778166,68900.0,12,838
3a_physical_weak,25,random,0.0009,100,6,0.05,100.0,9.0,0.1,0,1.0,0.5136943417597138,0.7554987247086441,0.6173586983436816,92200.0,11,911
3a_physical_weak,26,regular,0.1,100,6,0.05,100.0,9.0,0.1,0,1.0,0.5202226616865862,0.7525480558188724,0.6185182745943829,7200.0,9,881
3a_physical_weak,26,superintelligent,0.9,100,6,0.05,100.0,9.0,0.1,0,1.0,0.5202226616865862,0.7525480558188724,0.6185182745943829,900.0,9,913
3a_physical_weak,26,oracle,1.0,100,6,0.05,100.0,9.0,0.1,0,1.0,0.5202226616865862,0.7525480558188724,0.6185182745943829,900.0,9,913
3a_physical_weak,26,naive,0.009,100,6,0.05,100.0,9.0,0.1,0,1.0,0.5202226616865862,0.7525480558188724,0.6110453827434746,85600.0,10,866
3a_physical_weak,26,random,0.0009,100,6,0.05,100.0,9.0,0.1,0,1.0,0.5202226616865862,0.7525480558188724,0.5994263613872878,85900.0,7,904
3a_physical_weak,27,regular,0.1,100,6,0.05,100.0,9.0,0.1,0,1.0,0.4951064299807196,0.7526407720087531,0.5711399741108185,14600.0,9,911
3a_physical_weak,27,superintelligent,0.9,100,6,0.05,100.0,9.0,0.1,0,1.0,0.4951064299807196,0.7526407720087531,0.5711399741108185,1200.0,9,912
3a_physical_weak,27,oracle,1.0,100,6,0.05,100.0,9.0,0.1,0,1.0,0.4951064299807196,0.7526407720087531,0.5711399741108185,900.0,9,912
3a_physical_weak,27,naive,0.009,100,6,0.05,100.0,9.0,0.1,0,1.0,0.4951064299807196,0.7526407720087531,0.5702840111119316,87500.0,8,900
3a_physical_weak,27,random,0.0009,100,6,0.05,100.0,9.0,0.1,0,1.0,0.4951064299807196,0.7526407720087531,0.5702840111119316,81400.0,8,898
3a_physical_weak,28,regular,0.1,100,6,0.05,100.0,9.0,0.1,0,1.0,0.5089076502285929,0.757382540493439,0.5434978989247968,9800.0,7,791
3a_physical_weak,28,superintelligent,0.9,100,6,0.05,100.0,9.0,0.1,0,1.0,0.5089076502285929,0.757382540493439,0.5434978989247968,800.0,7,913
3a_physical_weak,28,oracle,1.0,100,6,0.05,100.0,9.0,0.1,0,1.0,0.5089076502285929,0.757382540493439,0.5434978989247968,700.0,7,913
3a_physical_weak,28,naive,0.009,100,6,0.05,100.0,9.0,0.1,0,1.0,0.5089076502285929,0.757382540493439,0.558533617295414,72800.0,9,911
3a_physical_weak,28,random,0.0009,100,6,0.05,100.0,9.0,0.1,0,1.0,0.5089076502285929,0.757382540493439,0.5753707515932504,92400.0,11,914
3a_physical_weak,29,regular,0.1,100,6,0.05,100.0,9.0,0.1,0,1.0,0.4978807519973661,0.7653867261223211,0.5826514187384995,3900.0,9,914
3a_physical_weak,29,superintelligent,0.9,100,6,0.05,100.0,9.0,0.1,0,1.0,0.4978807519973661,0.7653867261223211,0.5826514187384995,1200.0,9,914
3a_physical_weak,29,oracle,1.0,100,6,0.05,100.0,9.0,0.1,0,1.0,0.4978807519973661,0.7653867261223211,0.5826514187384995,900.0,9,914
3a_physical_weak,29,naive,0.009,100,6,0.05,100.0,9.0,0.1,0,1.0,0.4978807519973661,0.7653867261223211,0.5826514187384995,42400.0,9,870
3a_physical_weak,29,random,0.0009,100,6,0.05,100.0,9.0,0.1,0,1.0,0.4978807519973661,0.7653867261223211,0.581173386603409,81800.0,13,908
3a_physical_weak,30,regular,0.1,100,6,0.05,100.0,9.0,0.1,0,1.0,0.4619595198444733,0.7633311390387542,0.6042667115789717,27200.0,15,900
3a_physical_weak,30,superintelligent,0.9,100,6,0.05,100.0,9.0,0.1,0,1.0,0.4619595198444733,0.7633311390387542,0.6042667115789717,1600.0,15,909
3a_physical_weak,30,oracle,1.0,100,6,0.05,100.0,9.0,0.1,0,1.0,0.4619595198444733,0.7633311390387542,0.6042667115789717,1500.0,15,909
3a_physical_weak,30,naive,0.009,100,6,0.05,100.0,9.0,0.1,0,1.0,0.4619595198444733,0.7633311390387542,0.5548391458524017,51300.0,9,835
3a_physical_weak,30,random,0.0009,100,6,0.05,100.0,9.0,0.1,0,1.0,0.4619595198444733,0.7633311390387542,0.5382621330601018,90100.0,9,892
3a_physical_weak,31,regular,0.1,100,6,0.05,100.0,9.0,0.1,0,1.0,0.4569820146090527,0.7525633615415397,0.5981977271197367,9100.0,10,910
3a_physical_weak,31,superintelligent,0.9,100,6,0.05,100.0,9.0,0.1,0,1.0,0.4569820146090527,0.7525633615415397,0.5981977271197367,1100.0,10,918
3a_physical_weak,31,oracle,1.0,100,6,0.05,100.0,9.0,0.1,0,1.0,0.4569820146090527,0.7525633615415397,0.5981977271197367,1000.0,10,918
3a_physical_weak,31,naive,0.009,100,6,0.05,100.0,9.0,0.1,0,1.0,0.4569820146090527,0.7525633615415397,0.5681310697309891,86600.0,11,868
3a_physical_weak,31,random,0.0009,100,6,0.05,100.0,9.0,0.1,0,1.0,0.4569820146090527,0.7525633615415397,0.5475095363507082,89400.0,13,906
3a_physical_weak,32,regular,0.1,100,6,0.05,100.0,9.0,0.1,0,1.0,0.528877620356607,0.7525443840326629,0.5873851039222754,3000.0,6,891
3a_physical_weak,32,superintelligent,0.9,100,6,0.05,100.0,9.0,0.1,0,1.0,0.528877620356607,0.7525443840326629,0.5873851039222754,600.0,6,913
3a_physical_weak,32,oracle,1.0,100,6,0.05,100.0,9.0,0.1,0,1.0,0.528877620356607,0.7525443840326629,0.5873851039222754,600.0,6,913
3a_physical_weak,32,naive,0.009,100,6,0.05,100.0,9.0,0.1,0,1.0,0.528877620356607,0.7525443840326629,0.5873851039222754,24000.0,6,898
3a_physical_weak,32,random,0.0009,100,6,0.05,100.0,9.0,0.1,0,1.0,0.528877620356607,0.7525443840326629,0.5665827332456298,87600.0,7,889
3a_physical_weak,33,regular,0.1,100,6,0.05,100.0,9.0,0.1,0,1.0,0.4541576842861604,0.7562526731483823,0.5481640892424923,8100.0,9,817
3a_physical_weak,33,superintelligent,0.9,100,6,0.05,100.0,9.0,0.1,0,1.0,0.4541576842861604,0.7562526731483823,0.5481640892424923,1000.0,9,917
3a_physical_weak,33,oracle,1.0,100,6,0.05,100.0,9.0,0.1,0,1.0,0.4541576842861604,0.7562526731483823,0.5481640892424923,900.0,9,917
3a_physical_weak,33,naive,0.009,100,6,0.05,100.0,9.0,0.1,0,1.0,0.4541576842861604,0.7562526731483823,0.5480670502350289,54900.0,9,908
3a_physical_weak,33,random,0.0009,100,6,0.05,100.0,9.0,0.1,0,1.0,0.4541576842861604,0.7562526731483823,0.5336206322231863,82900.0,9,902
3a_physical_weak,34,regular,0.1,100,6,0.05,100.0,9.0,0.1,0,1.0,0.5483868087348401,0.7598697253510616,0.6367033642679709,6500.0,8,908
3a_physical_weak,34,superintelligent,0.9,100,6,0.05,100.0,9.0,0.1,0,1.0,0.5483868087348401,0.7598697253510616,0.6367033642679709,900.0,8,915
3a_physical_weak,34,oracle,1.0,100,6,0.05,100.0,9.0,0.1,0,1.0,0.5483868087348401,0.7598697253510616,0.6367033642679709,800.0,8,915
3a_physical_weak,34,naive,0.009,100,6,0.05,100.0,9.0,0.1,0,1.0,0.5483868087348401,0.7598697253510616,0.6367033642679709,35100.0,8,902
3a_physical_weak,34,random,0.0009,100,6,0.05,100.0,9.0,0.1,0,1.0,0.5483868087348401,0.7598697253510616,0.6366544462807254,86500.0,7,858
3a_physical_weak,35,regular,0.1,100,6,0.05,100.0,9.0,0.1,0,1.0,0.4973917093580861,0.7522391500626057,0.6262239286298413,10700.0,14,911
3a_physical_weak,35,superintelligent,0.9,100,6,0.05,100.0,9.0,0.1,0,1.0,0.4973917093580861,0.7522391500626057,0.6262239286298413,1700.0,14,919
3a_physical_weak,35,oracle,1.0,100,6,0.05,100.0,9.0,0.1,0,1.0,0.4973917093580861,0.7522391500626057,0.6262239286298413,1400.0,14,919
3a_physical_weak,35,naive,0.009,100,6,0.05,100.0,9.0,0.1,0,1.0,0.4973917093580861,0.7522391500626057,0.597175435170084,90800.0,14,894
3a_physical_weak,35,random,0.0009,100,6,0.05,100.0,9.0,0.1,0,1.0,0.4973917093580861,0.7522391500626057,0.610272514216999,87300.0,12,916
3a_physical_weak,36,regular,0.1,100,6,0.05,100.0,9.0,0.1,0,1.0,0.49667415002797044,0.7437050660979121,0.5632971353582321,6200.0,9,884
3a_physical_weak,36,superintelligent,0.9,100,6,0.05,100.0,9.0,0.1,0,1.0,0.49667415002797044,0.7437050660979121,0.5674955177222629,1200.0,10,913
3a_physical_weak,36,oracle,1.0,100,6,0.05,100.0,9.0,0.1,0,1.0,0.49667415002797044,0.7437050660979121,0.5674955177222629,1000.0,10,913
3a_physical_weak,36,naive,0.009,100,6,0.05,100.0,9.0,0.1,0,1.0,0.49667415002797044,0.7437050660979121,0.5589195154689128,78700.0,8,817
3a_physical_weak,36,random,0.0009,100,6,0.05,100.0,9.0,0.1,0,1.0,0.49667415002797044,0.7437050660979121,0.5542880177491591,89000.0,12,909
3a_physical_weak,37,regular,0.1,100,6,0.05,100.0,9.0,0.1,0,1.0,0.4981020681421714,0.7620030254726164,0.5432730262765458,1600.0,5,845
3a_physical_weak,37,superintelligent,0.9,100,6,0.05,100.0,9.0,0.1,0,1.0,0.4981020681421714,0.7620030254726164,0.5432730262765458,500.0,5,911
3a_physical_weak,37,oracle,1.0,100,6,0.05,100.0,9.0,0.1,0,1.0,0.4981020681421714,0.7620030254726164,0.5432730262765458,500.0,5,911
3a_physical_weak,37,naive,0.009,100,6,0.05,100.0,9.0,0.1,0,1.0,0.4981020681421714,0.7620030254726164,0.5452999395775608,15900.0,6,808
3a_physical_weak,37,random,0.0009,100,6,0.05,100.0,9.0,0.1,0,1.0,0.4981020681421714,0.7620030254726164,0.5432730262765458,75000.0,5,897
3a_physical_weak,38,regular,0.1,100,6,0.05,100.0,9.0,0.1,0,1.0,0.47596809132866374,0.7549779633866058,0.5957066853293326,13700.0,12,895
3a_physical_weak,38,superintelligent,0.9,100,6,0.05,100.0,9.0,0.1,0,1.0,0.47596809132866374,0.7549779633866058,0.5957066853293326,1200.0,12,913
3a_physical_weak,38,oracle,1.0,100,6,0.05,100.0,9.0,0.1,0,1.0,0.47596809132866374,0.7549779633866058,0.5957066853293326,1200.0,12,913
3a_physical_weak,38,naive,0.009,100,6,0.05,100.0,9.0,0.1,0,1.0,0.47596809132866374,0.7549779633866058,0.5932945122187774,48400.0,12,879
3a_physical_weak,38,random,0.0009,100,6,0.05,100.0,9.0,0.1,0,1.0,0.47596809132866374,0.7549779633866058,0.586198690899569,92100.0,13,908
3a_physical_weak,39,regular,0.1,100,6,0.05,100.0,9.0,0.1,0,1.0,0.5119538737730537,0.7490626041247554,0.5946135751527422,7400.0,11,902
3a_physical_weak,39,superintelligent,0.9,100,6,0.05,100.0,9.0,0.1,0,1.0,0.5119538737730537,0.7490626041247554,0.5946135751527422,1500.0,11,916
3a_physical_weak,39,oracle,1.0,100,6,0.05,100.0,9.0,0.1,0,1.0,0.5119538737730537,0.7490626041247554,0.5946135751527422,1100.0,11,916
3a_physical_weak,39,naive,0.009,100,6,0.05,100.0,9.0,0.1,0,1.0,0.5119538737730537,0.7490626041247554,0.5929213149958672,50700.0,11,859
3a_physical_weak,39,random,0.0009,100,6,0.05,100.0,9.0,0.1,0,1.0,0.5119538737730537,0.7490626041247554,0.592479114063158,90500.0,12,910
3a_physical_weak,40,regular,0.1,100,6,0.05,100.0,9.0,0.1,0,1.0,0.49833215481020426,0.7440274942923016,0.5875737128001192,9000.0,10,866
3a_physical_weak,40,superintelligent,0.9,100,6,0.05,100.0,9.0,0.1,0,1.0,0.49833215481020426,0.7440274942923016,0.5875737128001192,1100.0,10,913
3a_physical_weak,40,oracle,1.0,100,6,0.05,100.0,9.0,0.1,0,1.0,0.49833215481020426,0.7440274942923016,0.5875737128001192,1000.0,10,913
3a_physical_weak,40,naive,0.009,100,6,0.05,100.0,9.0,0.1,0,1.0,0.49833215481020426,0.7440274942923016,0.5811291587893875,43200.0,13,904
3a_physical_weak,40,random,0.0009,100,6,0.05,100.0,9.0,0.1,0,1.0,0.49833215481020426,0.7440274942923016,0.5604505949327275,75400.0,11,912
3a_physical_weak,41,regular,0.1,100,6,0.05,100.0,9.0,0.1,0,1.0,0.5252635268866119,0.7614850828465104,0.572232706497167,4300.0,6,913
3a_physical_weak,41,superintelligent,0.9,100,6,0.05,100.0,9.0,0.1,0,1.0,0.5252635268866119,0.7614850828465104,0.572232706497167,1000.0,6,913
3a_physical_weak,41,oracle,1.0,100,6,0.05,100.0,9.0,0.1,0,1.0,0.5252635268866119,0.7614850828465104,0.572232706497167,600.0,6,913
3a_physical_weak,41,naive,0.009,100,6,0.05,100.0,9.0,0.1,0,1.0,0.5252635268866119,0.7614850828465104,0.5712270312142089,38200.0,5,885
3a_physical_weak,41,random,0.0009,100,6,0.05,100.0,9.0,0.1,0,1.0,0.5252635268866119,0.7614850828465104,0.5712270312142089,33300.0,5,861
3a_physical_weak,42,regular,0.1,100,6,0.05,100.0,9.0,0.1,0,1.0,0.4678816006308253,0.7505934794863469,0.5605030367094905,9400.0,8,881
3a_physical_weak,42,superintelligent,0.9,100,6,0.05,100.0,9.0,0.1,0,1.0,0.4678816006308253,0.7505934794863469,0.5605030367094905,900.0,8,908
3a_physical_weak,42,oracle,1.0,100,6,0.05,100.0,9.0,0.1,0,1.0,0.4678816006308253,0.7505934794863469,0.5605030367094905,800.0,8,908
3a_physical_weak,42,naive,0.009,100,6,0.05,100.0,9.0,0.1,0,1.0,0.4678816006308253,0.7505934794863469,0.5599315228924212,43000.0,7,857
3a_physical_weak,42,random,0.0009,100,6,0.05,100.0,9.0,0.1,0,1.0,0.4678816006308253,0.7505934794863469,0.58459575812103,72400.0,13,891
3a_physical_weak,43,regular,0.1,100,6,0.05,100.0,9.0,0.1,0,1.0,0.5065991562234654,0.7568860175321263,0.5848376782497965,10100.0,7,787
3a_physical_weak,43,superintelligent,0.9,100,6,0.05,100.0,9.0,0.1,0,1.0,0.5065991562234654,0.7568860175321263,0.5848376782497965,700.0,7,909
3a_physical_weak,43,oracle,1.0,100,6,0.05,100.0,9.0,0.1,0,1.0,0.5065991562234654,0.7568860175321263,0.5848376782497965,700.0,7,909
3a_physical_weak,43,naive,0.009,100,6,0.05,100.0,9.0,0.1,0,1.0,0.5065991562234654,0.7568860175321263,0.5812336759328636,60100.0,7,845
3a_physical_weak,43,random,0.0009,100,6,0.05,100.0,9.0,0.1,0,1.0,0.5065991562234654,0.7568860175321263,0.5770139204113712,74200.0,5,856
3a_physical_weak,44,regular,0.1,100,6,0.05,100.0,9.0,0.1,0,1.0,0.5205417735303957,0.7455382846395833,0.6264933713596263,8100.0,14,827
3a_physical_weak,44,superintelligent,0.9,100,6,0.05,100.0,9.0,0.1,0,1.0,0.5205417735303957,0.7455382846395833,0.6264933713596263,1700.0,14,915
3a_physical_weak,44,oracle,1.0,100,6,0.05,100.0,9.0,0.1,0,1.0,0.5205417735303957,0.7455382846395833,0.6264933713596263,1400.0,14,915
3a_physical_weak,44,naive,0.009,100,6,0.05,100.0,9.0,0.1,0,1.0,0.5205417735303957,0.7455382846395833,0.5978598367012425,50200.0,11,896
3a_physical_weak,44,random,0.0009,100,6,0.05,100.0,9.0,0.1,0,1.0,0.5205417735303957,0.7455382846395833,0.5896224569950387,89300.0,9,884
3a_physical_weak,45,regular,0.1,100,6,0.05,100.0,9.0,0.1,0,1.0,0.5055323631136279,0.7387335223420255,0.5843250506976209,12300.0,13,835
3a_physical_weak,45,superintelligent,0.9,100,6,0.05,100.0,9.0,0.1,0,1.0,0.5055323631136279,0.7387335223420255,0.5857390844448738,1300.0,12,912
3a_physical_weak,45,oracle,1.0,100,6,0.05,100.0,9.0,0.1,0,1.0,0.5055323631136279,0.7387335223420255,0.5857390844448738,1200.0,12,912
3a_physical_weak,45,naive,0.009,100,6,0.05,100.0,9.0,0.1,0,1.0,0.5055323631136279,0.7387335223420255,0.579119518048126,68700.0,10,897
3a_physical_weak,45,random,0.0009,100,6,0.05,100.0,9.0,0.1,0,1.0,0.5055323631136279,0.7387335223420255,0.5718455917162167,91100.0,11,907
3a_physical_weak,46,regular,0.1,100,6,0.05,100.0,9.0,0.1,0,1.0,0.5068815976515227,0.7591865394127143,0.5316624898366875,2300.0,4,912
3a_physical_weak,46,superintelligent,0.9,100,6,0.05,100.0,9.0,0.1,0,1.0,0.5068815976515227,0.7591865394127143,0.5316624898366875,400.0,4,914
3a_physical_weak,46,oracle,1.0,100,6,0.05,100.0,9.0,0.1,0,1.0,0.5068815976515227,0.7591865394127143,0.5316624898366875,400.0,4,914
3a_physical_weak,46,naive,0.009,100,6,0.05,100.0,9.0,0.1,0,1.0,0.5068815976515227,0.7591865394127143,0.5336919452158707,38500.0,5,903
3a_physical_weak,46,random,0.0009,100,6,0.05,100.0,9.0,0.1,0,1.0,0.5068815976515227,0.7591865394127143,0.5316624898366875,77600.0,4,913
3a_physical_weak,47,regular,0.1,100,6,0.05,100.0,9.0,0.1,0,1.0,0.5251869110768115,0.7635921053193803,0.5457688142339537,4300.0,4,805
3a_physical_weak,47,superintelligent,0.9,100,6,0.05,100.0,9.0,0.1,0,1.0,0.5251869110768115,0.7635921053193803,0.5457688142339537,400.0,4,908
3a_physical_weak,47,oracle,1.0,100,6,0.05,100.0,9.0,0.1,0,1.0,0.5251869110768115,0.7635921053193803,0.5457688142339537,400.0,4,908
3a_physical_weak,47,naive,0.009,100,6,0.05,100.0,9.0,0.1,0,1.0,0.5251869110768115,0.7635921053193803,0.5457688142339537,21000.0,4,724
3a_physical_weak,47,random,0.0009,100,6,0.05,100.0,9.0,0.1,0,1.0,0.5251869110768115,0.7635921053193803,0.5380480703612782,58400.0,2,784
3a_physical_weak,48,regular,0.1,100,6,0.05,100.0,9.0,0.1,0,1.0,0.5133950198352557,0.7696826147917156,0.6164798409419217,7600.0,12,809
3a_physical_weak,48,superintelligent,0.9,100,6,0.05,100.0,9.0,0.1,0,1.0,0.5133950198352557,0.7696826147917156,0.6270493929006882,1200.0,11,914
3a_physical_weak,48,oracle,1.0,100,6,0.05,100.0,9.0,0.1,0,1.0,0.5133950198352557,0.7696826147917156,0.6270493929006882,1100.0,11,914
3a_physical_weak,48,naive,0.009,100,6,0.05,100.0,9.0,0.1,0,1.0,0.5133950198352557,0.7696826147917156,0.5890296666821756,59500.0,8,872
3a_physical_weak,48,random,0.0009,100,6,0.05,100.0,9.0,0.1,0,1.0,0.5133950198352557,0.7696826147917156,0.6132177991708173,87000.0,11,874
3a_physical_weak,49,regular,0.1,100,6,0.05,100.0,9.0,0.1,0,1.0,0.4559186756317464,0.7728782226965771,0.5705497964446149,12000.0,12,905
3a_physical_weak,49,superintelligent,0.9,100,6,0.05,100.0,9.0,0.1,0,1.0,0.4559186756317464,0.7728782226965771,0.5705497964446149,1200.0,12,913
3a_physical_weak,49,oracle,1.0,100,6,0.05,100.0,9.0,0.1,0,1.0,0.4559186756317464,0.7728782226965771,0.5705497964446149,1200.0,12,913
3a_physical_weak,49,naive,0.009,100,6,0.05,100.0,9.0,0.1,0,1.0,0.4559186756317464,0.7728782226965771,0.5644989632709638,69800.0,14,904
3a_physical_weak,49,random,0.0009,100,6,0.05,100.0,9.0,0.1,0,1.0,0.4559186756317464,0.7728782226965771,0.5577137400496401,89700.0,12,900
3a_physical_weak,50,regular,0.1,100,6,0.05,100.0,9.0,0.1,0,1.0,0.5105606990276361,0.7476958491789752,0.5988512843691056,11000.0,9,879
3a_physical_weak,50,superintelligent,0.9,100,6,0.05,100.0,9.0,0.1,0,1.0,0.5105606990276361,0.7476958491789752,0.5988512843691056,900.0,9,911
3a_physical_weak,50,oracle,1.0,100,6,0.05,100.0,9.0,0.1,0,1.0,0.5105606990276361,0.7476958491789752,0.5988512843691056,900.0,9,911
3a_physical_weak,50,naive,0.009,100,6,0.05,100.0,9.0,0.1,0,1.0,0.5105606990276361,0.7476958491789752,0.5657939388562557,56000.0,5,811
3a_physical_weak,50,random,0.0009,100,6,0.05,100.0,9.0,0.1,0,1.0,0.5105606990276361,0.7476958491789752,0.5941936681039508,87900.0,8,888
3a_physical_weak,51,regular,0.1,100,6,0.05,100.0,9.0,0.1,0,1.0,0.48702021594767086,0.7554837999266879,0.5306366575515991,4400.0,7,900
3a_physical_weak,51,superintelligent,0.9,100,6,0.05,100.0,9.0,0.1,0,1.0,0.48702021594767086,0.7554837999266879,0.5306366575515991,800.0,7,908
3a_physical_weak,51,oracle,1.0,100,6,0.05,100.0,9.0,0.1,0,1.0,0.48702021594767086,0.7554837999266879,0.5306366575515991,700.0,7,908
3a_physical_weak,51,naive,0.009,100,6,0.05,100.0,9.0,0.1,0,1.0,0.48702021594767086,0.7554837999266879,0.5306366575515991,19100.0,7,908
3a_physical_weak,51,random,0.0009,100,6,0.05,100.0,9.0,0.1,0,1.0,0.48702021594767086,0.7554837999266879,0.5453926257199884,71700.0,6,711
3a_physical_weak,52,regular,0.1,100,6,0.05,100.0,9.0,0.1,0,1.0,0.5258829081495778,0.7587127197179522,0.5597253828732704,3300.0,4,915
3a_physical_weak,52,superintelligent,0.9,100,6,0.05,100.0,9.0,0.1,0,1.0,0.5258829081495778,0.7587127197179522,0.5597253828732704,600.0,4,919
3a_physical_weak,52,oracle,1.0,100,6,0.05,100.0,9.0,0.1,0,1.0,0.5258829081495778,0.7587127197179522,0.5597253828732704,400.0,4,919
3a_physical_weak,52,naive,0.009,100,6,0.05,100.0,9.0,0.1,0,1.0,0.5258829081495778,0.7587127197179522,0.5576748014944966,18700.0,3,881
3a_physical_weak,52,random,0.0009,100,6,0.05,100.0,9.0,0.1,0,1.0,0.5258829081495778,0.7587127197179522,0.5579040750925153,74000.0,4,906
3a_physical_weak,53,regular,0.1,100,6,0.05,100.0,9.0,0.1,0,1.0,0.5213896316489843,0.7468568477189823,0.5651715768177616,4200.0,5,873
3a_physical_weak,53,superintelligent,0.9,100,6,0.05,100.0,9.0,0.1,0,1.0,0.5213896316489843,0.7468568477189823,0.5651715768177616,500.0,5,914
3a_physical_weak,53,oracle,1.0,100,6,0.05,100.0,9.0,0.1,0,1.0,0.5213896316489843,0.7468568477189823,0.5651715768177616,500.0,5,914
3a_physical_weak,53,naive,0.009,100,6,0.05,100.0,9.0,0.1,0,1.0,0.5213896316489843,0.7468568477189823,0.5651715768177616,72400.0,5,914
3a_physical_weak,53,random,0.0009,100,6,0.05,100.0,9.0,0.1,0,1.0,0.5213896316489843,0.7468568477189823,0.5651715768177616,72300.0,5,913
3a_physical_weak,54,regular,0.1,100,6,0.05,100.0,9.0,0.1,0,1.0,0.5284901074828947,0.7544889749297903,0.6146833870510677,10800.0,11,848
3a_physical_weak,54,superintelligent,0.9,100,6,0.05,100.0,9.0,0.1,0,1.0,0.5284901074828947,0.7544889749297903,0.6146833870510677,1200.0,11,914
3a_physical_weak,54,oracle,1.0,100,6,0.05,100.0,9.0,0.1,0,1.0,0.5284901074828947,0.7544889749297903,0.6146833870510677,1100.0,11,914
3a_physical_weak,54,naive,0.009,100,6,0.05,100.0,9.0,0.1,0,1.0,0.5284901074828947,0.7544889749297903,0.5900168393076785,62400.0,8,865
3a_physical_weak,54,random,0.0009,100,6,0.05,100.0,9.0,0.1,0,1.0,0.5284901074828947,0.7544889749297903,0.5854185364931381,90900.0,9,900
3a_physical_weak,55,regular,0.1,100,6,0.05,100.0,9.0,0.1,0,1.0,0.5428526398522266,0.7647298481940582,0.6097563468909868,5300.0,8,665
3a_physical_weak,55,superintelligent,0.9,100,6,0.05,100.0,9.0,0.1,0,1.0,0.5428526398522266,0.7647298481940582,0.6097563468909868,1100.0,8,911
3a_physical_weak,55,oracle,1.0,100,6,0.05,100.0,9.0,0.1,0,1.0,0.5428526398522266,0.7647298481940582,0.6097563468909868,800.0,8,911
3a_physical_weak,55,naive,0.009,100,6,0.05,100.0,9.0,0.1,0,1.0,0.5428526398522266,0.7647298481940582,0.6017644816809382,77000.0,12,809
3a_physical_weak,55,random,0.0009,100,6,0.05,100.0,9.0,0.1,0,1.0,0.5428526398522266,0.7647298481940582,0.6009009160251069,91900.0,7,913
3a_physical_weak,56,regular,0.1,100,6,0.05,100.0,9.0,0.1,0,1.0,0.5277718928421596,0.7544812951724376,0.603564397621814,10500.0,9,862
3a_physical_weak,56,superintelligent,0.9,100,6,0.05,100.0,9.0,0.1,0,1.0,0.5277718928421596,0.7544812951724376,0.6049750405481036,1100.0,10,915
3a_physical_weak,56,oracle,1.0,100,6,0.05,100.0,9.0,0.1,0,1.0,0.5277718928421596,0.7544812951724376,0.6049750405481036,1000.0,10,915
3a_physical_weak,56,naive,0.009,100,6,0.05,100.0,9.0,0.1,0,1.0,0.5277718928421596,0.7544812951724376,0.5974565607897067,69600.0,11,890
3a_physical_weak,56,random,0.0009,100,6,0.05,100.0,9.0,0.1,0,1.0,0.5277718928421596,0.7544812951724376,0.5370307304110551,76400.0,5,888
3a_physical_weak,57,regular,0.1,100,6,0.05,100.0,9.0,0.1,0,1.0,0.47683956303608355,0.7587944169482388,0.5680865905706064,8700.0,9,871
3a_physical_weak,57,superintelligent,0.9,100,6,0.05,100.0,9.0,0.1,0,1.0,0.47683956303608355,0.7587944169482388,0.5680865905706064,1100.0,9,911
3a_physical_weak,57,oracle,1.0,100,6,0.05,100.0,9.0,0.1,0,1.0,0.47683956303608355,0.7587944169482388,0.5680865905706064,900.0,9,911
3a_physical_weak,57,naive,0.009,100,6,0.05,100.0,9.0,0.1,0,1.0,0.47683956303608355,0.7587944169482388,0.5680865905706064,50500.0,9,900
3a_physical_weak,57,random,0.0009,100,6,0.05,100.0,9.0,0.1,0,1.0,0.47683956303608355,0.7587944169482388,0.5680865905706064,89200.0,9,904
3a_physical_weak,58,regular,0.1,100,6,0.05,100.0,9.0,0.1,0,1.0,0.5721068725522909,0.7527703629480306,0.6259457793721892,7100.0,4,835
3a_physical_weak,58,superintelligent,0.9,100,6,0.05,100.0,9.0,0.1,0,1.0,0.5721068725522909,0.7527703629480306,0.6259457793721892,400.0,4,914
3a_physical_weak,58,oracle,1.0,100,6,0.05,100.0,9.0,0.1,0,1.0,0.5721068725522909,0.7527703629480306,0.6259457793721892,400.0,4,914
3a_physical_weak,58,naive,0.009,100,6,0.05,100.0,9.0,0.1,0,1.0,0.5721068725522909,0.7527703629480306,0.6259457793721892,18000.0,4,786
3a_physical_weak,58,random,0.0009,100,6,0.05,100.0,9.0,0.1,0,1.0,0.5721068725522909,0.7527703629480306,0.6259457793721892,79100.0,4,808
3a_physical_weak,59,regular,0.1,100,6,0.05,100.0,9.0,0.1,0,1.0,0.4866221285705873,0.7556929217801086,0.6061774513098898,9100.0,9,715
3a_physical_weak,59,superintelligent,0.9,100,6,0.05,100.0,9.0,0.1,0,1.0,0.4866221285705873,0.7556929217801086,0.6061774513098898,1200.0,9,914
3a_physical_weak,59,oracle,1.0,100,6,0.05,100.0,9.0,0.1,0,1.0,0.4866221285705873,0.7556929217801086,0.6061774513098898,900.0,9,914
3a_physical_weak,59,naive,0.009,100,6,0.05,100.0,9.0,0.1,0,1.0,0.4866221285705873,0.7556929217801086,0.5835919179716346,23800.0,7,911
3a_physical_weak,59,random,0.0009,100,6,0.05,100.0,9.0,0.1,0,1.0,0.4866221285705873,0.7556929217801086,0.5646163721701101,54300.0,5,907
3a_physical_weak,60,regular,0.1,100,6,0.05,100.0,9.0,0.1,0,1.0,0.4536658987030931,0.7506849164612823,0.5361133791819276,9400.0,8,831
3a_physical_weak,60,superintelligent,0.9,100,6,0.05,100.0,9.0,0.1,0,1.0,0.4536658987030931,0.7506849164612823,0.5361133791819276,900.0,8,909
3a_physical_weak,60,oracle,1.0,100,6,0.05,100.0,9.0,0.1,0,1.0,0.4536658987030931,0.7506849164612823,0.5361133791819276,800.0,8,909
3a_physical_weak,60,naive,0.009,100,6,0.05,100.0,9.0,0.1,0,1.0,0.4536658987030931,0.7506849164612823,0.5309920071746201,46300.0,9,635
3a_physical_weak,60,random,0.0009,100,6,0.05,100.0,9.0,0.1,0,1.0,0.4536658987030931,0.7506849164612823,0.5139721071604869,83300.0,7,826
3a_physical_weak,61,regular,0.1,100,6,0.05,100.0,9.0,0.1,0,1.0,0.4959830309640263,0.757809324586893,0.5823784753495925,3000.0,4,906
3a_physical_weak,61,superintelligent,0.9,100,6,0.05,100.0,9.0,0.1,0,1.0,0.4959830309640263,0.757809324586893,0.5823784753495925,500.0,4,914
3a_physical_weak,61,oracle,1.0,100,6,0.05,100.0,9.0,0.1,0,1.0,0.4959830309640263,0.757809324586893,0.5823784753495925,400.0,4,914
3a_physical_weak,61,naive,0.009,100,6,0.05,100.0,9.0,0.1,0,1.0,0.4959830309640263,0.757809324586893,0.5823784753495925,31300.0,4,864
3a_physical_weak,61,random,0.0009,100,6,0.05,100.0,9.0,0.1,0,1.0,0.4959830309640263,0.757809324586893,0.5812553558228882,75500.0,8,846
3a_physical_weak,62,regular,0.1,100,6,0.05,100.0,9.0,0.1,0,1.0,0.5233434892476965,0.7541456991593388,0.5955151034603591,3500.0,4,898
3a_physical_weak,62,superintelligent,0.9,100,6,0.05,100.0,9.0,0.1,0,1.0,0.5233434892476965,0.7541456991593388,0.5955151034603591,600.0,4,916
3a_physical_weak,62,oracle,1.0,100,6,0.05,100.0,9.0,0.1,0,1.0,0.5233434892476965,0.7541456991593388,0.5955151034603591,400.0,4,916
3a_physical_weak,62,naive,0.009,100,6,0.05,100.0,9.0,0.1,0,1.0,0.5233434892476965,0.7541456991593388,0.6097762204381215,26900.0,8,900
3a_physical_weak,62,random,0.0009,100,6,0.05,100.0,9.0,0.1,0,1.0,0.5233434892476965,0.7541456991593388,0.5847733159050081,47800.0,4,886
3a_physical_weak,63,regular,0.1,100,6,0.05,100.0,9.0,0.1,0,1.0,0.4650214654109478,0.7597090022458294,0.5601016661093421,6400.0,8,818
3a_physical_weak,63,superintelligent,0.9,100,6,0.05,100.0,9.0,0.1,0,1.0,0.4650214654109478,0.7597090022458294,0.5601016661093421,800.0,8,912
3a_physical_weak,63,oracle,1.0,100,6,0.05,100.0,9.0,0.1,0,1.0,0.4650214654109478,0.7597090022458294,0.5601016661093421,800.0,8,912
3a_physical_weak,63,naive,0.009,100,6,0.05,100.0,9.0,0.1,0,1.0,0.4650214654109478,0.7597090022458294,0.5446239235866172,57900.0,7,736
3a_physical_weak,63,random,0.0009,100,6,0.05,100.0,9.0,0.1,0,1.0,0.4650214654109478,0.7597090022458294,0.5456815163709343,82900.0,8,821
3a_physical_weak,64,regular,0.1,100,6,0.05,100.0,9.0,0.1,0,1.0,0.5108698162410158,0.7439958246486188,0.5645830327993879,4500.0,5,874
3a_physical_weak,64,superintelligent,0.9,100,6,0.05,100.0,9.0,0.1,0,1.0,0.5108698162410158,0.7439958246486188,0.5645830327993879,500.0,5,907
3a_physical_weak,64,oracle,1.0,100,6,0.05,100.0,9.0,0.1,0,1.0,0.5108698162410158,0.7439958246486188,0.5645830327993879,500.0,5,907
3a_physical_weak,64,naive,0.009,100,6,0.05,100.0,9.0,0.1,0,1.0,0.5108698162410158,0.7439958246486188,0.5645830327993879,25100.0,5,826
3a_physical_weak,64,random,0.0009,100,6,0.05,100.0,9.0,0.1,0,1.0,0.5108698162410158,0.7439958246486188,0.5435030105862154,68800.0,4,891
3a_physical_weak,65,regular,0.1,100,6,0.05,100.0,9.0,0.1,0,1.0,0.5377708175260952,0.7687023982980087,0.5810148804363908,12200.0,7,710
3a_physical_weak,65,superintelligent,0.9,100,6,0.05,100.0,9.0,0.1,0,1.0,0.5377708175260952,0.7687023982980087,0.58290374857451,1000.0,10,911
3a_physical_weak,65,oracle,1.0,100,6,0.05,100.0,9.0,0.1,0,1.0,0.5377708175260952,0.7687023982980087,0.58290374857451,1000.0,10,911
3a_physical_weak,65,naive,0.009,100,6,0.05,100.0,9.0,0.1,0,1.0,0.5377708175260952,0.7687023982980087,0.5810148804363908,69900.0,7,867
3a_physical_weak,65,random,0.0009,100,6,0.05,100.0,9.0,0.1,0,1.0,0.5377708175260952,0.7687023982980087,0.5742203229925399,89100.0,8,883
3a_physical_weak,66,regular,0.1,100,6,0.05,100.0,9.0,0.1,0,1.0,0.44505184849197355,0.751213773761206,0.5448204451542892,10700.0,10,894
3a_physical_weak,66,superintelligent,0.9,100,6,0.05,100.0,9.0,0.1,0,1.0,0.44505184849197355,0.751213773761206,0.5448204451542892,1100.0,10,912
3a_physical_weak,66,oracle,1.0,100,6,0.05,100.0,9.0,0.1,0,1.0,0.44505184849197355,0.751213773761206,0.5448204451542892,1000.0,10,912
3a_physical_weak,66,naive,0.009,100,6,0.05,100.0,9.0,0.1,0,1.0,0.44505184849197355,0.751213773761206,0.528907178267831,58500.0,11,904
3a_physical_weak,66,random,0.0009,100,6,0.05,100.0,9.0,0.1,0,1.0,0.44505184849197355,0.751213773761206,0.5372921868844108,91700.0,10,907
3a_physical_weak,67,regular,0.1,100,6,0.05,100.0,9.0,0.1,0,1.0,0.47895521343500524,0.7498636637151862,0.5514186475490073,4800.0,6,787
3a_physical_weak,67,superintelligent,0.9,100,6,0.05,100.0,9.0,0.1,0,1.0,0.47895521343500524,0.7498636637151862,0.5514186475490073,600.0,6,911
3a_physical_weak,67,oracle,1.0,100,6,0.05,100.0,9.0,0.1,0,1.0,0.47895521343500524,0.7498636637151862,0.5514186475490073,600.0,6,911
3a_physical_weak,67,naive,0.009,100,6,0.05,100.0,9.0,0.1,0,1.0,0.47895521343500524,0.7498636637151862,0.5514186475490073,30400.0,6,761
3a_physical_weak,67,random,0.0009,100,6,0.05,100.0,9.0,0.1,0,1.0,0.47895521343500524,0.7498636637151862,0.5510523188249858,68200.0,7,909
3a_physical_weak,68,regular,0.1,100,6,0.05,100.0,9.0,0.1,0,1.0,0.5336738431840474,0.7523932090901841,0.5887164067388843,5300.0,5,743
3a_physical_weak,68,superintelligent,0.9,100,6,0.05,100.0,9.0,0.1,0,1.0,0.5336738431840474,0.7523932090901841,0.5887164067388843,900.0,5,913
3a_physical_weak,68,oracle,1.0,100,6,0.05,100.0,9.0,0.1,0,1.0,0.5336738431840474,0.7523932090901841,0.5887164067388843,500.0,5,913
3a_physical_weak,68,naive,0.009,100,6,0.05,100.0,9.0,0.1,0,1.0,0.5336738431840474,0.7523932090901841,0.5887164067388843,32900.0,5,875
3a_physical_weak,68,random,0.0009,100,6,0.05,100.0,9.0,0.1,0,1.0,0.5336738431840474,0.7523932090901841,0.5887164067388843,68100.0,5,849
3a_physical_weak,69,regular,0.1,100,6,0.05,100.0,9.0,0.1,0,1.0,0.5605415890868563,0.7480027749041874,0.6113878139906176,8500.0,7,815
3a_physical_weak,69,superintelligent,0.9,100,6,0.05,100.0,9.0,0.1,0,1.0,0.5605415890868563,0.7480027749041874,0.6113878139906176,700.0,7,911
3a_physical_weak,69,oracle,1.0,100,6,0.05,100.0,9.0,0.1,0,1.0,0.5605415890868563,0.7480027749041874,0.6113878139906176,700.0,7,911
3a_physical_weak,69,naive,0.009,100,6,0.05,100.0,9.0,0.1,0,1.0,0.5605415890868563,0.7480027749041874,0.6113878139906176,63600.0,7,903
3a_physical_weak,69,random,0.0009,100,6,0.05,100.0,9.0,0.1,0,1.0,0.5605415890868563,0.7480027749041874,0.6113878139906176,71200.0,7,854
3a_physical_weak,70,regular,0.1,100,6,0.05,100.0,9.0,0.1,0,1.0,0.5262766846410277,0.7554635096869111,0.6265750638300744,9200.0,12,899
3a_physical_weak,70,superintelligent,0.9,100,6,0.05,100.0,9.0,0.1,0,1.0,0.5262766846410277,0.7554635096869111,0.6265750638300744,1300.0,12,914
3a_physical_weak,70,oracle,1.0,100,6,0.05,100.0,9.0,0.1,0,1.0,0.5262766846410277,0.7554635096869111,0.6265750638300744,1200.0,12,914
3a_physical_weak,70,naive,0.009,100,6,0.05,100.0,9.0,0.1,0,1.0,0.5262766846410277,0.7554635096869111,0.6001034391488703,67200.0,10,854
3a_physical_weak,70,random,0.0009,100,6,0.05,100.0,9.0,0.1,0,1.0,0.5262766846410277,0.7554635096869111,0.5921056076126466,87700.0,7,891
3a_physical_weak,71,regular,0.1,100,6,0.05,100.0,9.0,0.1,0,1.0,0.46784364439018833,0.7507160917884255,0.6025638893324028,14900.0,12,721
3a_physical_weak,71,superintelligent,0.9,100,6,0.05,100.0,9.0,0.1,0,1.0,0.46784364439018833,0.7507160917884255,0.6025638893324028,1200.0,12,916
3a_physical_weak,71,oracle,1.0,100,6,0.05,100.0,9.0,0.1,0,1.0,0.46784364439018833,0.7507160917884255,0.6025638893324028,1200.0,12,916
3a_physical_weak,71,naive,0.009,100,6,0.05,100.0,9.0,0.1,0,1.0,0.46784364439018833,0.7507160917884255,0.6025638893324028,55400.0,12,835
3a_physical_weak,71,random,0.0009,100,6,0.05,100.0,9.0,0.1,0,1.0,0.46784364439018833,0.7507160917884255,0.5829863431870274,88000.0,12,908
3a_physical_weak,72,regular,0.1,100,6,0.05,100.0,9.0,0.1,0,1.0,0.4337543233388981,0.7543359258697376,0.5681126188499598,7900.0,15,788
3a_physical_weak,72,superintelligent,0.9,100,6,0.05,100.0,9.0,0.1,0,1.0,0.4337543233388981,0.7543359258697376,0.5901402351812809,2000.0,19,910
3a_physical_weak,72,oracle,1.0,100,6,0.05,100.0,9.0,0.1,0,1.0,0.4337543233388981,0.7543359258697376,0.5901402351812809,1900.0,19,910
3a_physical_weak,72,naive,0.009,100,6,0.05,100.0,9.0,0.1,0,1.0,0.4337543233388981,0.7543359258697376,0.5875816995411419,86000.0,17,843
3a_physical_weak,72,random,0.0009,100,6,0.05,100.0,9.0,0.1,0,1.0,0.4337543233388981,0.7543359258697376,0.5431084237862001,87300.0,14,859
3a_physical_weak,73,regular,0.1,100,6,0.05,100.0,9.0,0.1,0,1.0,0.5555972849920635,0.7544955699794509,0.5871704863831392,8800.0,8,888
3a_physical_weak,73,superintelligent,0.9,100,6,0.05,100.0,9.0,0.1,0,1.0,0.5555972849920635,0.7544955699794509,0.5871704863831392,1400.0,8,912
3a_physical_weak,73,oracle,1.0,100,6,0.05,100.0,9.0,0.1,0,1.0,0.5555972849920635,0.7544955699794509,0.5871704863831392,800.0,8,912
3a_physical_weak,73,naive,0.009,100,6,0.05,100.0,9.0,0.1,0,1.0,0.5555972849920635,0.7544955699794509,0.5871704863831392,70200.0,8,701
3a_physical_weak,73,random,0.0009,100,6,0.05,100.0,9.0,0.1,0,1.0,0.5555972849920635,0.7544955699794509,0.5750939198824137,56300.0,4,701
3a_physical_weak,74,regular,0.1,100,6,0.05,100.0,9.0,0.1,0,1.0,0.499803351849776,0.7537954719826082,0.6056727487060187,9700.0,16,904
3a_physical_weak,74,superintelligent,0.9,100,6,0.05,100.0,9.0,0.1,0,1.0,0.499803351849776,0.7537954719826082,0.6056727487060187,1700.0,16,913
3a_physical_weak,74,oracle,1.0,100,6,0.05,100.0,9.0,0.1,0,1.0,0.499803351849776,0.7537954719826082,0.6056727487060187,1600.0,16,913
3a_physical_weak,74,naive,0.009,100,6,0.05,100.0,9.0,0.1,0,1.0,0.499803351849776,0.7537954719826082,0.5724510829046798,68700.0,12,892
3a_physical_weak,74,random,0.0009,100,6,0.05,100.0,9.0,0.1,0,1.0,0.499803351849776,0.7537954719826082,0.5601242711382277,83800.0,13,906
3a_physical_weak,75,regular,0.1,100,6,0.05,100.0,9.0,0.1,0,1.0,0.4548139598560001,0.7598600384308127,0.5794864578880311,14900.0,16,781
3a_physical_weak,75,superintelligent,0.9,100,6,0.05,100.0,9.0,0.1,0,1.0,0.4548139598560001,0.7598600384308127,0.5559942012575247,1200.0,12,906
3a_physical_weak,75,oracle,1.0,100,6,0.05,100.0,9.0,0.1,0,1.0,0.4548139598560001,0.7598600384308127,0.5559942012575247,1200.0,12,906
3a_physical_weak,75,naive,0.009,100,6,0.05,100.0,9.0,0.1,0,1.0,0.4548139598560001,0.7598600384308127,0.5263553535986478,57900.0,9,871
3a_physical_weak,75,random,0.0009,100,6,0.05,100.0,9.0,0.1,0,1.0,0.4548139598560001,0.7598600384308127,0.5824404424059603,91100.0,15,911
3a_physical_weak,76,regular,0.1,100,6,0.05,100.0,9.0,0.1,0,1.0,0.518099306236743,0.7455568048977488,0.5879985738254987,4900.0,6,908
3a_physical_weak,76,superintelligent,0.9,100,6,0.05,100.0,9.0,0.1,0,1.0,0.518099306236743,0.7455568048977488,0.5879985738254987,600.0,6,917
3a_physical_weak,76,oracle,1.0,100,6,0.05,100.0,9.0,0.1,0,1.0,0.518099306236743,0.7455568048977488,0.5879985738254987,600.0,6,917
3a_physical_weak,76,naive,0.009,100,6,0.05,100.0,9.0,0.1,0,1.0,0.518099306236743,0.7455568048977488,0.5879985738254987,46400.0,6,916
3a_physical_weak,76,random,0.0009,100,6,0.05,100.0,9.0,0.1,0,1.0,0.518099306236743,0.7455568048977488,0.5826100068284975,87000.0,8,879
3a_physical_weak,77,regular,0.1,100,6,0.05,100.0,9.0,0.1,0,1.0,0.484927971616233,0.7585387939574526,0.5466596856471334,3900.0,6,816
3a_physical_weak,77,superintelligent,0.9,100,6,0.05,100.0,9.0,0.1,0,1.0,0.484927971616233,0.7585387939574526,0.5466596856471334,600.0,6,913
3a_physical_weak,77,oracle,1.0,100,6,0.05,100.0,9.0,0.1,0,1.0,0.484927971616233,0.7585387939574526,0.5466596856471334,600.0,6,913
3a_physical_weak,77,naive,0.009,100,6,0.05,100.0,9.0,0.1,0,1.0,0.484927971616233,0.7585387939574526,0.5466596856471334,30000.0,6,855
3a_physical_weak,77,random,0.0009,100,6,0.05,100.0,9.0,0.1,0,1.0,0.484927971616233,0.7585387939574526,0.5634920726353254,73500.0,11,854
3a_physical_weak,78,regular,0.1,100,6,0.05,100.0,9.0,0.1,0,1.0,0.502882452206659,0.7464586110369286,0.6174670934094465,12400.0,15,889
3a_physical_weak,78,superintelligent,0.9,100,6,0.05,100.0,9.0,0.1,0,1.0,0.502882452206659,0.7464586110369286,0.6246097030075147,1800.0,18,914
3a_physical_weak,78,oracle,1.0,100,6,0.05,100.0,9.0,0.1,0,1.0,0.502882452206659,0.7464586110369286,0.6246097030075147,1800.0,18,914
3a_physical_weak,78,naive,0.009,100,6,0.05,100.0,9.0,0.1,0,1.0,0.502882452206659,0.7464586110369286,0.6135801436319851,47600.0,14,884
3a_physical_weak,78,random,0.0009,100,6,0.05,100.0,9.0,0.1,0,1.0,0.502882452206659,0.7464586110369286,0.6045253612485136,88700.0,12,909
3a_physical_weak,79,regular,0.1,100,6,0.05,100.0,9.0,0.1,0,1.0,0.4995960303491648,0.7546435136645772,0.5573672756326393,5500.0,7,908
3a_physical_weak,79,superintelligent,0.9,100,6,0.05,100.0,9.0,0.1,0,1.0,0.4995960303491648,0.7546435136645772,0.5573672756326393,700.0,7,916
3a_physical_weak,79,oracle,1.0,100,6,0.05,100.0,9.0,0.1,0,1.0,0.4995960303491648,0.7546435136645772,0.5573672756326393,700.0,7,916
3a_physical_weak,79,naive,0.009,100,6,0.05,100.0,9.0,0.1,0,1.0,0.4995960303491648,0.7546435136645772,0.5573672756326393,28100.0,7,882
3a_physical_weak,79,random,0.0009,100,6,0.05,100.0,9.0,0.1,0,1.0,0.4995960303491648,0.7546435136645772,0.5437091243093027,88800.0,8,892
3a_physical_weak,80,regular,0.1,100,6,0.05,100.0,9.0,0.1,0,1.0,0.5790993610769696,0.7457623541006255,0.6103901097264712,3100.0,4,882
3a_physical_weak,80,superintelligent,0.9,100,6,0.05,100.0,9.0,0.1,0,1.0,0.5790993610769696,0.7457623541006255,0.6103901097264712,400.0,4,915
3a_physical_weak,80,oracle,1.0,100,6,0.05,100.0,9.0,0.1,0,1.0,0.5790993610769696,0.7457623541006255,0.6103901097264712,400.0,4,915
3a_physical_weak,80,naive,0.009,100,6,0.05,100.0,9.0,0.1,0,1.0,0.5790993610769696,0.7457623541006255,0.6103901097264712,46900.0,4,866
3a_physical_weak,80,random,0.0009,100,6,0.05,100.0,9.0,0.1,0,1.0,0.5790993610769696,0.7457623541006255,0.6066740836964187,81400.0,6,879
3a_physical_weak,81,regular,0.1,100,6,0.05,100.0,9.0,0.1,0,1.0,0.4634668572333953,0.7576835439516303,0.5782048324519776,12900.0,14,836
3a_physical_weak,81,superintelligent,0.9,100,6,0.05,100.0,9.0,0.1,0,1.0,0.4634668572333953,0.7576835439516303,0.5782048324519776,1500.0,14,912
3a_physical_weak,81,oracle,1.0,100,6,0.05,100.0,9.0,0.1,0,1.0,0.4634668572333953,0.7576835439516303,0.5782048324519776,1400.0,14,912
3a_physical_weak,81,naive,0.009,100,6,0.05,100.0,9.0,0.1,0,1.0,0.4634668572333953,0.7576835439516303,0.5768944777500621,51700.0,13,906
3a_physical_weak,81,random,0.0009,100,6,0.05,100.0,9.0,0.1,0,1.0,0.4634668572333953,0.7576835439516303,0.5587611585297529,91400.0,12,902
3a_physical_weak,82,regular,0.1,100,6,0.05,100.0,9.0,0.1,0,1.0,0.4564116948060314,0.7589405904595702,0.5746260274625923,7100.0,9,912
3a_physical_weak,82,superintelligent,0.9,100,6,0.05,100.0,9.0,0.1,0,1.0,0.4564116948060314,0.7589405904595702,0.5746260274625923,1000.0,9,915
3a_physical_weak,82,oracle,1.0,100,6,0.05,100.0,9.0,0.1,0,1.0,0.4564116948060314,0.7589405904595702,0.5746260274625923,900.0,9,915
3a_physical_weak,82,naive,0.009,100,6,0.05,100.0,9.0,0.1,0,1.0,0.4564116948060314,0.7589405904595702,0.5746260274625923,52700.0,9,908
3a_physical_weak,82,random,0.0009,100,6,0.05,100.0,9.0,0.1,0,1.0,0.4564116948060314,0.7589405904595702,0.560236168826707,90300.0,10,893
3a_physical_weak,83,regular,0.1,100,6,0.05,100.0,9.0,0.1,0,1.0,0.5320663458134893,0.7525539864944499,0.620128240223515,10000.0,9,867
3a_physical_weak,83,superintelligent,0.9,100,6,0.05,100.0,9.0,0.1,0,1.0,0.5320663458134893,0.7525539864944499,0.620128240223515,1200.0,9,911
3a_physical_weak,83,oracle,1.0,100,6,0.05,100.0,9.0,0.1,0,1.0,0.5320663458134893,0.7525539864944499,0.620128240223515,900.0,9,911
3a_physical_weak,83,naive,0.009,100,6,0.05,100.0,9.0,0.1,0,1.0,0.5320663458134893,0.7525539864944499,0.6339771942602301,34700.0,10,784
3a_physical_weak,83,random,0.0009,100,6,0.05,100.0,9.0,0.1,0,1.0,0.5320663458134893,0.7525539864944499,0.6156978340395389,86500.0,9,891
3a_physical_weak,84,regular,0.1,100,6,0.05,100.0,9.0,0.1,0,1.0,0.4778719801842165,0.7519582106549407,0.5742776616100995,7300.0,7,898
3a_physical_weak,84,superintelligent,0.9,100,6,0.05,100.0,9.0,0.1,0,1.0,0.4778719801842165,0.7519582106549407,0.5742776616100995,700.0,7,917
3a_physical_weak,84,oracle,1.0,100,6,0.05,100.0,9.0,0.1,0,1.0,0.4778719801842165,0.7519582106549407,0.5742776616100995,700.0,7,917
3a_physical_weak,84,naive,0.009,100,6,0.05,100.0,9.0,0.1,0,1.0,0.4778719801842165,0.7519582106549407,0.567601693290336,46400.0,8,888
3a_physical_weak,84,random,0.0009,100,6,0.05,100.0,9.0,0.1,0,1.0,0.4778719801842165,0.7519582106549407,0.5827862006695773,92000.0,10,910
3a_physical_weak,85,regular,0.1,100,6,0.05,100.0,9.0,0.1,0,1.0,0.5147450114003812,0.7592903363479945,0.5826013637694167,10300.0,8,852
3a_physical_weak,85,superintelligent,0.9,100,6,0.05,100.0,9.0,0.1,0,1.0,0.5147450114003812,0.7592903363479945,0.5826013637694167,1000.0,8,907
3a_physical_weak,85,oracle,1.0,100,6,0.05,100.0,9.0,0.1,0,1.0,0.5147450114003812,0.7592903363479945,0.5826013637694167,800.0,8,907
3a_physical_weak,85,naive,0.009,100,6,0.05,100.0,9.0,0.1,0,1.0,0.5147450114003812,0.7592903363479945,0.5594989401113495,40900.0,5,748
3a_physical_weak,85,random,0.0009,100,6,0.05,100.0,9.0,0.1,0,1.0,0.5147450114003812,0.7592903363479945,0.5949768144753987,72100.0,10,903
3a_physical_weak,86,regular,0.1,100,6,0.05,100.0,9.0,0.1,0,1.0,0.521856948913709,0.7702809166448134,0.5825794326617614,14700.0,10,912
3a_physical_weak,86,superintelligent,0.9,100,6,0.05,100.0,9.0,0.1,0,1.0,0.521856948913709,0.7702809166448134,0.5825794326617614,1100.0,10,915
3a_physical_weak,86,oracle,1.0,100,6,0.05,100.0,9.0,0.1,0,1.0,0.521856948913709,0.7702809166448134,0.5825794326617614,1000.0,10,915
3a_physical_weak,86,naive,0.009,100,6,0.05,100.0,9.0,0.1,0,1.0,0.521856948913709,0.7702809166448134,0.5825794326617614,82600.0,10,872
3a_physical_weak,86,random,0.0009,100,6,0.05,100.0,9.0,0.1,0,1.0,0.521856948913709,0.7702809166448134,0.5805920972450817,73900.0,8,912
3a_physical_weak,87,regular,0.1,100,6,0.05,100.0,9.0,0.1,0,1.0,0.5195328401402775,0.753742280004801,0.5842663388270153,3200.0,5,805
3a_physical_weak,87,superintelligent,0.9,100,6,0.05,100.0,9.0,0.1,0,1.0,0.5195328401402775,0.753742280004801,0.5842663388270153,500.0,5,913
3a_physical_weak,87,oracle,1.0,100,6,0.05,100.0,9.0,0.1,0,1.0,0.5195328401402775,0.753742280004801,0.5842663388270153,500.0,5,913
3a_physical_weak,87,naive,0.009,100,6,0.05,100.0,9.0,0.1,0,1.0,0.5195328401402775,0.753742280004801,0.5842663388270153,21000.0,5,886
3a_physical_weak,87,random,0.0009,100,6,0.05,100.0,9.0,0.1,0,1.0,0.5195328401402775,0.753742280004801,0.5666872458705893,80200.0,6,876
3a_physical_weak,88,regular,0.1,100,6,0.05,100.0,9.0,0.1,0,1.0,0.4577888601397355,0.7557860528846723,0.5286685036667377,12600.0,8,877
3a_physical_weak,88,superintelligent,0.9,100,6,0.05,100.0,9.0,0.1,0,1.0,0.4577888601397355,0.7557860528846723,0.5286685036667377,800.0,8,913
3a_physical_weak,88,oracle,1.0,100,6,0.05,100.0,9.0,0.1,0,1.0,0.4577888601397355,0.7557860528846723,0.5286685036667377,800.0,8,913
3a_physical_weak,88,naive,0.009,100,6,0.05,100.0,9.0,0.1,0,1.0,0.4577888601397355,0.7557860528846723,0.5323630382377431,52400.0,10,859
3a_physical_weak,88,random,0.0009,100,6,0.05,100.0,9.0,0.1,0,1.0,0.4577888601397355,0.7557860528846723,0.5286685036667377,90400.0,8,899
3a_physical_weak,89,regular,0.1,100,6,0.05,100.0,9.0,0.1,0,1.0,0.4767903337574581,0.7491247896660097,0.5703318977011818,13200.0,10,862
3a_physical_weak,89,superintelligent,0.9,100,6,0.05,100.0,9.0,0.1,0,1.0,0.4767903337574581,0.7491247896660097,0.5703318977011818,1200.0,10,913
3a_physical_weak,89,oracle,1.0,100,6,0.05,100.0,9.0,0.1,0,1.0,0.4767903337574581,0.7491247896660097,0.5703318977011818,1000.0,10,913
3a_physical_weak,89,naive,0.009,100,6,0.05,100.0,9.0,0.1,0,1.0,0.4767903337574581,0.7491247896660097,0.5703318977011818,90900.0,10,910
3a_physical_weak,89,random,0.0009,100,6,0.05,100.0,9.0,0.1,0,1.0,0.4767903337574581,0.7491247896660097,0.5601642007885902,61700.0,9,862
3a_physical_weak,90,regular,0.1,100,6,0.05,100.0,9.0,0.1,0,1.0,0.4809342868257337,0.751949522692855,0.5931331034588164,18900.0,12,903
3a_physical_weak,90,superintelligent,0.9,100,6,0.05,100.0,9.0,0.1,0,1.0,0.4809342868257337,0.751949522692855,0.5931331034588164,1200.0,12,917
3a_physical_weak,90,oracle,1.0,100,6,0.05,100.0,9.0,0.1,0,1.0,0.4809342868257337,0.751949522692855,0.5931331034588164,1200.0,12,917
3a_physical_weak,90,naive,0.009,100,6,0.05,100.0,9.0,0.1,0,1.0,0.4809342868257337,0.751949522692855,0.5931331034588164,78500.0,12,909
3a_physical_weak,90,random,0.0009,100,6,0.05,100.0,9.0,0.1,0,1.0,0.4809342868257337,0.751949522692855,0.5784514122683148,78800.0,11,888
3a_physical_weak,91,regular,0.1,100,6,0.05,100.0,9.0,0.1,0,1.0,0.506517953506536,0.7535744413938629,0.5921103107047988,5100.0,9,853
3a_physical_weak,91,superintelligent,0.9,100,6,0.05,100.0,9.0,0.1,0,1.0,0.506517953506536,0.7535744413938629,0.5921103107047988,1200.0,9,914
3a_physical_weak,91,oracle,1.0,100,6,0.05,100.0,9.0,0.1,0,1.0,0.506517953506536,0.7535744413938629,0.5921103107047988,900.0,9,914
3a_physical_weak,91,naive,0.009,100,6,0.05,100.0,9.0,0.1,0,1.0,0.506517953506536,0.7535744413938629,0.5897862965723922,56400.0,11,889
3a_physical_weak,91,random,0.0009,100,6,0.05,100.0,9.0,0.1,0,1.0,0.506517953506536,0.7535744413938629,0.5988993022036866,80800.0,10,885
3a_physical_weak,92,regular,0.1,100,6,0.05,100.0,9.0,0.1,0,1.0,0.53698802645607,0.7763072314269813,0.5779425690196472,3200.0,6,817
3a_physical_weak,92,superintelligent,0.9,100,6,0.05,100.0,9.0,0.1,0,1.0,0.53698802645607,0.7763072314269813,0.5779425690196472,600.0,6,915
3a_physical_weak,92,oracle,1.0,100,6,0.05,100.0,9.0,0.1,0,1.0,0.53698802645607,0.7763072314269813,0.5779425690196472,600.0,6,915
3a_physical_weak,92,naive,0.009,100,6,0.05,100.0,9.0,0.1,0,1.0,0.53698802645607,0.7763072314269813,0.5780950943377396,74300.0,9,910
3a_physical_weak,92,random,0.0009,100,6,0.05,100.0,9.0,0.1,0,1.0,0.53698802645607,0.7763072314269813,0.5836944088198054,88700.0,10,877
3a_physical_weak,93,regular,0.1,100,6,0.05,100.0,9.0,0.1,0,1.0,0.507654685473634,0.7562412262102817,0.5717996958407231,10200.0,10,745
3a_physical_weak,93,superintelligent,0.9,100,6,0.05,100.0,9.0,0.1,0,1.0,0.507654685473634,0.7562412262102817,0.5717996958407231,1000.0,10,911
3a_physical_weak,93,oracle,1.0,100,6,0.05,100.0,9.0,0.1,0,1.0,0.507654685473634,0.7562412262102817,0.5717996958407231,1000.0,10,911
3a_physical_weak,93,naive,0.009,100,6,0.05,100.0,9.0,0.1,0,1.0,0.507654685473634,0.7562412262102817,0.5850495820005716,38100.0,8,887
3a_physical_weak,93,random,0.0009,100,6,0.05,100.0,9.0,0.1,0,1.0,0.507654685473634,0.7562412262102817,0.5830116377114384,88600.0,10,905
3a_physical_weak,94,regular,0.1,100,6,0.05,100.0,9.0,0.1,0,1.0,0.48052903681912995,0.7529882920679131,0.6108426640467363,13200.0,15,907
3a_physical_weak,94,superintelligent,0.9,100,6,0.05,100.0,9.0,0.1,0,1.0,0.48052903681912995,0.7529882920679131,0.6108426640467363,1600.0,15,915
3a_physical_weak,94,oracle,1.0,100,6,0.05,100.0,9.0,0.1,0,1.0,0.48052903681912995,0.7529882920679131,0.6108426640467363,1500.0,15,915
3a_physical_weak,94,naive,0.009,100,6,0.05,100.0,9.0,0.1,0,1.0,0.48052903681912995,0.7529882920679131,0.5992991786558635,78200.0,13,811
3a_physical_weak,94,random,0.0009,100,6,0.05,100.0,9.0,0.1,0,1.0,0.48052903681912995,0.7529882920679131,0.6085550593429215,85000.0,12,901
3a_physical_weak,95,regular,0.1,100,6,0.05,100.0,9.0,0.1,0,1.0,0.5286912356855704,0.7486908472224197,0.554136923455106,1600.0,2,901
3a_physical_weak,95,superintelligent,0.9,100,6,0.05,100.0,9.0,0.1,0,1.0,0.5286912356855704,0.7486908472224197,0.554136923455106,200.0,2,915
3a_physical_weak,95,oracle,1.0,100,6,0.05,100.0,9.0,0.1,0,1.0,0.5286912356855704,0.7486908472224197,0.554136923455106,200.0,2,915
3a_physical_weak,95,naive,0.009,100,6,0.05,100.0,9.0,0.1,0,1.0,0.5286912356855704,0.7486908472224197,0.554136923455106,32700.0,2,903
3a_physical_weak,95,random,0.0009,100,6,0.05,100.0,9.0,0.1,0,1.0,0.5286912356855704,0.7486908472224197,0.560088556167517,89900.0,6,912
3a_physical_weak,96,regular,0.1,100,6,0.05,100.0,9.0,0.1,0,1.0,0.5615299537849491,0.7587531659397817,0.6446773695642094,6600.0,7,893
3a_physical_weak,96,superintelligent,0.9,100,6,0.05,100.0,9.0,0.1,0,1.0,0.5615299537849491,0.7587531659397817,0.6446773695642094,800.0,7,915
3a_physical_weak,96,oracle,1.0,100,6,0.05,100.0,9.0,0.1,0,1.0,0.5615299537849491,0.7587531659397817,0.6446773695642094,700.0,7,915
3a_physical_weak,96,naive,0.009,100,6,0.05,100.0,9.0,0.1,0,1.0,0.5615299537849491,0.7587531659397817,0.6446773695642094,45200.0,7,830
3a_physical_weak,96,random,0.0009,100,6,0.05,100.0,9.0,0.1,0,1.0,0.5615299537849491,0.7587531659397817,0.6446773695642094,84500.0,7,907
3a_physical_weak,97,regular,0.1,100,6,0.05,100.0,9.0,0.1,0,1.0,0.471723345465578,0.76209610455821,0.5648342651621024,9100.0,9,855
3a_physical_weak,97,superintelligent,0.9,100,6,0.05,100.0,9.0,0.1,0,1.0,0.471723345465578,0.76209610455821,0.5648342651621024,1000.0,9,914
3a_physical_weak,97,oracle,1.0,100,6,0.05,100.0,9.0,0.1,0,1.0,0.471723345465578,0.76209610455821,0.5648342651621024,900.0,9,914
3a_physical_weak,97,naive,0.009,100,6,0.05,100.0,9.0,0.1,0,1.0,0.471723345465578,0.76209610455821,0.5648342651621024,60400.0,9,879
3a_physical_weak,97,random,0.0009,100,6,0.05,100.0,9.0,0.1,0,1.0,0.471723345465578,0.76209610455821,0.5457339740390642,89600.0,9,913
3a_physical_weak,98,regular,0.1,100,6,0.05,100.0,9.0,0.1,0,1.0,0.48636684949669423,0.7518171469293534,0.5349379712038074,8200.0,6,898
3a_physical_weak,98,superintelligent,0.9,100,6,0.05,100.0,9.0,0.1,0,1.0,0.48636684949669423,0.7518171469293534,0.5349379712038074,700.0,6,914
3a_physical_weak,98,oracle,1.0,100,6,0.05,100.0,9.0,0.1,0,1.0,0.48636684949669423,0.7518171469293534,0.5349379712038074,600.0,6,914
3a_physical_weak,98,naive,0.009,100,6,0.05,100.0,9.0,0.1,0,1.0,0.48636684949669423,0.7518171469293534,0.5349379712038074,42000.0,6,886
3a_physical_weak,98,random,0.0009,100,6,0.05,100.0,9.0,0.1,0,1.0,0.48636684949669423,0.7518171469293534,0.5589817619266122,88600.0,9,886
3a_physical_weak,99,regular,0.1,100,6,0.05,100.0,9.0,0.1,0,1.0,0.5049466242309539,0.7448989649444342,0.5866622374011322,15300.0,11,871
3a_physical_weak,99,superintelligent,0.9,100,6,0.05,100.0,9.0,0.1,0,1.0,0.5049466242309539,0.7448989649444342,0.5866622374011322,1200.0,11,911
3a_physical_weak,99,oracle,1.0,100,6,0.05,100.0,9.0,0.1,0,1.0,0.5049466242309539,0.7448989649444342,0.5866622374011322,1100.0,11,911
3a_physical_weak,99,naive,0.009,100,6,0.05,100.0,9.0,0.1,0,1.0,0.5049466242309539,0.7448989649444342,0.5969464883386041,84700.0,11,884
3a_physical_weak,99,random,0.0009,100,6,0.05,100.0,9.0,0.1,0,1.0,0.5049466242309539,0.7448989649444342,0.5593620189284738,80100.0,7,909
3b_physical_strong,0,regular,0.1,100,6,0.05,100.0,9.0,0.1,10,5.0,0.4661825898114579,0.7486666373740176,0.5959646832741413,10800.0,11,898
3b_physical_strong,0,superintelligent,0.9,100,6,0.05,100.0,9.0,0.1,10,5.0,0.4661825898114579,0.7486666373740176,0.5959646832741413,2400.0,11,919
3b_physical_strong,0,oracle,1.0,100,6,0.05,100.0,9.0,0.1,10,5.0,0.4661825898114579,0.7486666373740176,0.5959646832741413,2300.0,11,919
3b_physical_strong,0,naive,0.009,100,6,0.05,100.0,9.0,0.1,10,5.0,0.4661825898114579,0.7486666373740176,0.5939564216466997,64600.0,14,858
3b_physical_strong,0,random,0.0009,100,6,0.05,100.0,9.0,0.1,10,5.0,0.4661825898114579,0.7486666373740176,0.6060539907549175,96200.0,19,915
3b_physical_strong,1,regular,0.1,100,6,0.05,100.0,9.0,0.1,10,5.0,0.5307992373318647,0.7578685697242213,0.591581996807466,7300.0,7,875
3b_physical_strong,1,superintelligent,0.9,100,6,0.05,100.0,9.0,0.1,10,5.0,0.5307992373318647,0.7578685697242213,0.591581996807466,1200.0,7,913
3b_physical_strong,1,oracle,1.0,100,6,0.05,100.0,9.0,0.1,10,5.0,0.5307992373318647,0.7578685697242213,0.591581996807466,1100.0,7,913
3b_physical_strong,1,naive,0.009,100,6,0.05,100.0,9.0,0.1,10,5.0,0.5307992373318647,0.7578685697242213,0.579576021787041,58100.0,8,882
3b_physical_strong,1,random,0.0009,100,6,0.05,100.0,9.0,0.1,10,5.0,0.5307992373318647,0.7578685697242213,0.5828344141180181,75500.0,6,831
3b_physical_strong,2,regular,0.1,100,6,0.05,100.0,9.0,0.1,10,5.0,0.49102602250777955,0.7526592933255672,0.6061858200881588,12800.0,12,877
3b_physical_strong,2,superintelligent,0.9,100,6,0.05,100.0,9.0,0.1,10,5.0,0.49102602250777955,0.7526592933255672,0.6061858200881588,2400.0,12,915
3b_physical_strong,2,oracle,1.0,100,6,0.05,100.0,9.0,0.1,10,5.0,0.49102602250777955,0.7526592933255672,0.6061858200881588,2400.0,12,915
3b_physical_strong,2,naive,0.009,100,6,0.05,100.0,9.0,0.1,10,5.0,0.49102602250777955,0.7526592933255672,0.6084046801663385,84000.0,15,853
3b_physical_strong,2,random,0.0009,100,6,0.05,100.0,9.0,0.1,10,5.0,0.49102602250777955,0.7526592933255672,0.5853014085146224,93400.0,14,913
3b_physical_strong,3,regular,0.1,100,6,0.05,100.0,9.0,0.1,10,5.0,0.4618378804250358,0.7518587532835077,0.5164946668994059,4300.0,4,836
3b_physical_strong,3,superintelligent,0.9,100,6,0.05,100.0,9.0,0.1,10,5.0,0.4618378804250358,0.7518587532835077,0.5164946668994059,500.0,4,909
3b_physical_strong,3,oracle,1.0,100,6,0.05,100.0,9.0,0.1,10,5.0,0.4618378804250358,0.7518587532835077,0.5164946668994059,400.0,4,909
3b_physical_strong,3,naive,0.009,100,6,0.05,100.0,9.0,0.1,10,5.0,0.4618378804250358,0.7518587532835077,0.5164946668994059,36900.0,4,884
3b_physical_strong,3,random,0.0009,100,6,0.05,100.0,9.0,0.1,10,5.0,0.4618378804250358,0.7518587532835077,0.5162537402787275,69100.0,4,870
3b_physical_strong,4,regular,0.1,100,6,0.05,100.0,9.0,0.1,10,5.0,0.5175180566656374,0.7395685771252302,0.6026033618999153,7900.0,10,844
3b_physical_strong,4,superintelligent,0.9,100,6,0.05,100.0,9.0,0.1,10,5.0,0.5175180566656374,0.7395685771252302,0.6024776490225178,2400.0,12,914
3b_physical_strong,4,oracle,1.0,100,6,0.05,100.0,9.0,0.1,10,5.0,0.5175180566656374,0.7395685771252302,0.6024776490225178,2400.0,12,914
3b_physical_strong,4,naive,0.009,100,6,0.05,100.0,9.0,0.1,10,5.0,0.5175180566656374,0.7395685771252302,0.6024776490225178,76900.0,12,846
3b_physical_strong,4,random,0.0009,100,6,0.05,100.0,9.0,0.1,10,5.0,0.5175180566656374,0.7395685771252302,0.6026033618999153,91800.0,10,903
3b_physical_strong,5,regular,0.1,100,6,0.05,100.0,9.0,0.1,10,5.0,0.42633233157830225,0.7577302239939677,0.5626100969137511,16400.0,13,801
3b_physical_strong,5,superintelligent,0.9,100,6,0.05,100.0,9.0,0.1,10,5.0,0.42633233157830225,0.7577302239939677,0.5626100969137511,1800.0,13,909
3b_physical_strong,5,oracle,1.0,100,6,0.05,100.0,9.0,0.1,10,5.0,0.42633233157830225,0.7577302239939677,0.5626100969137511,1700.0,13,909
3b_physical_strong,5,naive,0.009,100,6,0.05,100.0,9.0,0.1,10,5.0,0.42633233157830225,0.7577302239939677,0.5590726680538972,71000.0,11,905
3b_physical_strong,5,random,0.0009,100,6,0.05,100.0,9.0,0.1,10,5.0,0.42633233157830225,0.7577302239939677,0.548879563018717,93800.0,11,906
3b_physical_strong,6,regular,0.1,100,6,0.05,100.0,9.0,0.1,10,5.0,0.5197667772592305,0.7444517643670225,0.592372539892578,15300.0,14,843
3b_physical_strong,6,superintelligent,0.9,100,6,0.05,100.0,9.0,0.1,10,5.0,0.5197667772592305,0.7444517643670225,0.6114698417321265,1400.0,13,910
3b_physical_strong,6,oracle,1.0,100,6,0.05,100.0,9.0,0.1,10,5.0,0.5197667772592305,0.7444517643670225,0.6114698417321265,1300.0,13,910
3b_physical_strong,6,naive,0.009,100,6,0.05,100.0,9.0,0.1,10,5.0,0.5197667772592305,0.7444517643670225,0.5922388742660254,68200.0,11,775
3b_physical_strong,6,random,0.0009,100,6,0.05,100.0,9.0,0.1,10,5.0,0.5197667772592305,0.7444517643670225,0.5861508412935188,92400.0,10,906
3b_physical_strong,7,regular,0.1,100,6,0.05,100.0,9.0,0.1,10,5.0,0.49581649116544585,0.7431163579391327,0.6019839428231354,15500.0,12,815
3b_physical_strong,7,superintelligent,0.9,100,6,0.05,100.0,9.0,0.1,10,5.0,0.49581649116544585,0.7431163579391327,0.6019839428231354,1700.0,12,906
3b_physical_strong,7,oracle,1.0,100,6,0.05,100.0,9.0,0.1,10,5.0,0.49581649116544585,0.7431163579391327,0.6019839428231354,1600.0,12,906
3b_physical_strong,7,naive,0.009,100,6,0.05,100.0,9.0,0.1,10,5.0,0.49581649116544585,0.7431163579391327,0.6019839428231354,74800.0,12,813
3b_physical_strong,7,random,0.0009,100,6,0.05,100.0,9.0,0.1,10,5.0,0.49581649116544585,0.7431163579391327,0.5769233221646421,58700.0,7,868
3b_physical_strong,8,regular,0.1,100,6,0.05,100.0,9.0,0.1,10,5.0,0.48623191417085837,0.7504964966032637,0.5174434049549199,6100.0,6,801
3b_physical_strong,8,superintelligent,0.9,100,6,0.05,100.0,9.0,0.1,10,5.0,0.48623191417085837,0.7504964966032637,0.5174434049549199,1500.0,6,912
3b_physical_strong,8,oracle,1.0,100,6,0.05,100.0,9.0,0.1,10,5.0,0.48623191417085837,0.7504964966032637,0.5174434049549199,1400.0,6,912
3b_physical_strong,8,naive,0.009,100,6,0.05,100.0,9.0,0.1,10,5.0,0.48623191417085837,0.7504964966032637,0.5273547167380037,24000.0,6,824
3b_physical_strong,8,random,0.0009,100,6,0.05,100.0,9.0,0.1,10,5.0,0.48623191417085837,0.7504964966032637,0.5478058300377658,83800.0,7,886
3b_physical_strong,9,regular,0.1,100,6,0.05,100.0,9.0,0.1,10,5.0,0.5023178149100906,0.7494381030287582,0.6252362112675885,8300.0,11,911
3b_physical_strong,9,superintelligent,0.9,100,6,0.05,100.0,9.0,0.1,10,5.0,0.5023178149100906,0.7494381030287582,0.6252362112675885,1500.0,11,917
3b_physical_strong,9,oracle,1.0,100,6,0.05,100.0,9.0,0.1,10,5.0,0.5023178149100906,0.7494381030287582,0.6252362112675885,1500.0,11,917
3b_physical_strong,9,naive,0.009,100,6,0.05,100.0,9.0,0.1,10,5.0,0.5023178149100906,0.7494381030287582,0.6206466250638084,78400.0,14,890
3b_physical_strong,9,random,0.0009,100,6,0.05,100.0,9.0,0.1,10,5.0,0.5023178149100906,0.7494381030287582,0.5961088223850716,87400.0,11,915
3b_physical_strong,10,regular,0.1,100,6,0.05,100.0,9.0,0.1,10,5.0,0.5113215662546163,0.7470014943609549,0.58112639105401,16800.0,12,845
3b_physical_strong,10,superintelligent,0.9,100,6,0.05,100.0,9.0,0.1,10,5.0,0.5113215662546163,0.7470014943609549,0.58112639105401,2100.0,12,908
3b_physical_strong,10,oracle,1.0,100,6,0.05,100.0,9.0,0.1,10,5.0,0.5113215662546163,0.7470014943609549,0.58112639105401,2000.0,12,908
3b_physical_strong,10,naive,0.009,100,6,0.05,100.0,9.0,0.1,10,5.0,0.5113215662546163,0.7470014943609549,0.5743521930626296,54100.0,8,872
3b_physical_strong,10,random,0.0009,100,6,0.05,100.0,9.0,0.1,10,5.0,0.5113215662546163,0.7470014943609549,0.5836381963051636,93500.0,10,909
3b_physical_strong,11,regular,0.1,100,6,0.05,100.0,9.0,0.1,10,5.0,0.4991116621859073,0.7646198310290196,0.5984298416266923,5100.0,10,764
3b_physical_strong,11,superintelligent,0.9,100,6,0.05,100.0,9.0,0.1,10,5.0,0.4991116621859073,0.7646198310290196,0.5984298416266923,1900.0,10,919
3b_physical_strong,11,oracle,1.0,100,6,0.05,100.0,9.0,0.1,10,5.0,0.4991116621859073,0.7646198310290196,0.5984298416266923,1800.0,10,919
3b_physical_strong,11,naive,0.009,100,6,0.05,100.0,9.0,0.1,10,5.0,0.4991116621859073,0.7646198310290196,0.6118395143824812,65700.0,13,870
3b_physical_strong,11,random,0.0009,100,6,0.05,100.0,9.0,0.1,10,5.0,0.4991116621859073,0.7646198310290196,0.5958747973197014,88200.0,12,906
3b_physical_strong,12,regular,0.1,100,6,0.05,100.0,9.0,0.1,10,5.0,0.45591949955592925,0.7527836581649833,0.5545647896123583,10900.0,9,920
3b_physical_strong,12,superintelligent,0.9,100,6,0.05,100.0,9.0,0.1,10,5.0,0.45591949955592925,0.7527836581649833,0.5545647896123583,1800.0,9,920
3b_physical_strong,12,oracle,1.0,100,6,0.05,100.0,9.0,0.1,10,5.0,0.45591949955592925,0.7527836581649833,0.5545647896123583,1700.0,9,920
3b_physical_strong,12,naive,0.009,100,6,0.05,100.0,9.0,0.1,10,5.0,0.45591949955592925,0.7527836581649833,0.5775499390644505,44000.0,12,868
3b_physical_strong,12,random,0.0009,100,6,0.05,100.0,9.0,0.1,10,5.0,0.45591949955592925,0.7527836581649833,0.5344598650764789,61900.0,10,786
3b_physical_strong,13,regular,0.1,100,6,0.05,100.0,9.0,0.1,10,5.0,0.4993745570001096,0.7508656868476236,0.5585021267130389,6600.0,6,872
3b_physical_strong,13,superintelligent,0.9,100,6,0.05,100.0,9.0,0.1,10,5.0,0.4993745570001096,0.7508656868476236,0.5585021267130389,600.0,6,913
3b_physical_strong,13,oracle,1.0,100,6,0.05,100.0,9.0,0.1,10,5.0,0.4993745570001096,0.7508656868476236,0.5585021267130389,600.0,6,913
3b_physical_strong,13,naive,0.009,100,6,0.05,100.0,9.0,0.1,10,5.0,0.4993745570001096,0.7508656868476236,0.5585021267130389,20700.0,6,871
3b_physical_strong,13,random,0.0009,100,6,0.05,100.0,9.0,0.1,10,5.0,0.4993745570001096,0.7508656868476236,0.5717369161256276,89100.0,10,904
3b_physical_strong,14,regular,0.1,100,6,0.05,100.0,9.0,0.1,10,5.0,0.5273534051741268,0.7540676347630337,0.5906932839460857,20500.0,14,912
3b_physical_strong,14,superintelligent,0.9,100,6,0.05,100.0,9.0,0.1,10,5.0,0.5273534051741268,0.7540676347630337,0.5967156658400351,2300.0,13,914
3b_physical_strong,14,oracle,1.0,100,6,0.05,100.0,9.0,0.1,10,5.0,0.5273534051741268,0.7540676347630337,0.5967156658400351,2100.0,13,914
3b_physical_strong,14,naive,0.009,100,6,0.05,100.0,9.0,0.1,10,5.0,0.5273534051741268,0.7540676347630337,0.5646375888633869,74500.0,8,879
3b_physical_strong,14,random,0.0009,100,6,0.05,100.0,9.0,0.1,10,5.0,0.5273534051741268,0.7540676347630337,0.5571669228855174,93400.0,5,901
3b_physical_strong,15,regular,0.1,100,6,0.05,100.0,9.0,0.1,10,5.0,0.5504517691170128,0.7533920930172396,0.6117610183297166,9300.0,8,844
3b_physical_strong,15,superintelligent,0.9,100,6,0.05,100.0,9.0,0.1,10,5.0,0.5504517691170128,0.7533920930172396,0.6117610183297166,2000.0,8,914
3b_physical_strong,15,oracle,1.0,100,6,0.05,100.0,9.0,0.1,10,5.0,0.5504517691170128,0.7533920930172396,0.6117610183297166,2000.0,8,914
3b_physical_strong,15,naive,0.009,100,6,0.05,100.0,9.0,0.1,10,5.0,0.5504517691170128,0.7533920930172396,0.6117610183297166,54200.0,8,904
3b_physical_strong,15,random,0.0009,100,6,0.05,100.0,9.0,0.1,10,5.0,0.5504517691170128,0.7533920930172396,0.6182440201059582,85200.0,9,896
3b_physical_strong,16,regular,0.1,100,6,0.05,100.0,9.0,0.1,10,5.0,0.5080501723703589,0.7503768530727833,0.5861383784050068,5100.0,6,910
3b_physical_strong,16,superintelligent,0.9,100,6,0.05,100.0,9.0,0.1,10,5.0,0.5080501723703589,0.7503768530727833,0.5861383784050068,700.0,6,915
3b_physical_strong,16,oracle,1.0,100,6,0.05,100.0,9.0,0.1,10,5.0,0.5080501723703589,0.7503768530727833,0.5861383784050068,600.0,6,915
3b_physical_strong,16,naive,0.009,100,6,0.05,100.0,9.0,0.1,10,5.0,0.5080501723703589,0.7503768530727833,0.5861383784050068,29700.0,6,861
3b_physical_strong,16,random,0.0009,100,6,0.05,100.0,9.0,0.1,10,5.0,0.5080501723703589,0.7503768530727833,0.5979549777870935,92800.0,12,900
3b_physical_strong,17,regular,0.1,100,6,0.05,100.0,9.0,0.1,10,5.0,0.49347684811476145,0.7623477363142845,0.5848286083799522,5500.0,6,870
3b_physical_strong,17,superintelligent,0.9,100,6,0.05,100.0,9.0,0.1,10,5.0,0.49347684811476145,0.7623477363142845,0.5848286083799522,1000.0,6,910
3b_physical_strong,17,oracle,1.0,100,6,0.05,100.0,9.0,0.1,10,5.0,0.49347684811476145,0.7623477363142845,0.5848286083799522,1000.0,6,910
3b_physical_strong,17,naive,0.009,100,6,0.05,100.0,9.0,0.1,10,5.0,0.49347684811476145,0.7623477363142845,0.5724454498088832,60300.0,8,897
3b_physical_strong,17,random,0.0009,100,6,0.05,100.0,9.0,0.1,10,5.0,0.49347684811476145,0.7623477363142845,0.5643980173464199,77900.0,9,756
3b_physical_strong,18,regular,0.1,100,6,0.05,100.0,9.0,0.1,10,5.0,0.542076099831013,0.7584556560830876,0.5773618612056233,9400.0,7,905
3b_physical_strong,18,superintelligent,0.9,100,6,0.05,100.0,9.0,0.1,10,5.0,0.542076099831013,0.7584556560830876,0.5773618612056233,1100.0,7,912
3b_physical_strong,18,oracle,1.0,100,6,0.05,100.0,9.0,0.1,10,5.0,0.542076099831013,0.7584556560830876,0.5773618612056233,1100.0,7,912
3b_physical_strong,18,naive,0.009,100,6,0.05,100.0,9.0,0.1,10,5.0,0.542076099831013,0.7584556560830876,0.5938113335274533,73100.0,10,867
3b_physical_strong,18,random,0.0009,100,6,0.05,100.0,9.0,0.1,10,5.0,0.542076099831013,0.7584556560830876,0.6012984503463362,57000.0,5,908
3b_physical_strong,19,regular,0.1,100,6,0.05,100.0,9.0,0.1,10,5.0,0.5720999343834583,0.7593741421764831,0.6040825385080477,6300.0,5,883
3b_physical_strong,19,superintelligent,0.9,100,6,0.05,100.0,9.0,0.1,10,5.0,0.5720999343834583,0.7593741421764831,0.6040825385080477,900.0,5,913
3b_physical_strong,19,oracle,1.0,100,6,0.05,100.0,9.0,0.1,10,5.0,0.5720999343834583,0.7593741421764831,0.6040825385080477,900.0,5,913
3b_physical_strong,19,naive,0.009,100,6,0.05,100.0,9.0,0.1,10,5.0,0.5720999343834583,0.7593741421764831,0.6040825385080477,19600.0,5,893
3b_physical_strong,19,random,0.0009,100,6,0.05,100.0,9.0,0.1,10,5.0,0.5720999343834583,0.7593741421764831,0.5899765879834422,76800.0,5,890
3b_physical_strong,20,regular,0.1,100,6,0.05,100.0,9.0,0.1,10,5.0,0.4580548010457254,0.7483913694278891,0.5478407375621321,12900.0,11,819
3b_physical_strong,20,superintelligent,0.9,100,6,0.05,100.0,9.0,0.1,10,5.0,0.4580548010457254,0.7483913694278891,0.5478407375621321,1900.0,11,908
3b_physical_strong,20,oracle,1.0,100,6,0.05,100.0,9.0,0.1,10,5.0,0.4580548010457254,0.7483913694278891,0.5478407375621321,1900.0,11,908
3b_physical_strong,20,naive,0.009,100,6,0.05,100.0,9.0,0.1,10,5.0,0.4580548010457254,0.7483913694278891,0.5399490525864565,70200.0,9,879
3b_physical_strong,20,random,0.0009,100,6,0.05,100.0,9.0,0.1,10,5.0,0.4580548010457254,0.7483913694278891,0.5452175823675525,89700.0,11,904
3b_physical_strong,21,regular,0.1,100,6,0.05,100.0,9.0,0.1,10,5.0,0.5150196241293488,0.7598484863034425,0.5530969293730361,10700.0,12,907
3b_physical_strong,21,superintelligent,0.9,100,6,0.05,100.0,9.0,0.1,10,5.0,0.5150196241293488,0.7598484863034425,0.5530969293730361,1800.0,12,913
3b_physical_strong,21,oracle,1.0,100,6,0.05,100.0,9.0,0.1,10,5.0,0.5150196241293488,0.7598484863034425,0.5530969293730361,1600.0,12,913
3b_physical_strong,21,naive,0.009,100,6,0.05,100.0,9.0,0.1,10,5.0,0.5150196241293488,0.7598484863034425,0.5499888214569536,40400.0,7,810
3b_physical_strong,21,random,0.0009,100,6,0.05,100.0,9.0,0.1,10,5.0,0.5150196241293488,0.7598484863034425,0.5405335591096613,93600.0,11,905
3b_physical_strong,22,regular,0.1,100,6,0.05,100.0,9.0,0.1,10,5.0,0.49709738655001495,0.7680358728297308,0.5252330915850247,3600.0,4,907
3b_physical_strong,22,superintelligent,0.9,100,6,0.05,100.0,9.0,0.1,10,5.0,0.49709738655001495,0.7680358728297308,0.5252330915850247,800.0,4,909
3b_physical_strong,22,oracle,1.0,100,6,0.05,100.0,9.0,0.1,10,5.0,0.49709738655001495,0.7680358728297308,0.5252330915850247,800.0,4,909
3b_physical_strong,22,naive,0.009,100,6,0.05,100.0,9.0,0.1,10,5.0,0.49709738655001495,0.7680358728297308,0.5252330915850247,43200.0,4,835
3b_physical_strong,22,random,0.0009,100,6,0.05,100.0,9.0,0.1,10,5.0,0.49709738655001495,0.7680358728297308,0.5185705218666684,42100.0,3,766
3b_physical_strong,23,regular,0.1,100,6,0.05,100.0,9.0,0.1,10,5.0,0.5464490720334636,0.751129773253853,0.5912289710397581,13200.0,10,877
3b_physical_strong,23,superintelligent,0.9,100,6,0.05,100.0,9.0,0.1,10,5.0,0.5464490720334636,0.751129773253853,0.5912289710397581,2300.0,10,909
3b_physical_strong,23,oracle,1.0,100,6,0.05,100.0,9.0,0.1,10,5.0,0.5464490720334636,0.751129773253853,0.5912289710397581,2200.0,10,909
3b_physical_strong,23,naive,0.009,100,6,0.05,100.0,9.0,0.1,10,5.0,0.5464490720334636,0.751129773253853,0.5912289710397581,66100.0,10,829
3b_physical_strong,23,random,0.0009,100,6,0.05,100.0,9.0,0.1,10,5.0,0.5464490720334636,0.751129773253853,0.5831869218907254,90700.0,7,909
3b_physical_strong,24,regular,0.1,100,6,0.05,100.0,9.0,0.1,10,5.0,0.4463108694279627,0.7539700496663296,0.6222331864420538,17500.0,19,893
3b_physical_strong,24,superintelligent,0.9,100,6,0.05,100.0,9.0,0.1,10,5.0,0.4463108694279627,0.7539700496663296,0.6222331864420538,4200.0,19,910
3b_physical_strong,24,oracle,1.0,100,6,0.05,100.0,9.0,0.1,10,5.0,0.4463108694279627,0.7539700496663296,0.6222331864420538,3900.0,19,910
3b_physical_strong,24,naive,0.009,100,6,0.05,100.0,9.0,0.1,10,5.0,0.4463108694279627,0.7539700496663296,0.5616051946425475,63000.0,14,896
3b_physical_strong,24,random,0.0009,100,6,0.05,100.0,9.0,0.1,10,5.0,0.4463108694279627,0.7539700496663296,0.5832989243624511,93500.0,17,898
3b_physical_strong,25,regular,0.1,100,6,0.05,100.0,9.0,0.1,10,5.0,0.48242995144580925,0.7589590002324199,0.5654375786243516,8500.0,9,511
3b_physical_strong,25,superintelligent,0.9,100,6,0.05,100.0,9.0,0.1,10,5.0,0.48242995144580925,0.7589590002324199,0.5654375786243516,1700.0,9,910
3b_physical_strong,25,oracle,1.0,100,6,0.05,100.0,9.0,0.1,10,5.0,0.48242995144580925,0.7589590002324199,0.5654375786243516,1700.0,9,910
3b_physical_strong,25,naive,0.009,100,6,0.05,100.0,9.0,0.1,10,5.0,0.48242995144580925,0.7589590002324199,0.5428193116415018,81200.0,7,892
3b_physical_strong,25,random,0.0009,100,6,0.05,100.0,9.0,0.1,10,5.0,0.48242995144580925,0.7589590002324199,0.563165380377569,92800.0,7,909
3b_physical_strong,26,regular,0.1,100,6,0.05,100.0,9.0,0.1,10,5.0,0.46670936761384235,0.7544420191430874,0.5532183082448929,11500.0,9,894
3b_physical_strong,26,superintelligent,0.9,100,6,0.05,100.0,9.0,0.1,10,5.0,0.46670936761384235,0.7544420191430874,0.5532183082448929,1700.0,9,909
3b_physical_strong,26,oracle,1.0,100,6,0.05,100.0,9.0,0.1,10,5.0,0.46670936761384235,0.7544420191430874,0.5532183082448929,1700.0,9,909
3b_physical_strong,26,naive,0.009,100,6,0.05,100.0,9.0,0.1,10,5.0,0.46670936761384235,0.7544420191430874,0.5523873728842702,56700.0,8,760
3b_physical_strong,26,random,0.0009,100,6,0.05,100.0,9.0,0.1,10,5.0,0.46670936761384235,0.7544420191430874,0.5012543267115872,70200.0,5,833
3b_physical_strong,27,regular,0.1,100,6,0.05,100.0,9.0,0.1,10,5.0,0.48412961758242834,0.7559071118536387,0.5855032627216396,9400.0,9,905
3b_physical_strong,27,superintelligent,0.9,100,6,0.05,100.0,9.0,0.1,10,5.0,0.48412961758242834,0.7559071118536387,0.5855032627216396,1400.0,9,915
3b_physical_strong,27,oracle,1.0,100,6,0.05,100.0,9.0,0.1,10,5.0,0.48412961758242834,0.7559071118536387,0.5855032627216396,1300.0,9,915
3b_physical_strong,27,naive,0.009,100,6,0.05,100.0,9.0,0.1,10,5.0,0.48412961758242834,0.7559071118536387,0.5945711870274117,81500.0,13,853
3b_physical_strong,27,random,0.0009,100,6,0.05,100.0,9.0,0.1,10,5.0,0.48412961758242834,0.7559071118536387,0.5792132918829771,74900.0,8,895
3b_physical_strong,28,regular,0.1,100,6,0.05,100.0,9.0,0.1,10,5.0,0.5131313330206426,0.7486655939128086,0.6275621752477618,17000.0,16,732
3b_physical_strong,28,superintelligent,0.9,100,6,0.05,100.0,9.0,0.1,10,5.0,0.5131313330206426,0.7486655939128086,0.6275621752477618,4000.0,16,912
3b_physical_strong,28,oracle,1.0,100,6,0.05,100.0,9.0,0.1,10,5.0,0.5131313330206426,0.7486655939128086,0.6275621752477618,3600.0,16,912
3b_physical_strong,28,naive,0.009,100,6,0.05,100.0,9.0,0.1,10,5.0,0.5131313330206426,0.7486655939128086,0.5866084366599926,51400.0,10,901
3b_physical_strong,28,random,0.0009,100,6,0.05,100.0,9.0,0.1,10,5.0,0.5131313330206426,0.7486655939128086,0.621212702590616,72800.0,12,841
3b_physical_strong,29,regular,0.1,100,6,0.05,100.0,9.0,0.1,10,5.0,0.5544610275612388,0.7463699897003345,0.620118364390171,8900.0,8,686
3b_physical_strong,29,superintelligent,0.9,100,6,0.05,100.0,9.0,0.1,10,5.0,0.5544610275612388,0.7463699897003345,0.620118364390171,1300.0,8,912
3b_physical_strong,29,oracle,1.0,100,6,0.05,100.0,9.0,0.1,10,5.0,0.5544610275612388,0.7463699897003345,0.620118364390171,1200.0,8,912
3b_physical_strong,29,naive,0.009,100,6,0.05,100.0,9.0,0.1,10,5.0,0.5544610275612388,0.7463699897003345,0.6121070725270138,37100.0,6,873
3b_physical_strong,29,random,0.0009,100,6,0.05,100.0,9.0,0.1,10,5.0,0.5544610275612388,0.7463699897003345,0.606640287781678,76200.0,8,907
3b_physical_strong,30,regular,0.1,100,6,0.05,100.0,9.0,0.1,10,5.0,0.4948561774445521,0.7502928457666105,0.6050351257342174,9000.0,9,899
3b_physical_strong,30,superintelligent,0.9,100,6,0.05,100.0,9.0,0.1,10,5.0,0.4948561774445521,0.7502928457666105,0.6050351257342174,2300.0,9,915
3b_physical_strong,30,oracle,1.0,100,6,0.05,100.0,9.0,0.1,10,5.0,0.4948561774445521,0.7502928457666105,0.6050351257342174,2100.0,9,915
3b_physical_strong,30,naive,0.009,100,6,0.05,100.0,9.0,0.1,10,5.0,0.4948561774445521,0.7502928457666105,0.6001975942721953,59400.0,10,881
3b_physical_strong,30,random,0.0009,100,6,0.05,100.0,9.0,0.1,10,5.0,0.4948561774445521,0.7502928457666105,0.5772735184477269,76800.0,8,882
3b_physical_strong,31,regular,0.1,100,6,0.05,100.0,9.0,0.1,10,5.0,0.4847596511503556,0.7420875459149487,0.604664170017417,11100.0,11,895
3b_physical_strong,31,superintelligent,0.9,100,6,0.05,100.0,9.0,0.1,10,5.0,0.4847596511503556,0.7420875459149487,0.604664170017417,2400.0,11,919
3b_physical_strong,31,oracle,1.0,100,6,0.05,100.0,9.0,0.1,10,5.0,0.4847596511503556,0.7420875459149487,0.604664170017417,2300.0,11,919
3b_physical_strong,31,naive,0.009,100,6,0.05,100.0,9.0,0.1,10,5.0,0.4847596511503556,0.7420875459149487,0.5950980968718134,86600.0,10,916
3b_physical_strong,31,random,0.0009,100,6,0.05,100.0,9.0,0.1,10,5.0,0.4847596511503556,0.7420875459149487,0.5636660606738317,93600.0,10,907
3b_physical_strong,32,regular,0.1,100,6,0.05,100.0,9.0,0.1,10,5.0,0.45786591780519253,0.7634577230825821,0.6104274410115292,8200.0,13,870
3b_physical_strong,32,superintelligent,0.9,100,6,0.05,100.0,9.0,0.1,10,5.0,0.45786591780519253,0.7634577230825821,0.6104274410115292,2200.0,13,912
3b_physical_strong,32,oracle,1.0,100,6,0.05,100.0,9.0,0.1,10,5.0,0.45786591780519253,0.7634577230825821,0.6104274410115292,2100.0,13,912
3b_physical_strong,32,naive,0.009,100,6,0.05,100.0,9.0,0.1,10,5.0,0.45786591780519253,0.7634577230825821,0.6044953668179289,66600.0,13,723
3b_physical_strong,32,random,0.0009,100,6,0.05,100.0,9.0,0.1,10,5.0,0.45786591780519253,0.7634577230825821,0.6021646224454993,93800.0,15,900
3b_physical_strong,33,regular,0.1,100,6,0.05,100.0,9.0,0.1,10,5.0,0.5104666528888708,0.7586300795227584,0.6221861405789614,16400.0,14,911
3b_physical_strong,33,superintelligent,0.9,100,6,0.05,100.0,9.0,0.1,10,5.0,0.5104666528888708,0.7586300795227584,0.6221861405789614,2600.0,14,911
3b_physical_strong,33,oracle,1.0,100,6,0.05,100.0,9.0,0.1,10,5.0,0.5104666528888708,0.7586300795227584,0.6221861405789614,2600.0,14,911
3b_physical_strong,33,naive,0.009,100,6,0.05,100.0,9.0,0.1,10,5.0,0.5104666528888708,0.7586300795227584,0.582266217554435,67500.0,9,785
3b_physical_strong,33,random,0.0009,100,6,0.05,100.0,9.0,0.1,10,5.0,0.5104666528888708,0.7586300795227584,0.609263190667723,94200.0,13,914
3b_physical_strong,34,regular,0.1,100,6,0.05,100.0,9.0,0.1,10,5.0,0.48910529166146766,0.769092851672756,0.6169125806601787,13800.0,14,897
3b_physical_strong,34,superintelligent,0.9,100,6,0.05,100.0,9.0,0.1,10,5.0,0.48910529166146766,0.769092851672756,0.6169125806601787,2300.0,14,915
3b_physical_strong,34,oracle,1.0,100,6,0.05,100.0,9.0,0.1,10,5.0,0.48910529166146766,0.769092851672756,0.6169125806601787,2200.0,14,915
3b_physical_strong,34,naive,0.009,100,6,0.05,100.0,9.0,0.1,10,5.0,0.48910529166146766,0.769092851672756,0.5916709764460131,68400.0,10,888
3b_physical_strong,34,random,0.0009,100,6,0.05,100.0,9.0,0.1,10,5.0,0.48910529166146766,0.769092851672756,0.6065505537399589,91300.0,13,876
3b_physical_strong,35,regular,0.1,100,6,0.05,100.0,9.0,0.1,10,5.0,0.45006949322229717,0.7573024973337958,0.5692098605088011,9900.0,10,910
3b_physical_strong,35,superintelligent,0.9,100,6,0.05,100.0,9.0,0.1,10,5.0,0.45006949322229717,0.7573024973337958,0.5692098605088011,2800.0,10,912
3b_physical_strong,35,oracle,1.0,100,6,0.05,100.0,9.0,0.1,10,5.0,0.45006949322229717,0.7573024973337958,0.5692098605088011,2600.0,10,912
3b_physical_strong,35,naive,0.009,100,6,0.05,100.0,9.0,0.1,10,5.0,0.45006949322229717,0.7573024973337958,0.5692098605088011,81800.0,10,837
3b_physical_strong,35,random,0.0009,100,6,0.05,100.0,9.0,0.1,10,5.0,0.45006949322229717,0.7573024973337958,0.5692098605088011,94200.0,10,910
3b_physical_strong,36,regular,0.1,100,6,0.05,100.0,9.0,0.1,10,5.0,0.4693942426172411,0.7526824537282235,0.5762823580936935,8500.0,11,903
3b_physical_strong,36,superintelligent,0.9,100,6,0.05,100.0,9.0,0.1,10,5.0,0.4693942426172411,0.7526824537282235,0.5762823580936935,2600.0,11,917
3b_physical_strong,36,oracle,1.0,100,6,0.05,100.0,9.0,0.1,10,5.0,0.4693942426172411,0.7526824537282235,0.5762823580936935,2300.0,11,917
3b_physical_strong,36,naive,0.009,100,6,0.05,100.0,9.0,0.1,10,5.0,0.4693942426172411,0.7526824537282235,0.5567022758612928,31700.0,9,892
3b_physical_strong,36,random,0.0009,100,6,0.05,100.0,9.0,0.1,10,5.0,0.4693942426172411,0.7526824537282235,0.5567022758612928,85100.0,9,845
3b_physical_strong,37,regular,0.1,100,6,0.05,100.0,9.0,0.1,10,5.0,0.48616823107688684,0.7550516203472761,0.6123182578470043,21100.0,16,827
3b_physical_strong,37,superintelligent,0.9,100,6,0.05,100.0,9.0,0.1,10,5.0,0.48616823107688684,0.7550516203472761,0.6132794638680097,3800.0,17,913
3b_physical_strong,37,oracle,1.0,100,6,0.05,100.0,9.0,0.1,10,5.0,0.48616823107688684,0.7550516203472761,0.6132794638680097,3700.0,17,913
3b_physical_strong,37,naive,0.009,100,6,0.05,100.0,9.0,0.1,10,5.0,0.48616823107688684,0.7550516203472761,0.5780310561202123,75000.0,10,878
3b_physical_strong,37,random,0.0009,100,6,0.05,100.0,9.0,0.1,10,5.0,0.48616823107688684,0.7550516203472761,0.5622337674573488,86500.0,12,868
3b_physical_strong,38,regular,0.1,100,6,0.05,100.0,9.0,0.1,10,5.0,0.5196243974988133,0.7518348041675939,0.5938080886117847,12800.0,14,864
3b_physical_strong,38,superintelligent,0.9,100,6,0.05,100.0,9.0,0.1,10,5.0,0.5196243974988133,0.7518348041675939,0.6155631431163662,3000.0,16,913
3b_physical_strong,38,oracle,1.0,100,6,0.05,100.0,9.0,0.1,10,5.0,0.5196243974988133,0.7518348041675939,0.6155631431163662,2400.0,16,913
3b_physical_strong,38,naive,0.009,100,6,0.05,100.0,9.0,0.1,10,5.0,0.5196243974988133,0.7518348041675939,0.5909609366798823,72100.0,11,769
3b_physical_strong,38,random,0.0009,100,6,0.05,100.0,9.0,0.1,10,5.0,0.5196243974988133,0.7518348041675939,0.5879675386075371,91900.0,12,908
3b_physical_strong,39,regular,0.1,100,6,0.05,100.0,9.0,0.1,10,5.0,0.49707876127876693,0.7566447181293989,0.5601615685825713,4400.0,7,781
3b_physical_strong,39,superintelligent,0.9,100,6,0.05,100.0,9.0,0.1,10,5.0,0.49707876127876693,0.7566447181293989,0.564916586447816,1500.0,7,914
3b_physical_strong,39,oracle,1.0,100,6,0.05,100.0,9.0,0.1,10,5.0,0.49707876127876693,0.7566447181293989,0.564916586447816,1500.0,7,914
3b_physical_strong,39,naive,0.009,100,6,0.05,100.0,9.0,0.1,10,5.0,0.49707876127876693,0.7566447181293989,0.564916586447816,32000.0,7,877
3b_physical_strong,39,random,0.0009,100,6,0.05,100.0,9.0,0.1,10,5.0,0.49707876127876693,0.7566447181293989,0.5615119951749944,70700.0,9,896
3b_physical_strong,40,regular,0.1,100,6,0.05,100.0,9.0,0.1,10,5.0,0.48705208011480416,0.756369569563375,0.577139935747983,11500.0,13,855
3b_physical_strong,40,superintelligent,0.9,100,6,0.05,100.0,9.0,0.1,10,5.0,0.48705208011480416,0.756369569563375,0.577139935747983,2500.0,13,910
3b_physical_strong,40,oracle,1.0,100,6,0.05,100.0,9.0,0.1,10,5.0,0.48705208011480416,0.756369569563375,0.577139935747983,2100.0,13,910
3b_physical_strong,40,naive,0.009,100,6,0.05,100.0,9.0,0.1,10,5.0,0.48705208011480416,0.756369569563375,0.5969694607879193,79100.0,15,885
3b_physical_strong,40,random,0.0009,100,6,0.05,100.0,9.0,0.1,10,5.0,0.48705208011480416,0.756369569563375,0.5405790266243994,72300.0,9,897
3b_physical_strong,41,regular,0.1,100,6,0.05,100.0,9.0,0.1,10,5.0,0.5417330110415571,0.7462912422564332,0.6047969650902548,15500.0,10,916
3b_physical_strong,41,superintelligent,0.9,100,6,0.05,100.0,9.0,0.1,10,5.0,0.5417330110415571,0.7462912422564332,0.6080213707524884,2100.0,12,918
3b_physical_strong,41,oracle,1.0,100,6,0.05,100.0,9.0,0.1,10,5.0,0.5417330110415571,0.7462912422564332,0.6080213707524884,2000.0,12,918
3b_physical_strong,41,naive,0.009,100,6,0.05,100.0,9.0,0.1,10,5.0,0.5417330110415571,0.7462912422564332,0.6048143671011853,72900.0,10,881
3b_physical_strong,41,random,0.0009,100,6,0.05,100.0,9.0,0.1,10,5.0,0.5417330110415571,0.7462912422564332,0.6108348978212569,68800.0,12,905
3b_physical_strong,42,regular,0.1,100,6,0.05,100.0,9.0,0.1,10,5.0,0.4746078382591889,0.7558314720554117,0.6062639406405957,10800.0,14,823
3b_physical_strong,42,superintelligent,0.9,100,6,0.05,100.0,9.0,0.1,10,5.0,0.4746078382591889,0.7558314720554117,0.6062639406405957,2400.0,14,907
3b_physical_strong,42,oracle,1.0,100,6,0.05,100.0,9.0,0.1,10,5.0,0.4746078382591889,0.7558314720554117,0.6062639406405957,2200.0,14,907
3b_physical_strong,42,naive,0.009,100,6,0.05,100.0,9.0,0.1,10,5.0,0.4746078382591889,0.7558314720554117,0.5807945313589573,72700.0,11,827
3b_physical_strong,42,random,0.0009,100,6,0.05,100.0,9.0,0.1,10,5.0,0.4746078382591889,0.7558314720554117,0.5711271744129527,91800.0,12,901
3b_physical_strong,43,regular,0.1,100,6,0.05,100.0,9.0,0.1,10,5.0,0.5125817631687339,0.7576154300509764,0.5772254277130756,2300.0,8,762
3b_physical_strong,43,superintelligent,0.9,100,6,0.05,100.0,9.0,0.1,10,5.0,0.5125817631687339,0.7576154300509764,0.5772254277130756,1200.0,8,911
3b_physical_strong,43,oracle,1.0,100,6,0.05,100.0,9.0,0.1,10,5.0,0.5125817631687339,0.7576154300509764,0.5772254277130756,1200.0,8,911
3b_physical_strong,43,naive,0.009,100,6,0.05,100.0,9.0,0.1,10,5.0,0.5125817631687339,0.7576154300509764,0.5777846745718497,66000.0,7,897
3b_physical_strong,43,random,0.0009,100,6,0.05,100.0,9.0,0.1,10,5.0,0.5125817631687339,0.7576154300509764,0.5876404567784653,73900.0,9,803
3b_physical_strong,44,regular,0.1,100,6,0.05,100.0,9.0,0.1,10,5.0,0.4656748856177269,0.7535141163704978,0.6116111552283088,15500.0,15,870
3b_physical_strong,44,superintelligent,0.9,100,6,0.05,100.0,9.0,0.1,10,5.0,0.4656748856177269,0.7535141163704978,0.6116111552283088,2800.0,15,917
3b_physical_strong,44,oracle,1.0,100,6,0.05,100.0,9.0,0.1,10,5.0,0.4656748856177269,0.7535141163704978,0.6116111552283088,2700.0,15,917
3b_physical_strong,44,naive,0.009,100,6,0.05,100.0,9.0,0.1,10,5.0,0.4656748856177269,0.7535141163704978,0.6064960065969248,83600.0,15,890
3b_physical_strong,44,random,0.0009,100,6,0.05,100.0,9.0,0.1,10,5.0,0.4656748856177269,0.7535141163704978,0.5882533480106504,95200.0,15,913
3b_physical_strong,45,regular,0.1,100,6,0.05,100.0,9.0,0.1,10,5.0,0.47077998632725915,0.7514857971759965,0.5502047067127982,7500.0,8,887
3b_physical_strong,45,superintelligent,0.9,100,6,0.05,100.0,9.0,0.1,10,5.0,0.47077998632725915,0.7514857971759965,0.5502047067127982,1100.0,8,912
3b_physical_strong,45,oracle,1.0,100,6,0.05,100.0,9.0,0.1,10,5.0,0.47077998632725915,0.7514857971759965,0.5502047067127982,800.0,8,912
3b_physical_strong,45,naive,0.009,100,6,0.05,100.0,9.0,0.1,10,5.0,0.47077998632725915,0.7514857971759965,0.5424504876352578,41800.0,9,830
3b_physical_strong,45,random,0.0009,100,6,0.05,100.0,9.0,0.1,10,5.0,0.47077998632725915,0.7514857971759965,0.5474808932214635,85500.0,8,827
3b_physical_strong,46,regular,0.1,100,6,0.05,100.0,9.0,0.1,10,5.0,0.5210225342874418,0.7561600306264472,0.604806585936839,11500.0,11,613
3b_physical_strong,46,superintelligent,0.9,100,6,0.05,100.0,9.0,0.1,10,5.0,0.5210225342874418,0.7561600306264472,0.604806585936839,1900.0,11,912
3b_physical_strong,46,oracle,1.0,100,6,0.05,100.0,9.0,0.1,10,5.0,0.5210225342874418,0.7561600306264472,0.604806585936839,1900.0,11,912
3b_physical_strong,46,naive,0.009,100,6,0.05,100.0,9.0,0.1,10,5.0,0.5210225342874418,0.7561600306264472,0.5976333419881954,89000.0,13,857
3b_physical_strong,46,random,0.0009,100,6,0.05,100.0,9.0,0.1,10,5.0,0.5210225342874418,0.7561600306264472,0.5972711879942983,92600.0,9,901
3b_physical_strong,47,regular,0.1,100,6,0.05,100.0,9.0,0.1,10,5.0,0.48877988052337895,0.7654594079385748,0.5566165926691651,6400.0,10,857
3b_physical_strong,47,superintelligent,0.9,100,6,0.05,100.0,9.0,0.1,10,5.0,0.48877988052337895,0.7654594079385748,0.5656244932692451,2200.0,10,915
3b_physical_strong,47,oracle,1.0,100,6,0.05,100.0,9.0,0.1,10,5.0,0.48877988052337895,0.7654594079385748,0.5656244932692451,2200.0,10,915
3b_physical_strong,47,naive,0.009,100,6,0.05,100.0,9.0,0.1,10,5.0,0.48877988052337895,0.7654594079385748,0.5511216363882173,63700.0,9,719
3b_physical_strong,47,random,0.0009,100,6,0.05,100.0,9.0,0.1,10,5.0,0.48877988052337895,0.7654594079385748,0.5623826368670105,47700.0,9,870
3b_physical_strong,48,regular,0.1,100,6,0.05,100.0,9.0,0.1,10,5.0,0.4578773820540725,0.762796741781957,0.5378317998942019,9300.0,10,816
3b_physical_strong,48,superintelligent,0.9,100,6,0.05,100.0,9.0,0.1,10,5.0,0.4578773820540725,0.762796741781957,0.5438492375554884,1600.0,8,909
3b_physical_strong,48,oracle,1.0,100,6,0.05,100.0,9.0,0.1,10,5.0,0.4578773820540725,0.762796741781957,0.5438492375554884,1600.0,8,909
3b_physical_strong,48,naive,0.009,100,6,0.05,100.0,9.0,0.1,10,5.0,0.4578773820540725,0.762796741781957,0.5738426550635956,77600.0,12,903
3b_physical_strong,48,random,0.0009,100,6,0.05,100.0,9.0,0.1,10,5.0,0.4578773820540725,0.762796741781957,0.54043356750814,84000.0,7,813
3b_physical_strong,49,regular,0.1,100,6,0.05,100.0,9.0,0.1,10,5.0,0.40555482289389116,0.7435131606867963,0.5752295040055891,21500.0,20,909
3b_physical_strong,49,superintelligent,0.9,100,6,0.05,100.0,9.0,0.1,10,5.0,0.40555482289389116,0.7435131606867963,0.5752295040055891,3700.0,20,910
3b_physical_strong,49,oracle,1.0,100,6,0.05,100.0,9.0,0.1,10,5.0,0.40555482289389116,0.7435131606867963,0.5752295040055891,3600.0,20,910
3b_physical_strong,49,naive,0.009,100,6,0.05,100.0,9.0,0.1,10,5.0,0.40555482289389116,0.7435131606867963,0.5573310662320987,93900.0,18,897
3b_physical_strong,49,random,0.0009,100,6,0.05,100.0,9.0,0.1,10,5.0,0.40555482289389116,0.7435131606867963,0.5423058959640954,83700.0,15,859
3b_physical_strong,50,regular,0.1,100,6,0.05,100.0,9.0,0.1,10,5.0,0.471386454367013,0.7552371362269781,0.5920515252220531,16000.0,14,850
3b_physical_strong,50,superintelligent,0.9,100,6,0.05,100.0,9.0,0.1,10,5.0,0.471386454367013,0.7552371362269781,0.6012763149813166,3100.0,16,911
3b_physical_strong,50,oracle,1.0,100,6,0.05,100.0,9.0,0.1,10,5.0,0.471386454367013,0.7552371362269781,0.6012763149813166,2800.0,16,911
3b_physical_strong,50,naive,0.009,100,6,0.05,100.0,9.0,0.1,10,5.0,0.471386454367013,0.7552371362269781,0.5676027219632607,64900.0,15,778
3b_physical_strong,50,random,0.0009,100,6,0.05,100.0,9.0,0.1,10,5.0,0.471386454367013,0.7552371362269781,0.5973201017929934,93200.0,15,912
3b_physical_strong,51,regular,0.1,100,6,0.05,100.0,9.0,0.1,10,5.0,0.49000173453293044,0.7634896946939209,0.542123402634833,6500.0,8,893
3b_physical_strong,51,superintelligent,0.9,100,6,0.05,100.0,9.0,0.1,10,5.0,0.49000173453293044,0.7634896946939209,0.5462443917445067,700.0,6,915
3b_physical_strong,51,oracle,1.0,100,6,0.05,100.0,9.0,0.1,10,5.0,0.49000173453293044,0.7634896946939209,0.5462443917445067,600.0,6,915
3b_physical_strong,51,naive,0.009,100,6,0.05,100.0,9.0,0.1,10,5.0,0.49000173453293044,0.7634896946939209,0.5618460034704132,91800.0,12,886
3b_physical_strong,51,random,0.0009,100,6,0.05,100.0,9.0,0.1,10,5.0,0.49000173453293044,0.7634896946939209,0.5472310191056532,88200.0,8,910
3b_physical_strong,52,regular,0.1,100,6,0.05,100.0,9.0,0.1,10,5.0,0.4954612243034246,0.7597509549363075,0.5432660552519836,4300.0,8,906
3b_physical_strong,52,superintelligent,0.9,100,6,0.05,100.0,9.0,0.1,10,5.0,0.4954612243034246,0.7597509549363075,0.5432660552519836,1600.0,8,911
3b_physical_strong,52,oracle,1.0,100,6,0.05,100.0,9.0,0.1,10,5.0,0.4954612243034246,0.7597509549363075,0.5432660552519836,1200.0,8,911
3b_physical_strong,52,naive,0.009,100,6,0.05,100.0,9.0,0.1,10,5.0,0.4954612243034246,0.7597509549363075,0.5432660552519836,55500.0,8,858
3b_physical_strong,52,random,0.0009,100,6,0.05,100.0,9.0,0.1,10,5.0,0.4954612243034246,0.7597509549363075,0.5432660552519836,77700.0,8,906
3b_physical_strong,53,regular,0.1,100,6,0.05,100.0,9.0,0.1,10,5.0,0.44853897692138334,0.7442740832919041,0.49734759866381983,6300.0,7,808
3b_physical_strong,53,superintelligent,0.9,100,6,0.05,100.0,9.0,0.1,10,5.0,0.44853897692138334,0.7442740832919041,0.5009690841918901,1100.0,6,910
3b_physical_strong,53,oracle,1.0,100,6,0.05,100.0,9.0,0.1,10,5.0,0.44853897692138334,0.7442740832919041,0.5009690841918901,1000.0,6,910
3b_physical_strong,53,naive,0.009,100,6,0.05,100.0,9.0,0.1,10,5.0,0.44853897692138334,0.7442740832919041,0.4994864313612203,54900.0,6,906
3b_physical_strong,53,random,0.0009,100,6,0.05,100.0,9.0,0.1,10,5.0,0.44853897692138334,0.7442740832919041,0.48670177621066346,92000.0,7,901
3b_physical_strong,54,regular,0.1,100,6,0.05,100.0,9.0,0.1,10,5.0,0.5088338478148647,0.7529255164210956,0.5615798749588153,4100.0,5,892
3b_physical_strong,54,superintelligent,0.9,100,6,0.05,100.0,9.0,0.1,10,5.0,0.5088338478148647,0.7529255164210956,0.5615798749588153,1000.0,5,915
3b_physical_strong,54,oracle,1.0,100,6,0.05,100.0,9.0,0.1,10,5.0,0.5088338478148647,0.7529255164210956,0.5615798749588153,900.0,5,915
3b_physical_strong,54,naive,0.009,100,6,0.05,100.0,9.0,0.1,10,5.0,0.5088338478148647,0.7529255164210956,0.561449672422222,47000.0,7,904
3b_physical_strong,54,random,0.0009,100,6,0.05,100.0,9.0,0.1,10,5.0,0.5088338478148647,0.7529255164210956,0.5750424426458316,70800.0,7,898
3b_physical_strong,55,regular,0.1,100,6,0.05,100.0,9.0,0.1,10,5.0,0.4905215806401246,0.7657290767672272,0.581448926655356,9700.0,10,888
3b_physical_strong,55,superintelligent,0.9,100,6,0.05,100.0,9.0,0.1,10,5.0,0.4905215806401246,0.7657290767672272,0.5810062143828785,2100.0,8,911
3b_physical_strong,55,oracle,1.0,100,6,0.05,100.0,9.0,0.1,10,5.0,0.4905215806401246,0.7657290767672272,0.5810062143828785,2000.0,8,911
3b_physical_strong,55,naive,0.009,100,6,0.05,100.0,9.0,0.1,10,5.0,0.4905215806401246,0.7657290767672272,0.581263665264656,39200.0,7,908
3b_physical_strong,55,random,0.0009,100,6,0.05,100.0,9.0,0.1,10,5.0,0.4905215806401246,0.7657290767672272,0.5752871226397849,91900.0,10,910
3b_physical_strong,56,regular,0.1,100,6,0.05,100.0,9.0,0.1,10,5.0,0.4585034017666609,0.748784360404852,0.5367177572088601,9800.0,8,827
3b_physical_strong,56,superintelligent,0.9,100,6,0.05,100.0,9.0,0.1,10,5.0,0.4585034017666609,0.748784360404852,0.5423532266177181,2200.0,10,910
3b_physical_strong,56,oracle,1.0,100,6,0.05,100.0,9.0,0.1,10,5.0,0.4585034017666609,0.748784360404852,0.5423532266177181,2200.0,10,910
3b_physical_strong,56,naive,0.009,100,6,0.05,100.0,9.0,0.1,10,5.0,0.4585034017666609,0.748784360404852,0.527459618539001,72400.0,8,897
3b_physical_strong,56,random,0.0009,100,6,0.05,100.0,9.0,0.1,10,5.0,0.4585034017666609,0.748784360404852,0.5305870977212023,93100.0,12,899
3b_physical_strong,57,regular,0.1,100,6,0.05,100.0,9.0,0.1,10,5.0,0.4729824630170716,0.7497711566053827,0.5879061938523,19800.0,13,854
3b_physical_strong,57,superintelligent,0.9,100,6,0.05,100.0,9.0,0.1,10,5.0,0.4729824630170716,0.7497711566053827,0.5958006878556315,3600.0,20,915
3b_physical_strong,57,oracle,1.0,100,6,0.05,100.0,9.0,0.1,10,5.0,0.4729824630170716,0.7497711566053827,0.5958006878556315,3200.0,20,915
3b_physical_strong,57,naive,0.009,100,6,0.05,100.0,9.0,0.1,10,5.0,0.4729824630170716,0.7497711566053827,0.5885221919467957,95100.0,16,915
3b_physical_strong,57,random,0.0009,100,6,0.05,100.0,9.0,0.1,10,5.0,0.4729824630170716,0.7497711566053827,0.5785409399489947,91700.0,10,913
3b_physical_strong,58,regular,0.1,100,6,0.05,100.0,9.0,0.1,10,5.0,0.4987314161563663,0.7607066522337274,0.5382764571671548,9100.0,7,857
3b_physical_strong,58,superintelligent,0.9,100,6,0.05,100.0,9.0,0.1,10,5.0,0.4987314161563663,0.7607066522337274,0.5391145690608752,1600.0,8,912
3b_physical_strong,58,oracle,1.0,100,6,0.05,100.0,9.0,0.1,10,5.0,0.4987314161563663,0.7607066522337274,0.5391145690608752,1600.0,8,912
3b_physical_strong,58,naive,0.009,100,6,0.05,100.0,9.0,0.1,10,5.0,0.4987314161563663,0.7607066522337274,0.5557582670250342,70800.0,11,894
3b_physical_strong,58,random,0.0009,100,6,0.05,100.0,9.0,0.1,10,5.0,0.4987314161563663,0.7607066522337274,0.5410620576544153,93400.0,9,901
3b_physical_strong,59,regular,0.1,100,6,0.05,100.0,9.0,0.1,10,5.0,0.4607029878721538,0.7580016985092537,0.5553008346828752,17200.0,16,868
3b_physical_strong,59,superintelligent,0.9,100,6,0.05,100.0,9.0,0.1,10,5.0,0.4607029878721538,0.7580016985092537,0.5553008346828752,2500.0,16,912
3b_physical_strong,59,oracle,1.0,100,6,0.05,100.0,9.0,0.1,10,5.0,0.4607029878721538,0.7580016985092537,0.5553008346828752,2400.0,16,912
3b_physical_strong,59,naive,0.009,100,6,0.05,100.0,9.0,0.1,10,5.0,0.4607029878721538,0.7580016985092537,0.518673015452472,61100.0,9,867
3b_physical_strong,59,random,0.0009,100,6,0.05,100.0,9.0,0.1,10,5.0,0.4607029878721538,0.7580016985092537,0.52746503803551,80900.0,14,907
3b_physical_strong,60,regular,0.1,100,6,0.05,100.0,9.0,0.1,10,5.0,0.4421234315012401,0.7514020115588846,0.5892029970076321,20600.0,13,895
3b_physical_strong,60,superintelligent,0.9,100,6,0.05,100.0,9.0,0.1,10,5.0,0.4421234315012401,0.7514020115588846,0.5872333353471174,2300.0,10,917
3b_physical_strong,60,oracle,1.0,100,6,0.05,100.0,9.0,0.1,10,5.0,0.4421234315012401,0.7514020115588846,0.5872333353471174,2200.0,10,917
3b_physical_strong,60,naive,0.009,100,6,0.05,100.0,9.0,0.1,10,5.0,0.4421234315012401,0.7514020115588846,0.5624741049507681,65700.0,13,800
3b_physical_strong,60,random,0.0009,100,6,0.05,100.0,9.0,0.1,10,5.0,0.4421234315012401,0.7514020115588846,0.5883723488915212,54400.0,10,846
3b_physical_strong,61,regular,0.1,100,6,0.05,100.0,9.0,0.1,10,5.0,0.5120650833684952,0.7595855739705757,0.5960532564381186,11500.0,12,901
3b_physical_strong,61,superintelligent,0.9,100,6,0.05,100.0,9.0,0.1,10,5.0,0.5120650833684952,0.7595855739705757,0.5960532564381186,2400.0,12,916
3b_physical_strong,61,oracle,1.0,100,6,0.05,100.0,9.0,0.1,10,5.0,0.5120650833684952,0.7595855739705757,0.5960532564381186,2400.0,12,916
3b_physical_strong,61,naive,0.009,100,6,0.05,100.0,9.0,0.1,10,5.0,0.5120650833684952,0.7595855739705757,0.5935616981132155,49400.0,11,878
3b_physical_strong,61,random,0.0009,100,6,0.05,100.0,9.0,0.1,10,5.0,0.5120650833684952,0.7595855739705757,0.5888825833313861,80600.0,9,910
3b_physical_strong,62,regular,0.1,100,6,0.05,100.0,9.0,0.1,10,5.0,0.5189754432515049,0.7762863390507765,0.5891404932065749,11500.0,13,915
3b_physical_strong,62,superintelligent,0.9,100,6,0.05,100.0,9.0,0.1,10,5.0,0.5189754432515049,0.7762863390507765,0.5891404932065749,3300.0,13,915
3b_physical_strong,62,oracle,1.0,100,6,0.05,100.0,9.0,0.1,10,5.0,0.5189754432515049,0.7762863390507765,0.5891404932065749,3300.0,13,915
3b_physical_strong,62,naive,0.009,100,6,0.05,100.0,9.0,0.1,10,5.0,0.5189754432515049,0.7762863390507765,0.5577301350878918,39900.0,7,741
3b_physical_strong,62,random,0.0009,100,6,0.05,100.0,9.0,0.1,10,5.0,0.5189754432515049,0.7762863390507765,0.5727361531768589,89000.0,9,905
3b_physical_strong,63,regular,0.1,100,6,0.05,100.0,9.0,0.1,10,5.0,0.5061030493671113,0.7532476184137952,0.5773995083749255,6900.0,8,888
3b_physical_strong,63,superintelligent,0.9,100,6,0.05,100.0,9.0,0.1,10,5.0,0.5061030493671113,0.7532476184137952,0.6040715197431932,3100.0,15,919
3b_physical_strong,63,oracle,1.0,100,6,0.05,100.0,9.0,0.1,10,5.0,0.5061030493671113,0.7532476184137952,0.6040715197431932,2700.0,15,919
3b_physical_strong,63,naive,0.009,100,6,0.05,100.0,9.0,0.1,10,5.0,0.5061030493671113,0.7532476184137952,0.5774084110837793,59900.0,8,880
3b_physical_strong,63,random,0.0009,100,6,0.05,100.0,9.0,0.1,10,5.0,0.5061030493671113,0.7532476184137952,0.5819325113699135,70000.0,12,892
3b_physical_strong,64,regular,0.1,100,6,0.05,100.0,9.0,0.1,10,5.0,0.4659183561060958,0.7610218021680654,0.5487578844614738,13000.0,9,872
3b_physical_strong,64,superintelligent,0.9,100,6,0.05,100.0,9.0,0.1,10,5.0,0.4659183561060958,0.7610218021680654,0.5440145181847904,1300.0,8,911
3b_physical_strong,64,oracle,1.0,100,6,0.05,100.0,9.0,0.1,10,5.0,0.4659183561060958,0.7610218021680654,0.5440145181847904,1200.0,8,911
3b_physical_strong,64,naive,0.009,100,6,0.05,100.0,9.0,0.1,10,5.0,0.4659183561060958,0.7610218021680654,0.5502194021212273,26200.0,8,860
3b_physical_strong,64,random,0.0009,100,6,0.05,100.0,9.0,0.1,10,5.0,0.4659183561060958,0.7610218021680654,0.5485287664296574,83900.0,9,907
3b_physical_strong,65,regular,0.1,100,6,0.05,100.0,9.0,0.1,10,5.0,0.5018285570151635,0.7594944363032159,0.5782231564902284,9300.0,12,825
3b_physical_strong,65,superintelligent,0.9,100,6,0.05,100.0,9.0,0.1,10,5.0,0.5018285570151635,0.7594944363032159,0.5782231564902284,2200.0,12,911
3b_physical_strong,65,oracle,1.0,100,6,0.05,100.0,9.0,0.1,10,5.0,0.5018285570151635,0.7594944363032159,0.5782231564902284,2000.0,12,911
3b_physical_strong,65,naive,0.009,100,6,0.05,100.0,9.0,0.1,10,5.0,0.5018285570151635,0.7594944363032159,0.576506892906066,94600.0,12,914
3b_physical_strong,65,random,0.0009,100,6,0.05,100.0,9.0,0.1,10,5.0,0.5018285570151635,0.7594944363032159,0.5672430922865693,94400.0,9,915
3b_physical_strong,66,regular,0.1,100,6,0.05,100.0,9.0,0.1,10,5.0,0.48502046023399087,0.7557809293263049,0.609641541419574,13900.0,17,878
3b_physical_strong,66,superintelligent,0.9,100,6,0.05,100.0,9.0,0.1,10,5.0,0.48502046023399087,0.7557809293263049,0.609641541419574,2600.0,17,912
3b_physical_strong,66,oracle,1.0,100,6,0.05,100.0,9.0,0.1,10,5.0,0.48502046023399087,0.7557809293263049,0.609641541419574,2500.0,17,912
3b_physical_strong,66,naive,0.009,100,6,0.05,100.0,9.0,0.1,10,5.0,0.48502046023399087,0.7557809293263049,0.5925592170673933,58100.0,12,894
3b_physical_strong,66,random,0.0009,100,6,0.05,100.0,9.0,0.1,10,5.0,0.48502046023399087,0.7557809293263049,0.5914987880981529,90600.0,12,905
3b_physical_strong,67,regular,0.1,100,6,0.05,100.0,9.0,0.1,10,5.0,0.5155668180943962,0.7614705267915358,0.5373161530080826,2600.0,2,876
3b_physical_strong,67,superintelligent,0.9,100,6,0.05,100.0,9.0,0.1,10,5.0,0.5155668180943962,0.7614705267915358,0.5373161530080826,1000.0,2,913
3b_physical_strong,67,oracle,1.0,100,6,0.05,100.0,9.0,0.1,10,5.0,0.5155668180943962,0.7614705267915358,0.5373161530080826,1000.0,2,913
3b_physical_strong,67,naive,0.009,100,6,0.05,100.0,9.0,0.1,10,5.0,0.5155668180943962,0.7614705267915358,0.5373161530080826,7000.0,2,903
3b_physical_strong,67,random,0.0009,100,6,0.05,100.0,9.0,0.1,10,5.0,0.5155668180943962,0.7614705267915358,0.5373161530080826,67800.0,2,900
3b_physical_strong,68,regular,0.1,100,6,0.05,100.0,9.0,0.1,10,5.0,0.49579758773487304,0.7482341193591537,0.5969997046242755,11400.0,12,811
3b_physical_strong,68,superintelligent,0.9,100,6,0.05,100.0,9.0,0.1,10,5.0,0.49579758773487304,0.7482341193591537,0.5969997046242755,1300.0,12,912
3b_physical_strong,68,oracle,1.0,100,6,0.05,100.0,9.0,0.1,10,5.0,0.49579758773487304,0.7482341193591537,0.5969997046242755,1200.0,12,912
3b_physical_strong,68,naive,0.009,100,6,0.05,100.0,9.0,0.1,10,5.0,0.49579758773487304,0.7482341193591537,0.5915099117602848,63300.0,12,906
3b_physical_strong,68,random,0.0009,100,6,0.05,100.0,9.0,0.1,10,5.0,0.49579758773487304,0.7482341193591537,0.5936540076107245,81000.0,13,866
3b_physical_strong,69,regular,0.1,100,6,0.05,100.0,9.0,0.1,10,5.0,0.5119586703671818,0.7541606965231206,0.5631891365562005,5500.0,7,870
3b_physical_strong,69,superintelligent,0.9,100,6,0.05,100.0,9.0,0.1,10,5.0,0.5119586703671818,0.7541606965231206,0.5631891365562005,1300.0,7,913
3b_physical_strong,69,oracle,1.0,100,6,0.05,100.0,9.0,0.1,10,5.0,0.5119586703671818,0.7541606965231206,0.5631891365562005,1100.0,7,913
3b_physical_strong,69,naive,0.009,100,6,0.05,100.0,9.0,0.1,10,5.0,0.5119586703671818,0.7541606965231206,0.577594752560842,70900.0,8,799
3b_physical_strong,69,random,0.0009,100,6,0.05,100.0,9.0,0.1,10,5.0,0.5119586703671818,0.7541606965231206,0.577594752560842,93100.0,8,907
3b_physical_strong,70,regular,0.1,100,6,0.05,100.0,9.0,0.1,10,5.0,0.5269323709236062,0.7549639548515757,0.6044205954672932,7000.0,9,877
3b_physical_strong,70,superintelligent,0.9,100,6,0.05,100.0,9.0,0.1,10,5.0,0.5269323709236062,0.7549639548515757,0.6044205954672932,1900.0,9,909
3b_physical_strong,70,oracle,1.0,100,6,0.05,100.0,9.0,0.1,10,5.0,0.5269323709236062,0.7549639548515757,0.6044205954672932,1700.0,9,909
3b_physical_strong,70,naive,0.009,100,6,0.05,100.0,9.0,0.1,10,5.0,0.5269323709236062,0.7549639548515757,0.6044205954672932,73800.0,9,903
3b_physical_strong,70,random,0.0009,100,6,0.05,100.0,9.0,0.1,10,5.0,0.5269323709236062,0.7549639548515757,0.6039407221574663,82600.0,8,872
3b_physical_strong,71,regular,0.1,100,6,0.05,100.0,9.0,0.1,10,5.0,0.5026656754632008,0.7490986661208648,0.5727914151240008,20800.0,15,909
3b_physical_strong,71,superintelligent,0.9,100,6,0.05,100.0,9.0,0.1,10,5.0,0.5026656754632008,0.7490986661208648,0.5727914151240008,3200.0,15,910
3b_physical_strong,71,oracle,1.0,100,6,0.05,100.0,9.0,0.1,10,5.0,0.5026656754632008,0.7490986661208648,0.5727914151240008,3100.0,15,910
3b_physical_strong,71,naive,0.009,100,6,0.05,100.0,9.0,0.1,10,5.0,0.5026656754632008,0.7490986661208648,0.5350537509555583,81500.0,8,911
3b_physical_strong,71,random,0.0009,100,6,0.05,100.0,9.0,0.1,10,5.0,0.5026656754632008,0.7490986661208648,0.5286231846782194,94200.0,6,914
3b_physical_strong,72,regular,0.1,100,6,0.05,100.0,9.0,0.1,10,5.0,0.5247733479200551,0.7617909309241773,0.5528200742090191,3200.0,3,890
3b_physical_strong,72,superintelligent,0.9,100,6,0.05,100.0,9.0,0.1,10,5.0,0.5247733479200551,0.7617909309241773,0.5528200742090191,400.0,3,911
3b_physical_strong,72,oracle,1.0,100,6,0.05,100.0,9.0,0.1,10,5.0,0.5247733479200551,0.7617909309241773,0.5528200742090191,300.0,3,911
3b_physical_strong,72,naive,0.009,100,6,0.05,100.0,9.0,0.1,10,5.0,0.5247733479200551,0.7617909309241773,0.5528200742090191,39000.0,3,745
3b_physical_strong,72,random,0.0009,100,6,0.05,100.0,9.0,0.1,10,5.0,0.5247733479200551,0.7617909309241773,0.5558487172089032,43800.0,4,861
3b_physical_strong,73,regular,0.1,100,6,0.05,100.0,9.0,0.1,10,5.0,0.4639815317884298,0.7503659599039907,0.5815579366397102,6600.0,8,859
3b_physical_strong,73,superintelligent,0.9,100,6,0.05,100.0,9.0,0.1,10,5.0,0.4639815317884298,0.7503659599039907,0.5815579366397102,1400.0,8,912
3b_physical_strong,73,oracle,1.0,100,6,0.05,100.0,9.0,0.1,10,5.0,0.4639815317884298,0.7503659599039907,0.5815579366397102,1200.0,8,912
3b_physical_strong,73,naive,0.009,100,6,0.05,100.0,9.0,0.1,10,5.0,0.4639815317884298,0.7503659599039907,0.5815579366397102,75900.0,8,825
3b_physical_strong,73,random,0.0009,100,6,0.05,100.0,9.0,0.1,10,5.0,0.4639815317884298,0.7503659599039907,0.5792847684807632,78900.0,11,885
3b_physical_strong,74,regular,0.1,100,6,0.05,100.0,9.0,0.1,10,5.0,0.511568135205,0.7576452615519802,0.554009214392664,4500.0,5,890
3b_physical_strong,74,superintelligent,0.9,100,6,0.05,100.0,9.0,0.1,10,5.0,0.511568135205,0.7576452615519802,0.554009214392664,1000.0,5,912
3b_physical_strong,74,oracle,1.0,100,6,0.05,100.0,9.0,0.1,10,5.0,0.511568135205,0.7576452615519802,0.554009214392664,900.0,5,912
3b_physical_strong,74,naive,0.009,100,6,0.05,100.0,9.0,0.1,10,5.0,0.511568135205,0.7576452615519802,0.554009214392664,61100.0,5,833
3b_physical_strong,74,random,0.0009,100,6,0.05,100.0,9.0,0.1,10,5.0,0.511568135205,0.7576452615519802,0.5408274998219053,84600.0,4,906
3b_physical_strong,75,regular,0.1,100,6,0.05,100.0,9.0,0.1,10,5.0,0.46722186571479213,0.7534608277047347,0.613439880014387,15300.0,19,863
3b_physical_strong,75,superintelligent,0.9,100,6,0.05,100.0,9.0,0.1,10,5.0,0.46722186571479213,0.7534608277047347,0.613439880014387,3300.0,19,914
3b_physical_strong,75,oracle,1.0,100,6,0.05,100.0,9.0,0.1,10,5.0,0.46722186571479213,0.7534608277047347,0.613439880014387,3100.0,19,914
3b_physical_strong,75,naive,0.009,100,6,0.05,100.0,9.0,0.1,10,5.0,0.46722186571479213,0.7534608277047347,0.5635851650500517,94400.0,13,907
3b_physical_strong,75,random,0.0009,100,6,0.05,100.0,9.0,0.1,10,5.0,0.46722186571479213,0.7534608277047347,0.552319785199376,92400.0,9,908
3b_physical_strong,76,regular,0.1,100,6,0.05,100.0,9.0,0.1,10,5.0,0.46227498514858084,0.7415946070406306,0.565402793339925,9900.0,9,848
3b_physical_strong,76,superintelligent,0.9,100,6,0.05,100.0,9.0,0.1,10,5.0,0.46227498514858084,0.7415946070406306,0.565402793339925,1300.0,9,916
3b_physical_strong,76,oracle,1.0,100,6,0.05,100.0,9.0,0.1,10,5.0,0.46227498514858084,0.7415946070406306,0.565402793339925,1300.0,9,916
3b_physical_strong,76,naive,0.009,100,6,0.05,100.0,9.0,0.1,10,5.0,0.46227498514858084,0.7415946070406306,0.556847416002219,41600.0,9,913
3b_physical_strong,76,random,0.0009,100,6,0.05,100.0,9.0,0.1,10,5.0,0.46227498514858084,0.7415946070406306,0.5710416605243802,82600.0,12,891
3b_physical_strong,77,regular,0.1,100,6,0.05,100.0,9.0,0.1,10,5.0,0.49356130932833137,0.761221011357069,0.617917897696304,11700.0,11,889
3b_physical_strong,77,superintelligent,0.9,100,6,0.05,100.0,9.0,0.1,10,5.0,0.49356130932833137,0.761221011357069,0.617917897696304,2300.0,11,911
3b_physical_strong,77,oracle,1.0,100,6,0.05,100.0,9.0,0.1,10,5.0,0.49356130932833137,0.761221011357069,0.617917897696304,1900.0,11,911
3b_physical_strong,77,naive,0.009,100,6,0.05,100.0,9.0,0.1,10,5.0,0.49356130932833137,0.761221011357069,0.6043752818579431,37300.0,8,854
3b_physical_strong,77,random,0.0009,100,6,0.05,100.0,9.0,0.1,10,5.0,0.49356130932833137,0.761221011357069,0.617917897696304,90900.0,11,882
3b_physical_strong,78,regular,0.1,100,6,0.05,100.0,9.0,0.1,10,5.0,0.4836572713621175,0.7651187077715997,0.6225668862723834,9500.0,17,889
3b_physical_strong,78,superintelligent,0.9,100,6,0.05,100.0,9.0,0.1,10,5.0,0.4836572713621175,0.7651187077715997,0.6225668862723834,3000.0,17,913
3b_physical_strong,78,oracle,1.0,100,6,0.05,100.0,9.0,0.1,10,5.0,0.4836572713621175,0.7651187077715997,0.6225668862723834,2900.0,17,913
3b_physical_strong,78,naive,0.009,100,6,0.05,100.0,9.0,0.1,10,5.0,0.4836572713621175,0.7651187077715997,0.6243115148044559,83400.0,14,911
3b_physical_strong,78,random,0.0009,100,6,0.05,100.0,9.0,0.1,10,5.0,0.4836572713621175,0.7651187077715997,0.6001226548863227,71100.0,12,914
3b_physical_strong,79,regular,0.1,100,6,0.05,100.0,9.0,0.1,10,5.0,0.4728879479278168,0.7462575680478603,0.5800277107307992,9300.0,12,797
3b_physical_strong,79,superintelligent,0.9,100,6,0.05,100.0,9.0,0.1,10,5.0,0.4728879479278168,0.7462575680478603,0.5800277107307992,1200.0,12,914
3b_physical_strong,79,oracle,1.0,100,6,0.05,100.0,9.0,0.1,10,5.0,0.4728879479278168,0.7462575680478603,0.5800277107307992,1200.0,12,914
3b_physical_strong,79,naive,0.009,100,6,0.05,100.0,9.0,0.1,10,5.0,0.4728879479278168,0.7462575680478603,0.5779595744203234,86500.0,12,883
3b_physical_strong,79,random,0.0009,100,6,0.05,100.0,9.0,0.1,10,5.0,0.4728879479278168,0.7462575680478603,0.564971363086301,93000.0,12,894
3b_physical_strong,80,regular,0.1,100,6,0.05,100.0,9.0,0.1,10,5.0,0.4973438864116484,0.7497350854988378,0.5722961282171508,10600.0,8,877
3b_physical_strong,80,superintelligent,0.9,100,6,0.05,100.0,9.0,0.1,10,5.0,0.4973438864116484,0.7497350854988378,0.5722961282171508,1700.0,8,915
3b_physical_strong,80,oracle,1.0,100,6,0.05,100.0,9.0,0.1,10,5.0,0.4973438864116484,0.7497350854988378,0.5722961282171508,1600.0,8,915
3b_physical_strong,80,naive,0.009,100,6,0.05,100.0,9.0,0.1,10,5.0,0.4973438864116484,0.7497350854988378,0.5722961282171508,31300.0,8,876
3b_physical_strong,80,random,0.0009,100,6,0.05,100.0,9.0,0.1,10,5.0,0.4973438864116484,0.7497350854988378,0.5578848747424425,41600.0,6,863
3b_physical_strong,81,regular,0.1,100,6,0.05,100.0,9.0,0.1,10,5.0,0.4894899856441411,0.7493773131843097,0.5542337069979443,12100.0,7,889
3b_physical_strong,81,superintelligent,0.9,100,6,0.05,100.0,9.0,0.1,10,5.0,0.4894899856441411,0.7493773131843097,0.5579120551364461,1300.0,8,911
3b_physical_strong,81,oracle,1.0,100,6,0.05,100.0,9.0,0.1,10,5.0,0.4894899856441411,0.7493773131843097,0.5579120551364461,1200.0,8,911
3b_physical_strong,81,naive,0.009,100,6,0.05,100.0,9.0,0.1,10,5.0,0.4894899856441411,0.7493773131843097,0.5533197653764163,40400.0,7,888
3b_physical_strong,81,random,0.0009,100,6,0.05,100.0,9.0,0.1,10,5.0,0.4894899856441411,0.7493773131843097,0.5610671998796434,82300.0,8,825
3b_physical_strong,82,regular,0.1,100,6,0.05,100.0,9.0,0.1,10,5.0,0.4777660856245587,0.7569329220441172,0.5837812560663687,11900.0,11,876
3b_physical_strong,82,superintelligent,0.9,100,6,0.05,100.0,9.0,0.1,10,5.0,0.4777660856245587,0.7569329220441172,0.5837812560663687,3000.0,11,910
3b_physical_strong,82,oracle,1.0,100,6,0.05,100.0,9.0,0.1,10,5.0,0.4777660856245587,0.7569329220441172,0.5837812560663687,2700.0,11,910
3b_physical_strong,82,naive,0.009,100,6,0.05,100.0,9.0,0.1,10,5.0,0.4777660856245587,0.7569329220441172,0.5729200682964936,61700.0,12,862
3b_physical_strong,82,random,0.0009,100,6,0.05,100.0,9.0,0.1,10,5.0,0.4777660856245587,0.7569329220441172,0.5491422072106013,94600.0,9,909
3b_physical_strong,83,regular,0.1,100,6,0.05,100.0,9.0,0.1,10,5.0,0.5246451410122257,0.7545169718114149,0.5960260233478191,10500.0,10,855
3b_physical_strong,83,superintelligent,0.9,100,6,0.05,100.0,9.0,0.1,10,5.0,0.5246451410122257,0.7545169718114149,0.6115021988312376,1100.0,9,911
3b_physical_strong,83,oracle,1.0,100,6,0.05,100.0,9.0,0.1,10,5.0,0.5246451410122257,0.7545169718114149,0.6115021988312376,900.0,9,911
3b_physical_strong,83,naive,0.009,100,6,0.05,100.0,9.0,0.1,10,5.0,0.5246451410122257,0.7545169718114149,0.6115021988312376,56500.0,9,843
3b_physical_strong,83,random,0.0009,100,6,0.05,100.0,9.0,0.1,10,5.0,0.5246451410122257,0.7545169718114149,0.5951850935726377,92400.0,12,896
3b_physical_strong,84,regular,0.1,100,6,0.05,100.0,9.0,0.1,10,5.0,0.5472268336967483,0.7511158145136144,0.6176299289770413,10000.0,6,904
3b_physical_strong,84,superintelligent,0.9,100,6,0.05,100.0,9.0,0.1,10,5.0,0.5472268336967483,0.7511158145136144,0.6176299289770413,1100.0,6,913
3b_physical_strong,84,oracle,1.0,100,6,0.05,100.0,9.0,0.1,10,5.0,0.5472268336967483,0.7511158145136144,0.6176299289770413,1000.0,6,913
3b_physical_strong,84,naive,0.009,100,6,0.05,100.0,9.0,0.1,10,5.0,0.5472268336967483,0.7511158145136144,0.6155465028217851,30600.0,7,849
3b_physical_strong,84,random,0.0009,100,6,0.05,100.0,9.0,0.1,10,5.0,0.5472268336967483,0.7511158145136144,0.6176299289770413,86300.0,6,903
3b_physical_strong,85,regular,0.1,100,6,0.05,100.0,9.0,0.1,10,5.0,0.4932068607501538,0.7726539829426129,0.5509309583002763,7100.0,5,913
3b_physical_strong,85,superintelligent,0.9,100,6,0.05,100.0,9.0,0.1,10,5.0,0.4932068607501538,0.7726539829426129,0.5509309583002763,600.0,5,914
3b_physical_strong,85,oracle,1.0,100,6,0.05,100.0,9.0,0.1,10,5.0,0.4932068607501538,0.7726539829426129,0.5509309583002763,500.0,5,914
3b_physical_strong,85,naive,0.009,100,6,0.05,100.0,9.0,0.1,10,5.0,0.4932068607501538,0.7726539829426129,0.5854287363747875,53800.0,9,891
3b_physical_strong,85,random,0.0009,100,6,0.05,100.0,9.0,0.1,10,5.0,0.4932068607501538,0.7726539829426129,0.5527553385515043,64100.0,7,878
3b_physical_strong,86,regular,0.1,100,6,0.05,100.0,9.0,0.1,10,5.0,0.5060842759874882,0.758929052362501,0.6221058711438765,16100.0,12,867
3b_physical_strong,86,superintelligent,0.9,100,6,0.05,100.0,9.0,0.1,10,5.0,0.5060842759874882,0.758929052362501,0.6221058711438765,2100.0,12,914
3b_physical_strong,86,oracle,1.0,100,6,0.05,100.0,9.0,0.1,10,5.0,0.5060842759874882,0.758929052362501,0.6221058711438765,2000.0,12,914
3b_physical_strong,86,naive,0.009,100,6,0.05,100.0,9.0,0.1,10,5.0,0.5060842759874882,0.758929052362501,0.6185419314751825,76000.0,12,876
3b_physical_strong,86,random,0.0009,100,6,0.05,100.0,9.0,0.1,10,5.0,0.5060842759874882,0.758929052362501,0.560595523649741,87600.0,10,879
3b_physical_strong,87,regular,0.1,100,6,0.05,100.0,9.0,0.1,10,5.0,0.44182290756150466,0.7650335935729081,0.5852190472622856,15500.0,13,893
3b_physical_strong,87,superintelligent,0.9,100,6,0.05,100.0,9.0,0.1,10,5.0,0.44182290756150466,0.7650335935729081,0.5852190472622856,2900.0,13,911
3b_physical_strong,87,oracle,1.0,100,6,0.05,100.0,9.0,0.1,10,5.0,0.44182290756150466,0.7650335935729081,0.5852190472622856,2500.0,13,911
3b_physical_strong,87,naive,0.009,100,6,0.05,100.0,9.0,0.1,10,5.0,0.44182290756150466,0.7650335935729081,0.548690225456878,83100.0,10,833
3b_physical_strong,87,random,0.0009,100,6,0.05,100.0,9.0,0.1,10,5.0,0.44182290756150466,0.7650335935729081,0.5778816455921579,94800.0,15,913
3b_physical_strong,88,regular,0.1,100,6,0.05,100.0,9.0,0.1,10,5.0,0.5106713362770945,0.7522094478392772,0.5727552813287445,14400.0,10,900
3b_physical_strong,88,superintelligent,0.9,100,6,0.05,100.0,9.0,0.1,10,5.0,0.5106713362770945,0.7522094478392772,0.5727552813287445,2800.0,10,909
3b_physical_strong,88,oracle,1.0,100,6,0.05,100.0,9.0,0.1,10,5.0,0.5106713362770945,0.7522094478392772,0.5727552813287445,2600.0,10,909
3b_physical_strong,88,naive,0.009,100,6,0.05,100.0,9.0,0.1,10,5.0,0.5106713362770945,0.7522094478392772,0.5727552813287445,53000.0,10,862
3b_physical_strong,88,random,0.0009,100,6,0.05,100.0,9.0,0.1,10,5.0,0.5106713362770945,0.7522094478392772,0.5700313983862594,89700.0,8,883
3b_physical_strong,89,regular,0.1,100,6,0.05,100.0,9.0,0.1,10,5.0,0.45986280129099244,0.7624290981990578,0.5902675236605388,12900.0,10,915
3b_physical_strong,89,superintelligent,0.9,100,6,0.05,100.0,9.0,0.1,10,5.0,0.45986280129099244,0.7624290981990578,0.59997460338328,2500.0,13,916
3b_physical_strong,89,oracle,1.0,100,6,0.05,100.0,9.0,0.1,10,5.0,0.45986280129099244,0.7624290981990578,0.59997460338328,2500.0,13,916
3b_physical_strong,89,naive,0.009,100,6,0.05,100.0,9.0,0.1,10,5.0,0.45986280129099244,0.7624290981990578,0.5501735829097888,78500.0,7,762
3b_physical_strong,89,random,0.0009,100,6,0.05,100.0,9.0,0.1,10,5.0,0.45986280129099244,0.7624290981990578,0.5555038449413933,86200.0,12,834
3b_physical_strong,90,regular,0.1,100,6,0.05,100.0,9.0,0.1,10,5.0,0.46644911889788715,0.7525078607913681,0.517864092759618,11700.0,9,857
3b_physical_strong,90,superintelligent,0.9,100,6,0.05,100.0,9.0,0.1,10,5.0,0.46644911889788715,0.7525078607913681,0.517864092759618,2200.0,9,908
3b_physical_strong,90,oracle,1.0,100,6,0.05,100.0,9.0,0.1,10,5.0,0.46644911889788715,0.7525078607913681,0.517864092759618,2100.0,9,908
3b_physical_strong,90,naive,0.009,100,6,0.05,100.0,9.0,0.1,10,5.0,0.46644911889788715,0.7525078607913681,0.5229575906810406,94000.0,11,901
3b_physical_strong,90,random,0.0009,100,6,0.05,100.0,9.0,0.1,10,5.0,0.46644911889788715,0.7525078607913681,0.5469077181440806,94400.0,10,908
3b_physical_strong,91,regular,0.1,100,6,0.05,100.0,9.0,0.1,10,5.0,0.5309068261006046,0.7620550474440733,0.5923547566775814,9100.0,10,919
3b_physical_strong,91,superintelligent,0.9,100,6,0.05,100.0,9.0,0.1,10,5.0,0.5309068261006046,0.7620550474440733,0.5872910165150638,2200.0,8,920
3b_physical_strong,91,oracle,1.0,100,6,0.05,100.0,9.0,0.1,10,5.0,0.5309068261006046,0.7620550474440733,0.5872910165150638,2000.0,8,920
3b_physical_strong,91,naive,0.009,100,6,0.05,100.0,9.0,0.1,10,5.0,0.5309068261006046,0.7620550474440733,0.5911543891867113,42900.0,11,868
3b_physical_strong,91,random,0.0009,100,6,0.05,100.0,9.0,0.1,10,5.0,0.5309068261006046,0.7620550474440733,0.5900219981947653,93200.0,10,893
3b_physical_strong,92,regular,0.1,100,6,0.05,100.0,9.0,0.1,10,5.0,0.5058496807700977,0.7581553275092813,0.5495979407752578,5200.0,4,885
3b_physical_strong,92,superintelligent,0.9,100,6,0.05,100.0,9.0,0.1,10,5.0,0.5058496807700977,0.7581553275092813,0.5420283336996357,900.0,5,910
3b_physical_strong,92,oracle,1.0,100,6,0.05,100.0,9.0,0.1,10,5.0,0.5058496807700977,0.7581553275092813,0.5420283336996357,900.0,5,910
3b_physical_strong,92,naive,0.009,100,6,0.05,100.0,9.0,0.1,10,5.0,0.5058496807700977,0.7581553275092813,0.5568875383320715,75100.0,8,865
3b_physical_strong,92,random,0.0009,100,6,0.05,100.0,9.0,0.1,10,5.0,0.5058496807700977,0.7581553275092813,0.5610322777430032,84600.0,9,892
3b_physical_strong,93,regular,0.1,100,6,0.05,100.0,9.0,0.1,10,5.0,0.5323285830576718,0.7575605575705043,0.6202835768921118,8900.0,12,791
3b_physical_strong,93,superintelligent,0.9,100,6,0.05,100.0,9.0,0.1,10,5.0,0.5323285830576718,0.7575605575705043,0.6202835768921118,1800.0,12,913
3b_physical_strong,93,oracle,1.0,100,6,0.05,100.0,9.0,0.1,10,5.0,0.5323285830576718,0.7575605575705043,0.6202835768921118,1600.0,12,913
3b_physical_strong,93,naive,0.009,100,6,0.05,100.0,9.0,0.1,10,5.0,0.5323285830576718,0.7575605575705043,0.5665483392950389,24400.0,5,851
3b_physical_strong,93,random,0.0009,100,6,0.05,100.0,9.0,0.1,10,5.0,0.5323285830576718,0.7575605575705043,0.6106287806345505,92200.0,9,908
3b_physical_strong,94,regular,0.1,100,6,0.05,100.0,9.0,0.1,10,5.0,0.4616937306148865,0.7625127461361358,0.5320815675657211,4000.0,7,882
3b_physical_strong,94,superintelligent,0.9,100,6,0.05,100.0,9.0,0.1,10,5.0,0.4616937306148865,0.7625127461361358,0.5320815675657211,1600.0,7,908
3b_physical_strong,94,oracle,1.0,100,6,0.05,100.0,9.0,0.1,10,5.0,0.4616937306148865,0.7625127461361358,0.5320815675657211,1500.0,7,908
3b_physical_strong,94,naive,0.009,100,6,0.05,100.0,9.0,0.1,10,5.0,0.4616937306148865,0.7625127461361358,0.5291694294926278,57100.0,8,851
3b_physical_strong,94,random,0.0009,100,6,0.05,100.0,9.0,0.1,10,5.0,0.4616937306148865,0.7625127461361358,0.5241272824832859,47100.0,5,728
3b_physical_strong,95,regular,0.1,100,6,0.05,100.0,9.0,0.1,10,5.0,0.5320099624805232,0.7548122787037866,0.6073480130580309,10400.0,8,813
3b_physical_strong,95,superintelligent,0.9,100,6,0.05,100.0,9.0,0.1,10,5.0,0.5320099624805232,0.7548122787037866,0.6073480130580309,1600.0,8,912
3b_physical_strong,95,oracle,1.0,100,6,0.05,100.0,9.0,0.1,10,5.0,0.5320099624805232,0.7548122787037866,0.6073480130580309,1600.0,8,912
3b_physical_strong,95,naive,0.009,100,6,0.05,100.0,9.0,0.1,10,5.0,0.5320099624805232,0.7548122787037866,0.6060327865830353,60100.0,9,817
3b_physical_strong,95,random,0.0009,100,6,0.05,100.0,9.0,0.1,10,5.0,0.5320099624805232,0.7548122787037866,0.6052199630518297,87300.0,9,908
3b_physical_strong,96,regular,0.1,100,6,0.05,100.0,9.0,0.1,10,5.0,0.4682325936492894,0.7649462742153718,0.5376337341583547,15700.0,10,882
3b_physical_strong,96,superintelligent,0.9,100,6,0.05,100.0,9.0,0.1,10,5.0,0.4682325936492894,0.7649462742153718,0.5313533556290455,1400.0,9,913
3b_physical_strong,96,oracle,1.0,100,6,0.05,100.0,9.0,0.1,10,5.0,0.4682325936492894,0.7649462742153718,0.5313533556290455,1300.0,9,913
3b_physical_strong,96,naive,0.009,100,6,0.05,100.0,9.0,0.1,10,5.0,0.4682325936492894,0.7649462742153718,0.5259246913390697,78700.0,8,793
3b_physical_strong,96,random,0.0009,100,6,0.05,100.0,9.0,0.1,10,5.0,0.4682325936492894,0.7649462742153718,0.5131096160072111,85600.0,7,904
3b_physical_strong,97,regular,0.1,100,6,0.05,100.0,9.0,0.1,10,5.0,0.5391857507935925,0.7532091605442307,0.5813704857795764,5900.0,5,910
3b_physical_strong,97,superintelligent,0.9,100,6,0.05,100.0,9.0,0.1,10,5.0,0.5391857507935925,0.7532091605442307,0.5813704857795764,600.0,5,920
3b_physical_strong,97,oracle,1.0,100,6,0.05,100.0,9.0,0.1,10,5.0,0.5391857507935925,0.7532091605442307,0.5813704857795764,500.0,5,920
3b_physical_strong,97,naive,0.009,100,6,0.05,100.0,9.0,0.1,10,5.0,0.5391857507935925,0.7532091605442307,0.5813704857795764,10900.0,5,846
3b_physical_strong,97,random,0.0009,100,6,0.05,100.0,9.0,0.1,10,5.0,0.5391857507935925,0.7532091605442307,0.5813704857795764,79900.0,5,898
3b_physical_strong,98,regular,0.1,100,6,0.05,100.0,9.0,0.1,10,5.0,0.5527329125686126,0.7538856546841504,0.5901205110390659,6600.0,9,854
3b_physical_strong,98,superintelligent,0.9,100,6,0.05,100.0,9.0,0.1,10,5.0,0.5527329125686126,0.7538856546841504,0.5901205110390659,1300.0,9,912
3b_physical_strong,98,oracle,1.0,100,6,0.05,100.0,9.0,0.1,10,5.0,0.5527329125686126,0.7538856546841504,0.5901205110390659,1300.0,9,912
3b_physical_strong,98,naive,0.009,100,6,0.05,100.0,9.0,0.1,10,5.0,0.5527329125686126,0.7538856546841504,0.5857581653198968,67200.0,7,873
3b_physical_strong,98,random,0.0009,100,6,0.05,100.0,9.0,0.1,10,5.0,0.5527329125686126,0.7538856546841504,0.5901205110390659,84600.0,9,857
3b_physical_strong,99,regular,0.1,100,6,0.05,100.0,9.0,0.1,10,5.0,0.48334641181772575,0.7517777757741597,0.5725884481490491,8600.0,11,708
3b_physical_strong,99,superintelligent,0.9,100,6,0.05,100.0,9.0,0.1,10,5.0,0.48334641181772575,0.7517777757741597,0.6002961911860257,2400.0,12,913
3b_physical_strong,99,oracle,1.0,100,6,0.05,100.0,9.0,0.1,10,5.0,0.48334641181772575,0.7517777757741597,0.6002961911860257,2400.0,12,913
3b_physical_strong,99,naive,0.009,100,6,0.05,100.0,9.0,0.1,10,5.0,0.48334641181772575,0.7517777757741597,0.5604690291446427,53300.0,8,913
3b_physical_strong,99,random,0.0009,100,6,0.05,100.0,9.0,0.1,10,5.0,0.48334641181772575,0.7517777757741597,0.5717724855616939,87200.0,11,904
